tree
version=v4
num_class=1
num_tree_per_iteration=1
label_index=0
max_feature_idx=50
objective=binary sigmoid:1
feature_names=depth magnitude mag_type_enc gap dmin rms h_error depth_error mag_error elapsed_since_last_s count_1d rate_1d mag_max_1d mag_mean_1d mag_std_1d b_value_1d depth_mean_1d depth_std_1d energy_1d moment_1d count_7d rate_7d mag_max_7d mag_mean_7d mag_std_7d b_value_7d depth_mean_7d depth_std_7d energy_7d moment_7d count_30d rate_30d mag_max_30d mag_mean_30d mag_std_30d b_value_30d depth_mean_30d depth_std_30d energy_30d moment_30d count_90d rate_90d mag_max_90d mag_mean_90d mag_std_90d b_value_90d depth_mean_90d depth_std_90d energy_90d moment_90d dist_to_plate_boundary_km
feature_infos=[-3.29:721.79999999999995] [4:9.5] [0:24] [0:360] [0:4.8440000000000003] [-1:69.319999999999993] [0:267] [-1:367558.09999999998] [0:1.8400000000000001] [1:3100601919] [0:295] [0:295] [4:9.5] [4:9] [0:1.8500000000000001] [0.26521800421572611:13.0288344570976] [-3:700] [0:316.39999999999998] [0:178403054996004.34] [0:2.2459613947618291e+23] [0:660] [0:94.285714285714278] [4:9.5] [4:9] [0:2] [0.26162318186942879:488972116717136.88] [-3:695.39999999999998] [0:318.80000000000001] [0:179817587802942.03] [0:2.2637693077265336e+23] [0:860] [0:28.666666666666668] [4:9.5] [4:8.5999999999999996] [0:2.1181753153756331] [0.23030767979717889:30.400613733227736] [-3:686] [0:326.05000000000001] [0:179828063735796.75] [0:2.2639011919073641e+23] [0:1140] [0:12.666666666666666] [4:9.5] [3.8900000000000001:8.5999999999999996] [0:1.9000000000000004] [0.2714340511895324:30.400613733227736] [-3:679] [0:323.89308249619802] [0:179887371919091.5] [0:2.264647837698136e+23] [0:9353.2746413738241]
tree_sizes=6747 6853 6862 6857 6876 6882 6915 6884 6907 6913 6908 6906 6923 6903 6911 6936 6927 6910 6931 6936 6929 6937 6926 6921 6916 6891 6941 6917 6929 6921 6917 6931 6972 6935 6923 6921 6910 6892 6941 6933 6946 6885 6919 6920 6929 6932 6976 6914 6904 6968 6888 6914 6935 6960 6938 6921 6943 6944 6927 6938 6903 6907 6917 6935 6900

Tree=0
num_leaves=63
num_cat=0
split_feature=28 48 38 38 20 48 14 40 1 1 40 43 43 46 18 48 48 18 1 30 1 43 20 40 18 30 40 43 6 20 14 48 20 40 1 7 46 38 20 43 38 48 40 50 1 47 22 50 43 43 26 1 43 20 40 43 17 1 0 47 47 9
split_gain=134021 26748.9 13890.7 3480.47 3357.3 2937.95 2037.28 1806.31 1614.96 977.865 947.435 1141.2 895.36 762.054 726.792 700.706 613.733 606.151 548.323 481.035 418.716 387.016 449.353 374.337 357.631 355.687 352.132 390.373 338.835 305.118 297.555 295.656 275.494 272.057 266.818 266.077 263.15 258.772 250.657 242.699 238.999 225.654 220.803 207.617 200.444 194.72 213.967 186.221 187.144 184.148 181.227 177.308 177.191 162.189 158.782 173.501 158.152 155.703 154.766 154.169 154.002 146.474
threshold=135528065.52262321 146832115.69885862 4120975412.130218 55478682.356264077 6.5000000000000009 27740389.494676415 0.10000000000000012 56.500000000000007 6.495000000000001 4.995000000000001 7.5000000000000009 4.7213059619201649 4.4865124740124758 36.288750000000007 10785252.804535801 750621859.10567415 63132282318.027382 19172463.36987998 4.9050000000000011 39.500000000000007 6.3850000000000007 4.3889756944444462 4.5000000000000009 21.500000000000004 19172463.36987998 27.500000000000004 5.5000000000000009 4.7856282271944925 5.0600000000000014 12.500000000000002 0.047140452079103203 6802800.715789956 4.5000000000000009 11.500000000000002 4.6950000000000012 6.2150000000000007 37.000117370892028 45676960285.925697 11.500000000000002 4.7706202046035822 23103098.851879269 367065762881.72784 71.500000000000014 229.9424922571738 6.8550000000000013 0.74579828516494751 5.2950000000000008 172.21797235552251 4.578585325180657 4.6706499829758261 12.000787401574806 4.4850000000000012 4.9142857142857164 88.500000000000014 4.5000000000000009 4.8561828874976296 2.7027505224738886 5.995000000000001 93.050000000000011 54.140385527974622 4.0259093893013418 15092809.000000002
decision_type=2 2 2 2 2 2 2 2 2 2 2 2 2 2 2 2 2 2 2 2 2 2 2 2 2 2 2 2 2 2 2 2 2 2 2 2 2 2 2 2 2 2 2 2 2 2 2 2 2 2 2 2 2 2 2 2 2 2 2 2 2 2
left_child=1 5 4 13 15 8 19 10 18 14 34 21 -9 40 36 30 28 25 31 37 -11 -12 23 59 42 50 -15 43 60 39 -2 -1 -16 52 -5 58 -7 -4 -30 -19 44 -14 -17 57 -3 46 -31 48 -25 53 -6 -38 -13 -40 -26 -56 -34 -28 -10 -23 -8 -20
right_child=2 3 6 7 17 9 16 12 35 20 11 33 41 26 32 24 -18 29 61 -21 -22 22 -24 47 54 -27 27 -29 38 45 -32 -33 56 -35 -36 -37 51 -39 49 -41 -42 -43 -44 -45 -46 -47 -48 -49 -50 -51 -52 -53 -54 -55 55 -57 -58 -59 -60 -61 -62 -63
leaf_value=-1.1797833352833056 -1.085578415779443 -1.1407076033628789 -1.0109011805707535 -1.1230457467495558 -1.1059120571071925 -1.1540746044218484 -1.0171049178276679 -1.0743842916327713 -1.0333556913195079 -1.1045619847897403 -1.1098337860427427 -1.0817483555762795 -1.0180330221025644 -1.1200704007425402 -1.108858993065911 -1.0584630655648097 -0.93417716461350697 -1.0155646510748253 -1.1404828765543444 -0.95948207456960777 -1.007886763152432 -1.1006283336409504 -1.042938214833447 -1.0727062800969174 -1.0517482913305671 -0.98346712417715998 -1.0926840787516419 -1.0664032612413634 -0.96959569227187248 -1.1741384247103808 -1.0447265300648931 -1.1617225879014483 -1.0203146961076064 -1.0415996810751764 -1.0877222337125667 -1.1154942337360954 -1.1425438229549916 -0.97455134228451801 -0.97003064044210485 -0.9690041596295893 -1.1003853467989915 -0.97761033280655063 -0.98921255307547151 -1.1189116507511994 -1.0113805099440127 -0.95607436516280386 -0.99325702787073844 -1.0869445860243387 -1.0473747707324137 -0.93700643647834225 -1.0320961024627509 -1.1252695235148025 -1.0489379459104997 -0.93203225075226215 -1.0299434911951484 -0.99732186572489323 -1.1190619469044332 -1.022054541883987 -1.1626010258053308 -1.0774489175702 -1.1839087359230036 -1.1593669802261419
leaf_weight=5263.3844670057297 1360.8701367378235 1509.5258177518845 1437.1400356292725 793.74813663959503 98.059388995170593 2414.9116884469986 44.309213042259216 709.57528638839722 267.55974960327148 2351.0318038463593 810.17132341861725 835.88182461261749 1527.0718003511429 1075.4158742427826 796.29489290714264 1469.2992030382156 9769.2452515363693 648.92831003665924 2026.1221871376038 1237.1760342121124 117.60571074485779 1815.3160244226456 1041.4896222352982 1697.0919624567032 351.40265011787415 403.54214119911194 3712.5420960187912 1450.7609349489212 1710.016649723053 18.482430100440979 662.85364580154419 3979.0145138502121 161.33219408988953 4179.8291501998901 1637.4196970462799 240.75434100627899 3195.9341399669647 742.6060574054718 1071.9726309776306 492.13690853118896 575.89697933197021 446.1079283952713 124.89004409313202 822.45379507541656 30.567535519599915 1470.7088125944138 141.65747034549713 980.90451991558075 1278.3033655881882 2138.649353146553 546.87349140644073 2775.5696312189102 810.46940886974335 380.50060474872589 872.67890405654907 764.81483542919159 54.15919816493988 79.705942630767822 25.357741236686707 1186.0305738449097 20.121112704277039 2082.0341801643372
leaf_count=27172 5287 6993 4128 3487 408 11625 131 2649 850 9739 3414 3204 4534 4681 3345 5168 17897 1905 9380 2691 333 7423 3444 6297 1204 1009 14781 5259 3954 94 2208 19567 484 13746 6409 1033 14885 1767 2485 1134 2353 1080 322 3567 88 3131 373 3829 4304 4000 1728 12277 2746 686 2732 2056 235 241 125 4477 105 10172
internal_value=-1.06365 -1.10914 -0.974626 -1.07621 -1.02405 -1.14623 -0.949512 -1.06436 -1.16184 -1.12796 -1.07035 -1.06555 -1.02622 -1.10151 -1.13532 -1.04868 -0.941639 -0.9879 -1.16525 -0.984384 -1.09996 -1.0769 -1.07357 -1.07815 -1.03539 -1.02028 -1.0937 -1.08903 -0.955225 -0.975651 -1.0722 -1.17201 -1.09529 -1.04838 -1.09925 -1.07655 -1.14015 -0.998517 -0.95384 -0.995483 -1.12787 -1.00889 -1.05304 -1.09614 -1.13814 -0.961775 -1.01413 -1.06805 -1.06182 -0.946337 -1.04332 -1.13451 -1.0656 -0.960076 -1.02125 -1.01471 -1.04513 -1.0912 -1.04454 -1.09147 -1.0692 -1.15005
internal_weight=82736.3 54757.3 27978.9 29006.3 9427.2 25751.1 18551.7 19749.4 13884.2 11866.8 17066.7 14635.5 2682.76 9256.87 9398.2 5606.81 15134.8 3820.39 13350.6 3416.92 2468.64 8809.31 7999.14 6957.65 3583.09 1048.48 7140.88 6065.46 5365.57 2771.91 2023.72 9242.4 1011.79 5826.18 2431.17 533.672 8386.42 2179.75 5301.14 1141.07 2115.99 1973.18 1594.19 4614.7 1540.09 1630.85 160.14 3956.3 2975.4 3591.12 644.933 5971.5 1646.35 1452.47 1988.9 1637.49 215.491 3792.25 292.917 3001.35 64.4303 4108.16
internal_count=296831 230228 66603 109006 28759 121222 37844 71043 68299 52923 62780 52884 8263 37963 42851 18977 29258 9782 66291 8586 10072 33188 29774 26330 11482 3145 28529 23848 11361 6637 7495 46739 4064 19696 9896 2008 38787 5895 11125 3039 9434 5614 5490 18589 7081 3598 467 14430 10601 7171 2136 27162 5950 3171 5992 4788 719 15022 975 11900 236 19552
is_linear=0
shrinkage=1


Tree=1
num_leaves=63
num_cat=0
split_feature=28 48 38 38 11 11 48 1 45 48 41 1 30 47 48 1 1 18 11 28 1 41 1 18 48 1 38 43 41 1 1 9 48 6 38 1 1 50 1 46 41 18 1 11 45 48 28 38 41 41 1 41 9 1 34 41 30 1 43 3 47 45
split_gain=106967 21505.8 12325.2 2835.7 2265.06 2241.06 1917.58 1459.9 1364.01 1145.67 1063.82 813.818 730.526 729.095 720.962 518.667 489.742 424.313 420.038 376.995 374.041 370.694 294.845 286.294 283.701 274.339 254.011 249.102 243.523 262.872 226.595 226.393 210.456 225.319 208.435 193.667 190.591 189.731 176.908 175.213 173.684 170.346 168.271 164.233 159.801 155.45 151.526 150.834 149.34 147.897 143.693 137.864 135.788 135.645 132.989 129.399 128.762 127.796 124.541 121.914 120.833 116.766
threshold=94731514.669743717 117127079.70090716 2897321915.5952106 55478682.356264077 4.5000000000000009 2.5000000000000004 27740389.494676415 6.495000000000001 0.90254478268542127 606406790.69893837 0.5722222222222223 4.995000000000001 25.500000000000004 21.467048876417895 23692498188.357643 4.9050000000000011 4.8950000000000005 9363200.0064165853 7.5000000000000009 15846476.141765537 4.7750000000000012 0.1277777777777778 6.6750000000000007 4248357.8319515651 6802800.715789956 6.035000000000001 514972211.54294413 4.692823076577791 0.038888888888888855 4.6950000000000012 4.7750000000000012 40056753.000000007 33261411691.198238 5.0600000000000014 14045889.913667817 4.4350000000000014 4.8950000000000005 263.96902072500785 6.7950000000000008 29.133549783549789 0.13888888888888887 5398335.7123591248 5.9350000000000014 5.5000000000000009 1.3511383881434533 367065762881.72784 1017571.0833396717 18839071.39189044 0.07222222222222216 0.061111111111111054 7.0750000000000011 0.083333333333333259 15092809.000000002 6.9050000000000011 0.46303347611160922 0.07222222222222216 19.500000000000004 4.7750000000000012 4.7160139372822316 122.45000000000002 44.353629029287156 0.6909230393915381
decision_type=2 2 2 2 2 2 2 2 2 2 2 2 2 2 2 2 2 2 2 2 2 2 2 2 2 2 2 2 2 2 2 2 2 2 2 2 2 2 2 2 2 2 2 2 2 2 2 2 2 2 2 2 2 2 2 2 2 2 2 2 2 2
left_child=1 6 5 13 14 9 7 15 10 36 16 17 30 22 23 24 21 35 26 28 37 -5 34 51 -1 -13 -7 46 53 60 39 50 33 -6 57 -8 48 47 40 -11 -18 56 55 -19 -20 -12 -23 -15 -2 -32 -9 -4 -17 -10 -28 -22 -16 -3 -57 -46 -30 -25
right_child=2 3 4 8 32 18 11 31 19 12 45 25 -14 20 41 52 38 43 44 -21 42 27 -24 61 -26 -27 54 -29 29 -31 49 -33 -34 -35 -36 -37 -38 -39 -40 -41 -42 -43 -44 -45 59 -47 -48 -49 -50 -51 -52 -53 -54 -55 -56 58 -58 -59 -60 -61 -62 -63
leaf_value=-0.045326319220881456 0.0085588368506384436 -0.016391456064011552 0.049646540826335885 0.033114138390466584 0.061376375856052483 0.088962667673461185 -0.017605725706826468 0.057474628096977357 0.00069289722662671408 0.031990335440875116 0.096678193864007819 0.023932992659588131 0.13818566676451652 0.020696702538434145 0.10866899685266536 -0.006902768559965679 0.061501630790721663 0.021525744609076497 0.14997962180364441 0.056575227816584951 0.027364868684888462 0.029515611284704604 0.1084846238475675 0.13864868432462424 -0.02746687870707859 0.089382782247082682 0.13973404125049219 0.073919008655371141 0.014943194410820693 0.054674279747519816 0.065672599412659696 0.019097166140661839 0.17322771037664356 0.16084690481418329 0.021777574576832968 -0.00077029793495938636 0.063974014369682211 0.0055384069174484133 0.16682839659413526 0.075096150325343447 0.085637449568029725 0.15370903735866184 0.099871201513708915 0.099213267491768009 0.10890595923738089 0.13246476860177872 0.057672291484178177 0.040547045513496277 0.04433382097975519 0.10040571546033826 0.1323019899078503 0.10211596120458394 -0.025163097966007082 0.12849013452590338 0.10917847756822395 0.043379083242361026 0.14313601972532763 0.0087849891180698646 0.070268299799683381 -0.067338522613694218 0.038392481711733595 0.11516587861996755
leaf_weight=5137.2085173428059 422.29643484950066 995.4964497834444 149.1732971817255 1426.886255338788 57.838353365659714 843.62573686242104 3752.8141456097364 185.54950207471848 636.39647063612938 268.43433740735054 1577.013875618577 1861.6978217363358 640.11317057907581 1564.5102884173393 396.94566707313061 2018.5949178934097 1124.100001052022 699.67156261205673 1231.7478550076485 2749.3062130361795 532.60067911446095 580.87303727865219 72.427971124649048 1066.0174012631178 3920.7375578582287 175.17231780290604 672.7678158134222 2385.8467097878456 1059.7593431174755 1423.2867255806923 383.95024923980236 265.39768333733082 10185.784413427114 3629.1040181815624 1343.5491135716438 3135.454397007823 802.48314315080643 755.80336478352547 56.369087398052216 1935.5586874932051 2212.371523976326 3483.1472201645374 174.55353635549545 75.35647064447403 32.399578437209129 375.75580342113972 2693.2777929753065 2464.4232484549284 943.37764494121075 1519.1081589460373 98.067735135555267 778.76340973377228 2054.0689631104469 21.463768690824509 756.55272524058819 952.66654932498932 853.80791988968849 1020.9994414299726 785.83273321390152 14.074577569961546 1140.7033517360687 1051.5425973981619
leaf_count=27172 1811 4724 529 5652 201 2559 18047 661 2815 1036 4591 7674 1454 6498 1058 9380 3959 2906 2539 9915 2176 2309 207 2374 19567 540 1497 7820 4480 5176 1313 1097 16791 6751 5590 14245 2810 3331 116 6301 6947 6831 517 220 87 867 9605 9550 3544 4397 250 2187 10172 57 2053 3663 1832 4488 2679 74 4427 2712
internal_value=0.0637472 0.0204487 0.135878 0.0483737 0.157412 0.0913286 -0.0155344 -0.0275925 0.0597279 0.0747489 0.0696818 0.00147054 0.0885027 0.0276485 0.135817 -0.0309324 0.0633682 -0.00599598 0.123615 0.0421267 0.0366569 0.0558894 0.00867258 0.116839 -0.0375958 0.0295617 0.110719 0.0616311 0.032849 0.0379297 0.0807593 0.0522887 0.169523 0.159286 0.00652107 -0.00994245 0.0446351 0.0285264 0.0789898 0.0698461 0.0775058 0.148025 0.0525636 0.0290794 0.146546 0.103564 0.052677 0.0328388 0.0332714 0.0933982 0.0833481 0.0936811 -0.0161125 0.00486249 0.123561 0.0489276 0.132197 -0.00364403 0.0555335 0.0555308 0.0270991 0.126988
internal_weight=85624.7 53506.1 32118.6 30126.3 21652.1 10466.5 23379.8 13679.6 19463.4 6915.32 12432.5 9700.17 4747.16 10662.9 7779.4 13130.6 10479.7 7663.3 3551.17 7030.92 7230.39 7086.88 3432.47 3045.5 9057.95 2036.87 2272.95 5660 4281.61 3623.75 4107.05 549.015 13872.7 3686.94 3360.05 6888.27 2168.16 4784.74 3392.84 2203.99 3336.47 4733.9 2445.65 775.028 1278.22 1952.77 3274.15 4028.93 1365.67 1903.06 283.617 927.937 4072.66 657.86 1429.32 2271.1 1250.75 2016.5 1738.5 46.4742 2200.46 2117.56
internal_count=296831 224090 72741 112159 41266 31475 111931 68299 68736 22666 41866 43632 14501 43423 17523 66291 36408 35418 8809 26870 28414 25386 15009 7802 46739 8214 6109 19734 16955 14083 13047 2008 23743 6952 14802 32292 8165 19379 11022 7337 10906 9721 9035 3126 2700 5458 11914 16048 5355 5710 911 2716 19552 2872 3550 8518 2890 9212 6342 161 8907 5086
is_linear=0
shrinkage=0.05


Tree=2
num_leaves=63
num_cat=0
split_feature=28 48 38 48 20 38 10 1 45 40 1 48 48 46 1 1 1 40 30 40 1 19 48 19 35 27 19 40 7 34 10 46 38 19 1 44 33 45 33 19 20 45 1 30 1 40 33 30 40 20 26 1 33 9 26 0 14 44 48 45 20 40
split_gain=87728.9 18821 9711.48 2311.18 2134.06 2067.8 1725.75 1322.34 1087.34 910.893 803.482 607.404 560.976 554.511 490.578 451.303 375.996 352.406 334.918 303.752 315.239 273.838 272.413 262.458 254.118 249.237 216.816 212.376 208.273 203.941 196.917 196.863 196.551 188.83 184.775 182.724 181.514 181.29 175.456 166.469 166.055 164.95 163.277 161.445 152.294 147.516 144.205 141.324 138.669 135.94 135.719 132.995 132.758 125.815 120.682 118.66 115.114 114.971 112.697 110.973 110.545 110.403
threshold=91946822.823629394 146832115.69885862 2897321915.5952106 27740389.494676415 6.5000000000000009 30065269.078744605 4.5000000000000009 6.495000000000001 0.90254478268542127 54.500000000000007 4.6550000000000011 590668769.83615589 12301494904.492458 36.288750000000007 4.9050000000000011 4.8950000000000005 5.9250000000000007 11.500000000000002 26.500000000000004 4.5000000000000009 4.8950000000000005 14133363583412342 6802800.715789956 9612366680052126 0.95332935051933387 1.2106313607869836 13055027421479030 5.5000000000000009 6.5500000000000007 0.19443796555451706 1.5000000000000002 33.889699918897001 6802800.715789956 2514868627548957.5 4.6950000000000012 0.38729833462074181 4.4101724137931049 0.84970659502810231 4.3800584795321651 6067214983755754 24.500000000000004 0.74450482611986135 6.1950000000000012 27.500000000000004 6.2950000000000008 7.5000000000000009 4.7751237623762384 8.5000000000000018 33.500000000000007 6.5000000000000009 19.201923076923084 4.7750000000000012 4.7875484496124043 15092809.000000002 10.001271186440681 60.850000000000001 0.05000000000000001 0.48661953631669991 367065762881.72784 1.2063735608423667 3.5000000000000004 6.5000000000000009
decision_type=2 2 2 2 2 2 2 2 2 2 2 2 2 2 2 2 2 2 2 2 2 2 2 2 2 2 2 2 2 2 2 2 2 2 2 2 2 2 2 2 2 2 2 2 2 2 2 2 2 2 2 2 2 2 2 2 2 2 2 2 2 2
left_child=1 3 4 7 11 13 12 14 9 15 23 30 33 44 22 17 32 -7 21 51 35 50 -1 31 -20 29 37 -15 55 -26 61 -5 -12 -4 -29 59 -14 47 -27 43 52 -19 45 -38 -3 -17 -23 57 -37 -34 -6 -10 -8 -16 -28 -9 -24 -13 -11 60 -21 -2
right_child=2 5 6 10 18 8 40 28 19 58 16 26 36 27 53 42 -18 41 24 20 -22 46 56 -25 25 38 54 34 -30 -31 -32 -33 49 -35 -36 48 39 -39 -40 -41 -42 -43 -44 -45 -46 -47 -48 -49 -50 -51 -52 -53 -54 -55 -56 -57 -58 -59 -60 -61 -62 -63
leaf_value=-0.04415070407870219 0.021144512479808527 -0.0068837501765244089 0.076055071162630883 -0.026150993841846534 0.026520668267677811 0.029897958024391342 0.1284349948141609 0.085830992611920565 -0.010670849591119785 0.087968768432536829 -0.00048988186147786719 0.08039590178050704 0.0090309399111551496 0.0092715589832290703 -0.0065816806214043719 0.039516931205752365 0.076579586754046483 0.063034948110035557 0.14063576365728056 0.042733588225633466 0.062394446670596897 0.098378451405828765 -0.027959487815700984 0.021205640538105208 -0.027601838711609029 -0.029695854269346206 0.053067531006718918 0.026364386832762567 0.013115215161823271 0.14378905055587596 0.066502890448477445 -0.005397883051004867 0.0215926940601366 0.10894977131858248 0.049016007991814797 0.011839711781027842 0.098459008278365526 0.041730091611248403 0.083789297075010441 0.13497277862205839 0.15348946423550558 0.047300024519354153 0.11535756477725796 0.13047809800665014 0.058414788345675719 0.072083635693957579 0.1270307949940126 0.091855424491004811 0.042714813242353412 0.11997991544735338 0.083741036154901291 0.026785596328666918 0.14759618699756438 -0.024232442393465326 0.090734929671067707 -0.0073054044827989984 0.024020392853488375 0.043948546105628761 0.1180058782563356 0.030475316595340037 0.065882803460858744 0.047371524205021644
leaf_weight=5013.4718180000782 694.37529055774212 1578.4985262155533 603.76554594933987 1515.2438559085131 133.01333552598953 1653.2811440378428 1293.0282995700836 284.04623237252235 352.06972821056843 1550.727556809783 1279.0773917585611 409.738041639328 31.15873683989048 949.58918334543705 2011.4067235589027 387.59474644064903 272.47726060450077 3561.9432464241982 1231.1700850725174 1957.2127283364534 1621.7312012910843 1083.13050596416 3754.6394000947475 730.02862876653671 19.117238432168961 53.09653152525425 235.06808331608772 2167.4557042866945 239.92934414744377 188.47707034647465 803.18897226452827 4647.9213817119598 3185.923462048173 1572.6574876904488 1539.9365413486958 1010.8156590908766 712.91066642105579 588.05706897377968 94.99082887172699 4462.8661930114031 10557.634753495455 3128.4237353056669 197.62610197067261 879.18838967382908 94.646929249167442 3380.0925319343805 738.58034117519855 659.236183360219 568.0310800075531 35.499563246965408 469.08568687736988 724.99342185258865 3004.3952916413546 2027.0103965997696 2229.0987902730703 38.879240393638611 109.62116052210331 458.47899305820465 391.0142108798027 1192.6669950634241 700.21089980006218 950.54232324659824
leaf_count=27172 2793 7301 1781 7548 513 6452 2510 833 1610 4327 5707 1228 117 4098 9380 1435 840 11708 2283 7231 5463 2762 19087 2980 88 228 786 8659 1002 352 2592 21552 13181 3709 5531 4190 1820 2093 252 8403 16298 11165 490 1752 328 10606 1531 1846 2090 92 1368 2880 4938 10172 6173 173 480 1606 858 4641 2321 3426
internal_value=0.0588222 0.0190663 0.121505 -0.0125173 0.0829222 0.0467297 0.139928 -0.0266198 0.0538666 0.0621901 0.00377657 0.0663142 0.121611 0.0214991 -0.029889 0.0571693 0.0195458 0.0505691 0.112024 0.0392727 0.0430506 0.100333 -0.0364612 -0.00714231 0.129881 0.0926551 0.0770614 0.0303693 0.0484009 0.128006 0.0462093 -0.0105001 0.0160927 0.0998244 0.0357732 0.0372722 0.129402 0.0653199 0.0430993 0.130021 0.150117 0.0556773 0.0710571 0.116141 -0.00318993 0.0687334 0.109995 0.0744017 0.0229478 0.0226769 0.0711001 0.0145419 0.141831 -0.0154412 0.0871417 0.0746177 -0.0264849 0.0611492 0.0940174 0.0431464 0.0488332 0.0363002
internal_weight=88009.8 53853.7 34156.1 25145.2 11038.4 28708.6 23117.6 13479 22378.4 14250.7 11666.2 7027.78 8262.55 6330.13 12916.1 12309 4772.98 8343.65 4010.66 8127.73 7050.67 2423.81 8877.73 6893.19 1586.85 355.682 4579.68 4656.98 562.855 207.594 2448.11 6163.17 4500.5 2176.42 3707.39 5428.94 6086.12 2115.51 148.087 6054.97 14855.1 6690.37 3965.31 1592.1 1673.15 3767.69 1821.71 1527.45 1578.85 3221.42 602.099 1077.06 4297.42 4038.42 2464.17 322.925 3864.26 868.217 1941.74 3850.09 2657.42 1644.92
internal_count=296831 223583 73248 120199 31920 103384 41328 68299 77467 47041 51900 22543 17582 25917 66291 41856 19820 29325 9377 30426 25936 6174 46739 32080 3203 920 13732 18288 2008 440 8811 29100 18980 5490 14190 20473 12092 6773 480 11975 23746 22873 12531 3572 7629 12041 4293 4680 6280 13273 1881 4490 7448 19552 6959 1006 19567 2834 5185 14193 9552 6219
is_linear=0
shrinkage=0.05


Tree=3
num_leaves=63
num_cat=0
split_feature=28 48 38 20 38 10 48 1 48 48 1 46 28 1 48 43 1 30 48 40 40 48 19 43 10 1 25 40 1 30 1 10 43 9 46 19 1 1 19 32 50 47 1 30 1 1 50 40 46 27 35 4 17 43 1 9 43 40 1 46 40 43
split_gain=73557.4 15361 9522.29 2014.75 1792.56 1511.84 1506.35 1199.86 850.328 685.979 658.182 548.192 534.876 463.934 449.114 408.993 366.763 343.267 311.252 283.02 276.489 261.654 258.114 247.024 245.048 242.315 232.714 211.18 218.47 210.757 208.4 205.943 229.312 179.119 165.033 163.164 159.099 156.362 151.153 149.894 149.218 147.977 144.969 140.924 137.903 131.98 131.123 128.193 127.817 127.696 249.188 123.689 139.58 123.044 116.672 116.507 116.48 119.947 111.717 111.345 110.229 193.938
threshold=63097256.284170322 117127079.70090716 2897321915.5952106 5.5000000000000009 30065269.078744605 3.5000000000000004 27740389.494676415 6.495000000000001 260538373.55868104 433974679.32289988 4.995000000000001 36.288750000000007 14745244.425149115 4.9050000000000011 23692498188.357643 4.7545923149015943 4.8950000000000005 26.500000000000004 29461618077.40765 5.5000000000000009 10.500000000000002 6802800.715789956 13577828828254402 4.5833892617449683 5.5000000000000009 4.705000000000001 0.92830374233554236 4.5000000000000009 4.6950000000000012 44.500000000000007 6.3850000000000007 8.5000000000000018 4.4222693032015075 40056753.000000007 29.800173010380629 13055027421479030 5.1250000000000009 4.9050000000000011 3.0546680408605869e+17 5.3650000000000011 110.19891948630168 1.0000000180025095e-35 6.5850000000000009 20.500000000000004 4.4850000000000012 5.8750000000000009 297.26712396989052 21.500000000000004 181.95555555555561 1.2106313607869836 1.1259486567862114 0.73410000000000009 4.1872793838470672 4.5916882556131275 4.4050000000000011 15092809.000000002 4.7795576735092871 9.5000000000000018 7.0750000000000011 21.501785714285713 8.5000000000000018 4.8600373134328372
decision_type=2 2 2 2 2 2 2 2 2 2 2 2 2 2 2 2 2 2 2 2 2 2 2 2 2 2 2 2 2 2 2 2 2 2 2 2 2 2 2 2 2 2 2 2 2 2 2 2 2 2 2 2 2 2 2 2 2 2 2 2 2 2
left_child=1 6 3 9 11 14 7 13 39 37 22 36 16 21 29 17 20 24 40 -18 -10 -1 34 47 53 60 -19 -13 -29 35 -12 32 -7 58 -8 -4 -3 46 49 54 59 -27 -21 -17 -36 -30 -2 -22 -16 -28 -51 52 -33 -5 -6 -15 -42 -58 -9 -14 -11 -62
right_child=2 4 5 15 8 31 10 33 12 25 30 27 18 55 48 43 19 26 -20 42 23 -23 -24 -25 -26 41 38 28 45 -31 -32 51 -34 -35 44 -37 -38 -39 -40 -41 56 -43 -44 -45 -46 -47 -48 -49 -50 50 -52 -53 -54 -55 -56 -57 57 -59 -60 -61 61 -63
leaf_value=-0.043008279586370483 0.03176329410091603 -0.014502545939701765 0.072013228565368279 0.049959212445090606 0.020061196919754692 0.02513546184881876 -0.027157232015445506 0.049031211198233136 0.017339354264317413 0.037082796025945025 0.022030009120773568 0.0029597036402944383 0.020779766013469606 -0.006274567183052443 0.11847315369122505 0.10727695603339596 0.025600988878073695 0.12499273374366492 0.090195062822271896 0.062679643461094489 0.011029990800808817 -0.025532264188779366 0.023970879241007111 0.052458116361666085 0.097707819490587586 0.042915946435585731 0.11949337967798697 0.0212315073119844 0.039606793838335014 0.12421692954890838 0.094456598099174408 0.11314764049767792 0.12683138562718496 0.015608659838829085 -0.013219993825855703 0.09759048945986501 0.017491998149130109 0.054427647578138755 -0.0041502858563989874 0.0043955815778810295 0.042240257713446111 0.082115304420919688 0.13224571163148077 0.13778290318295225 0.002369231355338832 0.088589314982014847 -0.013732621509469443 0.037557168359256154 0.048269574227032326 0.093031489881612583 -0.016003702763522393 0.13827922005590729 -0.053113570548099114 0.080085651015169623 0.038124879650978633 -0.023329610370652985 0.029678165711497503 0.077506712883138873 0.11265630413202657 0.066879268294961547 0.054626182700299147 0.08874261464129253
leaf_weight=4892.4169943630695 1471.3695180118084 1313.3659232854843 1045.4435012936592 776.00590936839581 1482.3100659698248 56.093479230999947 1085.7794266045094 195.44480420649052 1269.4667471945286 539.10119993984699 1909.5168023705482 813.42533104121685 136.1669552475214 2004.5441514849663 4582.1068310439587 1021.8414231240749 556.41168451309204 813.4525268226862 893.83530630171299 2839.1891887784004 568.31735877692699 3809.588975712657 638.07225187122822 3233.4612382501364 814.80447532236576 267.2465101480484 230.60155873000622 2626.3691125363111 1780.8633919507265 453.50681963562965 104.77077034115791 47.489951461553574 4700.5335670113564 272.97196099162102 3015.6694336980581 1545.0090501308441 551.80983585119247 748.07699319720268 45.060425937175751 619.36964185535908 1761.4152122586966 2428.8180766701698 76.918066084384918 601.38063114881516 2678.7348049432039 149.02802863717079 177.47195439040661 2292.7916465550661 65.765889152884483 256.59711873531342 65.846967652440071 12053.489233404398 17.194016993045807 601.74355836212635 2251.9607083052397 2000.8598210215569 172.17395453155041 549.29651357233524 106.63450714945793 3441.5941574424505 1911.4193385392427 532.63809362053871
leaf_count=27172 5502 6254 2930 2505 5942 179 5483 661 5122 1880 7677 3565 513 9380 8625 2243 2164 1465 2301 8835 2318 19567 2532 10667 1908 908 457 10567 6494 852 262 100 7885 1097 14535 3515 2325 2514 168 2621 6119 6685 153 987 12001 415 784 8330 189 605 274 17770 79 1654 8278 10172 642 1591 250 10644 6096 1423
internal_value=0.0545973 0.0160495 0.107624 0.0735532 0.0399231 0.126074 -0.0148286 -0.0256791 0.0469824 0.0578989 0.000450649 0.0183156 0.0518292 -0.028876 0.107702 0.097739 0.044884 0.088353 0.0626512 0.0582793 0.0385675 -0.0353576 -0.00643173 0.0429892 0.0759719 0.0673657 0.107584 0.0264272 0.0306169 0.092773 0.0257972 0.134449 0.125632 0.0449641 -0.00929287 0.0872681 -0.005037 0.0354682 0.0839085 0.0271761 0.058589 0.0782297 0.0645146 0.118579 -0.00588658 0.0433893 0.0268664 0.0322879 0.11748 0.0910832 0.0707652 0.137909 0.0689528 0.0631172 0.0309545 -0.0147942 0.0491713 0.0660928 0.071491 0.0651248 0.0575473 0.0620612
internal_weight=89964.7 52094.5 37870.1 13303.5 29379.5 24566.6 22715 13282.5 22144.7 8076.14 9432.54 7234.86 17791 12707.4 7691.83 5227.33 10836.6 3604.11 6954.48 3472.52 7364.04 8702.01 7418.26 6094.57 2192.55 5679.22 1411.56 5369.69 4556.26 3043.96 2014.29 16874.8 4756.63 575.051 6780.18 2590.45 1865.18 2396.92 598.106 4353.64 6060.65 2696.06 2916.11 1623.22 5694.4 1929.89 1648.84 2861.11 4647.87 553.046 322.444 12118.2 64.684 1377.75 3734.27 4005.4 2482.89 721.47 302.079 3577.76 2983.16 2444.06
internal_count=296831 216649 80182 38058 105860 42124 110789 68299 76240 25792 42490 29620 59399 66291 16111 12266 37589 9036 21810 11152 26437 46739 34551 21315 6067 16992 2969 21041 17476 7297 7939 26013 8064 2008 32019 6445 8579 8800 1504 16841 19509 7593 8988 3230 26536 6909 6286 10648 8814 1336 879 17949 179 4159 14220 19552 8352 2233 911 11157 9399 7519
is_linear=0
shrinkage=0.05


Tree=4
num_leaves=63
num_cat=0
split_feature=29 48 38 20 40 48 10 43 1 48 1 30 48 1 40 43 1 43 43 1 40 18 48 20 18 43 40 40 10 47 1 47 7 45 46 40 40 30 43 30 47 1 48 6 18 30 1 30 29 24 4 1 10 40 30 46 43 14 1 43 43 44
split_gain=62782.7 13612.1 8035.8 1699.47 1566.94 1391.46 1291.9 1138.47 1090.11 605.076 588.4 572.566 444.792 438.571 434.224 429.995 380.507 361.397 291.398 252.891 294.56 251.615 251.402 240.881 232.039 203.398 215.042 198.396 191.93 187.515 184.764 179.886 168.564 164.299 152.97 138.451 137.546 131.438 126.532 123.523 122.375 121.206 117.886 131.084 116.866 130.502 116.806 116.722 118.852 116.556 167.159 114.347 114.136 116.391 134.191 113.691 109.851 107.125 105.015 104.167 103.829 101.613
threshold=79434739350630960 117127079.70090716 2897321915.5952106 6.5000000000000009 7.5000000000000009 27740389.494676415 5.5000000000000009 4.6400304878048795 6.495000000000001 590668769.83615589 4.995000000000001 8.5000000000000018 65168305571.740456 4.9050000000000011 19.500000000000004 4.3765165441176483 4.6950000000000012 4.8143398268398281 4.7466919191919201 6.7950000000000008 3.5000000000000004 5398335.7123591248 6802800.715789956 35.500000000000007 10785252.804535801 4.6430384615384623 5.5000000000000009 38.500000000000007 1.5000000000000002 28.655078468993185 6.035000000000001 50.975106094770794 6.5500000000000007 1.3985754501969134 32.482629310344841 3.5000000000000004 6.5000000000000009 10.500000000000002 4.4600420168067236 26.500000000000004 19.723795257704541 4.9050000000000011 22751352802.899826 5.0600000000000014 561904650.84066331 8.5000000000000018 4.4850000000000012 39.500000000000007 7.1804423517737083e+18 0.23570226039551587 2.3270000000000004 4.4850000000000012 8.5000000000000018 117.50000000000001 129.50000000000003 33.000694444444456 4.6999340369393154 0.05000000000000001 5.995000000000001 4.7856282271944925 4.6833333333333353 0.54190976645509192
decision_type=2 2 2 2 2 2 2 2 2 2 2 2 2 2 2 2 2 2 2 2 2 2 2 2 2 2 2 2 2 2 2 2 2 2 2 2 2 2 2 2 2 2 2 2 2 2 2 2 2 2 2 2 2 2 2 2 2 2 2 2 2 2
left_child=1 5 3 9 16 8 12 11 13 28 24 31 21 22 17 -13 35 29 23 20 -18 37 -1 33 34 -11 -27 -17 36 58 -12 51 -10 52 -7 -3 41 -4 -23 -16 -19 -2 43 -8 45 61 -36 48 -40 50 -25 -6 53 -5 -55 -30 -37 -24 -9 -22 -14 -28
right_child=2 4 6 18 7 10 42 14 32 25 30 15 60 -15 39 27 19 40 -20 -21 59 38 57 49 -26 26 44 -29 55 -31 -32 -33 -34 -35 46 56 -38 -39 47 -41 -42 -43 -44 -45 -46 -47 -48 -49 -50 -51 -52 -53 -54 54 -56 -57 -58 -59 -60 -61 -62 -63
leaf_value=-0.041895839541122033 -0.00010763724600696441 -0.025849819261219431 0.056657049337339588 0.068954160207832446 0.007380579037734019 -0.024627336059676864 0.043981510206344061 0.014661516234945377 0.06466270624984348 0.048601366626083435 0.019405217262725726 0.018221740023103398 0.099786386203322142 -0.014170954059046951 0.065022888712674254 0.040400568133160515 0.0027530183889489545 0.03802377402523064 0.11089787253952632 0.097094751307732985 0.012669686543370954 0.05026547092014047 -0.026068990038789028 0.14645614025998649 0.02250697068022867 0.045789506480124836 0.070295615850572299 0.060079626684531852 0.039704951099778493 0.043291708815480071 0.071396499391367968 0.032310169978746063 0.010315061901004436 0.021693346320219575 -0.012196878830204406 -0.017008649308147335 0.040606830042023666 0.08641557325294931 0.083029968136853455 0.092005686471457307 0.062872508740567448 0.036090259203221946 0.12695612054579469 0.11737714092407928 0.095458597077583807 0.085593477311741328 0.0024064205611509255 0.1162447139296014 0.10336189545211226 0.12300026207851018 -0.068138557869596592 0.024666073119181738 0.10121123648691221 0.10664155290747138 0.0035079051862433571 0.072740815646582441 0.012316973955661758 0.024115396929949323 0.11770388225514992 0.037711891728315877 0.1177451294642409 0.042966834618696097
leaf_weight=4774.2390316128731 517.15303319692612 497.59780660271645 567.74040704965591 1568.0577450990677 1983.0741275697947 1254.5412899404764 62.134099885821342 947.00177459418774 340.39089176058769 1356.3678082227707 1850.1545392274857 1318.4169029891491 1046.4511304199696 3973.6083981394768 3369.9430448114872 2561.4156623035669 1348.5487720072269 595.44664423167706 1476.471446081996 113.73443742096424 537.14245907962322 128.03445379436016 3647.2145410180092 16.751247465610504 645.400051176548 712.73681518435478 1388.9992416650057 2561.5912123322487 504.76731467247009 2457.3194013386965 188.27069383859634 2848.7482332140207 245.62843325734138 123.42245671153069 2889.438239723444 438.97406786680222 1469.3861398994923 1071.065053164959 1116.3270551264286 485.21300594508648 2951.2444414496422 418.32228788733482 12124.242399483919 2908.1887885183096 627.82426588237286 1065.5152584463358 2602.7861631065607 935.6577655673027 2018.2573545128107 455.60434255003929 19.802041381597519 1848.6491798311472 537.92535479366779 393.55928295850754 34.288027986884117 538.01853626966476 1171.7075956314802 109.53278160095215 25.38928847014904 1830.2016743272543 3485.8145190924406 450.43511494994164
leaf_count=27172 2210 2431 1624 4185 8255 6389 189 3696 1006 4207 7417 5176 1980 19552 9861 8812 5849 2066 2726 291 2157 353 19087 24 2532 2283 3842 7790 1704 8347 522 10447 1002 436 13997 2033 5074 2494 2553 1137 8925 1483 17105 4632 1439 2656 11633 1583 3864 729 102 7033 1080 767 123 1556 4874 480 55 6625 5747 1432
internal_value=0.0509171 0.0151367 0.0988317 0.0679166 0.0372543 -0.014219 0.115435 0.0429541 -0.0247677 0.0553145 0.000423704 0.0330505 0.101847 -0.0278912 0.0549518 0.0436869 0.0142616 0.0475098 0.0925697 0.0236528 0.0214049 0.0927216 -0.0342819 0.0839774 -0.0061347 0.0654573 0.0708425 0.0502404 0.0388342 0.0359373 0.0242072 0.0227946 0.041883 0.0780263 -0.00887458 -0.0027972 0.0310657 0.0761062 0.0992075 0.068419 0.0587007 0.0160792 0.124769 0.115842 0.0758969 0.0716692 -0.00527632 0.100747 0.096121 0.116108 0.0302036 0.0157201 0.0807703 0.0752612 0.0983763 0.0567496 0.00432459 -0.0246058 0.017352 0.0320299 0.113599 0.0636034
internal_weight=91551.9 52412.6 39139.3 13675.4 29891.4 22521.2 25463.9 23953.5 13090.6 9049.53 9430.59 13121.9 10369.3 12504.6 10831.6 6441.42 5937.91 6976.4 4625.88 3829.63 3715.89 5837.08 8530.99 3149.41 7392.17 5601.88 4245.51 5123.01 3447.65 3429.71 2038.43 6680.47 586.019 2657.25 6746.77 2108.28 2404.86 1638.81 4198.28 3855.16 3546.69 935.475 15094.6 2970.32 3532.77 2904.95 5492.22 4070.24 3134.58 492.158 36.5533 3831.72 2533.83 1995.91 427.847 1042.79 1610.68 3756.75 972.391 2367.34 4532.27 1839.43
internal_count=296831 216649 80182 38058 105860 110789 42124 81600 68299 27886 42490 47513 20198 66291 34087 21778 24260 23089 10172 14922 14631 12471 46739 7446 34551 15859 11652 16602 12027 12098 7939 25735 2008 6591 32019 9338 8767 4118 8353 10998 10991 3693 21926 4821 9369 7930 25630 8000 6417 855 126 15288 6155 5075 890 3260 6907 19567 3751 8782 7727 5274
is_linear=0
shrinkage=0.05


Tree=5
num_leaves=63
num_cat=0
split_feature=28 48 38 20 40 10 48 1 43 48 1 30 1 43 48 10 1 48 1 47 48 40 10 43 1 1 47 1 1 40 40 1 40 43 0 1 43 40 43 46 1 30 36 43 1 10 40 45 3 50 20 40 46 34 14 0 43 47 50 43 30 4
split_gain=54390.1 11212.6 8091.53 1635.23 1245.77 1232.17 1175.34 991.483 851.376 646.375 524.886 496.085 414.582 372.308 328.155 312.181 266.887 258.203 248.584 243.545 241.502 240.921 235.633 218.572 201.969 173.414 164.912 164.389 164.256 162.458 161.315 154.024 153.112 148.215 147.13 170.553 134.09 126.271 163.13 125.347 125.257 125.168 119.137 118.464 115.971 118.664 115.246 113.586 112.376 110.602 108.768 100.195 100.629 98.5106 98.1443 96.1988 95.1366 92.7909 91.3363 90.7013 102.455 89.2805
threshold=44680321.334957771 117127079.70090716 2897321915.5952106 5.5000000000000009 6.5000000000000009 2.5000000000000004 27740389.494676415 6.495000000000001 4.7187739769820984 272027708.2921471 4.995000000000001 8.5000000000000018 4.9050000000000011 4.3765165441176483 12301494904.492458 7.5000000000000009 4.7750000000000012 677609160.74117589 4.6950000000000012 54.140385527974622 6802800.715789956 10.500000000000002 8.5000000000000018 4.4222693032015075 6.9050000000000011 5.9350000000000014 1.0000000180025095e-35 6.3850000000000007 4.8950000000000005 42.500000000000007 3.5000000000000004 4.4350000000000014 4.5000000000000009 4.5600751879699262 93.050000000000011 7.0950000000000006 4.7885895117540693 8.5000000000000018 4.5888949341071221 30.550438596491237 5.7950000000000008 48.500000000000007 102.98090909090911 4.9200946372239756 5.6750000000000007 2.5000000000000004 110.50000000000001 1.3511383881434533 122.45000000000002 179.82692951672109 2.5000000000000004 19.500000000000004 53.802173913043482 0.047140452079103203 0.05000000000000001 69.950000000000017 4.8561828874976296 20.000281246045034 393.88566249663955 4.6750494071146269 36.500000000000007 0.73410000000000009
decision_type=2 2 2 2 2 2 2 2 2 2 2 2 2 2 2 2 2 2 2 2 2 2 2 2 2 2 2 2 2 2 2 2 2 2 2 2 2 2 2 2 2 2 2 2 2 2 2 2 2 2 2 2 2 2 2 2 2 2 2 2 2 2
left_child=1 6 3 9 16 14 7 12 11 44 31 19 20 -13 41 17 32 -5 37 25 58 28 23 -7 30 39 -20 -12 57 -15 -18 -8 -3 -21 35 -9 46 -11 -39 -6 50 -4 59 51 45 -2 -19 -17 -49 -31 -28 52 -23 -33 -22 -42 -32 -10 -1 -16 -61 -24
right_child=2 4 5 15 8 22 10 34 21 18 27 13 -14 29 42 47 24 36 26 33 54 43 61 -25 -26 -27 40 -29 -30 49 56 53 -34 -35 -36 -37 -38 38 -40 -41 55 -43 -44 -45 -46 -47 -48 48 -50 -51 -52 -53 -54 -55 -56 -57 -58 -59 -60 60 -62 -63
leaf_value=-0.036606918894464623 0.015960841585603833 -0.018380343190150927 0.066357946815634755 0.053853254260910581 -0.0036693715989393398 0.023183811325277071 -0.013620326068752589 0.026827359030006045 0.0036825117317105245 0.025713546356910699 0.01892370535974474 0.016913075523554779 -0.013568148100863597 0.040104233912843422 0.083613256280926876 0.10426953385369553 0.0042862517499313874 0.068839809085278952 0.032874076353139728 0.02301024709080653 -0.025137012886663781 0.026558491379243421 0.059421978651414402 0.10619951074128649 0.098753035731204017 0.078632201163679583 0.055277561784519681 0.082288426934898129 0.051833242453672379 0.064876894923858869 0.0092316965622480027 -0.008474874618682935 0.009750360745859693 0.043739540560167434 -0.039637241751498777 0.086054058590156329 0.098395254624179862 0.034331281309478372 0.058756487193700559 0.018596036004475555 0.10290370452973335 0.11177563375176092 0.058679373272212801 0.068358626247752005 0.071400882719855216 0.051652758799140712 0.093498825470625171 0.076528368172413236 -0.068043758028171475 0.039912594648748606 0.072690418910410656 0.061437456275275609 0.051569771974239655 0.0088070138654236796 0.02261135159853353 0.02875439731608629 0.037038939024347621 0.034165640001569575 -0.052469368897417046 0.093292820603699866 0.1102691377741381 0.11707120789285314
leaf_weight=3424.3950628042221 1650.5493533313274 970.7508572936058 1715.422351539135 1056.1021878123283 733.43458400666714 80.252538174390793 3799.3349380642176 357.88889214396477 325.45044167339802 642.38127073645592 1864.4308218508959 1263.0857730358839 3943.4283913969994 3344.4201653599739 1048.7738511115313 1501.7946415692568 1247.7308954000473 1656.4448021501303 399.25224541127682 1656.528517216444 3594.6783454418182 545.99390144646168 67.513197228312492 6604.6764090657234 78.706756740808487 111.12056359648705 1864.8054990470409 108.30301138758659 1285.0498039722443 1540.4957111477852 438.52383135259151 1488.1332943886518 964.12690307199955 1798.5551255047321 53.953494891524315 184.06947723031044 926.43249955773354 1055.9276670068502 1938.63001306355 4575.4053293317556 341.86909180879593 166.41596974432468 216.87510126829147 1664.242315903306 121.32253557443619 271.12657652795315 663.65933713316917 52.025754421949387 18.123883366584778 623.14315557479858 1727.6680830419064 1670.3078206926584 1526.5208104103804 1849.3359806835651 110.94012451171875 50.159520730376244 1030.1767910122871 1071.8199324905872 1234.6970063745975 2157.189226180315 1511.4969630986452 12832.609004110098
leaf_count=19776 6424 4630 4297 3046 3200 243 18629 1281 1344 2258 7358 4927 19552 11112 2181 2631 5362 4202 1343 6220 19087 1913 179 10667 183 296 5432 253 4004 4270 1758 6931 4013 5995 254 473 1758 3496 5530 17649 750 283 535 4568 354 858 1319 127 94 2016 4472 4678 4660 8063 480 162 3664 3801 7396 4181 2441 17772
internal_value=0.0476736 0.0126203 0.0894659 0.0613337 0.0333433 0.106449 -0.0141764 -0.0238835 0.0380126 0.0490974 -0.000425792 0.0312036 -0.0269331 0.0413965 0.0881392 0.0822955 0.0099119 0.0753286 0.0554927 0.023427 -0.0332338 0.0511824 0.112821 0.105203 0.0197935 0.0168139 0.0635103 0.0224024 0.0389313 0.047011 0.0175057 -0.0067359 -0.00436314 0.0338009 0.0391041 0.046943 0.0823146 0.0458287 0.0501438 0.01552 0.0665801 0.0703744 0.0949144 0.0572599 0.0239898 0.0209966 0.0758935 0.101365 0.0391767 0.057687 0.0636516 0.0523248 0.0449807 0.00110125 -0.0237075 0.0934164 0.0287363 0.0270655 -0.0408106 0.0965802 0.100287 0.116769
internal_weight=92818.7 50479.2 42339.5 15938.3 28465.6 26401.2 22013.6 12904.1 23735.6 10063.7 9109.54 15646.2 12308.1 6771.14 6816.17 5874.58 4730.02 4302.64 8020.69 8875.04 8364.71 8089.39 19585.1 6684.93 2795.14 5419.96 4383.75 1972.73 2682.32 5508.06 2716.43 7136.8 1934.88 3455.08 595.912 541.958 3246.54 3636.94 2994.56 5308.84 3984.5 1881.84 4934.34 5407.06 2043 1921.68 2320.1 1571.94 70.1496 2163.64 3592.47 3742.82 2072.51 3337.47 3705.62 392.029 1468.7 1397.27 4659.09 4717.46 3668.69 12900.1
internal_count=296831 209796 87035 44256 100263 42779 109533 68299 80653 31079 41234 55685 66291 22325 13918 13177 19610 10325 23443 33360 46739 24968 28861 10910 10967 21145 12159 7611 9149 17398 10784 33623 8643 12215 2008 1754 7279 11284 9026 20849 10816 4580 9338 15819 7636 7282 5521 2852 221 6286 9904 11251 6573 14994 19567 912 5422 5145 27172 8803 6622 17951
is_linear=0
shrinkage=0.05


Tree=6
num_leaves=63
num_cat=0
split_feature=38 48 20 38 13 48 48 18 48 34 38 38 2 10 10 40 18 50 45 20 43 43 2 43 30 18 43 18 50 43 50 30 30 2 45 40 43 10 40 32 29 10 30 9 36 33 33 40 36 20 26 40 43 20 43 32 44 2 48 43 2 38
split_gain=47622.6 11469.1 5623.59 1539.99 1389.99 1026.98 718.215 635.455 469.846 456.236 409.613 398.97 353.316 317.887 300.491 284.156 256.532 254.799 236.933 218.816 207.701 203.797 197.965 194.008 192.317 164.803 163.677 158.62 156.944 156.301 153.28 151.658 137.612 136.097 119.829 119.169 169.531 118.856 113.953 109.374 106.006 104.869 104.516 100.457 100.246 100.19 96.7233 92.5115 91.3123 89.884 89.6864 89.2304 104.001 89.3385 88.5332 87.8047 84.4108 79.1512 79.6454 79.0923 78.2338 77.7847
threshold=548273254.83659637 99528396.413357928 7.5000000000000009 55478682.356264077 4.7003246753246772 23703510.771146018 260538373.55868104 36625724.721994855 22751352802.899826 0.44629998148038019 11219434.441211445 22432160661.166283 1.5000000000000002 5.5000000000000009 3.5000000000000004 7.5000000000000009 12639067.29055115 268.777959470658 0.67934332364754535 23.500000000000004 4.36224318658281 4.6786880122950825 2.5000000000000004 4.5632727111163769 2.5000000000000004 6802800.715789956 4.5805690399137013 1437357.3595397372 248.67454791952983 4.2751562500000011 373.14419493819605 66.500000000000014 19.500000000000004 2.5000000000000004 0.68246275727653882 4.5000000000000009 4.763678646934463 2.5000000000000004 49.500000000000007 5.3350000000000009 52310161102232688 6.5000000000000009 24.500000000000004 335768928.00000006 167.76481481481486 4.3334368530020724 4.2252272727272739 2.5000000000000004 9.9985714285714291 2.5000000000000004 10.001271186440681 6.5000000000000009 4.7818511198945997 2.5000000000000004 4.8480131578947381 5.0950000000000006 0.36879006855991225 14.500000000000002 7952712.8791563809 4.3251984126984144 7.5000000000000009 152245530.4749141
decision_type=2 2 2 2 2 2 2 2 2 2 2 2 2 2 2 2 2 2 2 2 2 2 2 2 2 2 2 2 2 2 2 2 2 2 2 2 2 2 2 2 2 2 2 2 2 2 2 2 2 2 2 2 2 2 2 2 2 2 2 2 2 2
left_child=1 5 4 10 8 12 14 18 15 13 35 37 43 20 39 -2 30 27 42 21 48 56 -12 38 -22 34 32 57 29 -24 33 45 -26 -7 -11 -3 -37 50 -17 59 -25 -18 -4 -1 49 -20 -35 -48 -8 -10 -6 -31 53 -53 -47 -50 -9 58 -14 -5 -49 -28
right_child=2 3 7 6 11 16 9 19 44 25 22 -13 17 -15 -16 23 41 -19 31 -21 24 -23 28 40 26 -27 61 -29 -30 51 -32 -33 -34 46 -36 36 -38 -39 -40 -41 -42 -43 -44 -45 -46 54 47 60 55 -51 -52 52 -54 -55 -56 -57 -58 -59 -60 -61 -62 -63
leaf_value=-0.0048355239100379716 0.018685241650075676 -0.0053146009887204502 0.076117330858414767 -0.0017776982466674045 0.036578624529155557 0.025382650740110563 0.098400294686155076 0.022208768101077758 0.059809734098901571 0.037225741418851453 0.059271466431037992 0.099117506150642964 -0.031719430784947045 0.089251944475366107 0.066112165439005874 0.020927277798045558 0.019651843433494458 -0.041670006435344562 -0.015460619236042934 0.10957607235453048 0.031426851906373975 0.10357834975387606 -0.0086079265713896874 0.044964832234723015 0.038517838767621715 0.04722378505383245 0.04964220596455933 0.0051885443364675108 0.0061871891226083749 0.012186908868287494 -0.025247773676964676 0.090352995661052912 0.061819512424524797 -0.017934176217118871 0.012312492081797197 0.0035426459566172139 0.030019631676914866 0.08267967699560802 0.053844581667111695 0.0075036440405160032 0.061397714930774006 0.086192110462141036 0.10218390959424872 -0.034712066358156476 0.019279569032942784 0.062805078265261147 -0.014739924787588166 -0.036389863084595547 0.039161427946515198 0.081074327256355716 0.068309596960731508 0.024165970184692295 0.045734393631515449 0.04288878488358204 0.100602076134318 -0.0114266888888207 0.084910000066966654 -0.0089803608031958238 -0.019232589742948746 0.027341088979749319 0.0027775937603471638 0.060011457286822681
leaf_weight=2518.8431206196547 1046.2943116128445 1482.3453975021839 479.04001133143902 252.04480212926865 245.86455683410168 432.01210516691208 29.061896070837975 55.62712898850441 866.33122499287128 733.14523348212242 407.97675994038582 1979.0201833099127 3552.593600153923 490.84335649013519 393.49279582500458 916.77137331664562 801.11247031390667 2585.5558564513922 37.514977127313614 13288.377543076873 1334.4858176112175 4458.0446239709854 302.66059719026089 2074.1969057768583 3138.8209940642118 815.97065672278404 3038.7457163780928 458.83603635430336 1115.0144722312689 764.75562553107738 773.11941906809807 992.91586373746395 793.85984909534454 999.2651624828577 1412.6904177516699 1829.4164515137672 902.99348658323288 1584.8474642634392 368.63371329009533 1184.8862715959549 1862.7190603464842 63.939148545265198 1949.6036932170391 316.73801748454571 94.326603606343269 1309.8949358016253 1030.9295517355204 130.98234583437443 132.4829743206501 1165.4989063888788 2362.5185146033764 3784.6043329536915 921.89898923039436 766.11958394944668 175.71088489890099 243.293197453022 1530.902124106884 665.34895589947701 1993.6511832773685 3118.8940369486809 4784.7390365451574 4467.5757258236408
leaf_count=11992 3782 6708 1021 1062 732 1631 60 159 2279 2324 1239 3193 20367 956 1013 3203 3117 15032 145 18188 4587 6712 1338 6266 10113 2418 9014 2248 4539 3111 3836 1787 2129 4950 5236 7726 3280 3214 1060 4738 4844 155 3120 1639 310 3109 4915 693 456 2459 5674 14123 2917 2633 310 998 2830 3258 10531 11359 21742 12251
internal_value=0.0447838 0.0148356 0.087161 0.032869 0.0626009 -0.0140911 0.0409122 0.101897 0.0493573 0.0458883 0.0187317 0.0806134 -0.0236147 0.0497432 0.0241915 0.0424683 -0.00131906 -0.0283453 0.0859023 0.105988 0.0482716 0.0981014 0.0253346 0.0472332 0.0493891 0.0280973 0.0514846 -0.0231805 0.023526 0.0264821 -0.00406661 0.0751491 0.0432216 -0.00184707 0.0208243 0.0061001 0.0122926 0.0718803 0.0303674 0.0205708 0.0527399 0.0245701 0.0970424 -0.00817277 0.0696683 0.0652377 -0.00354067 -0.00112201 0.0130123 0.0720075 0.0653187 0.0281848 0.0304203 0.027318 0.0672755 0.00640857 0.0827116 -0.025276 -0.0272309 0.0251639 0.00173395 0.0558137
internal_weight=93810.4 54965.7 38844.7 33858.1 14567 21107.7 21580.3 24277.6 8394.77 16631 12277.8 6172.25 12091.6 13669.2 4949.32 6268.62 9016.1 9255.99 4944.68 19333 13178.3 6044.57 8063.03 5222.32 12773.5 2961.81 11439 6670.43 7655.05 6540.04 8151.05 2516.04 3932.68 7377.93 2145.84 4214.76 2732.41 4193.23 1285.41 4555.83 3936.92 865.052 2428.64 2835.58 2126.16 1523.12 6945.92 5946.65 404.838 2031.83 2608.38 6237.38 5472.62 4550.72 1485.61 375.776 1586.53 6211.59 5546.24 3370.94 4915.72 7506.32
internal_count=296831 222434 74397 116328 37016 106106 68714 37381 24203 50542 47614 12813 65067 40564 18172 19155 41039 51436 9492 27889 39608 9701 29900 15373 38094 9978 33507 36404 28661 24122 37767 5351 12242 33931 7560 17714 11006 9620 4263 17159 11110 3272 4141 13631 5048 3564 32300 27350 1514 4738 6406 22784 19673 16756 3419 1454 2989 34156 30898 12421 22435 21265
is_linear=0
shrinkage=0.05


Tree=7
num_leaves=63
num_cat=0
split_feature=28 48 38 38 31 48 1 10 45 10 40 46 1 1 48 50 1 1 43 28 1 50 26 48 47 40 43 40 9 18 43 45 48 9 38 1 1 10 50 40 26 31 40 1 1 46 1 40 46 9 43 6 18 3 27 50 40 43 40 43 48 28
split_gain=42104.5 10401.8 4673.18 1382.94 1264.45 939.487 876.989 669.036 631.98 629.199 484.204 443.453 413.529 380.15 264.516 257.291 252.123 239.445 234.443 221.969 209.902 197.148 181.827 181.626 172.169 171.969 165.29 170.526 162.278 152.388 149.842 149.141 140.665 137.369 135.208 179.461 125.812 122.797 122.545 116.992 115.369 113.392 108.363 107.075 106.659 106.391 103.076 111.137 100.868 99.8145 99.506 98.5007 95.0516 92.1856 94.4837 136.624 91.4619 91.2541 88.4932 87.811 85.6655 84.0321
threshold=94731514.669743717 99528396.413357928 4991429223.2918406 55478682.356264077 0.58333333333333337 23703510.771146018 6.495000000000001 3.5000000000000004 0.88878870715084235 2.5000000000000004 52.500000000000007 36.288750000000007 4.4350000000000014 4.9050000000000011 467200358.83954281 248.67454791952983 4.7750000000000012 6.2650000000000006 4.7501111111111127 15846476.141765537 5.995000000000001 424.12239505809316 113.36500000000001 65168305571.740456 37.621924778461882 17.500000000000004 4.5916882556131275 9.5000000000000018 230766.00000000003 1437357.3595397372 4.9400354609929087 1.2311591074166992 63132282318.027382 17942721.500000004 21473235.472659554 5.0850000000000009 4.285000000000001 5.5000000000000009 225.90149813208021 5.5000000000000009 10.072438780609696 2.3833333333333337 12.500000000000002 4.6950000000000012 4.8950000000000005 28.675809822361554 4.995000000000001 68.500000000000014 516.04800000000012 15092809.000000002 4.7856282271944925 5.0600000000000014 10369976.88598053 113.45000000000002 1.1472315808458509 124.98153676081274 25.500000000000004 4.9142857142857164 4.5000000000000009 4.6573922282938698 7952712.8791563809 1017571.0833396717
decision_type=2 2 2 2 2 2 2 2 2 2 2 2 2 2 2 2 2 2 2 2 2 2 2 2 2 2 2 2 2 2 2 2 2 2 2 2 2 2 2 2 2 2 2 2 2 2 2 2 2 2 2 2 2 2 2 2 2 2 2 2 2 2
left_child=1 5 4 11 9 6 13 23 10 14 16 34 37 21 44 20 25 28 22 24 36 29 31 52 43 57 -16 -28 -14 60 -29 41 51 -8 35 -3 -13 -7 -26 -38 -11 -6 -18 -10 58 -30 47 -42 -17 -15 -41 -9 56 54 -33 -56 -4 -5 -2 61 -1 -27
right_child=2 3 7 8 18 12 33 32 19 40 -12 15 17 49 26 48 42 -19 -20 -21 -22 -23 -24 -25 38 59 27 30 45 -31 -32 53 -34 -35 -36 -37 39 -39 -40 50 46 -43 -44 -45 -46 -47 -48 -49 -50 -51 -52 -53 -54 -55 55 -57 -58 -59 -60 -61 -62 -63
leaf_value=-0.0351774232896385 -0.010678281961854259 -0.019766483835374257 0.05007446157305559 0.020651554803314671 0.07515285545905756 -0.015140540301225251 0.071121770169694204 0.025360137873243468 0.001080641175283171 0.049170700199285017 0.066509626555323997 0.011969678046310252 0.020252630910668808 -0.0045882121685596909 0.027439171197201996 -0.0025147419927241659 0.038868958267961828 0.074164124008930896 0.099882888162600492 0.037515336653723939 0.070214553024444154 -0.048273702005231463 0.020388578031861657 0.090861114294694165 0.036262452787841702 0.010712547553501466 0.037498433137024556 0.050753695331641868 -0.019909133905063381 0.00058061327861887852 0.075011033562752835 0.097947479355059736 0.103664589540246 0.01978288428968299 0.015858112499904004 0.013529757355991691 0.012476430288843782 0.068303871301970256 0.010808921272861961 0.026781378585848545 0.069017541722198775 0.1008524360338245 0.054929863800255121 0.021856090640668395 0.04063156802182287 0.0039505376033779505 0.090594103923937672 -0.049515925655485654 0.03065516447844709 -0.020852899815422349 0.042496849578692666 0.094701880083568793 0.081117652056225162 -0.029578285995170157 0.064500786817601158 -0.065595398464165761 0.0755112546883977 0.042376396373214748 0.02313062713547847 0.049910554024083481 -0.022350627411846718 0.038803247664324567
leaf_weight=3523.7134072631598 253.89503726363182 1175.0694456398487 614.3432958573103 2214.2151472866535 2038.76846806705 3666.793034657836 193.06433627009392 51.690437659621239 1215.0805133581161 564.17612063884735 2210.5800183415413 1573.8745455741882 1429.947110325098 1845.2472041249275 879.34810258448124 1233.1124400645494 1548.4522620439529 131.90508605539799 1315.8363000750542 3462.9540880173445 260.8208821862936 1543.3590381443501 147.55568930506706 3286.2243899852037 1960.7657963186502 307.77432733774185 1533.7536395788193 2151.8815142065287 548.07748326659203 426.12043443322182 904.11229600012302 67.68518203496933 11919.450631335378 400.77819404006004 855.76018266379833 617.27334026992321 1047.2913677990437 44.625946193933487 623.15052247047424 3982.7198397815228 1632.7670978307724 543.66282144188881 3264.0095282793045 1266.7583496123552 662.4707867205143 3166.6895899027586 689.66258162260056 20.017494261264801 281.51868471503258 1929.7787926197052 1348.2112208455801 5558.0070737600327 2262.6272432804108 42.552731066942215 58.503078073263168 30.808171048760414 831.96659064292908 618.35925880074501 814.29747980833054 1746.4173034876585 2064.252273529768 1972.4336779117584
leaf_count=21129 1082 5701 1558 7809 4127 18318 515 149 5028 1449 5158 6194 5727 8880 2762 5205 4823 317 2043 11152 697 9536 462 5356 6584 1122 4574 5710 2656 2139 2029 118 15937 1474 3327 2540 4318 118 2338 14398 3610 803 8857 4606 2097 13844 1276 77 1013 10172 4221 8374 4189 178 143 134 1671 1924 2833 4874 11222 6154
internal_value=0.0421805 0.0143096 0.0821135 0.0310632 0.0594524 -0.0135565 -0.0227561 0.0953749 0.0384715 0.0498335 0.0450527 0.0176476 -0.00134934 -0.0258599 0.0419066 0.0225859 0.0409888 0.00764527 0.082351 0.0277593 0.026078 -0.0323322 0.0744763 0.0823019 0.0210901 0.0348334 0.0472978 0.0511025 0.0059398 -0.0282412 0.0579302 0.0773451 0.100592 0.0364737 -0.000492689 -0.00829944 0.0246303 -0.0141372 0.0301239 0.0277544 0.0694685 0.0805632 0.0497621 0.0116847 0.0248698 0.000430277 0.0743572 0.0675819 0.00365042 -0.0129027 0.0307559 0.0940629 0.0747181 0.0356984 0.0533911 0.0196237 0.0647066 0.0253942 0.0150947 0.0414736 -0.0304391 0.0350117
internal_weight=94577 55701 38876.1 34786.6 14351.8 20914.4 11926.3 24524.3 22411 10106.4 13882.2 12375.7 8988.04 11332.5 7199.76 9727.55 11671.7 5276.62 4245.37 8528.71 8212.92 7557.45 2929.54 6995.16 5065.76 6859.2 5469.1 4589.75 5144.71 6014.09 3055.99 2781.98 17529.1 593.843 2648.1 1792.34 7952.1 3711.42 2583.92 6378.22 2906.62 2582.43 4812.46 2481.84 1730.66 3714.77 2342.45 1652.78 1514.63 3775.03 5330.93 5609.7 3708.94 199.549 156.996 89.3112 1446.31 2832.57 1068.19 4026.63 5587.97 2280.21
internal_count=296831 224090 72741 118043 35507 106047 65067 37234 70429 27499 40721 47614 40980 63078 21087 36046 35563 22544 8008 29708 29828 44026 5965 12774 18556 21883 15075 12313 22227 34490 7739 5503 24460 1989 11568 8241 29131 18436 8922 22937 6412 4930 13680 9634 6012 16500 4963 3687 6218 19052 18619 8523 7418 573 395 277 3229 9733 3915 12150 32351 7276
is_linear=0
shrinkage=0.05


Tree=8
num_leaves=63
num_cat=0
split_feature=38 48 20 38 13 1 48 48 18 34 47 1 40 1 14 38 10 1 1 45 1 45 20 33 9 1 1 40 1 50 40 14 50 10 30 40 1 45 0 36 1 47 1 9 30 38 18 50 1 48 33 9 50 1 9 1 1 33 47 1 48 44
split_gain=37504.7 9411.79 4414.09 1346.63 1057.69 829.288 927.771 632.367 545.884 412.811 387.694 385.628 359.167 332.189 323.991 322.089 253.156 234.116 219.381 204.915 193.589 190.951 188.948 202.466 176.228 163.346 155.37 146.703 158.689 138.092 136.371 134.235 133.314 129.743 123.116 120.296 106.098 100.562 97.4312 95.8592 94.5858 94.0893 101.206 97.4216 93.4925 91.5931 91.5409 91.0131 90.1503 88.9392 81.6206 79.2917 79.1988 79.1958 76.809 75.7251 75.3707 74.7885 74.5237 73.9351 73.3547 74.7233
threshold=629310439.96096146 89127170.092246622 7.5000000000000009 55478682.356264077 4.7003246753246772 6.495000000000001 15848844.984281095 260538373.55868104 36625724.721994855 0.45552167895721501 25.39916542250155 4.9050000000000011 52.500000000000007 4.4850000000000012 0.047140452079103203 22432160661.166283 3.5000000000000004 6.0750000000000011 4.6950000000000012 0.80177442812908062 4.6950000000000012 0.67934332364754535 33.500000000000007 4.7250231910946212 17942721.500000004 4.6950000000000012 5.9050000000000011 4.5000000000000009 4.6950000000000012 263.96902072500785 10.500000000000002 0.050927248643506708 441.9246103158444 2.5000000000000004 66.500000000000014 5.5000000000000009 5.0850000000000009 1.1585626822961006 119.15000000000002 20.001923076923081 6.6950000000000012 1.0000000180025095e-35 4.995000000000001 8874.5000000000018 30.500000000000004 152245530.4749141 7309896.0205069082 172.21797235552251 4.4350000000000014 32072638573.705326 4.2010204081632674 127206812.00000001 351.73630410521577 7.5250000000000012 3359772.0000000005 6.2950000000000008 6.1950000000000012 4.3201226993865047 11.500154828833358 4.7750000000000012 231907811.09130543 0.49687208998252036
decision_type=2 2 2 2 2 2 2 2 2 2 2 2 2 2 2 2 2 2 2 2 2 2 2 2 2 2 2 2 2 2 2 2 2 2 2 2 2 2 2 2 2 2 2 2 2 2 2 2 2 2 2 2 2 2 2 2 2 2 2 2 2 2
left_child=1 5 4 10 12 6 11 16 21 14 17 32 19 31 20 41 26 27 29 39 30 44 23 -10 -7 46 48 59 -29 50 -9 58 -1 36 57 -22 52 47 -16 -2 45 -6 43 -43 -4 -37 -11 -32 -5 -21 -12 -13 -15 -26 -19 -27 -20 -23 -8 -3 -52 -62
right_child=2 3 8 7 15 24 13 9 22 25 18 51 -14 33 38 -17 -18 54 56 49 35 34 -24 -25 53 55 -28 28 -30 -31 37 -33 -34 -35 -36 40 -38 -39 -40 -41 -42 42 -44 -45 -46 -47 -48 -49 -50 -51 60 -53 -54 -55 -56 -57 -58 -59 -60 -61 61 -63
leaf_value=-0.030687151268021368 0.01873790162152025 -0.027266755239870284 0.069511493303766145 0.0073646396299986211 0.0422360591085707 0.069928987936222473 -0.028477917793837789 0.012307046666030313 0.0760063655141308 0.0063212010003714349 -0.00082350342763814121 -0.010308950144153726 0.064974796858111375 -0.00026071128471578578 0.064907432085477973 0.087476815965516513 0.057639320780270446 0.080021858319293426 0.030553528053919084 0.023197018901910456 0.025858744249085713 -0.024058641088307506 0.098414882860332425 0.093470285889402538 0.0097165663612711426 0.034926978228225658 0.071415766179498852 -0.0014605874893769497 0.021188710465797119 -0.0029554006690218565 0.042696875080393305 0.024052269497226601 -0.048763509010073966 0.050482038228175354 0.079554664551547527 0.041181358794505414 0.012563692853047684 0.014671187444839763 0.029159847024261665 0.047349906932126651 0.10882204961689904 0.06805323314229822 0.076650290595403431 0.047134497086211646 0.091490479313641085 0.054010854418214807 0.031800808014817952 0.027671277750590407 0.021543650273537537 0.053436161209662839 0.013391652220283802 -0.031539763502494884 -0.023020679466361695 0.07357095802417514 0.025820624081915607 0.1016583973668122 0.068558996161316124 0.058536515054986096 -0.013363057299525508 -0.0026385882604903258 0.033686608372299774 0.012538615325981623
leaf_weight=4789.764013081789 317.06617991626263 506.68183282017708 659.8850539624691 1799.7954857498407 476.37645024061203 285.93593293428421 1179.6570559740067 613.50860145688057 2332.308279722929 1240.644351169467 442.27682384848595 2892.9355356991291 1585.4690673947334 3457.7194467633963 2005.9015058279037 2024.3021504431963 430.99098187685013 119.60026422142982 3371.2565456777811 2093.7538409531116 608.06606708467007 27.924993723630905 11460.571207165718 5754.1491685807705 347.65812775492668 1204.4510932713747 130.87950569391251 1932.3903957009315 1289.366954177618 830.14328891038895 4081.7516115754843 199.39774550497532 1295.9620290398598 139.61414290964603 1012.0486222654581 2421.0068050026894 1587.4045421928167 461.40059013664722 210.62391763925552 3814.9905358999968 65.853870555758476 1354.504681751132 1363.5997424274683 944.80131377279758 1813.6187195628881 3270.5089458078146 492.42260593175888 1338.2335375696421 2972.4544707536697 275.11178378760815 1475.3025872856379 518.61861364543438 429.72380249202251 56.441183343529701 144.13513270020485 44.068164229393005 135.70294147729874 1478.2486359477043 2641.7882768213749 764.5936055034399 1533.9244748055935 573.99409645795822
leaf_count=28511 996 2574 1318 7151 1249 703 6353 2275 4106 4570 1867 14587 3558 15926 4663 3193 1075 314 11521 6970 2091 110 15279 8303 1318 3658 350 8346 4813 3569 11843 778 8330 454 1772 7048 6471 1670 647 10328 114 2873 2700 2335 2788 8643 1495 4266 10714 691 5918 2863 2171 156 530 85 333 3302 13430 3376 5240 2150
internal_value=0.0398277 0.0137761 0.0776636 0.0288346 0.0555297 -0.0139607 -0.0159029 0.0360257 0.090517 0.0404936 0.0160124 -0.026993 0.043637 -0.0049716 0.0438554 0.0711325 0.0208997 0.00461592 0.022495 0.0384331 0.0408125 0.0757596 0.0942856 0.0884333 0.0398903 0.023494 0.0176702 0.00192845 0.0076038 0.0156125 0.0347394 -0.0159421 -0.0345365 0.00288499 0.0660676 0.0470091 0.00167122 0.0370794 0.0615105 0.0451544 0.0492429 0.0631394 0.065858 0.0594576 0.0856269 0.0485536 0.0135608 0.0389869 0.0161962 0.0267089 0.0194417 -0.0135364 -0.00277663 0.0186352 0.0504001 0.0372824 0.0320242 0.0570052 -0.0180289 -0.0124544 0.021943 0.0279279
internal_weight=95123.3 56334.6 38788.7 36511.9 14250 19822.6 19132.6 23392.6 24538.8 18058.4 13119.4 9497.28 8086.39 9635.31 15076.9 6163.58 5334.12 4756.77 8362.6 6500.92 12860.3 4991.73 19547 8086.46 690.035 2981.59 4903.13 4493.03 3221.76 4855.64 6494.89 4020.84 6085.73 5614.46 2518.22 6365.44 5474.85 5881.39 2216.53 4132.06 5757.37 4139.28 3662.91 2299.31 2473.5 5691.52 1733.07 5419.99 4772.25 2368.87 4025.5 3411.55 3887.44 404.099 263.735 1248.52 3506.96 1506.17 3821.45 1271.28 3583.22 2107.92
internal_count=296831 224960 71871 122909 34893 102051 99874 72358 36978 53068 50551 54291 22543 45583 43260 12350 19290 19953 30598 18985 37950 9290 27688 12409 2177 9808 18215 19109 13159 18744 20054 20561 36841 25022 5184 17896 24568 17779 5310 11324 15805 9157 7908 5208 4106 15691 6065 16109 17865 7661 15175 17450 18097 1474 844 3743 11854 3412 19783 5950 13308 7390
is_linear=0
shrinkage=0.05


Tree=9
num_leaves=63
num_cat=0
split_feature=28 48 39 45 20 1 48 10 40 39 1 43 1 45 1 10 43 40 46 48 19 46 47 1 43 43 1 40 50 40 1 28 14 33 40 10 47 44 50 20 40 50 1 1 10 24 16 0 43 28 0 42 48 10 39 47 40 1 34 1 40 46
split_gain=33711.1 8281.97 4031.05 1165.28 1049.09 747.636 862.819 622.799 609.77 431.292 365.651 353.495 302.993 289.863 261.351 233.429 231.756 206.665 196.879 193.683 187.735 166.907 164.53 152.626 146.581 141.777 133.915 130.918 129.879 128.603 126.275 125.177 121.886 121.186 116.761 114.373 110.586 107.387 103.969 103.116 99.9427 114.2 99.0524 96.1682 96.1658 94.9728 94.6597 94.6231 93.5608 90.3673 90.3546 86.8056 86.5813 84.5566 84.2106 83.671 80.8481 79.3574 79.2544 79.0555 78.8442 75.8175
threshold=94731514.669743717 89127170.092246622 6.283837090374103e+18 0.90254478268542127 6.5000000000000009 6.495000000000001 15848844.984281095 5.5000000000000009 19.500000000000004 23716985709855332 4.9050000000000011 4.8182255244755252 4.4850000000000012 0.84970659502810231 4.6950000000000012 10.500000000000002 4.7600366300366312 88.500000000000014 35.532666666666678 65168305571.740456 14133363583412342 38.589587411534417 43.922614461136241 5.995000000000001 4.8428685714285722 4.6573922282938698 5.0850000000000009 4.5000000000000009 441.9246103158444 9.5000000000000018 7.0950000000000006 1017571.0833396717 0.050927248643506708 4.4500877192982475 101.50000000000001 2.5000000000000004 1.0000000180025095e-35 0.59263859740673552 342.2143492731139 2.5000000000000004 35.500000000000007 150.49535103226688 6.3050000000000006 5.1950000000000012 1.5000000000000002 0.10954451150103327 70.125000000000014 93.050000000000011 4.8600373134328372 5819360.1677394202 95.550000000000011 5.0950000000000006 33261411691.198238 2.5000000000000004 10011872336272718 22.922122168273752 34.500000000000007 6.9050000000000011 0.21140330656044948 4.9050000000000011 21.500000000000004 29.133549783549789
decision_type=2 2 2 2 2 2 2 2 2 2 2 2 2 2 2 2 2 2 2 2 2 2 2 2 2 2 2 2 2 2 2 2 2 2 2 2 2 2 2 2 2 2 2 2 2 2 2 2 2 2 2 2 2 2 2 2 2 2 2 2 2 2
left_child=1 5 4 8 13 6 10 19 11 21 28 18 32 24 22 16 34 25 49 33 -15 26 45 37 39 31 -5 57 -1 -13 51 -10 -8 -4 -6 43 -22 54 -23 -2 41 -24 48 55 60 -11 59 -32 53 -3 -45 -7 -9 -29 -20 -14 -26 -16 -17 -38 -35 -19
right_child=2 3 7 9 15 30 12 52 17 14 -12 29 35 20 27 58 -18 61 23 -21 36 38 40 -25 56 -27 -28 42 -30 -31 47 -33 -34 44 -36 -37 46 -39 -40 -41 -42 -43 -44 50 -46 -47 -48 -49 -50 -51 -52 -53 -54 -55 -56 -57 -58 -59 -60 -61 -62 -63
leaf_value=-0.029722301110483424 0.028049386047765437 -0.016354465432622464 0.019395975682218531 -0.022977048574280734 0.049095915616135244 0.065167544765436944 -0.01730685495465431 0.084731684955060393 0.015091451842014532 0.0017892911467263864 -0.0129613948738729 0.027868018594881562 -0.0081976697485168157 0.017015911046942649 0.013694901204329035 0.0078629184808904403 0.078537679345568726 0.041483750891680785 0.0032737950328133995 0.082765630255503986 0.022948997801847452 0.013422931355286631 0.025824569045944341 0.071607630771680419 0.055707158560059471 0.04882488329322885 0.0081721557246359471 0.027219150883554533 -0.047819170313332313 0.045500751454348592 0.077320362089958683 0.038921468398814836 0.022593260132799255 0.05217472869476758 0.071989714578030925 0.04695703011478769 0.042210141736832324 -0.0023055206223445007 -0.022613946982615152 0.048227729402888692 0.034281206710662475 0.0039274556815469125 0.085433082326660692 0.019642239836839603 0.076046056713169635 0.018786638753950053 0.0096365736986585571 -0.020749468005449422 0.04650952166823507 0.017165293711760041 -0.016695544675701324 0.010715888591984553 0.093720826194616011 0.076191469661070002 0.025622941264692268 0.0060013490406077459 0.086808894013070126 0.092243243678140519 0.087677095062818219 0.067089567418402496 0.07148005221186951 0.070178928409563496
leaf_weight=4700.2977665960789 923.54875703155994 508.40636897087097 122.79543422162533 875.57323783636093 2255.1062854230404 91.782618418335915 3782.9929318875074 3464.3208692073822 644.71691830456257 2272.9710602015257 3385.6595230847597 1789.0914436876774 2387.5981076955795 1504.4555660486221 1158.0941008031368 31.800934657454491 1555.8838128596544 303.54333743453026 464.8813079893589 4558.6188889443874 660.16858871281147 2418.5980474203825 1490.875897154212 156.04191792011261 1843.886332243681 3588.8901467174292 569.45400537550449 2698.0364945977926 1256.4848812073469 2450.3416802734137 218.02081270515919 3794.3667072802782 201.6018284112215 1066.0187899321318 739.58502115309238 142.51179991662502 841.68063019216061 437.29993404448032 218.20447066426277 2013.4442923516035 1279.6633083373308 991.37332071363926 94.304122254252434 1051.7253846228123 2651.6253111511469 1287.2370242774487 148.79127918183804 27.723775342106819 1020.9950574189425 332.61974503099918 204.30054241418839 361.35888376832008 11812.615604966879 91.119439125061035 4515.4442318826914 1834.8546466976404 235.65345788002014 33.073667362332344 1417.3115265220404 514.45492458343506 1049.6200747787952 952.59560514986515
leaf_count=28511 2750 2232 334 4388 5326 220 19783 5170 2257 9341 17450 5926 11389 5071 4403 99 2677 764 1855 7135 2129 9573 5233 359 4388 9414 2352 9017 8330 6727 512 11119 778 2413 1339 454 2354 1668 1014 5129 4090 3892 205 4142 4527 4590 485 117 2940 1189 905 1328 15670 223 15227 8132 426 70 2158 1176 1985 1971
internal_value=0.0376793 0.0127763 0.0731178 0.0268849 0.052369 -0.0133901 -0.0152633 0.0854416 0.0350189 0.0170558 -0.0260821 0.0268565 -0.00474086 0.0412624 0.0216905 0.0684486 0.0628832 0.0443859 0.0194524 0.0753513 0.030583 0.00295598 0.0156393 0.0228551 0.0490744 0.041435 -0.0107018 0.0303857 -0.0335395 0.0380595 0.0373963 0.0354605 -0.0152881 0.0684396 0.0547499 0.00273584 0.0400103 0.0214509 0.0104408 0.0418826 0.0229307 0.0170792 0.0348124 0.00158551 0.0697028 0.00793489 0.0474946 0.0662566 0.0335595 -0.00309764 0.0137317 0.0217449 0.0916824 0.028819 0.0235368 -0.00202753 0.0592316 0.0158759 0.0859256 0.0516482 0.0617526 0.0632448
internal_weight=95496.1 56084.7 39411.4 36437.8 14685.8 19646.9 18948 24725.6 19938.2 16499.6 9342.44 10654.1 9605.59 8686.08 12417.7 5999.69 4550.58 9284.11 6414.69 9448.68 3669.55 4081.83 7322.12 5573.67 5016.53 8027.97 1445.03 5095.62 5956.78 4239.43 698.886 4439.08 3984.59 4890.06 2994.69 5620.99 2165.1 5417.63 2636.8 2936.99 3761.91 2482.25 3904.46 5478.48 4767.26 3560.21 1504.93 245.745 3810.15 841.026 1256.03 453.142 15276.9 2789.16 4980.33 4222.45 2079.54 1191.17 1449.11 1356.14 2115.64 1256.14
internal_count=296831 224090 72741 122039 35507 102051 99874 37234 60708 61331 54291 35183 45583 23908 44004 11599 9342 25525 22530 16394 11215 17327 27146 19109 12693 22790 6740 16858 36841 12653 2177 13376 20561 9259 6665 25022 6144 18750 10587 7879 13215 9125 12385 24568 8925 13931 4015 629 12180 3421 5047 1548 20840 9240 17082 19521 4814 4473 2257 3530 4398 2735
is_linear=0
shrinkage=0.05


Tree=10
num_leaves=63
num_cat=0
split_feature=38 48 10 29 48 1 48 46 1 10 1 38 9 48 29 1 40 43 1 20 43 1 40 40 40 43 9 1 46 40 26 1 50 43 9 1 48 46 14 1 40 43 40 20 43 23 45 46 33 4 34 40 40 0 36 23 3 50 43 50 40 38
split_gain=30394.6 7512.15 3901.86 1096.59 987.017 675.104 780.123 595.839 389.328 373.544 371.118 366.97 338.963 305.062 286.497 284.668 269.232 256.205 212.705 179.794 195.427 174.66 168.076 149.327 148.602 149.251 145.605 140.138 133.969 130.233 129.995 129.775 126.545 121.96 119.223 118.34 114.421 114.409 110.681 104.862 103.676 102.862 101.143 99.5084 99.0576 92.6117 91.5681 88.6547 84.051 130.343 82.5069 82.1179 81.8248 80.7356 80.6165 109.156 92.4317 79.0094 105.765 78.2837 78.1275 77.0988
threshold=629310439.96096146 89127170.092246622 2.5000000000000004 16063002519884706 12301494904.492458 6.6950000000000012 15848844.984281095 36.288750000000007 4.9050000000000011 2.5000000000000004 4.995000000000001 17253870753.113544 189548.00000000003 260538373.55868104 27040396469881416 4.4850000000000012 10.500000000000002 4.5600751879699262 4.6950000000000012 43.500000000000007 4.66670396896449 6.495000000000001 7.5000000000000009 21.500000000000004 51.500000000000007 4.5632727111163769 57451204.000000007 4.3950000000000005 189.19722222222228 10.500000000000002 10.001271186440681 5.995000000000001 441.9246103158444 4.36224318658281 230766.00000000003 5.0050000000000008 484076989611.0094 26.289117647058827 0.050927248643506708 5.7950000000000008 6.5000000000000009 4.9200946372239756 6.5000000000000009 11.500000000000002 4.7160139372822316 4.4403125000000019 0.56246206785771435 28.675809822361554 4.2921538461538473 0.57630000000000015 0.51111372975323699 20.500000000000004 35.500000000000007 93.050000000000011 16.991287878787883 4.3201694915254247 69.850000000000009 36.2164213241387 4.4889649923896515 351.73630410521577 3.5000000000000004 22276438.465284955
decision_type=2 2 2 2 2 2 2 2 2 2 2 2 2 2 2 2 2 2 2 2 2 2 2 2 2 2 2 2 2 2 2 2 2 2 2 2 2 2 2 2 2 2 2 2 2 2 2 2 2 2 2 2 2 2 2 2 2 2 2 2 2 2
left_child=1 5 4 7 12 6 8 21 32 13 16 19 24 39 -6 38 27 52 29 20 54 23 -14 35 25 -2 53 -9 36 -15 -27 40 -1 -31 -17 37 -16 -3 -8 -5 -12 51 -20 -22 -42 -13 -26 -36 49 -11 -35 -24 -18 -7 55 56 -4 58 -56 -49 -29 -25
right_child=2 3 11 9 14 26 15 10 -10 48 31 45 22 18 28 34 17 -19 42 -21 43 -23 41 61 46 30 -28 60 -30 33 -32 -33 -34 50 47 -37 -38 -39 -40 -41 44 -43 -44 -45 -46 -47 -48 59 -50 -51 -52 -53 -54 -55 57 -57 -58 -59 -60 -61 -62 -63
leaf_value=-0.028778445882326528 0.023067812151078632 -0.029764044766527348 0.05229888529257392 0.017096518099895316 0.038827943113535122 0.071902975529912955 -0.016607414159692368 -0.0078877801870602116 -0.011518816368795523 0.11225638609333917 0.018281142438410444 0.055722931359442833 0.0050355384981478832 0.0084320952729331419 0.065419053394686386 0.015078261145868821 0.011008690489801021 0.032342450191979004 0.023901954377477691 0.08742439608937036 0.069278082867331323 0.06377566806965547 0.014580600917036005 -0.011937978073464859 0.094062044896439753 0.016747178358098021 0.0077418524106310366 -0.0098491097415818706 0.012952751718175002 -0.0010894040167175945 0.050130488486752361 0.059572636075582178 -0.046896962344755599 0.035295475637725893 -0.017377128326570807 0.0074211424379993438 0.081212758394648588 -0.0046274192264273211 0.021241749117261219 0.062329254605528385 0.026151019283241695 0.049358778992954537 0.045706830917267655 0.085878759921391601 0.045857489988281881 0.087817259941889339 0.056808544134945051 0.0044113292052810216 0.055371712924267374 -0.023864349303855378 0.0053813975807211895 0.035546670409509165 0.027594637443056642 -0.014939191228422794 -0.043452470080037948 0.0751941860185108 -0.081169506078747677 0.055926022399902166 0.03976603043803336 -0.020231696588245876 0.015679565014032119 0.021149255398734624
leaf_weight=4613.9631714820862 754.49440644681454 756.67910711467266 34.670580297708511 3284.2971717119217 945.91077575087547 297.29856969416142 3746.1614839434624 1130.4594844728708 3527.0785294771194 22.975080013275146 1027.4715114533901 228.16989420354366 693.94675865769386 659.28618414700031 4664.3278477787971 1471.1947926729918 3448.8390530049801 3775.296737536788 600.17024366557598 1859.4764602482319 2087.3545164912939 105.29419769346714 801.83470979332924 221.84433472156525 211.89311647415161 317.77311351895332 176.66998219490051 338.01461623609066 107.30963450670242 263.74686552584171 3542.4536095261574 472.78668762743473 1218.1132043898106 4655.8390421867371 724.17488497495651 887.29860545694828 1520.6338503956795 1126.7283131182194 203.65272407233715 133.33272221684456 1151.7908161282539 685.1323062479496 4670.1010921299458 1590.5838017463684 1428.6824368536472 15110.153981909156 744.53927437961102 3109.1182098686695 2254.3444104194641 74.983394607901573 242.51052832603455 1118.4980493038893 948.01080606877804 29.411229908466339 46.122958615422249 721.00769743323326 20.726790800690651 1027.7034327536821 221.72380122542381 359.5402497202158 2643.999024361372 853.14185437560081
leaf_count=28511 2285 3764 75 11945 2598 689 19783 4862 18064 30 3804 432 2547 2362 8854 5987 13129 11670 1927 2600 3780 274 2608 1031 305 959 663 1539 299 987 8489 1200 8330 13418 3604 3547 2413 4965 778 344 3760 1732 12310 2299 3891 20713 1671 13735 5241 300 827 3137 3138 116 160 1239 89 2090 497 1791 9776 2868
internal_value=0.0357096 0.0123149 0.0696453 0.0254928 0.0507829 -0.0128401 -0.0143564 0.0176697 -0.0246322 0.0349187 0.021877 0.0828863 0.0396029 0.0319222 0.0644842 -0.00435288 0.0175374 0.0227883 0.0359466 0.0739094 0.0695387 0.000242786 0.0269023 -0.00149673 0.0471246 0.043407 0.0443105 0.00710298 0.0683411 0.0293585 0.0473824 0.034941 -0.0325628 0.0320311 0.00283194 -0.00763376 0.0693021 -0.0147263 -0.0146559 0.0188612 0.0317132 0.0327264 0.0432237 0.0764573 0.0370615 0.0873398 0.0650619 -0.00146508 0.0534015 0.00806127 0.0338145 0.0267923 0.0145848 0.0640852 0.0572574 0.0699975 0.00236201 0.0496224 0.0254359 0.00185698 0.0127859 0.0143211
internal_weight=95710.7 56654.3 39056.4 37177.9 16108.7 19476.4 18973 20316.3 9359.15 16861.6 16365.4 22947.7 8870.57 14509.3 7238.18 9613.84 12284.6 8172.15 11091.7 7609.37 5749.89 3950.99 3299.41 3845.69 5571.15 4614.72 503.38 4112.47 6292.27 5821.38 3860.23 4080.73 5832.08 5162.1 5664.03 2770.71 6184.96 1883.41 3949.81 3417.63 3607.94 2605.47 5270.27 3677.94 2580.47 15338.3 956.432 4192.83 2352.3 97.9585 4898.35 1920.33 4396.85 326.71 2071.96 776.405 55.3974 1295.55 267.847 3468.66 2982.01 1074.99
internal_count=296831 224960 71871 122909 37897 102051 100583 73218 54905 49691 56769 33974 23733 44120 14164 45678 44114 27937 31831 12829 10229 16449 10024 16175 13709 11733 1468 16177 11566 17594 9448 12655 36841 15232 25117 12276 11267 8729 20561 12289 11455 7477 14237 6079 7651 21145 1976 19130 5571 330 14245 5745 16267 805 4150 1403 164 2747 657 15526 11315 3899
is_linear=0
shrinkage=0.05


Tree=11
num_leaves=63
num_cat=0
split_feature=28 48 21 48 48 40 1 1 18 28 1 1 18 48 46 40 43 35 48 1 1 21 43 18 1 40 14 50 44 47 10 9 47 40 9 0 38 9 46 43 47 38 50 40 50 43 1 1 1 43 2 33 50 43 38 9 14 1 37 47 50 9
split_gain=27582.8 6713.48 3550.76 1118.6 1048.36 763.408 636.95 523.09 457.45 411.993 351.829 340.931 335.548 268.124 243.594 206.422 229.361 202.032 198.649 168.689 164.911 159.773 205.305 157.868 149.287 143.908 143.817 139.478 135.21 134.958 127.935 126.3 123.734 144.382 122.632 118.12 113.016 111.57 110.29 109.151 107.987 102.287 101.616 100.066 94.3548 91.6052 90.1179 86.8562 83.1733 82.8478 82.7957 80.1814 85.3435 78.2591 76.412 73.1118 73.0872 73.0576 72.9849 87.5976 72.603 70.8585
threshold=100357602.24481817 146832115.69885862 1.3571428571428574 37849893.910312466 2526325039.0286708 6.5000000000000009 6.5850000000000009 4.8950000000000005 36625724.721994855 14745244.425149115 4.6050000000000013 4.9050000000000011 22387917654.455784 3954269.4990041857 30.259761904761909 4.5000000000000009 4.5176759884281603 0.97733713994224669 29461618077.40765 6.9050000000000011 6.455000000000001 4.7857142857142865 4.6960830341526298 10369976.88598053 5.7950000000000008 47.500000000000007 0.047140452079103203 222.04092397882437 0.54764956528206576 0.37282548461146886 3.5000000000000004 167822.00000000003 59.173820872359933 36.500000000000007 1128284.0000000002 93.050000000000011 165419193.96788993 57451204.000000007 516.04800000000012 4.6286190476190487 12.186523798955495 6802800.715789956 111.29931973072065 11.500000000000002 373.14419493819605 4.7400772200772208 5.7950000000000008 4.6950000000000012 4.3950000000000005 4.7160139372822316 12.500000000000002 4.2506250000000021 333.98830153008242 4.7666666666666684 211699858.18731302 40577.500000000007 1.0000000180025095e-35 7.0950000000000006 2.5004912590213855 50.50696415870506 384.44102295350791 127206812.00000001
decision_type=2 2 2 2 2 2 2 2 2 2 2 2 2 2 2 2 2 2 2 2 2 2 2 2 2 2 2 2 2 2 2 2 2 2 2 2 2 2 2 2 2 2 2 2 2 2 2 2 2 2 2 2 2 2 2 2 2 2 2 2 2 2
left_child=1 3 4 6 15 19 11 9 17 14 30 13 31 -1 -7 46 -17 25 42 28 36 22 -10 43 41 39 44 32 29 -3 40 47 33 50 -13 37 49 57 -29 -4 -5 -12 56 53 -15 -44 55 -6 -31 -9 -16 -42 -53 -18 -33 -2 -11 -8 -32 -60 -19 -36
right_child=2 5 8 10 12 7 35 20 21 18 24 34 -14 26 27 16 23 60 -20 -21 -22 -23 -24 -25 -26 -27 -28 38 -30 48 58 54 -34 -35 61 -37 -38 -39 -40 -41 51 -43 45 -45 -46 -47 -48 -49 -50 -51 -52 52 -54 -55 -56 -57 -58 -59 59 -61 -62 -63
leaf_value=-0.037032952408133778 0.020050694317866793 -0.0056263387538265895 0.03166991634301803 -0.017722896826612166 0.050253006289909488 -0.0024110919670546609 0.039024475298164087 0.025926552810966119 0.064422630580780529 0.032653431148982205 -0.0020566272077786256 0.012622006397277849 0.077812045314955849 -0.017738132618648348 0.017486851583818196 0.015582257920667905 -0.0063559801639076034 0.020640340371985155 0.053419180160917623 0.077263026740050963 0.082016416787523472 0.085809165527860581 0.082139498177255937 0.049756451162383079 0.044198124450133505 0.074413693913882459 0.023338725560376337 0.0022572446097613302 -0.0096577545708872274 -0.0084266972314487962 0.071667596343041415 -0.048172117160212094 0.031547614444419191 0.037521386343161926 -0.0091358239579044705 -0.038372678247871481 0.045799456659319934 0.010944748840579282 0.029839327189170463 0.064019755352750687 -0.015119444388320203 0.016326230062622321 0.018725609885138945 0.040024674956918076 -0.036332529964124942 0.039617989569301681 0.045049286233642412 0.063020053318313729 0.020390958001959645 0.040033725287268881 -0.014381330391851839 0.0044201904266869801 -0.022067641939971089 0.028128168132738308 0.041563402194656256 -0.0069987989204954087 0.050152070049217949 0.087410867185222049 -0.036229914512786426 0.084768189848364039 0.06159161330124005 -0.029011372935851522
leaf_weight=3334.028716430068 650.69917672872543 913.42036475241184 387.27589072287083 1350.8179552853107 2305.5514332056046 1171.5048554092646 182.85114641487598 1930.9778070449829 2419.652141302824 3580.1417927891016 1011.7486538439989 587.38356339931488 1984.7728516608477 4450.5295625776052 4557.7873569428921 966.55090162158012 239.56932082772255 333.24336825311184 1104.4479243606329 83.932975441217422 229.8488887399435 11380.936110451818 5043.6188383102417 2895.8962519615889 387.30198861658573 2646.537185177207 193.17684443295002 1425.1291313916445 1079.6804820299149 284.14472216367722 85.373866304755211 24.208169996738434 3480.8504052907228 937.88701912760735 3110.7588504105806 50.655279740691185 3400.6101878732443 186.03064286708832 486.03518012166023 798.1048076748848 869.44305664300919 3002.0578301101923 2280.3787118494511 1329.8066219836473 805.76405043900013 681.45712146162987 216.91004239022732 3155.3860306441784 2107.3440610766411 2257.4103307127953 213.3544407337904 3141.843557998538 336.68922765552998 525.23992657661438 1184.0972084850073 405.47535581886768 716.07583372294903 136.06025317311287 46.785023376345634 21.988051265478134 160.29469887912273 523.95990696549416
leaf_count=22340 2077 3967 948 6811 4925 4658 531 6078 4279 10398 4433 2565 3010 24916 15710 3021 874 903 2446 180 440 15442 7234 6820 1130 4246 809 5391 4636 1240 207 93 10802 2735 15726 235 8605 682 1565 1492 4321 11574 7327 3491 5005 1874 587 6028 7618 6255 879 14038 1685 1546 2817 1539 1863 254 198 49 326 2957
internal_value=0.0338926 0.0116328 0.0662319 -0.0085893 0.0480233 0.026261 -0.0180121 0.0292782 0.0787149 0.0251052 0.00387248 -0.0202517 0.0597644 -0.0258644 0.0192732 0.03397 0.0378755 0.0640509 0.0336639 0.00704814 0.0402916 0.0820809 0.0763955 0.0421933 0.014553 0.0679289 -0.0190314 0.0215616 0.00570404 0.0107226 -0.00415874 0.0543933 0.0241174 0.0195872 -0.00857539 0.0344154 0.0390278 0.0417174 0.00927174 0.0534507 -0.00537452 0.0116925 0.0306578 0.0317368 -0.0205886 0.0235325 0.0156948 0.0576299 0.016967 0.0335299 0.0160618 -0.00153816 0.00185642 0.0173263 0.0397656 0.00966614 0.03557 0.059668 0.0407884 0.00245547 0.0339408 -0.012001
internal_weight=95791.5 56737.7 39053.8 23815.2 15884.2 32922.4 13561.2 28453.9 23169.7 20635 10254 13005.6 8654.02 8783.5 12272.5 7230.15 5957.06 4325.46 8362.5 4468.52 7818.85 18844.2 7463.27 4990.51 4401.11 3831.92 5449.47 11101 4384.59 3304.91 5852.94 6669.24 9189.88 5709.03 4222.1 555.597 7589 504.942 1911.16 1185.38 5698.79 4013.81 7258.05 2094.62 5256.29 2961.84 1273.08 5460.94 2391.49 4188.39 4771.14 4347.98 3478.53 764.809 1208.31 1056.17 4296.22 318.911 154.147 68.7731 493.538 3634.72
internal_count=296831 225133 71698 120466 36828 104667 76020 87026 34870 65648 44446 74318 16873 53070 41740 19955 15752 7915 23908 17641 21378 26955 11513 12731 17137 6686 30730 37082 17461 12825 27309 13863 30126 19324 21248 1702 20938 1467 6956 2440 26855 16007 21462 5911 29921 9201 4203 10953 8858 12333 16589 20044 15723 2420 2910 3616 12261 785 454 247 1229 18683
is_linear=0
shrinkage=0.05


Tree=12
num_leaves=63
num_cat=0
split_feature=20 48 38 18 48 45 1 18 10 1 1 41 1 41 48 45 1 10 33 41 1 30 1 41 18 46 1 1 1 33 34 50 9 0 41 46 47 50 35 47 18 1 26 9 48 33 47 44 33 27 24 1 46 0 1 26 44 6 30 30 33 50
split_gain=25185.5 7475.84 1899.71 1162.85 958.574 636.597 589.242 465.209 412.848 330.852 326.368 320.695 305.146 289.94 242.287 222.493 192.572 191.336 187.691 199.833 182.435 170.233 169.976 164.08 153.741 144.742 140.334 133.846 131.639 129.964 128.243 126.08 117.179 112.47 108.397 107.806 102.243 98.0051 96.9073 95.9153 93.4295 92.222 90.988 90.3345 88.0313 87.7189 86.2838 86.1012 84.132 144.213 83.785 82.7255 78.559 77.1253 86.6297 76.8947 76.7245 75.6037 74.9682 74.0189 105.71 71.4405
threshold=4.5000000000000009 146832115.69885862 4991429223.2918406 718553651.35045838 37849893.910312466 0.79931499736794809 4.9050000000000011 9609211.4196398631 5.5000000000000009 6.6950000000000012 5.1950000000000012 0.13888888888888887 4.3650000000000011 0.049999999999999954 3954269.4990041857 1.1980537431813836 5.8150000000000004 10.500000000000002 4.729178709055879 1.3500000000000003 5.4750000000000005 22.500000000000004 4.8950000000000005 0.049999999999999954 31623276601.683796 29.133549783549789 4.4850000000000012 4.6950000000000012 6.5050000000000008 4.6500542299349252 0.19443796555451706 333.98830153008242 15092809.000000002 79.050000000000011 0.39444444444444454 39.128174603174614 27.642604618255067 287.81716656981069 1.2276795286785338 27.974996737750661 1017571.0833396717 4.4850000000000012 11.563523391812867 57451204.000000007 63132282318.027382 4.6647393048128363 12.865644252351197 0.51911584536175737 4.3504545454545465 1.1472315808458509 1.0000000180025095e-35 5.9250000000000007 9.9983333333333348 52.250000000000007 5.5950000000000006 75.216666666666683 0.35653917233018839 5.0600000000000014 25.500000000000004 37.500000000000007 5.0003311258278158 116.04544532156042
decision_type=2 2 2 2 2 2 2 2 2 2 2 2 2 2 2 2 2 2 2 2 2 2 2 2 2 2 2 2 2 2 2 2 2 2 2 2 2 2 2 2 2 2 2 2 2 2 2 2 2 2 2 2 2 2 2 2 2 2 2 2 2 2
left_child=1 4 7 5 6 11 14 15 18 32 25 16 23 28 -1 21 26 27 19 38 29 42 34 -7 46 -6 47 48 45 35 -19 41 53 43 36 -15 -13 40 -4 -28 52 -27 -2 -11 57 -14 -5 -3 49 -9 56 -12 -16 54 -8 -48 -25 -10 -50 60 -20 -37
right_child=2 3 8 24 10 12 9 17 44 33 51 22 13 20 37 -17 -18 30 59 -21 -22 -23 -24 50 -26 31 39 -29 -30 -31 -32 -33 -34 -35 -36 61 -38 -39 -40 -41 -42 -43 -44 -45 -46 -47 55 -49 58 -51 -52 -53 -54 -55 -56 -57 -58 -59 -60 -61 -62 -63
leaf_value=-0.036075497071218841 -0.0057871433738499074 0.017640129096896637 0.046494020233461289 0.039216116031242323 -0.016501274666816734 -0.021489825563194478 -0.0031774296018471575 0.07276758805591213 0.012423654686202662 0.061384218295982819 0.018752460092258422 0.01578545506399219 -0.0053476665581814768 0.0034742203454701131 -0.055082866767365679 0.008572523095707751 0.063011721242999114 -0.031540014593632308 0.05372115693974279 0.071041410981330641 0.044918215677970996 0.056729791847773839 0.044937454217310401 0.015694467741247657 0.074785727225316873 -0.0026475575108169604 0.013372588163305103 0.062471622718694497 0.049766277796273101 0.030429721396401356 0.076175508227420752 -0.018393585504904494 -0.016743575300457784 -0.040219471741137894 0.041917465451174675 0.027893107385342248 0.0320208560660784 -0.032289335956087593 -0.046369649120935739 0.030161295858989964 0.0029946737013365004 0.0092637752560979 0.035765448606130533 0.013922254096011822 0.083271486648734822 0.01259154551700899 0.064414043652825659 -0.0074831695036813115 0.043580419509039042 -0.013646006241486137 0.017369162652401859 0.048860066887500331 -0.016901021089157624 -0.01828633110545853 0.019837762332034214 0.026066020245719298 -0.0023065879944794967 0.07557822602348753 0.061689051023307143 0.079653617560217077 0.075557286044697372 0.015231158988162786
leaf_weight=3253.4596340358257 141.47180116176605 713.98341780900955 1612.3041572570801 1025.0237195938826 1261.3672380894423 427.80952343344688 1233.8796021938324 73.940844818949699 47.897101610898972 272.87393902242184 1236.4065938740969 1241.0771555155516 1019.5074036419392 951.37275473773479 140.04720887541771 605.60443514585495 265.74860717356205 28.172113671898842 937.6571998000145 1314.0781864970922 1154.0962032824755 1180.1757111251354 3803.4593032002449 943.39967529475689 854.05548791587353 2918.8331005126238 1301.2473085671663 2418.9663439393044 187.77841727435589 4255.893267929554 1442.0627180486917 695.98540714383125 1968.7976798117161 43.714413806796074 2036.5678193867207 2396.5099929124117 4435.2227147072554 1071.8766708523035 28.591639369726181 2457.2213806211948 595.39894512295723 3665.9415404498577 1915.7673216313124 158.47967381775379 10395.947380706668 2054.9996114075184 974.36635282635689 652.87853300571442 1923.6820948719978 139.12939636409283 2450.0585467368364 279.78145654499531 3539.4736529588699 467.5294531583786 611.48724129796028 150.97806333005428 1588.9080960601568 4463.4699978977442 813.12335327267647 2080.1580089181662 1355.4463325440884 2081.6138950735331
leaf_count=22340 473 2460 3354 2383 6209 1971 5899 158 127 627 4568 3947 4563 3565 900 2246 598 105 1799 2121 3052 2439 9297 3378 1312 13819 4331 4630 496 12689 2219 3421 10649 207 5093 7541 12550 6640 112 7272 2960 15004 5105 565 14102 7234 1853 2484 4484 512 8187 726 20077 2317 2667 374 6239 6630 1498 3042 2131 7080
internal_value=0.032209 0.0136498 0.0676382 0.0269407 -0.00872784 0.0244743 -0.0175068 0.0503083 0.0759635 -0.00338587 0.00293018 0.0315758 0.0183208 0.0221937 -0.025317 0.0363886 0.0215112 0.05813 0.0662463 0.0565117 0.0261269 0.041592 0.0362873 0.00822582 0.0568385 -0.000864323 0.0193594 0.0537536 0.0091251 0.0238878 0.0741115 0.00184473 -0.00777826 0.0362019 0.0320216 0.0187599 0.0284711 -0.0187705 0.0448759 0.0243488 -0.0153808 0.00398384 0.032908 0.0439467 0.0807404 0.0066429 0.0497104 0.00564004 0.0466045 0.0163417 0.0107773 0.0243082 -0.0183543 -0.000146753 0.00444897 0.0592692 0.00439962 0.0749077 0.0489606 0.0728239 0.0666284 0.0220073
internal_weight=95756.8 62839.1 32917.6 39423.8 23415.3 36419.4 13357 10682.1 22235.6 4756.76 10058.3 16907.4 19511.9 14101.8 8600.26 3843.02 5391.08 6839.08 7328.24 2954.97 10839.5 3237.41 11516.3 5410.18 3004.42 8542.13 5125.33 5368.84 3262.29 9685.39 1470.23 7280.76 4281.69 475.068 7712.87 5429.5 5676.3 5346.8 1640.9 3758.47 4274.92 6584.77 2057.24 431.354 14907.3 3074.51 2150.37 1366.86 2949.88 213.07 4982.37 1516.19 3679.52 2312.9 1845.37 1125.34 2532.31 4511.37 2736.81 4373.26 2293.1 4478.12
internal_count=296831 239544 57287 119949 119595 114027 75848 23869 33418 22931 43747 48032 65995 46220 52917 10263 17145 13606 12559 5587 33927 8017 30887 19775 5922 38453 16547 11282 12293 30875 2324 32244 21532 1399 21590 18186 16497 30577 3466 11603 23937 28823 5578 1192 20859 11797 4610 4944 6652 670 17804 5294 20977 10883 8566 2227 9617 6757 5982 6972 3930 14621
is_linear=0
shrinkage=0.05


Tree=13
num_leaves=63
num_cat=0
split_feature=20 48 38 18 48 38 18 45 18 30 40 46 20 47 18 38 20 18 36 45 8 48 30 38 45 18 36 36 28 45 26 26 23 45 47 48 34 48 16 23 35 47 16 28 36 47 48 40 46 40 23 26 48 46 47 8 20 22 9 5 9 40
split_gain=23058.9 6696.31 1848.9 1062.55 879.994 568.134 430.127 426.786 416.907 213.08 203.192 198.672 169.437 146.528 145.258 141.379 134.755 125.425 124.592 120.882 120.601 156.461 110.95 106.378 90.1323 89.2861 121.245 88.9233 88.273 85.3538 79.5577 77.6413 94.7956 76.4424 75.7078 90.3065 83.3309 73.126 84.0217 72.0125 99.0021 71.1994 68.1685 68.0807 67.1424 66.4438 66.0337 64.6745 74.3574 64.2809 63.1589 62.8204 61.4671 59.2576 55.4274 52.7258 52.44 56.733 52.4371 50.6081 53.553 49.3397
threshold=4.5000000000000009 146832115.69885862 4991429223.2918406 1015884274.1461791 34519592.8594772 21473235.472659554 18670660.934866089 0.75896123051053821 28017300.942899626 22.500000000000004 20.500000000000004 38.05308139534884 12.500000000000002 39.131682857213804 7635374.2564883111 6802800.715789956 23.500000000000004 31623276601.683796 12.460434782608697 1.4476482730108382 0.29100000000000004 12223183.666937871 53.500000000000007 156342526.91140839 1.277336711480155 3946874.7278308398 32.301477000218007 20.001923076923081 23850376619.731838 1.2063735608423667 11.773006436955701 1.0000000180025095e-35 4.5200591715976346 0.64557287850483425 50.041104799941614 33261411691.198238 0.4121608220220313 910423690.16430831 9.6083333333333361 5.0910427807486638 1.2276795286785338 11.747875536649369 23.003500000000006 187080373.87400869 526.01333333333343 2.0026489291549501 266295571.90843767 5.5000000000000009 465.43784836679657 26.500000000000004 4.4470294117647065 65.011764705882371 367065762881.72784 45.620918367346945 130.21022418268061 0.30050000000000004 33.500000000000007 6.2950000000000008 6941.5000000000009 0.88500000000000012 335768928.00000006 2.5000000000000004
decision_type=2 2 2 2 2 2 2 2 2 2 2 2 2 2 2 2 2 2 2 2 2 2 2 2 2 2 2 2 2 2 2 2 2 2 2 2 2 2 2 2 2 2 2 2 2 2 2 2 2 2 2 2 2 2 2 2 2 2 2 2 2 2
left_child=1 4 6 5 20 11 9 10 22 29 13 -3 37 27 18 53 28 41 -9 33 21 42 39 -12 56 26 -17 -7 -10 30 -2 -26 -33 -11 35 36 61 38 -8 40 -4 -5 -1 -29 54 -16 -36 -13 -49 -40 -24 -43 -25 -6 -15 -22 -14 -58 -47 -44 -61 -20
right_child=2 3 8 17 15 7 12 14 16 19 23 47 24 44 45 25 -18 -19 34 -21 55 -23 50 52 31 -27 -28 43 -30 -31 -32 32 -34 -35 46 -37 -38 -39 49 -41 -42 51 59 -45 -46 58 -48 48 -50 -51 -52 -53 -54 -55 -56 -57 57 -59 -60 60 -62 -63
leaf_value=0.0049800075435230146 -0.00080847537822331921 -0.0063809825835060528 0.046501907247038066 0.037849744193519358 -0.016570402374242215 -0.0076899578252661131 -0.023312538062817634 -0.0046858673917228267 0.063609469392898244 0.071227600081067141 0.027717341752313093 0.0026766804437402779 0.062646230471076911 0.033366532538617405 0.01415697885416912 -0.012821550931959287 0.079210607412986134 0.071604277517513568 0.003314794739653576 -0.0016705592212486117 0.029164258492964397 -0.010189017551200115 0.048245165607093438 0.041749860329875835 0.083072554004647761 0.016468510312429647 0.0060022876664820157 0.017939232509889939 0.075868539900654106 0.0091783024022546473 0.034389366827281165 -0.045613575906920452 0.072023280983794347 0.046867268914135111 0.01424023947848818 0.04024478832550038 0.0063588915375484478 0.054934043964744675 0.047599537578287845 0.07019120295470832 -0.050625373242730524 0.062986621887603816 -0.031459915741304981 0.036608038002047504 0.053161172102648306 0.042635178679298391 0.026369846194320187 0.016261347100693175 0.052577729146150588 0.017515807237851556 0.070560398899276122 0.029090560017228914 0.062685625577402468 -0.0010716315756555993 0.014458805434813444 -0.0042672382842373242 0.080348466597876464 0.015255554602005672 0.028304594662450999 -0.020129986352738997 -0.040814889979404155 0.019779905165177386
leaf_weight=221.80733989179134 172.8689836114645 1620.697925940156 1506.6046436876059 860.15213623642921 1117.1939071565866 280.0199291408062 50.309790804982185 549.50254747271538 2818.5945694595575 444.02874484658241 1390.9471239894629 884.70741845667362 1521.6524221599102 3570.7966478168964 541.73804844915867 1014.6960220187902 12183.500195354223 847.56148010492325 500.67136591672897 105.54016853868961 145.97964635491371 3922.9140986949205 392.40023578703403 3915.001500621438 36.047867178916931 1533.1972305178642 5450.2386320531368 2376.3599150329828 3065.4812522083521 499.34141792356968 2251.4946592748165 50.746592193841934 25.848489657044411 1172.1827076524496 1451.4715110063553 374.73419779539108 2001.2178173661232 2199.649111494422 1061.3152383714914 341.76739080250263 26.701245069503784 838.53858427703381 1479.458337828517 614.66583044826984 385.53284162282944 977.54712975025177 4943.885272398591 2774.4556557536125 148.49179111421108 213.24256314337254 1651.9690406620502 163.31392139196396 385.07894262671471 1376.6965632587671 434.79784175753593 613.9472244977951 870.31230665743351 34.813049271702766 1839.5919243693352 6061.7921152412891 329.93957933783531 4987.3769737184048
leaf_count=1229 562 7303 3121 1963 5539 987 169 2086 4702 734 3897 3667 2637 9806 1747 4906 17044 1312 1866 379 574 20706 793 9490 58 5847 23306 7421 4464 1887 5909 204 43 2621 4956 932 6996 4318 2431 579 106 1550 9694 1528 920 2605 14898 9585 429 600 2609 389 725 6203 1323 2973 1234 83 5315 36559 2059 16253
internal_value=0.0306425 0.0129438 0.0647049 0.0254371 -0.00835043 0.0232209 0.0476686 0.0257938 0.073003 0.03622 0.0325801 0.00828063 0.056439 0.0272645 0.0208059 0.0023795 0.0762097 0.0556595 0.0186767 0.0501744 -0.0171623 -0.0183839 0.0582206 0.0397368 0.0662855 0.00562049 0.00304781 0.0192533 0.0699962 0.0280024 0.0318796 0.0225629 -0.00591475 0.0535599 0.019577 0.0162915 0.0150929 0.0493446 0.0400647 0.0494366 0.0448105 0.0484017 -0.0223563 0.0217757 0.0332323 0.0301935 0.0236169 0.0145212 0.0181063 0.0425663 0.0662772 0.0574612 0.0436247 -0.00801465 0.0313141 0.00215485 0.0683149 0.0778449 0.0332773 -0.0231266 -0.0211977 0.0182778
internal_weight=95623.1 62926.7 32696.4 39658.9 23267.9 36949.3 10709.4 31520.9 21987 4645.46 13353.2 5428.35 6063.94 7662.17 18167.7 10492 18067.6 2709.57 14808.9 1721.75 12775.8 12015.9 3919.44 5691.03 2539.42 7998.13 6464.93 3271.05 5884.08 2923.71 2424.36 112.643 76.5951 1616.21 14259.4 7864 7489.27 3524.52 1324.87 1875.07 1533.31 1862 8093 2991.03 4391.13 3358.88 6395.36 3807.65 2922.95 1274.56 2044.37 1001.85 4300.08 2493.89 4005.59 759.927 2426.78 905.125 2817.14 7871.19 6391.73 5488.05
internal_count=296831 239544 57287 119949 119595 114735 23869 93751 33418 12092 36097 20984 11777 21985 57654 45801 26210 5214 47987 3734 73794 70247 7208 14112 4259 34059 28212 9936 9166 8358 6471 305 247 3355 45901 26047 25115 7518 3200 3806 3227 3902 49541 8949 12049 9667 19854 13681 10014 3031 3402 1939 10215 11742 11129 3547 3954 1317 7920 48312 38618 18119
is_linear=0
shrinkage=0.05


Tree=14
num_leaves=63
num_cat=0
split_feature=28 48 21 28 48 1 48 46 40 18 1 1 10 40 39 1 2 10 45 1 43 1 40 45 28 13 30 43 40 43 43 1 30 40 1 26 43 30 43 43 39 21 40 16 1 0 46 40 43 40 46 5 43 10 40 23 40 44 40 1 34 26
split_gain=21194.2 5463.01 2388 970.246 716.126 534.623 614.365 459.522 403.953 332.197 306.675 301.986 297.11 294.427 232.069 219.758 186 169.195 164.088 153.46 151.495 145.59 138.051 134.832 133.698 125.854 124.615 124.725 114.617 153.301 111.992 107.64 105.989 105.54 105.352 103.183 99.7133 143.024 97.4557 95.6523 92.9603 76.9389 72.7941 70.8644 70.0871 69.8206 68.8833 88.9713 67.6593 67.6458 66.9062 66.634 65.4645 63.2678 63.2154 69.378 61.8544 61.5708 61.4036 61.3464 60.8605 60.2859
threshold=187080373.87400869 89127170.092246622 1.5000000000000002 12374669.732862985 13239306167.906496 4.9050000000000011 12223183.666937871 30.550438596491237 74.500000000000014 28017300.942899626 6.9450000000000012 4.8950000000000005 1.5000000000000002 8.5000000000000018 1809525705753940.8 4.6950000000000012 12.500000000000002 3.5000000000000004 0.88523940143949231 5.205000000000001 4.4889649923896515 6.8750000000000009 6.5000000000000009 0.70189007176283147 33602681659.183453 4.750120772946862 4.5000000000000009 4.36224318658281 7.5000000000000009 4.8667288557213952 4.5833892617449683 6.1650000000000009 104.50000000000001 21.500000000000004 4.4850000000000012 10.001271186440681 4.66670396896449 90.500000000000014 4.6054217359353329 4.8182255244755252 3.1803560354316666e+17 1.3571428571428574 21.500000000000004 23.003500000000006 4.285000000000001 93.050000000000011 71.853238866396779 17.500000000000004 4.8500871080139385 3.5000000000000004 281.2050000000001 0.84500000000000008 4.9250850340136072 2.5000000000000004 15.500000000000002 4.7619523809523825 20.500000000000004 0.40204975621752109 45.500000000000007 6.9850000000000012 0.09999999999999977 -1.0000000180025095e-35
decision_type=2 2 2 2 2 2 2 2 2 2 2 2 2 2 2 2 2 2 2 2 2 2 2 2 2 2 2 2 2 2 2 2 2 2 2 2 2 2 2 2 2 2 2 2 2 2 2 2 2 2 2 2 2 2 2 2 2 2 2 2 2 2
left_child=1 5 4 7 12 6 43 19 15 23 14 13 28 44 -7 26 30 34 -10 33 -6 22 -13 -4 36 -22 -5 61 -2 54 42 40 48 -3 -8 -14 37 -11 -37 -24 53 -29 -15 -1 -9 -12 47 -32 56 -46 -27 -16 57 -17 55 -30 -25 -51 -18 -21 -36 -28
right_child=2 3 9 8 20 10 17 11 18 24 45 21 35 16 51 31 58 -19 -20 59 25 -23 39 32 -26 50 27 41 29 -31 46 -33 -34 -35 60 38 -38 -39 -40 -41 -42 -43 -44 -45 49 -47 -48 -49 -50 52 -52 -53 -54 -55 -56 -57 -58 -59 -60 -61 -62 -63
leaf_value=-3.426080767737515e-05 0.015725996649110032 -0.019866187377567738 0.065822765883475631 0.0094178198826634293 -0.018793760953653392 -0.0084040137611183074 -0.014584167427800594 -0.014602425637061442 0.055247909776732378 0.053281769656961367 0.055332321814886266 0.013584848246675463 0.025802553129153801 0.0076359697508716689 -0.012966177280552306 0.026711783505214571 -0.015077342847782962 0.044360403234926814 0.018309588678994643 0.011576454208656108 0.04757224712889916 0.078887734458104861 0.023908048676232935 -0.010148296434714502 0.077678750359552406 0.066741798515314227 0.097222591585731571 0.025695222019516701 -0.031696459191658595 0.048293126903139298 0.0099318022262558786 0.066552312192875121 0.066976834986611541 0.0033461524159324602 -0.0080600873526873555 0.032171657869981461 0.07370616006467523 0.073763716054768808 0.053060859952510503 0.038552699729115916 0.040397983345565901 0.051312453743714938 0.019455151075179592 -0.031646444391150858 -0.014135027008787819 -0.023768692211127245 0.030302743448025304 0.028136260602840635 0.074835870124631346 0.012086995417243994 0.0078699689430728834 0.016481021332510115 0.021768647955475201 0.048523813393102987 0.030424382253988937 0.018045943440412916 0.036460109903179966 -0.0078194146973125933 0.022623917133750542 0.070647383349223367 0.0051293025705085663 0.0018910663298262777
leaf_weight=184.11859998106956 1487.2198140919209 1295.1442237347364 1664.7044094949961 1631.2169533073902 60.539540871977806 3839.323891684413 4054.791304320097 657.16573959589005 1966.6791855543852 1890.6466675549746 301.89053711295128 1856.0013371407986 563.0535364151001 2543.2481901347637 217.32665474712849 4333.1322439610958 563.45092409849167 151.30101591348648 354.90677630901337 705.54592975974083 1297.4533353149891 128.36689081788063 2814.7630454748869 77.353601530194283 9656.3414285778999 3333.5048038959503 17.013906955718994 6011.0382477492094 80.040173724293709 1042.8346450775862 1403.8463113307953 239.96992705762386 402.0015472471714 787.40086022019386 2231.9563295394182 698.38727714121342 4719.0675343126059 1551.9823089540005 2784.4884414970875 1846.4293771237135 2451.8306034207344 308.12865944206715 2670.8809179067612 4772.8724814206362 440.80850280821323 30.737528890371323 2388.1871381998062 1286.006539568305 105.88779948651791 769.89451189339161 48.969398349523544 1655.6027262806892 576.75106200575829 360.07995747029781 1594.600505694747 564.35490220785141 892.48208929598331 784.01155367493629 133.60904324054718 46.87222458422184 1438.232673689723 655.92411018908024
leaf_count=1064 4497 6123 2740 5784 179 19529 21985 2967 3799 3448 736 6796 1421 9718 975 12712 2381 437 1004 2644 2609 237 8480 238 13590 5369 22 17283 293 2295 4830 487 644 2893 11173 1682 6984 2284 5507 4732 5951 655 8826 33027 2083 140 6971 3639 168 2964 120 6571 2002 834 4101 1609 1971 3202 457 95 6414 2460
internal_value=0.0291749 0.0114358 0.0604771 0.0214719 0.0441232 -0.0109074 -0.0166822 0.0147906 0.03011 0.0710534 0.00135257 0.0173571 0.0356956 0.0132445 -0.00136507 0.0272833 0.0171445 -0.00800335 0.0496011 -0.0040973 0.0597946 0.0261559 0.0251172 0.0560647 0.0736969 0.0608113 0.021862 0.0247651 0.0272406 0.0324587 0.0188374 0.0336137 0.045072 -0.0110897 -0.00902894 0.0456617 0.0689858 0.0625153 0.0488722 0.0297092 0.0325075 0.0269443 0.0136902 -0.0304723 -2.99703e-05 0.0480227 0.0241224 0.0186353 0.0368861 0.00369418 0.0658895 0.0130641 0.00738284 0.0283853 0.0250836 0.0118675 0.0327426 0.00204337 -0.00785095 0.0152563 -0.00289158 0.00430134
internal_weight=95422.4 60906.5 34515.9 42028.3 13555.4 18878.2 12833.3 23698.4 18329.9 20960.5 6044.88 20863.4 8814.98 14217.9 5712.25 16008.3 10989.2 7876.28 2321.59 2834.96 4740.47 6645.56 6517.19 3142.43 17818 4679.93 8623.32 6992.1 4769.05 3281.83 10292.2 7385.01 1477.73 2082.55 7724.98 4045.93 8161.7 3442.63 3482.88 4661.19 7145.04 6319.17 5214.13 4956.99 3228.63 332.628 5078.04 2689.85 1075.72 2571.47 3382.47 1872.93 2130.66 4693.21 2239 644.395 969.836 1553.91 697.06 752.418 3670.19 672.938
internal_count=296831 235082 61749 133031 29682 102051 74100 82040 50991 32067 27951 70285 21405 50040 27075 46188 36822 40009 4803 11755 8277 20245 20008 5761 26306 8098 26204 20420 12795 8298 33984 19984 3021 9016 39572 8610 12716 5732 7189 13212 19497 17938 18544 34091 13218 876 15440 8469 2377 10251 5489 7546 8168 13546 6003 1902 2209 6166 2838 2739 17587 2482
is_linear=0
shrinkage=0.05


Tree=15
num_leaves=63
num_cat=0
split_feature=20 49 39 19 49 33 10 40 10 40 49 2 49 33 40 46 40 45 46 19 40 47 2 44 2 45 30 9 49 44 19 24 34 14 42 26 2 33 47 16 13 47 30 33 6 40 5 44 9 44 9 16 0 33 9 33 8 0 0 47 2 45
split_gain=19592.2 5396 1760.12 900.638 746.364 517.923 431.579 396.027 376.123 285.948 262.534 187.945 202.291 169.165 176.863 166.527 151.449 142.582 128.916 116.542 114.787 114.196 154.514 118.119 108.995 97.737 93.2083 91.7268 91.5549 91.3269 90.5896 88.618 85.159 84.6093 84.1416 82.257 81.5705 80.9324 99.9617 78.0958 89.8655 75.0846 73.7662 96.2872 73.68 73.3025 71.9495 71.5565 70.2463 67.6484 65.1211 64.4873 63.7013 62.9759 61.338 67.0131 72.1073 61.2346 69.6025 60.6201 59.1523 57.1863
threshold=4.5000000000000009 1.8485068172079382e+17 6.283837090374103e+18 1.2789225281647012e+18 47650193277405720 4.6500542299349252 5.5000000000000009 10.500000000000002 6.5000000000000009 8.5000000000000018 8.53059391721584e+17 1.5000000000000002 3552346356206796 4.729178709055879 121.50000000000001 30.000304878048784 45.500000000000007 0.66248310798801147 31.380384615384624 3.9811346518055764e+19 35.500000000000007 1.0000000180025095e-35 2.5000000000000004 0.37416573867739428 2.5000000000000004 1.3511383881434533 19.500000000000004 335768928.00000006 7.9478834514727879e+19 0.55577961624822236 13577828828254402 0.38938050031925381 0.44369100139927103 0.047140452079103203 5.495000000000001 529.05500000000006 6.5000000000000009 4.9668217054263577 26.383384817667991 2.0100000000000002 4.5559173669467796 54.140385527974622 37.500000000000007 4.9668217054263577 5.0600000000000014 86.500000000000014 0.89500000000000013 0.4030980859448286 30708.500000000004 0.38436653649517666 8150.0000000000009 19.154347826086958 54.050000000000004 4.2182575757575771 157431.00000000003 4.5501101321585926 0.12050000000000001 55.150000000000013 15.907000000000002 8.8218023962413756 14.500000000000002 0.63760685708787634
decision_type=2 2 2 2 2 2 2 2 2 2 2 2 2 2 2 2 2 2 2 2 2 2 2 2 2 2 2 2 2 2 2 2 2 2 2 2 2 2 2 2 2 2 2 2 2 2 2 2 2 2 2 2 2 2 2 2 2 2 2 2 2 2
left_child=1 4 8 5 11 9 13 21 10 29 54 27 60 14 32 -11 41 26 51 50 37 -7 52 -24 -20 31 -12 57 44 46 49 -10 45 36 -18 47 -14 38 -9 -27 -41 -17 43 -15 -8 -4 -3 -19 -25 53 -5 -6 -23 -26 55 56 -2 58 -1 -55 -13 -46
right_child=2 3 6 19 18 7 28 20 25 15 17 12 33 42 -16 16 34 35 24 -21 -22 22 23 48 30 39 -28 -29 -30 -31 -32 -33 -34 -35 -36 -37 -38 -39 -40 40 -42 -43 -44 -45 61 -47 -48 -49 -50 -51 -52 -53 -54 59 -56 -57 -58 -59 -60 -61 -62 -63
leaf_value=-0.0069783334682281808 0.090477187216410071 -0.017904873234466875 0.028093458767947745 0.050792675609726036 0.006247686991633963 0.0041619230156679735 0.0055069264338191955 0.015453020730326537 0.070266899636522537 0.00038966350450573943 0.043405193816929248 -0.030176891756234003 -0.036992445026871976 0.044104442497482126 0.062542029411769659 0.012863620011988187 0.0079000096049798921 0.047198629730016185 0.028319431551590887 0.066217318510809989 0.044055853203574788 0.041782626858192437 0.02588093192252245 0.026296934570903669 -0.011818464327312969 0.090946940277136873 0.064944950492996506 -0.03082337639645685 0.075633873824136569 -0.015165959122897411 0.021841030457222719 0.051034220891964077 0.040299743417879202 0.020233295959398316 0.036860227163981421 0.0015495177498502264 -0.012862911247244705 0.037123995044065862 0.03025202294008561 -0.041533850991180531 0.05707890332583665 0.02098097562364298 0.071227547017127288 0.065713713571586729 0.073336887112748966 -0.069849563913512797 0.0089092140141058991 0.033173338644943692 0.0079979568439464601 -0.012385157248328608 0.031394431959920095 -0.015599630013053154 0.011842868477664487 -0.0071145749161492904 0.0018936547746364559 0.037997275711054324 0.017133263353978648 -0.02518402380913224 0.01036396322563695 0.0073557330411615426 -0.010337573503731386 0.061782353644551674
leaf_weight=1222.3123264908791 34.489976286888123 289.92602024972439 45.406671434640884 1181.9627007842064 458.56514912843704 1279.5450327992439 48.307494044303894 1441.0083338171244 1389.5620901435614 1332.3305838853121 1000.3627354353666 3362.0291582420468 372.99689700454473 798.38310123980045 1282.864031240344 5905.3323842734098 299.05583876371384 1607.1027258336544 477.1198144108057 829.80058905482292 1735.8679499179125 1011.4825333356857 2280.5814388245344 639.80361478030682 591.84664887189865 27.689214155077934 1008.6393229812384 292.44897891581059 9849.4022661447525 740.97948411107063 633.20290975272655 1052.665280148387 1555.5851767212152 182.29249131679535 1554.7193990051746 150.46806140244007 5742.6701399087906 2897.7320480644703 5481.8861889541149 60.917648792266846 37.217666983604431 5503.9819158613682 2012.8900058716536 1454.8975433558226 2158.3514833599329 32.977853640913963 1824.5949857383966 2094.8456464260817 2909.0540868192911 723.54185336828232 682.46118888258934 1282.2163265645504 215.51479376852512 844.39837455749512 288.67276787757874 779.37779287993908 1180.9610757678747 242.31732818484306 1098.5437682569027 5066.4274379312992 422.98389277607203 2125.2898285537958
leaf_count=6237 53 1259 111 2350 1821 4513 127 4312 2197 4949 2111 23538 2421 1568 2121 19704 978 3488 1579 1312 3878 2624 7022 1811 2884 42 1680 1639 14102 3260 2263 1942 3228 773 4028 460 32638 7084 14722 240 71 16933 3042 2362 3164 127 7095 4963 9900 3335 1552 6419 663 3920 980 1900 3742 1256 5031 21526 2315 3466
internal_value=0.027805 0.0116206 0.0596181 0.0227106 -0.00767114 0.0206963 0.0679119 0.0262115 0.0430782 0.0144095 0.0378176 -0.0156174 -0.0188243 0.0579266 0.0486468 0.0172405 0.0189332 0.0434206 0.00253126 0.0506297 0.0322032 0.0179049 0.0203969 0.0170025 0.00511548 0.0597631 0.0542194 -0.00429371 0.0729695 -6.06009e-05 0.00370685 0.0619771 0.0377374 -0.013334 0.0321883 0.0377891 -0.0143346 0.0301082 0.0271716 0.0167888 -0.00413512 0.0167795 0.0642713 0.0580571 0.0669117 -0.013113 0.00523268 0.039262 0.011297 0.00211782 0.0436921 -0.0098445 0.0365239 0.00373155 0.0234356 0.0265529 0.0192145 -0.00126677 0.00123039 0.00528856 -0.0279598 0.0676042
internal_weight=95130.9 63053.5 32077.3 40037.6 23015.9 37343.4 21364.4 19892.5 10713 17450.9 8144.92 12938.6 10083 7183 2916.83 14595.4 13263.1 5861.42 10077.3 2694.22 11556.5 8335.98 7056.44 5829.44 8336.54 2568.05 2009 2855.62 14181.4 2855.5 7859.42 2442.23 1633.97 6297.96 1853.78 3852.42 6115.67 9820.63 6922.89 125.825 98.1353 11409.3 4266.17 2253.28 4331.95 78.3845 2114.52 3701.95 3548.86 7226.21 1864.42 1740.78 1227 6502.67 2283.5 1994.83 1215.45 2563.17 2320.86 5910.83 3785.01 4283.64
internal_count=296831 239544 57287 119949 119595 114735 33418 56529 23869 58206 19377 75848 61685 12559 5587 46592 41643 12702 43747 5214 29996 26533 22020 18733 35507 4492 3791 14163 20859 11614 33928 4139 3466 35832 5006 8911 35059 26118 19034 353 311 36637 6972 3930 6757 238 8354 8451 11711 31665 3902 8240 3287 28330 6675 5695 3795 12524 11268 25446 25853 6630
is_linear=0
shrinkage=0.05


Tree=16
num_leaves=63
num_cat=0
split_feature=28 48 21 28 18 38 1 47 30 1 18 50 1 1 30 43 50 46 45 1 45 1 40 40 9 43 50 1 47 21 43 1 1 11 11 43 9 40 46 45 30 18 36 43 43 43 48 47 46 43 40 44 9 9 9 46 47 37 40 50 9 47
split_gain=18104.5 4703.64 1927.2 822.227 624.55 610.791 564.833 379.934 366.054 261.784 236.775 226.912 224.303 215.852 215.106 276.719 212.952 206.946 199.234 189.063 173.442 149.025 137.292 123.06 122.281 112.53 109.446 108.785 105.061 104.062 206.422 100.257 99.7978 99.5225 91.5929 91.5361 90.5919 89.8853 89.6026 88.5513 107.411 85.1184 91.4305 83.6607 80.9063 79.8732 79.2355 79.1071 78.7378 78.212 78.0351 77.2556 76.2781 75.8314 75.5321 73.1707 71.2496 67.226 65.7542 64.8074 64.5959 71.6069
threshold=273582827.60821819 120762244.88035192 1.7857142857142858 15849263.983685344 5667677209.79214 7391240.4076421726 4.9050000000000011 29.668047302589681 23.500000000000004 6.9450000000000012 24886821.341418948 229.9424922571738 4.4350000000000014 6.2950000000000008 3.5000000000000004 4.7213059619201649 393.88566249663955 465.43784836679657 0.89185473962275041 4.8050000000000006 0.94411843892011194 4.285000000000001 4.5000000000000009 22.500000000000004 15092809.000000002 4.3179029304029317 207.4341324427983 6.3850000000000007 11.500154828833358 9.9285714285714306 4.7213059619201649 4.7750000000000012 5.7250000000000005 2.5000000000000004 5.5000000000000009 4.9142857142857164 34425.000000000007 25.500000000000004 28.315701754385966 0.7101670773260722 104.50000000000001 1437357.3595397372 32.11396194306932 4.7375247035573134 4.6054217359353329 4.4577097902097913 52058041.279764526 1.0000000180025095e-35 14.600854700854702 4.7213059619201649 13.500000000000002 0.36191813516005789 8150.0000000000009 57451204.000000007 189548.00000000003 18.404761904761909 8.8218023962413756 7.5715829839039364 3.5000000000000004 185.34377659491963 42919.500000000007 1.0000000180025095e-35
decision_type=2 2 2 2 2 2 2 2 2 2 2 2 2 2 2 2 2 2 2 2 2 2 2 2 2 2 2 2 2 2 2 2 2 2 2 2 2 2 2 2 2 2 2 2 2 2 2 2 2 2 2 2 2 2 2 2 2 2 2 2 2 2
left_child=1 5 4 7 14 6 16 13 19 24 39 21 41 20 60 36 28 -13 -10 22 23 -9 -5 35 32 -24 34 33 -1 30 47 37 59 46 38 55 -16 56 -27 -4 -41 42 -7 -28 -19 -6 -14 -12 -22 57 -38 -50 -47 -11 -40 -3 -17 -23 -51 -8 61 -2
right_child=2 3 10 8 45 12 9 11 18 53 29 17 27 -15 15 31 -18 44 -20 -21 48 49 25 -25 -26 26 43 -29 -30 -31 -32 -33 -34 -35 -36 -37 50 -39 54 40 -42 -43 -44 -45 -46 52 -48 -49 51 58 -52 -53 -54 -55 -56 -57 -58 -59 -60 -61 -62 -63
leaf_value=-0.024284282110123064 0.0093624556581946451 -0.027856401346095967 0.06186338039380665 -0.0095097784932787217 -0.017315225530161051 -0.02888384902741685 0.0026403198940015559 0.010781553879188374 0.04991510559376118 0.061723218081950519 0.019344594168711204 -0.0040980790139048887 -0.0015070321342083638 0.046056057146352143 0.035264383137523968 0.011364709480984291 -0.041404663891530816 0.011304492577419363 0.01921547950387878 0.033843035850811901 -0.019682194723703361 0.0035275575625024411 -0.010580964791985573 0.023709886025939066 -0.013805005204801036 0.0034200915163379907 0.0048635851275350478 0.058712908660710807 -0.010505220041734268 0.074844013827180145 0.07221630612492376 0.053355393143311759 0.021297257020271007 0.039304579472357278 0.053799300670624654 0.021266526666630044 -0.013575088736531149 0.054808748341854591 0.030028083875194768 0.033102641096447873 0.068733428505615354 0.00570667405689778 -0.0071096584734010454 0.030332471092437516 0.042240445482474187 0.065166075194590167 0.011260701650829793 0.058570108750175889 0.0064089935565797701 0.0012486833903944941 0.022406462661587207 -0.0087093770778012437 0.048303887643559675 0.01090755158903197 0.019015001342857645 0.0039155158932847947 0.037937322555961987 0.022666536318386131 0.030895364345287321 -0.019405250872087478 0.010164063761242677 0.038358536551968185
leaf_weight=4189.4827212542295 312.79434968531132 198.09256322681904 1300.810514330864 342.23803420364857 32.863717809319496 620.91673575341702 1347.8088244199753 2258.5595478862524 2673.2546395808458 194.9188160598278 133.52068236470222 1693.0315566956997 2094.6266027837992 333.70789706707001 1633.7426417917013 332.82865677773952 1384.6561624184251 439.57486036419868 658.71730044484138 4620.8265723884106 567.1899569183588 506.08006791770458 247.24620026350021 1467.8060616999865 2018.0467841029167 452.04275447130203 1183.9724572002888 105.34385222196579 2065.3643112331629 6463.542355298996 6143.5523830801249 2703.4788723438978 564.53008964657784 233.4020864367485 286.6181008964777 753.01440158486366 174.53730285167694 591.92813591659069 4706.6207012534142 799.51599024236202 287.59975270926952 901.26313835382462 2156.613572075963 443.10710561275482 407.06031514704227 2707.499689489603 2894.1278955340385 3441.5586964040995 2122.2979402393103 195.0622863471508 1102.6337711960077 1404.0298411846161 891.51067930459976 117.77780722081661 2326.4171667397022 2126.7248742729425 1042.1412770748138 4912.8824264109135 4541.9586616307497 442.91706813871861 833.58977131545544 666.83811190724373
leaf_count=27921 938 916 2155 1355 93 3648 6316 7645 5155 421 305 6363 9972 882 3674 861 10302 1463 1797 11789 2661 1803 937 4174 11069 1435 3814 224 11245 9357 9110 5135 2304 674 557 2343 580 1090 12703 1760 444 3960 11121 1180 1060 4323 11420 5793 8192 788 2825 5963 1640 419 6801 7747 2290 15021 12607 2251 2479 1561
internal_value=0.0265129 0.0110629 0.0574162 0.0207994 0.0426725 -0.00804694 -0.0152792 0.0147319 0.0288911 -0.00161263 0.0677586 0.0196124 0.00185071 0.0065981 0.0358652 0.0395653 -0.0236621 0.00599504 0.0438459 0.0254803 0.00507395 0.0223982 0.0216115 0.0117969 -0.0047727 0.0227157 0.0235916 0.00840771 -0.0197344 0.0699274 0.0666575 0.0471068 0.00296642 0.00739293 0.0260604 0.00611569 0.0274655 0.0385182 0.0249982 0.0530612 0.0425289 -0.00764491 -0.0119773 0.0117996 0.0261784 0.0602806 0.00589992 0.0571051 -0.00239158 0.0249816 0.0174892 0.000389518 0.0609891 0.0425834 0.0263851 0.0012083 0.0315051 0.0208791 0.0296746 -0.00281242 0.0203947 0.0291002
internal_weight=94796.4 63199.9 31596.5 41868.1 13026.4 21331.8 12325.5 23927.1 17941.1 4686 18570.1 14954.2 9006.29 8972.86 9394.51 7581.29 7639.5 2539.67 3331.97 14609.1 8639.16 12414.5 9988.26 4545.64 4373.3 9646.02 9398.78 5327.5 6254.85 16182.2 9718.63 4670.38 2355.26 5222.16 7771.7 3077.83 2910.91 1966.9 7485.08 2387.93 1087.12 3678.79 2777.53 1627.08 846.635 3631.87 4988.75 3575.08 4093.52 10156 1277.17 3526.33 3599.01 312.697 7033.04 2324.82 1374.97 5418.96 4737.02 1790.73 1813.22 979.632
internal_count=296831 240418 56413 127151 27489 113267 72248 79628 47523 22780 28924 46750 41019 32878 21433 16455 49468 8886 6952 40571 31996 37864 28782 15180 21940 27427 26490 22290 39166 24565 15208 9376 10871 22066 21496 11006 7079 4241 20939 4359 2204 18729 14769 4994 2523 6056 21392 6098 16816 30219 3405 14155 5963 840 19504 8663 3151 16824 13395 8567 4978 2499
is_linear=0
shrinkage=0.05


Tree=17
num_leaves=63
num_cat=0
split_feature=20 49 20 18 49 43 1 45 41 1 50 35 43 1 41 43 45 44 7 28 1 18 41 10 43 50 18 43 49 38 1 30 43 30 41 1 1 0 36 1 20 50 47 16 16 30 47 20 3 49 50 1 0 46 46 46 9 30 27 23 0 47
split_gain=16819.6 4762.45 1222.44 945.429 634.959 626.44 464.247 461.735 269.632 265.99 246.053 234.569 225.986 220.344 203.275 221.154 196.165 193.573 174.814 147.445 145.214 135.354 133.21 132.69 130.167 123.354 122.25 121.65 114.744 110.616 98.9623 97.8385 93.0798 92.6256 91.3061 87.6993 86.6006 85.9304 84.8001 81.2892 78.171 77.7878 77.5153 77.3533 93.2485 84.7973 75.096 74.3927 72.9954 125.932 72.5417 69.54 69.5373 69.7828 68.033 67.6308 66.8527 65.8391 64.4191 161.636 62.7249 62.3205
threshold=5.5000000000000009 1.8485068172079382e+17 17.500000000000004 718553651.35045838 43457592655584128 4.6833333333333353 5.5950000000000006 0.79931499736794809 0.22777777777777777 5.1950000000000012 283.30967910500294 0.94097137745704629 4.9200946372239756 4.3650000000000011 0.049999999999999954 4.8600373134328372 1.3985754501969134 0.53439943967851533 6.2150000000000007 31656980512.409153 6.5150000000000006 3078837331.5960727 0.049999999999999954 7.5000000000000009 4.8071825396825405 333.98830153008242 1081907557.2760799 4.2751562500000011 8564218692479511 7931000.9060230451 6.9050000000000011 24.500000000000004 4.7434035395641372 79.500000000000014 0.083333333333333259 6.495000000000001 4.7750000000000012 56.95000000000001 500.01250000000005 5.7950000000000008 2.5000000000000004 229.9424922571738 54.140385527974622 9.8575187969924816 30.703030303030307 18.500000000000004 46.076685547538389 1.5000000000000002 119.05000000000001 3.6928225303769216e+18 191.18272611817164 6.2650000000000006 55.150000000000013 45.620918367346945 31.128165064102568 36.288750000000007 8150.0000000000009 6.5000000000000009 1.2106313607869836 4.3201694915254247 93.050000000000011 25.39916542250155
decision_type=2 2 2 2 2 2 2 2 2 2 2 2 2 2 2 2 2 2 2 2 2 2 2 2 2 2 2 2 2 2 2 2 2 2 2 2 2 2 2 2 2 2 2 2 2 2 2 2 2 2 2 2 2 2 2 2 2 2 2 2 2 2
left_child=1 4 5 7 6 16 10 8 12 25 28 23 17 22 30 35 26 38 20 56 52 31 -9 32 57 27 43 -6 -1 -29 47 36 33 -4 -14 41 -7 51 39 50 54 42 -16 45 -45 -2 -31 -15 58 -50 61 55 53 -8 -24 -11 -5 -10 -13 -60 -22 -3
right_child=2 3 11 19 9 21 18 13 24 37 -12 48 34 14 15 -17 -18 -19 -20 -21 60 -23 40 -25 -26 -27 -28 29 -30 46 -32 -33 -34 -35 -36 -37 -38 -39 -40 -41 -42 -43 -44 44 -46 -47 -48 -49 49 -51 -52 -53 -54 -55 -56 -57 -58 -59 59 -61 -62 -63
leaf_value=-0.021450342969971635 -0.056847831842598645 0.0081474926032327824 0.042076353788162268 0.045554140050656215 -0.019152000317304112 0.035495420070017283 0.008426381641025894 -0.021148225263329642 0.016627021937610714 0.0092485281930113749 -0.033275304004709766 0.065612262891200229 0.016074350775800498 0.0015370289556909686 0.013668628297112798 0.032513800945840943 -0.00089419499252370912 0.0013458140177689854 -0.010242885006581328 0.062129976441652912 0.051133809859852455 0.065686460385680101 -0.014499968637702474 0.070870543388705368 0.042326126363177438 -0.019085345450379029 0.052447608944058303 -0.0084504890684180666 -0.009099778563262436 0.00190970628287333 0.056001017457577351 0.060707483884895254 0.068315903433613837 0.062334454227476126 0.034898254433447254 0.062669572335343246 0.053367459168116062 0.0024636042947948559 0.043249250059026745 0.048416381882101844 0.016003541992540764 0.0056927404321773 0.024064091086952476 0.043874319110220779 0.027795453431109948 0.034709573717559249 0.014207712220698205 0.022711361225637834 -0.046504662918700534 0.04279852871802238 0.0018695219385743466 0.062815057174198816 -0.025504321928929242 0.059408851490705662 0.0061769813968313211 0.035115909640386515 0.028644407194033012 0.030510418950135072 -0.060563804895549168 0.046002783887896539 -0.030933885333819369 0.022715641448949379
leaf_weight=3562.3816312998533 50.702927336096764 965.68893568217754 986.41240857541561 1646.0751722306013 712.2108618915081 1288.2764758765697 763.74835231900215 424.15926815569401 1052.8729235231876 453.09067006409168 2412.1420042216778 344.02914489805698 856.93100383877754 2726.5815584361553 4245.4557251930237 2812.0950854569674 397.48352594673634 1978.4367576092482 1010.3147803544998 1008.6519260108471 321.39174176752567 2282.4688545465469 455.40546979010105 10995.81666366756 2168.2592054605484 882.79374986886978 886.61038529872894 1766.3741272091866 3983.4941284805536 3849.5216378867626 97.06489485502243 1529.1957192569971 2046.5652015060186 1318.424027711153 2594.9783710837364 101.46427318453789 1430.4241879731417 460.83710367977619 355.81159983575344 210.0154010206461 1944.1854695528746 1537.5453034937382 3104.603016525507 1343.0812633633614 2743.9602216929197 50.454429432749748 1832.1234315037727 489.24342618882656 58.171801716089249 122.83560167253017 708.19930447638035 127.61834555864334 137.12214539945126 73.5860256254673 3146.1069400310516 571.28763581812382 906.32794150710106 4519.8499793559313 38.857137843966484 422.22016555070877 25.101235881447792 3061.2810739725828
leaf_count=23946 187 3237 1918 3306 3644 2727 3777 1971 3116 1691 16965 573 2647 10685 13658 7551 1428 6587 5155 1633 780 3592 1974 16604 4765 4454 1589 8699 22126 16659 209 2537 3149 2134 6360 202 2613 1708 865 475 6056 5183 9025 2819 6667 112 7389 1399 219 241 2401 260 742 269 11092 1869 2065 11261 149 806 118 8793
internal_value=0.0252986 0.0114761 0.0575244 0.0212693 -0.00692692 0.0454097 -0.014672 0.0190479 0.0248192 0.00200544 -0.0193741 0.066427 0.0196886 0.0139914 0.0172039 0.0202762 0.0329314 0.0146921 0.00541297 0.0459455 0.0173872 0.0558662 0.00585838 0.0679459 0.0319317 -0.00133071 0.0355808 0.000590026 -0.0149304 0.00247784 0.00625978 0.0505897 0.0605554 0.0536645 0.0302253 0.0164478 0.0448987 0.020711 0.0196732 0.0179769 0.00792397 0.0159201 0.0180596 0.0320103 0.0330793 -0.0111816 0.00587536 0.00475841 0.0427886 0.0140984 0.0166268 0.0280106 0.00750171 0.0129068 0.00356241 0.0236746 0.0395497 0.0278874 0.0492388 0.0370219 0.0451885 0.0192221
internal_weight=94398.4 66062.4 28336 43117.3 22945.1 12002.7 12289.3 39556.2 18472.3 10655.9 9958.02 16333.3 10731.3 21083.9 15114.1 11801.2 5472.29 7279.43 2331.26 3561.06 1320.95 6530.37 5969.86 15347.2 7740.98 9043.02 5074.81 8160.23 7545.88 7448.02 3312.89 4247.9 4351.4 2304.84 3451.91 8989.07 2718.7 1612.83 5301 4945.18 5545.7 8887.6 7350.06 4188.2 4087.04 101.157 5681.65 3215.82 986.114 181.007 4735.17 1152 974.457 837.334 3601.51 1024.38 2552.4 5572.72 805.106 461.077 346.493 4026.97
internal_count=296831 246767 50064 126516 120251 24271 73878 119512 50507 46373 63037 25793 31365 69005 47912 35619 12802 22358 10841 7004 5686 11469 21093 23805 19142 40845 11374 36391 46072 32747 12293 7877 7201 4052 9007 28068 5340 5528 15771 14906 19122 27866 22683 9785 9486 299 24048 12084 1988 460 14431 3820 4788 4046 13066 3560 5371 14377 1528 955 898 12030
is_linear=0
shrinkage=0.05


Tree=18
num_leaves=63
num_cat=0
split_feature=20 48 20 19 38 43 1 1 40 40 43 43 30 1 43 1 50 43 28 19 1 45 1 30 9 50 22 44 40 46 1 10 30 43 40 40 9 43 20 0 26 0 26 19 48 1 40 46 44 37 40 43 45 9 19 40 28 32 40 9 30 50
split_gain=15627 4282.51 1211.88 859.965 619.01 595.258 492.664 415.213 347.793 285.916 235.285 230.352 227.775 225.503 219.564 219.25 200.135 182.658 143.168 136.23 131.887 121.33 109.783 109.477 106.557 105.676 103.832 103.557 102.906 98.7109 96.9644 94.8885 94.1522 90.8795 89.3948 87.8081 86.4397 85.6832 85.3097 84.1291 81.9326 131.443 101.663 81.0758 76.4714 76.1344 75.7219 75.7152 74.8585 73.8593 73.7134 69.6544 68.4078 68.0116 67.114 66.9134 63.7116 62.9917 62.4563 60.9757 60.82 60.6941
threshold=5.5000000000000009 154408745.43853182 17.500000000000004 9.046054514225801e+17 6802800.715789956 4.6833333333333353 4.9050000000000011 4.6950000000000012 10.500000000000002 6.5000000000000009 4.6143701298701316 4.5700467289719642 72.500000000000014 6.5850000000000009 4.8561828874976296 4.6950000000000012 393.88566249663955 4.4636602870813409 31656980512.409153 3.8760265555268229e+18 6.5850000000000009 1.2311591074166992 6.2950000000000008 5.5000000000000009 5999331.5000000009 160.66422946579024 4.8900000000000015 0.48661953631669991 33.500000000000007 45.620918367346945 6.9050000000000011 10.500000000000002 24.500000000000004 4.2502631578947385 4.5000000000000009 3.5000000000000004 17942721.500000004 5.0002732240437169 1.5000000000000002 500.05000000000007 35.968407960199009 12.008500000000002 32.996913580246925 1.3620409170670139e+18 48218441.973511748 5.6050000000000013 35.500000000000007 418.04354838709679 0.3155682704793582 5.8105819143802897 57.500000000000007 4.2834408602150544 1.5042761228510828 167822.00000000003 2.4034424622337402e+17 29.500000000000004 298974101.87215501 6.7950000000000008 21.500000000000004 8150.0000000000009 70.500000000000014 138.22010288437224
decision_type=2 2 2 2 2 2 2 2 2 2 2 2 2 2 2 2 2 2 2 2 2 2 2 2 2 2 2 2 2 2 2 2 2 2 2 2 2 2 2 2 2 2 2 2 2 2 2 2 2 2 2 2 2 2 2 2 2 2 2 2 2 2
left_child=1 4 5 7 6 17 16 8 27 30 12 28 31 24 20 35 29 49 59 32 25 56 44 45 -8 58 -23 34 53 -1 38 40 37 -31 -3 -6 -15 -7 -9 55 41 50 -43 -19 -17 -16 47 61 -36 60 -4 -37 57 -10 -12 -27 -14 -51 -11 -5 -2 -13
right_child=2 3 10 18 15 19 13 9 11 14 54 46 21 36 23 22 -18 43 -20 -21 -22 26 -24 -25 -26 39 -28 -29 -30 33 -32 -33 -34 -35 48 51 -38 -39 -40 -41 -42 42 -44 -45 -46 -47 -48 -49 -50 52 -52 -53 -54 -55 -56 -57 -58 -59 -60 -61 -62 -63
leaf_value=-0.022550039882314493 0.043916587387904389 -0.013647686548253008 0.048692756411257213 0.043385900133628953 -0.015874648228993805 0.037454053613494076 0.0057398526970805054 0.0075714010874428266 0.01266824526793767 0.020056585803825144 0.061699539395727802 0.021160890199423184 0.034707032993301683 0.053513975225602389 0.025871887114200378 -0.00072275935963196343 -0.039552728239835924 0.033312309998047192 0.060028711554841976 0.063722933793175868 0.067860776930095998 0.076911697408157509 0.051245171799696947 0.043127554307222697 -0.011117576357364673 -5.7350530767768127e-05 -0.065077861236768439 -0.0081234370618506174 0.017165135473836943 -0.031813270116695221 0.057366355395329222 0.051902505574371087 0.058461263498997197 -0.0043139206154838659 0.030873985179348619 -0.012686055551939846 0.013196158119244825 0.057485369056327965 0.026149887015633734 0.027992731738431434 0.055869719420568689 -0.033188364409016992 0.034496715337389211 0.051310991377439441 0.013445126692943463 0.048979907805337689 0.031746168544994145 0.039129870962860469 0.0068792258010648534 0.018749093055177107 -0.0045590297504966215 0.0019794824051440089 -0.013934324573985815 -3.2901797941906156e-05 0.07049409760728971 0.023655672619262755 0.067554560427681556 -0.058988943703202804 0.029410542915944651 0.027226736735360316 -0.019191626549105414 0.00912208229719059
leaf_weight=4214.7750598341227 304.64395709335804 410.76429317891598 313.28743985295296 1642.0212774127722 1205.2281891405582 1973.3278174549341 1419.7537098824978 3488.6813753992319 1804.9292690902948 4006.4492018073797 2895.4382670223713 4475.7030275315046 157.11746019124985 211.1948544383049 2852.1818497031927 1372.0556818842888 1325.0161946117878 3260.1895987093449 992.18079175055027 2236.3339294344187 154.65121349692345 21.03536531329155 160.12445487082005 2234.8534202575684 2759.3906503915787 1209.9580892175436 33.190772995352745 1932.383663713932 3113.2558032870293 365.2401234805584 115.13316825032234 934.84534606337547 1509.0658766031265 1693.4720076918602 414.29901731014252 1006.0328695178032 358.78718191385269 731.82920669019222 750.89465467631817 579.9952298104763 210.24359032511711 156.09596285223961 86.066284209489822 774.26950706541538 3114.0823717564344 407.35636277496815 1716.6837086826563 473.67196488380432 1508.8742305040359 815.19876316189766 81.993901595473289 4147.4500183165073 241.25934612751007 2533.3365331888199 8650.3956153094769 394.4880834966898 2442.8513689488173 26.919427275657654 3217.7946456372738 905.85448637604713 43.648109152913094 1366.6024308353662
leaf_count=28428 713 1843 605 3306 6611 4078 6308 12515 5929 11602 4735 12657 317 478 7477 6417 10336 7272 1633 3592 277 33 354 4816 15145 3943 131 7657 9499 2474 237 1673 2537 8948 1276 5323 1233 1262 2015 1556 372 485 183 1387 11405 890 4110 1184 5336 2263 215 18687 938 9226 13228 1068 3816 94 8227 2065 135 4276
internal_value=0.024153 0.0109008 0.0555297 0.0203154 -0.00631495 0.0434613 -0.0140001 0.0181821 0.013078 0.0233751 0.064528 0.0165608 0.0547415 -0.001367 0.0266384 0.00230785 -0.0218959 0.0313218 0.0439155 0.0537483 0.0220619 0.0640257 0.010564 0.0346039 -0.00539071 0.0213091 -0.00999737 0.0004377 0.010229 -0.0181667 0.0120915 0.0409174 0.0484551 -0.00919263 0.00752589 -0.00372487 0.0281351 0.0428731 0.0108619 0.0116726 0.0288027 0.0198754 -0.00913258 0.0367665 0.00911197 0.0287598 0.0224345 0.0199036 0.0120483 0.0159784 0.0376466 -0.000883438 0.00953915 0.00525139 0.0682886 0.00577301 0.0655696 0.0162641 0.024223 0.0376408 0.0360078 0.0183448
internal_weight=93954.8 66055.6 27899.2 42703 23352.6 11916.7 12347.6 39162.9 19750.5 19412.4 15982.6 15484.2 4436.73 4749.13 15057.7 11005 7598.5 5466.13 3540.06 6450.56 9563.34 2654.19 4646.26 5494.39 4179.14 9408.69 54.2261 4266.32 7451.52 6273.49 4354.71 1782.53 4214.22 2058.71 2333.94 6358.71 569.982 2705.16 4239.58 2184.44 847.687 637.444 242.162 4034.46 4486.14 3259.54 8032.66 6315.98 1923.17 1431.67 395.281 5153.48 1083.38 4338.27 11545.8 1604.45 2599.97 842.118 7224.24 2547.88 348.292 5842.31
internal_count=296831 246767 50064 124620 122147 24271 73350 117616 62993 54623 25793 46881 7830 23164 39856 48797 50186 12802 7004 11469 26673 4297 18176 13183 21453 26396 164 16112 24654 39850 14767 3533 7877 11422 8455 30621 1711 5340 14530 6567 1860 1488 668 8659 17822 8367 22227 18117 6612 4143 820 24010 3295 15155 17963 5011 4133 2357 19829 5371 848 16933
is_linear=0
shrinkage=0.05


Tree=19
num_leaves=63
num_cat=0
split_feature=20 49 11 18 49 43 40 43 28 49 50 40 30 50 40 43 40 43 18 35 46 46 50 45 24 36 47 43 44 43 40 2 0 47 49 40 20 44 36 50 43 32 22 16 40 43 50 24 32 46 2 18 50 28 46 50 44 20 7 36 33 37
split_gain=14539.5 3856.58 1206.48 768.805 672.39 571.22 322.865 442.142 314.153 247.511 246.407 215.395 174.206 165.862 145.824 144.517 141.183 139.091 111.439 108.034 107.236 106.643 104.492 102.604 110.09 102.346 94.4658 96.274 92.3425 100.817 91.7365 90.8205 89.7517 87.8487 82.5549 82.1104 81.3159 74.7843 74.0607 83.1489 73.064 71.364 74.5475 70.9627 65.4442 65.1867 65.013 64.4748 79.7651 63.5958 62.2015 61.6265 60.5709 59.8138 59.6749 59.6015 59.3229 58.6039 58.3856 54.7454 54.6668 119.057
threshold=5.5000000000000009 2.308640110201473e+17 6.5000000000000009 9609211.4196398631 56234208555276256 4.6375216262975796 8.5000000000000018 4.7885895117540693 10437769660.506357 2.8642256196265021e+19 243.77511606659507 117.50000000000001 22.500000000000004 229.9424922571738 21.500000000000004 4.7856282271944925 3.5000000000000004 5.0002732240437169 1017571.0833396717 1.1329421267041355 31.380384615384624 30.259761904761909 104.6548236245353 0.62004475263889891 0.40620192023179819 9.9985714285714291 1.0000000180025095e-35 4.8001315789473695 0.57192781456780872 4.5600751879699262 433.50000000000006 1.5000000000000002 11.412500000000003 0.74579828516494751 6.0941682348611928e+20 56.500000000000007 34.500000000000007 0.3707162736589204 33.294300772414978 210.83786226944562 4.8111487758945399 4.995000000000001 5.2950000000000008 18.684659090909097 13.500000000000002 4.2502631578947385 107.98316070541593 0.3639809664187908 5.1950000000000012 10.004687500000001 2.5000000000000004 586006349.01935971 560.78595961157146 239697715.45601347 47.050925925925931 779.82269281538936 0.36191813516005789 2.5000000000000004 29.250000000000004 539.60555555555572 4.2921538461538473 1.2572426442185527
decision_type=2 2 2 2 2 2 2 2 2 2 2 2 2 2 2 2 2 2 2 2 2 2 2 2 2 2 2 2 2 2 2 2 2 2 2 2 2 2 2 2 2 2 2 2 2 2 2 2 2 2 2 2 2 2 2 2 2 2 2 2 2 2
left_child=1 4 5 6 10 11 15 13 26 23 18 19 17 14 28 -3 49 51 32 44 43 -16 50 -4 33 -21 -5 46 29 -8 58 -12 -1 41 37 -23 38 -9 39 -13 -14 -25 -43 -6 -2 -34 -28 48 -41 -17 -22 -7 59 -11 -47 -55 -52 -29 -26 -24 61 -35
right_child=2 3 9 8 20 12 7 34 -10 53 31 36 40 -15 21 16 -18 -19 -20 25 22 35 52 24 30 -27 27 57 -30 -31 -32 -33 45 60 -36 -37 -38 -39 -40 47 -42 42 -44 -45 -46 54 -48 -49 -50 -51 56 -53 -54 55 -56 -57 -58 -59 -60 -61 -62 -63
leaf_value=-0.01815458251392112 -0.0020223724004340884 -0.0087983206606785519 0.065988426147190304 0.011540710240628922 0.0081986576059097753 0.030656992972048758 0.0028745248639584636 0.03660836019507635 0.052204546380234473 -0.0027300266909738966 -0.0068238444552572927 0.050368249552819336 0.051933563714898018 0.0030890074892449028 0.0047686479082024759 -0.025725994166647656 0.01570820577062482 0.058009063989128321 0.0078262393904491283 0.058911434626747319 0.032119246033827896 0.020546656704734847 0.0010346776728752574 0.074162077221844536 0.042468302906550966 0.0043567082093629392 0.029368067941339837 0.030066716790821752 -0.0080735677975440033 0.017199449116334545 -0.054619445246454734 -0.028398433164739154 -0.020290046079417211 0.090153569925743651 0.05672640225090169 0.034887718976953669 0.064351100478995865 0.024974980481085596 0.0021560040774519337 0.063937512050830994 0.064921566996199456 -0.040580112384373576 0.03421027476445658 -0.013426553643540796 0.030583763113151474 -0.0086586494502307303 0.015316899772705637 0.067183300449405445 -0.05810381992792199 0.0023252059603050554 0.011954714233828307 0.050646334841937403 -0.023300734717755255 0.068330079299519883 0.0026277294461183932 0.029343895583223811 -0.0030724904001911829 0.043466114707324949 -0.025770894134999944 0.037081987067829281 0.064907074573421306 -0.061752098547562972
leaf_weight=2688.1346266269684 162.66374969482422 1259.3820203989744 1196.7087185680866 766.73098626732826 529.71576119959354 1658.2682348191738 1781.8891202956438 1918.0645236521959 1656.4807517677546 30.019250705838203 594.51362080872059 670.56577396392822 2384.5280352979898 2688.5828852057457 923.82212781906128 229.43634113669395 3664.4992133378983 980.77005848288536 915.22978013008833 95.273153558373451 322.22208066284657 6496.7527786493301 4509.3631444424391 60.919300615787506 1537.282164439559 880.35595616698265 2325.8026280999184 1773.4540342092514 586.955143481493 3953.1423179805279 25.449424058198929 2717.4908061921597 840.5051331371069 25.214369222521782 263.93379867076874 1179.2763104438782 459.37174499034882 4937.9677294045687 121.43584905564785 18.300501808524132 1983.5767782479525 49.11597016453743 103.58768950402737 1336.4962187409401 2853.3572714328766 4018.6549109891057 1274.2349494844675 26.005635991692543 49.884287685155869 1692.938563361764 3869.9015396237373 502.39128835499287 251.91505049169064 10106.73677071929 1652.887448862195 98.994016513228416 790.99956369400024 1511.4815588146448 31.998156443238258 107.84648631513119 1302.7779118716717 26.408107757568359
leaf_count=17090 479 5040 1898 2241 1984 3632 6325 4695 2927 76 3134 1227 4230 9059 3013 1073 11719 1668 4408 194 978 18527 18759 105 2938 2823 5827 4339 2063 11894 82 19150 5402 35 480 2818 734 12634 302 34 3155 171 210 6610 6459 22769 3522 42 178 6557 15212 904 1232 15963 8507 208 3309 3097 92 373 2104 121
internal_value=0.0230702 0.0103575 0.0536594 0.0198341 -0.00505049 0.0424848 0.0161114 0.0187716 0.0324624 0.0634953 -0.0126886 0.0299786 0.0513733 0.0145206 0.0165804 0.00650227 0.0099513 0.0423932 -0.00881287 0.0241468 0.00370153 0.0208183 0.00578323 0.0535182 0.0487997 0.00968414 0.0281886 0.0300425 0.0108155 0.0127487 0.0395497 -0.0245257 -0.0104681 0.0582073 0.0292859 0.0227499 0.047279 0.0282296 0.0384294 0.0441892 0.0578315 0.0284077 0.0101545 -0.00728834 0.0288252 -0.0072952 0.0243947 0.000199228 -0.0253485 -0.00102272 0.0108733 0.0353049 0.000574044 0.0677446 -0.0053694 0.0679519 0.00940445 0.0362321 0.0410769 0.00187665 0.0629075 0.0124444
internal_weight=93472.7 66030.7 27442 40884.8 25145.9 12846.7 31576.6 24730.4 9308.18 14595.2 13427.4 5337.21 7509.53 17610.4 14921.8 6846.26 5586.87 3141.43 10115.4 3991.65 11718.5 8599.85 9852.25 4359.46 3162.75 975.629 7651.7 6884.97 6321.99 5735.03 1594.73 3312 9200.18 1568.02 7119.97 7676.03 1345.56 6856.03 886.192 764.756 4368.1 213.623 152.704 1866.21 3016.02 6512.05 3600.04 94.1904 68.1848 1922.37 4983.12 2160.66 4869.12 10235.8 5671.54 10205.7 4660.9 3284.94 1569.28 4617.21 1354.4 51.6225
internal_count=296831 246767 50064 117850 128917 26061 95897 71508 21953 24003 80460 12472 13589 53699 44640 24389 19349 6204 58176 9955 48457 24358 39863 7756 5858 3017 19026 16785 20282 18219 3112 22284 53768 2746 17809 21345 2517 17329 1783 1481 7385 486 381 8594 6938 36678 9349 254 212 7630 19499 4536 20364 16247 31276 16171 18521 7436 3030 19132 2260 156
is_linear=0
shrinkage=0.05


Tree=20
num_leaves=63
num_cat=0
split_feature=20 48 20 12 43 38 1 1 40 43 18 1 40 50 1 1 43 28 18 40 50 46 1 43 47 50 47 9 1 45 30 43 40 30 40 47 43 20 47 18 9 9 1 50 50 47 26 0 44 37 48 38 35 1 30 35 36 0 16 33 26 30
split_gain=13548.3 3474.85 1208.88 755.339 542.448 502.449 461.993 378.132 376.994 247.063 240.528 205.128 200.52 189.996 187.976 178.606 163.281 158.584 133.43 125.892 123.476 134.326 116.425 111.795 100.886 101.373 96.7642 95.4229 95.1702 87.5783 85.6445 84.9434 83.5634 83.3623 82.6732 88.5322 81.4777 151.353 88.4781 79.2373 76.1715 74.6092 74.2554 71.0555 70.7713 68.3735 70.6582 65.9754 64.1952 63.1853 62.7716 62.5896 70.0736 62.5073 62.4193 79.1932 63.6282 61.5069 61.3632 98.3968 59.2564 131.847
threshold=5.5000000000000009 146832115.69885862 17.500000000000004 5.7550000000000008 4.692823076577791 7931000.9060230451 4.9050000000000011 4.8950000000000005 9.5000000000000018 4.692823076577791 81753272.656293467 6.6950000000000012 3.5000000000000004 393.88566249663955 4.4350000000000014 6.6250000000000009 4.4636602870813409 31656980512.409153 2849608823.3497171 33.500000000000007 313.06870053564825 35.789022556390982 5.5950000000000006 4.9200946372239756 53.217318633097442 222.04092397882437 12.41652192773652 5999331.5000000009 4.285000000000001 0.81942355076085283 24.500000000000004 4.36224318658281 41.500000000000007 7.5000000000000009 22.500000000000004 20.000281246045034 4.6463525498891363 68.500000000000014 1.0000000180025095e-35 1081907557.2760799 1011552483.0999991 25604.000000000004 4.7750000000000012 535.17466620435641 107.98316070541593 11.379078915727931 75.216666666666683 95.550000000000011 0.3758178132531545 5.8105819143802897 52058041.279764526 11269852347.587788 1.1428802155348754 6.9050000000000011 17.500000000000004 0.81950580568463982 12.000787401574806 60.850000000000001 10.039077412513256 4.3504545454545465 32.996913580246925 74.500000000000014
decision_type=2 2 2 2 2 2 2 2 2 2 2 2 2 2 2 2 2 2 2 2 2 2 2 2 2 2 2 2 2 2 2 2 2 2 2 2 2 2 2 2 2 2 2 2 2 2 2 2 2 2 2 2 2 2 2 2 2 2 2 2 2 2
left_child=1 5 4 7 16 6 13 8 20 19 29 27 53 26 43 23 49 41 30 24 21 -3 50 32 -10 -26 -1 -8 -23 -4 42 -21 44 -25 35 -11 37 38 -12 54 57 45 -6 -7 -14 -5 -47 -24 -37 -2 -16 52 -51 -9 55 56 -18 -13 -31 -60 61 -61
right_child=2 3 10 17 18 14 11 12 9 34 36 40 15 -15 22 -17 39 -19 -20 31 -22 28 47 33 25 -27 -28 -29 -30 58 -32 -33 -34 -35 -36 48 -38 -39 -40 -41 -42 -43 -44 -45 -46 46 -48 -49 -50 51 -52 -53 -54 -55 -56 -57 -58 -59 59 60 -62 -63
leaf_value=-0.02145305416849556 0.032557176207297464 -0.010936825785264647 0.054773645281592689 0.027085879576509455 0.030274040393869613 -0.0046743601224743785 0.006306554891329752 0.0047807766942137911 0.0034155077403160137 0.0027573531590742292 -0.0044625258370282637 0.043020716405837656 0.022884064663362801 -0.038101576688338384 -0.0019539961496863722 0.067280703735862341 -0.034294700687774293 0.056462534819870153 0.060145598688463614 0.001799514617167223 -0.022921988953580084 -0.0099617415478874885 0.036061074253978191 0.027416532866288992 0.017841368582370669 -0.0022482008980533332 -0.008403016242642912 -0.0095413656099566525 0.011890089449890378 0.049054957458550638 0.05473886238392886 0.020903407768040939 0.035398265855570474 0.045626259294444284 0.030724117640106803 0.031827851903524093 0.067264649418397535 0.067863020746529293 0.049065560316057917 0.047813955675367566 -0.029435053575741457 0.016310037196004965 0.047305331366205933 -0.033815999997059663 0.012152063338196231 0.047690893312044402 0.012466330323855981 -0.0081413838014686244 0.017794399314102056 0.025305854040957223 0.0091556983917688781 -0.047748071132029363 -0.00084996889452435302 0.048219723943938718 0.035932082212642047 0.032040831858813359 0.014422991303982608 -0.017011058912351981 -0.062618144361778524 -0.01970503816541283 0.051002160988918556 0.052782068544827247
leaf_weight=4129.6555465236306 349.32808014750481 1262.9119421988726 2603.9675942361355 1048.3451954424381 1209.9300514012575 3859.6775825545192 1438.5572396814823 1648.0205662101507 4962.9439010620117 688.87604688107967 81.743740618228912 394.24299220740795 3789.3564481139183 1279.1637809798121 1940.4406522288918 246.57981784641743 77.667900189757347 964.4943450242281 2155.4506653547287 677.17032632231712 507.41304194927216 602.75627881288528 495.88995797932148 3480.7933090627193 3307.1784788072109 775.11401689052582 2165.2370048239827 2795.8451081514359 2874.4194356501102 536.86822044849396 1376.6143334656954 4134.5624834895134 830.18438245356083 766.98393966257572 2416.8674415498972 1194.7276613116264 8418.7887828350067 1745.8256612718105 1388.5802522450686 794.42727725207806 48.581194803118706 538.39207424223423 1358.6380619555712 221.16086132824421 2583.4596447497606 1298.10628066957 159.90489973127842 101.73565483093262 2563.3935934305191 458.24781493842602 3687.8917278200388 47.934244692325592 580.39532949030399 87.197386547923088 1995.3021527826786 821.94912651181221 488.9549625068903 47.846152395009995 30.405049070715904 133.6909873187542 195.3557077050209 118.19039495289326
leaf_count=28779 848 5282 4532 2428 2588 19196 6378 6058 17187 2194 218 1000 10289 10440 9384 432 247 1642 3621 2416 2191 2401 1499 9070 9859 2728 11873 15416 9715 1012 2378 11439 1904 1540 5694 3082 13600 2810 2536 1457 211 1325 2538 1341 7540 2505 394 374 7014 1151 14156 165 1979 187 4161 1925 1213 204 134 384 357 210
internal_value=0.0220387 0.00984016 0.0518998 0.0181182 0.0398202 -0.00605621 -0.0128801 0.0160143 0.0124915 0.0155232 0.061177 -0.000611023 0.0228249 -0.0205341 0.00208672 0.0251778 0.0286046 0.0387943 0.0501416 0.0116806 0.000520141 0.00302955 0.00755348 0.0242711 0.00820464 0.0140269 -0.0169643 -0.00415734 0.00810215 0.0499183 0.0446759 0.0182149 0.0204772 0.0307045 0.0232807 0.0192353 0.0646785 0.0579089 0.0460896 0.0336033 0.0299931 0.0331974 0.0392827 -0.00625369 0.0185334 0.036825 0.0438277 0.0285364 0.0222557 0.014059 0.00532549 0.00811195 0.0106899 0.00696365 0.0302671 0.0221267 0.00774518 0.0365236 0.0374561 0.0244191 0.0303363 0.0143081
internal_weight=92984.3 66016.1 26968.3 43410.2 11714.8 22605.9 12299.1 39400.9 25968.3 20720.8 15253.4 4725.07 13432.6 7574.06 10306.8 11697.4 5614.21 4009.24 6100.63 13857 5247.5 4740.09 6225.96 11450.8 9045.24 4082.29 6294.89 4234.4 3477.18 3618.48 3945.18 4811.73 7203 4247.78 6863.86 4447 11634.9 3216.15 1470.32 4178.3 490.67 3044.75 2568.57 4080.84 6372.82 2506.36 1458.01 597.626 3758.12 1435.91 5628.33 1086.58 1038.64 1735.22 3383.87 1388.57 566.623 442.089 1014.51 477.642 447.237 251.881
internal_count=296831 246767 50064 126516 24271 120251 74301 118222 81202 61613 25793 23209 37020 51092 45950 30775 13146 8294 11125 43629 19589 17398 25413 30343 29774 12587 40652 21794 12116 6629 7504 13855 19733 10610 17984 12290 19164 5564 2754 9003 1415 6652 5126 20537 17829 5327 2899 1873 10096 4143 23540 3295 3130 6245 7546 3385 1460 1204 2097 1085 951 594
is_linear=0
shrinkage=0.05


Tree=21
num_leaves=63
num_cat=0
split_feature=29 48 10 29 48 48 1 48 40 47 1 1 1 1 45 9 38 50 47 34 43 19 50 40 43 30 1 26 40 30 17 22 1 30 43 47 43 30 50 10 50 47 1 50 36 43 10 45 50 30 13 9 15 33 1 32 50 35 9 36 45 47
split_gain=12571 2800.02 1765.8 632.919 542.118 370.231 355.421 401.18 301.714 284.721 205.13 177.239 165.516 162.695 156.788 147.219 144.587 124.796 122.051 117.632 150.869 113.371 110.401 110.098 115.072 105.403 104.86 102.565 97.31 96.684 91.0815 162.286 90.7657 84.3562 89.6975 83.7137 92.4434 82.4672 79.9882 79.4133 78.9725 77.346 76.4515 76.0972 71.4251 71.1652 68.4027 68.3281 95.1901 64.9512 60.0493 59.7869 58.8191 58.6157 57.8496 57.7595 57.7379 55.7393 55.2665 58.7468 57.4606 54.0029
threshold=3.4442037390648928e+17 84872516.669353202 3.5000000000000004 14470362731817398 5152010260.7568645 22751352802.899826 4.9050000000000011 12223183.666937871 74.500000000000014 29.668047302589681 7.0950000000000006 4.5950000000000006 5.9650000000000007 4.6950000000000012 0.89185473962275041 15092809.000000002 183150284014.59189 139.78673502612926 1.0000000180025095e-35 0.38586842886225114 4.66670396896449 1809525705753940.8 441.9246103158444 3.5000000000000004 4.9142857142857164 51.500000000000007 5.7550000000000008 165.31666666666669 460.50000000000006 17.500000000000004 1.6500000000000015 6.7950000000000008 5.8150000000000004 4.5000000000000009 4.3571841453344353 11.500154828833358 4.8850133689839579 1.5000000000000002 326.37629440846257 10.500000000000002 278.55189666055003 11.500154828833358 4.6050000000000013 560.78595961157146 500.01250000000005 5.5629166666666672 6.5000000000000009 0.88878870715084235 511.3473367788601 22.500000000000004 4.646009701492539 71332671.000000015 1.08573620475813 4.4875245098039231 4.7750000000000012 5.1950000000000012 185.34377659491963 1.2666922388844875 256872.00000000003 11.388362671344892 0.94411843892011194 125.71726521687114
decision_type=2 2 2 2 2 2 2 2 2 2 2 2 2 2 2 2 2 2 2 2 2 2 2 2 2 2 2 2 2 2 2 2 2 2 2 2 2 2 2 2 2 2 2 2 2 2 2 2 2 2 2 2 2 2 2 2 2 2 2 2 2 2
left_child=1 6 4 9 27 18 7 22 13 12 15 17 23 33 -10 26 25 -11 47 -20 28 41 -1 54 58 42 56 29 30 35 -21 57 37 40 -35 53 -37 -15 61 -7 -5 -9 -6 -43 -19 -14 -36 -4 50 -22 -49 -12 -23 -2 -3 -16 -8 -32 60 -60 -25 -13
right_child=2 3 5 8 16 39 10 21 14 11 51 38 45 32 55 -17 -18 44 19 20 49 52 -24 24 -26 -27 -28 -29 -30 -31 31 -33 -34 34 46 36 -38 -39 -40 -41 -42 43 -44 -45 -46 -47 -48 48 -50 -51 -52 -53 -54 -55 -56 -57 -58 -59 59 -61 -62 -63
leaf_value=-0.02141718513137706 -0.070311527599655629 -0.024533213238685375 0.035428109501988214 0.0086791079406541918 0.027031548292256149 0.057304830660636068 0.0051908914725049375 -0.016968066318432746 0.041773994094001211 0.013260622538570075 0.060710507815297722 0.021422524384577025 0.047725689396707474 0.0020171611398116102 0.035458722865345738 -0.011194676531456052 0.056380336643815303 -0.0049525952996051477 0.062612188919891149 0.049809631202738847 0.04726224355343308 0.0044548967041508972 -0.041165844400463357 0.017124373892010537 0.016095943451956651 0.05336425296097963 0.02205527817606406 -0.007115830014532188 -0.059378605898099138 0.03974837572148418 0.032313602741047755 -0.063011163187732408 0.043999805512347834 6.9004970522039516e-05 0.017681075183195501 0.017836216066071244 0.037023003530708351 0.023959473692859237 -0.0029355582273619778 0.066201272958588075 -0.024649272516320826 -0.003644523833447435 0.040688317849392842 -0.038436418377398682 0.015221807383818104 0.013432121617806436 0.044944153845458891 -0.083712987932481289 0.064669327302812524 0.064250670844597943 -0.0020652684537463221 0.007930611192534057 0.046629572587426643 0.011289337708544841 -0.0040498958451519063 -0.0054512070281982966 -0.011838136768696834 -0.045242373814326386 -0.024375809021031675 -0.00099584164469875632 -0.0019345209231039105 0.0070743024571497228
leaf_weight=3526.3734878152609 22.359443813562393 535.62171125411987 252.47060132026672 1696.4608749002218 1693.0312094986439 3656.6236537694931 2132.2011230140924 2065.0399631261826 2334.1337226182222 4201.889631614089 182.4341157078743 6855.0195230990648 258.19774101674557 453.48219875991344 127.24725164473057 2010.0050174295902 1479.9401957243681 2057.752045109868 1351.1310071200132 637.92050628364086 1560.9073964804411 1151.0465406402946 885.35738885402679 858.35475319623947 1454.6530275195837 994.51097969710827 770.91640967130661 305.0305921882391 27.642866477370262 714.96617996692657 857.86151631176472 49.286715358495712 534.87670029699802 719.82509000599384 7097.2609871327877 1676.1618413329124 1003.7152267545462 7683.5890436768532 398.38688097894192 7988.4367615282536 198.54269605875015 3855.9731080979109 2596.2966586053371 163.84178423136473 557.60627023875713 365.33050841093063 237.78007903695107 37.934358492493629 32.014714926481247 879.72329571843147 55.418489351868629 76.009694769978523 89.068413600325584 1396.8483057022095 967.02975958585739 267.98460361361504 649.35186283290386 23.810047015547752 288.05412945151329 3994.910822853446 733.34632539749146 725.15565954148769
leaf_count=26149 90 2892 518 5763 3702 6370 9481 12078 4593 13776 364 19837 622 1540 324 11265 2541 7918 2239 1170 2890 5190 7942 2710 4550 1742 2914 911 91 1457 1782 167 1167 2645 19742 4309 2191 20027 1418 13321 833 19894 5122 1070 1764 1225 464 151 54 1452 146 263 219 3917 4113 783 3193 80 1303 15144 2969 2274
internal_value=0.0210637 0.00850743 0.0481358 0.0150398 0.0332763 0.0582772 -0.00845901 -0.0134689 0.0213175 0.00951271 0.00164249 0.0138437 0.00273568 0.019042 0.0368427 -0.000380707 0.0425672 0.00792347 0.0479157 0.049842 0.0455682 -0.00629482 -0.0253804 0.000977968 0.00350568 0.0386983 0.00573789 0.0210003 0.0336174 0.0227819 0.035256 0.0252834 0.0240481 0.0146789 0.016912 0.0198225 0.0250224 0.0227366 0.0189022 0.0634077 0.00518724 -0.009103 0.0352979 -0.00506259 -0.000651321 0.0276328 0.0185649 0.0204449 -0.00972885 0.0533857 -0.0352432 0.0451877 0.007484 0.0100037 -0.0113512 0.00771999 0.00121548 0.0302192 0.000388152 -0.00256828 0.00834335 0.0200499
internal_weight=92454.2 63160.1 29294 45602.5 11882.9 17411.2 17557.6 11736.7 21351.2 24251.3 5820.92 14795.8 9455.5 18621.8 2729.37 5562.47 6763.78 6817.25 5766.12 5388.28 4037.15 7324.97 4411.73 8831.97 7329.32 5283.84 3552.47 5119.08 1596.52 4814.05 1568.88 930.958 8671.95 9949.87 8054.87 4099.08 2679.88 8137.07 7978.56 11645.1 1895 6084.85 4289.33 4019.81 2615.36 623.528 7335.04 377.838 125.368 2440.63 93.3528 258.444 1240.11 1419.21 1502.65 395.232 2781.55 881.672 5874.67 4282.96 1591.7 7580.18
internal_count=296831 240418 56413 140396 25982 30431 100022 72542 57881 82515 27480 46987 35528 52181 5700 26853 13107 23458 10740 9871 7632 38451 34091 33681 26676 10566 15588 12875 3290 11964 3199 2029 22734 29447 22851 10507 6500 21567 23529 19691 6596 33042 8824 20964 9682 1847 20206 869 351 4342 297 627 5409 4007 7005 1107 12674 1862 22126 16447 5679 22111
is_linear=0
shrinkage=0.05


Tree=22
num_leaves=63
num_cat=0
split_feature=20 48 20 9 43 48 1 38 1 40 1 12 43 30 48 18 1 43 5 40 45 43 45 30 30 25 30 1 1 47 1 1 47 44 1 14 40 47 47 37 47 40 22 47 40 44 34 14 1 2 47 1 30 14 1 30 9 47 9 1 40 33
split_gain=11822.3 3061.51 904.128 725.405 665.976 575.642 348.277 299.005 291.318 285.53 218.592 186.583 173.662 167.638 148.163 143.791 140.481 125.733 123.222 122.629 120.043 114.172 112.536 96.4164 94.1764 89.5888 89.8266 88.5902 87.2546 87.0763 86.5255 85.7946 92.1803 80.4964 78.7246 78.683 75.6934 73.2498 71.0684 141.521 112.21 94.8422 70.5122 70.2714 66.9293 63.5262 62.7932 62.456 61.9837 61.1583 58.7386 58.7296 58.6189 58.5678 57.3723 57.1144 56.2352 55.1377 54.607 52.7289 51.4607 78.9336
threshold=6.5000000000000009 205466709.88680819 33.500000000000007 27159.500000000004 4.7160139372822316 34519592.8594772 5.5950000000000006 22432160661.166283 4.7750000000000012 8.5000000000000018 5.7950000000000008 6.0650000000000004 4.8600373134328372 4.5000000000000009 3954269.4990041857 1132370764.4532464 4.4350000000000014 4.7920227272727294 0.92500000000000016 21.500000000000004 1.2311591074166992 4.4636602870813409 0.81942355076085283 24.500000000000004 1.5000000000000002 0.75529475113609057 84.500000000000014 4.995000000000001 4.8050000000000006 14.238489218144666 6.8750000000000009 6.9850000000000012 1.0253942301229526 0.41279534881100599 4.4850000000000012 0.05000000000000001 5.5000000000000009 52.300071701622549 29.333505752347353 3.535678207549481 7.4818231905724728 63.500000000000007 6.1850000000000014 1.0000000180025095e-35 13.500000000000002 0.36004200955636767 0.26002304309443475 1.0000000180025095e-35 4.6950000000000012 12.500000000000002 1.0000000180025095e-35 6.3850000000000007 10.500000000000002 1.0000000180025095e-35 5.8950000000000005 8.5000000000000018 21686167.000000004 31.703489277581589 1011552483.0999991 6.495000000000001 345.50000000000006 4.4389039039039044
decision_type=2 2 2 2 2 2 2 2 2 2 2 2 2 2 2 2 2 2 2 2 2 2 2 2 2 2 2 2 2 2 2 2 2 2 2 2 2 2 2 2 2 2 2 2 2 2 2 2 2 2 2 2 2 2 2 2 2 2 2 2 2 2
left_child=1 5 4 7 11 6 14 27 9 29 16 20 19 31 28 23 36 51 30 37 44 -21 -4 -6 -18 -24 38 -3 -1 -5 56 32 -10 -31 35 -16 -7 45 39 43 42 -42 -41 -27 46 -11 -2 -26 -22 -38 -13 -15 -19 -29 57 -23 -8 -34 -32 -20 -46 -62
right_child=2 3 22 8 15 10 18 -9 13 12 -12 50 -14 17 34 -17 24 52 59 21 48 55 25 -25 47 26 -28 53 -30 33 58 -33 54 -35 -36 -37 49 -39 -40 40 41 -43 -44 -45 60 -47 -48 -49 -50 -51 -52 -53 -54 -55 -56 -57 -58 -59 -60 -61 61 -63
leaf_value=-0.029341508687358075 0.06699585545948232 0.023072779480336716 0.063996606313233576 -0.017164042048729341 0.03827883574305771 -0.015356366671188448 0.0065804369532316805 0.051883601689700166 0.00066724104646327556 0.014758513810577007 0.032674373193758426 -0.021067545112163938 0.026396583595882445 0.018326585125047503 -0.019207815570359037 0.060581618632711276 -0.0016035397219146892 0.02904163160358858 0.018595018773121454 0.0054180810338586198 -0.0041150523119140503 0.010973230113892172 -0.017493402968034602 0.054324696504402352 0.0077085260917629786 -0.025164912425175115 0.061568666732865929 0.027262900392251169 -0.013854481651430892 0.018889492750685764 0.03210958833277501 0.053728162393373594 0.0084679864433302911 -0.0051919618547868031 -0.0055132876104984005 0.028459899282671952 0.0012566306309117357 0.011971628367182305 0.06709006331916878 0.020541448678639326 0.05744769673892907 -0.046792954917427007 -0.091324590981213205 0.058973818189889518 0.028519147305540983 -0.0029325227842816274 -0.0070301284042496486 0.025609589674401953 0.040697977705772638 -0.014595128239795307 0.048562297788813567 0.053931457667233632 0.044752140276579901 0.043173867330147421 0.030393161206145203 0.021481884635922363 -0.013025337670445556 0.018891258090696153 -0.032948441935495641 0.057393039618415326 -0.036920854500045591 0.049312883130336334
leaf_weight=2503.9550644531846 33.293891400098801 5303.6696715950966 8622.0038212090731 932.39245158433914 1889.3291386216879 1265.9955153018236 602.1304427832365 1386.0666817724705 1103.3506510257721 626.20840257406235 588.21273384988308 30.963533937931061 2083.2947187870741 3533.3878998756409 2433.0147968679667 3268.3251664042473 2952.3276487439871 2189.1765293776989 361.64961242675781 2377.4981124699116 430.06594355404377 1849.2149891853333 49.119174316525459 1855.738646492362 5000.8519033491611 27.990722998976707 833.71791388094425 1223.1549967080355 1428.237581409514 492.26992216706276 261.74958403408527 138.12016500532627 2130.196344345808 1176.061171784997 2984.3192687183619 89.764996841549873 3567.5410094410181 2350.3458113521338 134.76326076686382 19.772571459412575 67.68180724978447 32.202866569161415 48.985821023583412 218.77326306700706 4038.770817399025 2675.54646012187 205.26562042534351 539.8555233925581 94.034831240773201 733.5916071087122 1388.6218047738075 119.74355210363865 814.70152175426483 1097.1660126298666 652.56546513736248 4298.5209370553493 931.64896719157696 3137.4598432034254 36.787382811307907 115.55418954789639 27.972417145967484 517.04074497520924
leaf_count=20842 64 13678 14809 4057 3741 6627 2829 2497 4044 1971 1595 86 5210 9398 16146 5660 12665 5097 1667 7867 1440 5561 134 3265 18616 90 1439 2948 8713 1597 708 268 6732 4504 16996 372 15622 7097 216 56 117 101 185 377 8850 9408 581 1633 222 3637 2560 228 1612 2214 1657 11148 5220 8716 162 255 89 935
internal_value=0.0201331 0.00952396 0.0504401 0.0179606 0.0421213 -0.00380029 -0.0120448 0.0305215 0.0144974 0.0104567 0.00281226 0.03093 0.012917 0.0200127 -0.016303 0.0529179 0.00156297 0.0257247 0.005359 0.0109363 0.0266516 0.0147226 0.0618401 0.0462298 0.00560936 0.0488653 0.0512206 0.0266378 -0.0237164 -0.00492592 -0.000534938 0.0147032 0.0139358 0.00191369 -0.0110097 -0.0175117 -0.00461007 0.00522518 0.0355392 0.0253037 -0.00999837 0.0238405 -0.0591557 0.0494299 0.0291215 0.000422746 0.0033011 0.00945271 0.00392536 -0.00144701 0.0470436 0.0194937 0.0333026 0.0347864 0.0164086 0.0183209 -0.00532851 0.0146762 0.0240928 0.0279899 0.0304653 0.044887
internal_weight=91921.7 68087.3 23834.4 41690.1 13779.4 26397.2 11748.8 9010.06 32680.1 18861.4 14648.4 6766.03 16260.6 13818.7 9439.29 7013.39 14060.2 6657.01 2309.52 14177.3 5346.44 8525.23 10055 3745.07 8493.04 1433.01 1383.89 7623.99 3932.19 2600.72 1832.32 7161.69 7023.57 1668.33 5507.1 2522.78 5567.13 5652.1 550.17 415.407 168.643 99.8847 68.7584 246.764 4822.34 3301.75 238.56 5540.71 524.101 4301.13 1419.59 3653.13 3003.88 2320.32 5920.22 6147.74 1533.78 5267.66 298.537 477.204 4583.78 545.013
internal_count=296831 251814 45017 117509 27493 134305 73910 21337 96172 58420 60395 14827 48262 37752 63069 12666 58800 16335 10841 43052 12181 24576 17524 7006 32914 2715 2581 18840 29555 10158 8919 21417 21149 6101 33514 16518 25886 18476 1142 926 459 218 241 467 10519 11379 645 20249 1662 19259 2646 9626 6709 5162 17105 16709 8049 15448 870 1922 9874 1024
is_linear=0
shrinkage=0.05


Tree=23
num_leaves=63
num_cat=0
split_feature=20 48 20 18 48 43 1 39 1 18 1 50 50 46 1 40 1 43 28 1 18 18 47 30 18 44 25 46 0 30 14 36 9 46 4 9 26 0 40 30 46 47 47 30 43 2 30 9 47 0 43 42 50 47 28 43 44 9 9 40 40 33
split_gain=11061.2 2758.69 906.383 680.016 525.52 432.624 319.563 292.64 275.961 232.172 190.584 180.58 177.597 173.371 156.663 139.204 132.715 129.945 126.745 116.451 112.274 104.101 103.699 103.159 97.5559 88.4459 85.5634 84.6097 82.3646 80.3303 80.2037 79.994 79.1569 78.3166 76.2526 75.6513 74.6438 73.5431 70.2402 69.4364 93.6655 68.9054 68.1281 67.9006 67.0839 75.784 66.1453 63.7837 62.7668 62.0097 60.7908 60.5374 59.0789 58.9894 101.344 58.5674 58.5575 54.4329 54.1364 54.109 96.1169 53.7721
threshold=6.5000000000000009 205466709.88680819 19.500000000000004 1015884274.1461791 37849893.910312466 4.7326566968830299 4.9050000000000011 14124431123999740 4.8950000000000005 85486007.490109041 5.6750000000000007 393.88566249663955 207.4341324427983 30.259761904761909 6.5850000000000009 44.500000000000007 6.5850000000000009 4.311200716845879 31656980512.409153 4.4350000000000014 1017571.0833396717 1132370764.4532464 56.537596189131072 16.500000000000004 2911409901.0640974 0.081717642867670456 1.1088369750721339 34.260822510822514 6.0005000000000015 71.500000000000014 1.0000000180025095e-35 6.003000000000001 195454.50000000003 12.474316720257237 0.7521500000000001 1128284.0000000002 9.9663841807909623 93.050000000000011 340.50000000000006 21.500000000000004 465.43784836679657 52.756814836547058 11.500154828833358 17.500000000000004 4.9200946372239756 14.500000000000002 25.500000000000004 17942721.500000004 83.523402066325431 69.050000000000011 4.7706202046035822 6.8850000000000007 292.50362589469142 1.0253942301229526 1434964655.8390048 4.6866803840877926 0.63035882061011939 9603.5000000000018 127206812.00000001 190.50000000000003 268.50000000000006 4.699913941480208
decision_type=2 2 2 2 2 2 2 2 2 2 2 2 2 2 2 2 2 2 2 2 2 2 2 2 2 2 2 2 2 2 2 2 2 2 2 2 2 2 2 2 2 2 2 2 2 2 2 2 2 2 2 2 2 2 2 2 2 2 2 2 2 2
left_child=1 4 5 7 6 17 11 33 12 26 19 20 13 31 35 22 23 -2 57 27 42 28 32 25 46 -10 29 -6 -19 50 41 -9 61 -3 -11 -8 59 47 -30 40 -14 -21 -1 -33 -27 -46 -7 -16 -24 -12 -4 -45 -29 54 -36 -42 -35 -5 -37 -28 -61 -15
right_child=2 3 9 18 10 24 14 8 16 34 49 -13 39 15 37 -17 -18 21 -20 30 -22 -23 48 -25 -26 44 36 52 38 -31 -32 43 -34 56 53 58 -38 -39 -40 -41 55 -43 -44 51 45 -47 -48 -49 -50 -51 -52 -53 -54 -55 -56 -57 -58 -59 -60 60 -62 -63
leaf_value=-0.020211544429428272 -0.0078088111078711822 -0.029167384384795214 0.030662487214207102 0.036916581658359947 -0.015579780772191543 0.037623751576553371 0.012211590101525753 -0.059553413498900976 -0.0017806766896023376 0.0021614428599158282 0.035827090317411235 -0.034648143135615407 -0.0034670032240850246 0.01077287759897465 0.051982522214397545 0.027728318001520105 0.052853706651314815 -0.021183888012886173 0.052577050771881823 0.0011044389395341828 0.005363734481060662 0.043580879055890948 0.024688695687364995 0.037397336763741233 0.058033860453899633 0.017669010026493733 0.067715732194808184 0.0017255561131218041 0.024886524479933839 0.055688604979003554 0.024156836437661422 -0.002712215254974368 0.0070414841377307597 0.0053203843122654904 -0.01113920425861408 -0.004710814082846607 0.0029159367854386417 -0.035442211272731138 0.047732559049289899 0.025854185283540523 0.005750590220464106 0.011781789298449353 -0.008294696181641123 0.0046445580919269982 0.027215026078887379 -0.0073311423982954545 0.053516682361470384 0.015749462246374309 0.014514799671813825 3.0801041040950829e-05 0.054851577489301279 0.039787421270316085 -0.015409954281848763 0.062156235370231398 0.05645148089565391 0.028195138277136184 -0.015284567297713714 0.020770778981194428 -0.022990023743327759 -0.08214445208179616 0.07116154612552486 0.022462473976305301
leaf_weight=3785.8968633487821 243.4329636991024 213.22522358596325 789.91312591731548 1670.9362225830555 1247.3896709233522 1902.1790013313293 586.42377635836601 52.603015974164009 436.52393536269665 54.44450655579567 558.55085653066635 1293.8781889081001 2569.8101331591606 1942.507103562355 192.29557767510414 2534.18008685112 351.92654643952847 90.630645096302032 1062.26038582623 5555.9156782776117 661.07267109304667 1054.1918100863695 3300.0271358937025 957.30853234231472 1753.0752554386854 5758.1451986134052 109.27005948126316 3530.9315134882927 3598.4346825182438 1662.1568167954683 528.08747635781765 1413.6493093669415 4615.8325598686934 2343.5748289376497 74.10242834687233 2938.1337444335222 204.58520875871181 48.21842497587204 371.13711725175381 334.87238985300064 924.92977000772953 2075.4534802287817 1755.4604587107897 310.19946557283401 4174.6779118776321 165.02688559889793 998.25812476873398 329.73742605745792 2804.1952497661114 154.43317244946957 386.99035789072514 202.56655831634998 586.57447031140327 9796.9507181495428 220.42221447825432 423.84201002120972 404.29283231496811 759.19188216328621 469.82648038864136 18.979120403528214 22.163392841815948 1993.2663832306862
leaf_count=27913 884 1109 1649 3375 6495 3770 2562 230 1506 138 1513 11176 8818 5829 400 6161 682 274 1908 22437 3451 2014 8754 2008 3135 15289 174 15389 8193 2960 1582 4925 14610 8724 206 15726 550 235 684 853 2882 7451 10493 901 10348 505 1770 1067 7949 504 683 436 2954 17417 404 1070 1741 1733 2957 78 34 5163
internal_value=0.0192491 0.00905582 0.0489403 0.0170505 -0.00362701 0.0375692 -0.0113064 0.0151211 0.0163887 0.057474 0.00287844 -0.0176573 0.0132436 0.0152945 -0.000876506 0.0169079 0.0226087 0.0278825 0.0381701 0.00155019 -0.0141129 0.0295813 0.0150369 0.0216825 0.048722 0.0202544 0.0457177 -0.00417162 0.0259465 0.0486115 0.00531232 0.0012802 0.0114835 2.36587e-05 0.061175 -0.00437643 0.0225748 0.0236391 0.0270225 0.00400086 0.00213333 0.00400829 -0.0164364 0.00294133 0.021207 0.0259013 0.0430937 0.0290962 0.0200149 0.0280736 0.0386164 0.0185276 -0.000715546 0.0614934 0.0394457 0.0128036 0.00228878 0.0318725 -0.00723081 0.0493141 0.000441195 0.0166931
internal_weight=91369.2 68017.9 23351.3 41719.6 26298.3 10011.3 12060.9 38227.2 35266.1 13340 14237.3 7496.31 23422.5 19169 4564.64 17190 11843.6 5357.83 3492.39 13524.4 6202.43 5114.39 14655.8 11491.7 4653.51 10534.4 3194.06 5364.9 4060.2 2839.06 8159.46 1979.02 8551.61 2961.09 10145.9 3994.38 354.998 570.251 3969.57 4253.45 3918.58 7631.37 5541.36 1926.42 10097.8 4339.7 2900.44 522.033 6104.22 712.984 1176.9 512.766 4117.51 10091.5 294.525 1348.77 2747.87 2430.13 3407.96 150.413 41.1425 3935.77
internal_count=296831 251814 45017 117509 134305 20724 75980 110493 98919 24293 58325 53033 68581 54958 22947 48466 30338 12049 7016 56308 41857 11165 42305 29656 8675 27648 6128 24838 9151 5292 31470 6492 25602 11574 18165 21245 836 1702 8877 13623 12770 29888 38406 6262 26142 10853 5540 1467 16703 2017 2332 1337 18343 18027 610 3952 10465 5108 18683 286 112 10992
is_linear=0
shrinkage=0.05


Tree=24
num_leaves=63
num_cat=0
split_feature=20 48 18 18 48 9 1 31 48 1 46 50 48 1 1 29 7 0 50 1 46 18 35 46 0 8 40 40 1 40 46 46 50 33 18 1 45 1 35 1 20 46 31 40 26 1 50 46 1 0 40 33 46 20 33 33 33 10 50 44 46 50
split_gain=10377.4 2757.73 823.759 645.254 489.951 332.418 304.545 230.09 223.519 208.904 195.725 178.1 176.605 161.813 149.057 141.408 125.312 115.124 111.219 107.293 95.2722 114.608 93.4888 125.242 90.3062 89.7778 89.1313 88.42 82.4994 80.9949 80.5146 79.7008 104.705 76.8995 75.7488 75.6374 73.4209 71.9705 69.9113 68.8319 64.7943 64.6329 64.5778 63.8561 63.1845 63.1602 61.6195 60.596 60.2906 95.8771 61.8354 60.1936 59.2425 60.4454 58.7477 58.6026 58.3599 58.3005 61.0347 57.2336 56.8238 92.3574
threshold=8.5000000000000018 205466709.88680819 1015884274.1461791 81753272.656293467 27740389.494676415 189548.00000000003 5.5950000000000006 1.5166666666666668 22751352802.899826 5.1950000000000012 26.289117647058827 441.9246103158444 65168305571.740456 4.5950000000000006 4.6550000000000011 3.9853777227744748e+19 6.2150000000000007 55.850000000000001 342.2143492731139 6.9050000000000011 52.530602006688973 6802800.715789956 0.97733713994224669 9.9983333333333348 58.750000000000007 0.19950000000000004 6.5000000000000009 9.5000000000000018 7.0950000000000006 20.500000000000004 23.802083333333336 30.259761904761909 203.91774594632514 4.8125341530054646 1437357.3595397372 6.2650000000000006 1.3571702559476664 4.4850000000000012 1.0532244697402697 4.5550000000000006 69.500000000000014 32.482629310344841 0.11666666666666667 5.5000000000000009 32.996913580246925 6.0750000000000011 1017.2002665187262 42.358012820512819 5.6150000000000011 78.050000000000011 54.500000000000007 4.4875245098039231 11.23509586405156 3.5000000000000004 4.6556623931623946 4.7435897435897445 4.7201265822784828 17.500000000000004 779.82269281538936 0.39589815222869551 366.49719298245617 174.61595239280936
decision_type=2 2 2 2 2 2 2 2 2 2 2 2 2 2 2 2 2 2 2 2 2 2 2 2 2 2 2 2 2 2 2 2 2 2 2 2 2 2 2 2 2 2 2 2 2 2 2 2 2 2 2 2 2 2 2 2 2 2 2 2 2 2
left_child=1 4 5 7 6 12 11 39 33 18 25 34 14 27 31 43 24 35 20 26 21 30 55 -24 28 29 -15 59 -8 -7 -6 -3 -33 36 37 47 40 -1 -25 46 -5 -34 -20 -4 -40 52 -2 -11 50 -50 60 -38 -16 -54 -45 -9 -29 58 -10 -12 61 -28
right_child=3 2 15 8 9 10 16 22 57 17 13 -13 -14 19 45 -17 -18 -19 42 -21 -22 -23 23 38 -26 -27 48 56 -30 -31 -32 32 41 -35 -36 -37 51 -39 44 -41 -42 -43 -44 54 -46 -47 -48 -49 49 -51 -52 -53 53 -55 -56 -57 -58 -59 -60 -61 -62 -63
leaf_value=-0.021149321300875702 0.02080233960574453 0.0023464710141007177 0.02026540073090265 0.039518203352355188 -0.020657517534177428 -0.02247818428227339 0.015145466075987747 0.04376922493996932 0.056510423062083287 0.0092312711277612539 0.012829397997883333 -0.032938043572597185 0.036044665109325164 0.006128467781862882 0.00067418151907686205 0.051708263078851679 -0.008736719484094442 -0.0013495993468594701 -0.023144061798716028 0.062927064825811493 0.0051306235041265399 0.010209857252068712 0.04924562304395956 0.028883876551154916 -0.021199208016682014 0.011393879818751925 0.015918963024230685 0.0059775967546594651 0.057765309978283066 0.002210990208815101 -0.0039611805957902235 0.018652069623488678 0.069206760201221823 0.056334579476687831 0.0050170850895276198 0.052023593660739234 -0.076459654400091948 -0.010237391448334958 -0.061865025655679834 0.03485540428177724 0.060539917511100438 0.0026620369186037859 0.0020641219475094289 0.013027168258102739 0.048628265794802041 0.044204851629386588 -0.051733888433879695 0.028953167241387964 0.039777871700347217 0.00096856197994020846 0.033199318074434124 0.045002168320078743 0.020119487883964518 0.029961230798723249 0.039708758027517818 0.058559886902276564 0.016545582035012284 0.063878996312168632 -0.0092017923199377762 -0.010574984593867486 0.026811092782653326 -4.3724082578081976e-05
leaf_weight=2483.8714932277799 1499.3133484274149 1254.2996162772179 834.61309982836246 2278.3061331510544 908.02488282322884 755.62724164128304 964.96080170571804 2069.3063640147448 3822.7409256845713 803.99076214432716 346.46551413834095 1334.9185374006629 1527.8324862718582 2164.982312053442 298.67136962711811 1315.0927044898272 980.19645762443542 717.14753040671349 791.8383749127388 119.46521717309952 6690.5785984843969 1170.4137819260359 168.36776055395603 57.276497393846512 150.09141233563423 617.64373153448105 6421.7967956513166 4520.6870115548372 128.68700601160526 592.79114660620689 3525.6117182523012 6574.530397310853 37.383637264370918 1384.1703516542912 538.77813059091568 192.2600017786026 23.638110652565956 3858.3977774456143 72.278968095779419 1357.355348482728 436.83950074017048 1525.4251278787851 374.08920195698738 232.77393780648708 15.759362757205961 350.7035905122757 29.861614882946014 755.44633349776268 636.60518552362919 212.18405075371265 500.69416771829128 17.942905977368355 4663.0819286555052 2344.5349657982588 1814.2001578509808 990.15175724029541 1837.3315876722336 5640.1702874749899 35.666260451078415 1061.5891374796629 923.78964135050774 1055.0177882611752
leaf_count=18364 3545 3937 1918 4516 5051 3407 4391 3991 7113 2875 1218 11379 3172 7532 897 2419 5142 2575 4281 207 27043 4108 323 123 792 2041 17564 14428 249 1922 16212 17815 72 2489 2847 387 95 25130 274 2802 788 4784 1653 550 34 726 110 2338 1408 587 1102 35 12093 5265 3552 1739 5052 10287 97 4332 2324 3329
internal_value=0.0184065 0.00945249 0.0170395 0.0503134 -0.00336254 0.0148464 -0.0117813 0.0370229 0.0564129 0.002155 0.0106535 -0.0162243 0.0197593 0.0121475 0.0182999 0.0381223 0.00463274 0.0155249 -0.000297218 0.0157785 0.00110239 -0.00370685 0.0458907 0.0198945 0.0151693 -0.0043931 0.0153057 0.00652083 0.0201604 -0.0116243 -0.00738065 0.0140784 0.0158868 0.0467188 -0.0129819 0.0224334 0.0418906 -0.0145109 -0.014113 0.0266602 0.0429004 0.00425384 -0.015056 0.0319219 -0.0420861 0.0234776 0.0193859 0.0187853 0.0173435 0.0300762 0.0161294 -0.0240468 0.0224827 0.0234122 0.0366746 0.048556 0.00903152 0.0606391 0.055903 -0.00481611 0.015112 0.0136665
internal_weight=90808.3 70909.1 44539.8 19899.1 26369.3 40343.1 10439.9 6259.67 13639.5 15929.4 21766.7 8215.97 18576.5 19800.6 17048.6 4196.68 2223.94 2468.84 13460.6 12034.5 12294.6 5604.05 3373.14 313.683 1243.74 1966.06 11915.1 7766.07 1093.65 1348.42 4433.64 9391.64 8137.34 4140.9 6881.05 1751.7 2756.73 6342.27 145.315 2886.53 2715.15 1562.81 1165.93 2881.59 88.0383 7656.99 1529.17 1559.44 9750.09 848.789 8901.3 41.581 7306.29 7007.62 2046.97 3059.46 6358.02 9498.58 3858.41 1408.05 8400.6 7476.81
internal_count=296831 258470 123653 38361 134817 115214 68294 12941 25420 66523 66453 57720 48761 59083 45589 8439 10574 8175 58348 34053 52414 25371 6484 754 5432 7370 33846 25030 4640 5329 21263 26608 22671 7923 46341 5600 5434 43494 431 6457 5304 4856 5934 6020 308 18981 3655 5213 26314 1995 24319 130 18255 17358 4102 5730 19480 17497 7210 5550 23217 20893
is_linear=0
shrinkage=0.05


Tree=25
num_leaves=63
num_cat=0
split_feature=20 48 18 18 38 1 28 48 30 48 46 1 1 48 1 28 1 43 10 40 43 43 24 26 25 40 40 43 40 9 1 43 9 43 46 44 7 47 1 9 43 1 10 34 40 44 1 0 46 18 13 47 0 33 20 0 7 20 24 43 30 0
split_gain=9744.51 2488.1 767.007 644.312 455.993 313.657 305.263 229.498 222.234 219.331 186.941 165.311 160.83 149.616 142.463 138.275 105.12 103.056 96.1152 95.8143 124.939 88.6856 107.323 84.6005 81.566 78.6818 78.0257 79.9899 76.9757 76.4192 95.1772 75.9293 74.6634 74.513 72.9029 70.7416 69.8845 69.4928 64.8076 62.2089 60.91 60.4968 60.1414 59.5108 59.0122 56.8473 55.4777 54.9478 53.1783 61.6741 55.4905 55.4633 53.0583 49.5977 51.9109 49.2052 48.0208 45.7839 62.2587 64.2274 53.4662 47.2962
threshold=8.5000000000000018 205466709.88680819 1015884274.1461791 81753272.656293467 6802800.715789956 4.9050000000000011 15849263.983685344 22751352802.899826 44.500000000000007 367065762881.72784 29.800173010380629 4.6950000000000012 4.3950000000000005 3954269.4990041857 7.0950000000000006 31656980512.409153 5.5850000000000009 4.7400772200772208 2.5000000000000004 5.5000000000000009 4.9142857142857164 4.7001182033096933 0.40620192023179819 7.5726153846153847 0.9734186663348755 19.500000000000004 7.5000000000000009 4.9400354609929087 450.50000000000006 40056753.000000007 5.9250000000000007 4.7885895117540693 189548.00000000003 4.578585325180657 24.504166666666666 0.33447720400649139 13.65 24.768920932137277 6.1950000000000012 8150.0000000000009 4.2751562500000011 5.3350000000000009 17.500000000000004 0.15023297149521628 43.500000000000007 0.58901277950179776 4.6950000000000012 140.25000000000003 10.004687500000001 242640907.25654778 4.6846500346500362 10.431638418236608 56.95000000000001 4.7250231910946212 71.500000000000014 65.450000000000017 29.250000000000004 34.500000000000007 0.27130343796333639 4.4600420168067236 105.50000000000001 1.3010000000000004
decision_type=2 2 2 2 2 2 2 2 2 2 2 2 2 2 2 2 2 2 2 2 2 2 2 2 2 2 2 2 2 2 2 2 2 2 2 2 2 2 2 2 2 2 2 2 2 2 2 2 2 2 2 2 2 2 2 2 2 2 2 2 2 2
left_child=1 4 6 8 5 13 10 21 31 11 41 23 -6 -1 29 39 18 24 37 45 25 22 48 -8 -10 35 -13 44 56 30 -7 -2 -25 -27 -15 -21 52 -14 -37 -4 -39 43 53 -3 -28 -12 -41 -18 49 -5 -50 -52 -32 54 -9 -16 -24 58 -26 -60 61 -59
right_child=3 2 15 7 12 14 9 42 17 -11 19 26 16 34 55 -17 47 -19 -20 20 -22 -23 28 32 57 33 27 -29 -30 -31 36 -33 -34 -35 -36 38 -38 40 -40 46 -42 -43 -44 -45 -46 -47 -48 -49 50 -51 51 -53 -54 -55 -56 -57 -58 60 59 -61 -62 -63
leaf_value=-0.026627348115707508 0.02047888868007219 -0.022297212864724469 0.035823755182769271 0.040418851069296262 -0.005085311601875692 -0.0030140235484259694 -0.037500198791504243 0.03792904230225963 0.045818064400221042 0.043846897883380614 0.0054787632194333059 0.012874646285645334 -0.0011490823650856957 -0.023343718380767098 0.044457416201084871 0.050296159059653359 0.028030339622343216 0.057074078751455537 0.029253033998211105 0.019133058274453146 0.022290700639759201 0.053156990739783132 0.032222371681757053 0.015950660702473293 0.033954403920674711 0.010043855489658794 0.018723045695532941 0.032874691209506118 -0.057497283505701824 -0.013648783506905121 0.03080452401109425 0.039169517290906931 0.0060984888435324921 0.02067862772352742 -0.0083471544250430605 0.00397288997052126 -0.013848205322226996 -0.016496286183732722 0.043958017781439131 0.0044158806903714211 0.0092154624508580859 0.0099304962319223394 0.062898161975474876 -0.0020936531335387582 0.031365735315765773 -0.015346317493896394 0.029297394063412086 -0.014965152888157404 0.061567528724708158 -0.045325302284770136 0.062151520950745054 -0.009920588530541603 -0.014274325743780817 0.058222057698268395 0.062217853010082272 -0.028258592428394874 -0.034159785189904812 0.072498587823279712 -0.046959105282449509 0.013048104259944866 0.056948524584057747 -0.0049544020669749882
leaf_weight=2551.1438148096204 2099.335688278079 547.04497270286083 1893.172491684556 87.279117166996002 4377.8935552686453 2696.9344568997622 83.058034718036652 718.8199113458395 1394.280649960041 816.48141591250896 1384.4030653238297 1881.0518511533737 3897.3973468318582 1036.374373011291 218.95860344171524 1285.1800309717655 730.53414872288704 1078.0314246118069 387.1746131926775 996.07465092837811 2792.6853826195002 1899.0763294845819 1212.5750483572483 6842.1472390294075 292.15093389153481 3955.1875678449869 4623.0294461250305 1988.2450375109911 25.224444046616554 1135.5118946582079 509.92995983362198 733.13827140629292 2674.7788113951683 2822.4585387706757 3716.7627547606826 5615.8911969512701 144.02391281723976 242.91382852941751 103.19947455823421 352.26915337145329 4449.1960489824414 581.8854878693819 5446.6261393725872 1092.1873453557491 1153.2538463175297 429.32495179772377 615.39794671535492 82.724193453788757 674.42179419100285 27.604643315076828 49.023076891899109 58.605548411607742 74.857481822371483 2715.0695063322783 316.99023123085499 26.030042633414268 27.869888663291931 25.865315824747086 56.048571616411209 218.14759269356728 202.52502556145191 82.826140224933624
leaf_count=22340 4936 2710 3829 176 21047 13498 299 1491 2683 1554 5127 5204 17319 7313 486 2419 2117 1942 1065 2812 7280 3541 2521 18125 616 12267 11569 4280 83 6634 1890 1437 7799 7318 21878 18332 720 1171 210 878 16579 2022 10287 3911 2517 1878 1313 296 1185 95 83 156 343 5124 595 121 83 39 189 503 363 233
internal_value=0.0176014 0.00899229 0.0161925 0.0489561 -0.00320844 -0.0103324 0.0140899 0.0551715 0.035626 0.018465 0.00977036 0.0173882 0.00288103 -0.0168596 -0.000412605 0.0366726 0.00644345 0.044343 0.00488397 0.0114504 0.0126644 0.0452727 0.0383492 0.0127432 0.0383018 0.010672 0.0220112 0.0242246 0.0289726 -0.00240763 0.0013184 0.0253166 0.0131817 0.0144726 -0.011617 0.00683613 0.0173504 0.00378552 0.00469441 0.0305525 0.00788435 -0.00391957 0.0595429 -0.00883599 0.0212472 0.000549288 0.0202395 0.0236569 0.0515807 0.019816 0.0562469 0.0229071 0.0250341 0.0546708 0.0453622 0.0367313 0.0307309 0.02636 0.017894 0.000782001 0.0417663 0.0134771
internal_weight=90248.3 70806.8 44528.4 19441.5 26278.4 12110.5 40382.4 13259.2 6182.35 20062 20320.3 19245.6 14167.8 7304.28 4806.25 4146.02 9789.94 3349.88 8976.68 18099.2 16285.5 4061.68 2162.6 9599.98 2271.84 13492.8 9645.58 7764.53 1265.67 4561.26 3425.75 2832.47 9516.93 6777.65 4753.14 6715.17 728.811 8589.51 5719.09 2860.84 4692.11 2221.12 9197.51 1639.23 5776.28 1813.73 967.667 813.258 896.934 114.884 782.05 107.629 584.787 3750.88 1035.81 244.989 1240.44 877.564 566.347 274.196 311.216 108.691
internal_count=296831 258470 123653 38361 134817 75223 115214 25420 12941 51347 63867 49793 59594 51531 23692 8439 38547 6568 36134 55224 48219 7923 4382 26223 4626 40939 23570 18366 2687 23085 16451 6373 25924 19585 29191 21354 2953 35069 18542 6020 17750 8643 17497 6621 14086 7005 2191 2413 1695 271 1424 239 2233 7210 2086 607 2604 1943 1308 692 635 272
is_linear=0
shrinkage=0.05


Tree=26
num_leaves=63
num_cat=0
split_feature=20 48 18 18 48 24 1 48 30 48 1 1 46 50 46 28 1 50 34 1 43 7 1 43 43 24 46 50 25 46 38 43 40 16 46 43 40 50 1 10 50 35 1 30 50 13 1 45 40 50 43 43 20 16 46 18 13 37 14 22 36 35
split_gain=9154.03 2245.43 713.506 642.654 417.213 278.204 278.165 235.366 214.624 200.375 194.727 171.807 166.045 158.611 185.268 135.255 128.155 128.053 107.129 103.437 99.6267 98.7282 92.8842 87.6512 86.6795 103.026 83.8521 80.9429 76.5454 75.6148 75.3267 71.3616 69.4451 68.7179 81.9984 68.0793 73.8694 66.9122 62.0045 61.9732 63.3998 61.8753 61.3903 61.2549 58.5164 57.6705 63.4361 56.9661 55.6697 75.8045 53.3705 55.3176 51.5513 51.4563 51.1961 55.9579 53.4878 55.6578 51.0483 56.2359 50.6302 50.4347
threshold=8.5000000000000018 205466709.88680819 1015884274.1461791 81753272.656293467 15848844.984281095 1.0000000180025095e-35 5.5850000000000009 22751352802.899826 45.500000000000007 367065762881.72784 4.6950000000000012 4.705000000000001 38.589587411534417 148.576123743392 418.04354838709679 31656980512.409153 5.9250000000000007 441.9246103158444 0.047140452079103203 5.0450000000000008 4.7400772200772208 6.2150000000000007 5.6950000000000012 4.2834408602150544 4.7001182033096933 0.40620192023179819 28.315701754385966 207.4341324427983 0.9734186663348755 38.05308139534884 14045889.913667817 4.6400304878048795 450.50000000000006 24.510000000000002 29.612761627906984 4.6500950570342221 17.500000000000004 243.77511606659507 7.0950000000000006 18.500000000000004 779.82269281538936 0.66478933466535806 6.0750000000000011 20.500000000000004 384.44102295350791 4.3013888888888898 4.2250000000000005 0.58593438319857361 3.5000000000000004 43.330004891537627 5.3377976190476195 4.6811297632260471 3.5000000000000004 100.05000000000001 10.004687500000001 242640907.25654778 4.6846500346500362 6.635642266342459 1.0000000180025095e-35 4.8900000000000015 532.87142857142862 1.3423647622464181
decision_type=2 2 2 2 2 2 2 2 2 2 2 2 2 2 2 2 2 2 2 2 2 2 2 2 2 2 2 2 2 2 2 2 2 2 2 2 2 2 2 2 2 2 2 2 2 2 2 2 2 2 2 2 2 2 2 2 2 2 2 2 2 2
left_child=1 4 5 8 6 12 17 24 31 11 18 26 19 22 -15 41 37 45 29 30 28 38 35 60 25 54 43 -28 -10 -6 -3 -2 -27 61 -35 -14 -37 -12 -8 40 -9 -4 52 58 -36 -1 -47 -29 49 -21 51 -16 -13 -17 55 -5 -56 -58 -7 -60 -20 -25
right_child=3 2 15 7 10 9 21 39 20 -11 16 42 13 14 50 53 -18 -19 23 48 -22 -23 -24 33 -26 32 27 47 -30 -31 -32 -33 -34 34 44 36 -38 -39 -40 -41 -42 -43 -44 -45 -46 46 -48 -49 -50 -51 -52 -53 -54 -55 56 -57 57 -59 59 -61 -62 -63
leaf_value=0.014994100913741107 0.016877471807730433 -0.019400432905181557 0.039634888482671049 0.038703841946725222 -0.021229428676447545 -0.016453481174283059 0.0090847601519997694 0.05432947997846891 0.044507898068750607 0.042272209300879868 0.0073996300337275944 0.018177153931242074 0.0076541029301013036 -0.0021056009871939035 0.0063767662804920678 0.051168855038984384 0.031332824173800226 -0.033230999872302533 -0.013279130149685027 -0.019044131652801458 0.055878852948509916 -0.0083341149019932875 0.031848798140979857 0.012120879055012499 0.051797472015934182 0.029516312291825691 0.016595551033433926 0.037440931422729987 0.025410226543795995 -0.0050321289034562511 -0.00022576783478115193 0.032708931336830852 -0.053376908005010826 -0.020687197656789995 0.0040425580030169252 0.013526733924375717 0.025075308102284706 -0.0058212866060513256 0.045194376209756727 0.062132474713984413 -0.012516478477892898 0.023999230840842267 0.043010933324788503 0.017112759241418335 -0.018549469730306758 -0.026603942272062166 -0.012464455517029243 0.0034244560713801542 0.018824966026022516 0.011735590175280244 -0.055153660342619232 0.028683200165130832 0.027467968091033596 0.0029326716378708798 0.060167173588417194 -0.043016815749968462 0.062025878269036917 -0.010607115511093586 0.052378096063369864 -0.00056529251273571858 0.098127664763184505 0.051251834624333227
leaf_weight=161.42683947086334 1517.4537542611361 646.94588299095631 951.28750692307949 86.60653530061245 1169.5986052528024 514.70229311287403 984.26677936315536 3786.2358189374208 1351.075227484107 791.9418731033802 6298.6677133440971 3661.4794010221958 3095.5470283478498 3351.391642510891 409.58635951578617 1197.5036507695913 508.67314565181732 1102.3708177730441 1189.724218711257 297.16636760532856 1036.8620209246874 972.10350017249584 770.97821953892708 403.75638980418444 1852.6620614528656 1227.2846781760454 8974.5235862880945 131.48187054693699 857.81292624771595 1876.7258151248097 2459.0268028080463 1340.7063723504543 25.797504112124443 408.3982804492116 4592.0976245701313 5345.3656611740589 1868.7640720903873 1128.4857854545116 135.21393722295761 5077.197123914957 35.806816771626472 1889.569274738431 367.09762497246265 411.98438274860382 305.7013247013092 999.80644806474447 3839.5682096704841 1925.4281395077705 986.75658765435219 611.99208498001099 23.111640751361847 864.69247369468212 2521.0504324287176 57.964456766843796 656.07995095849037 27.630948349833488 47.843086615204811 58.780281752347946 59.415823087096214 321.86303690075874 10.286440581083296 103.43892985582352
leaf_count=969 3696 3208 1862 176 7158 1833 4637 7465 2650 1532 24246 9235 9652 11330 1286 2274 1301 10046 6321 1162 1918 5152 1870 1523 3541 2604 23845 287 1916 9630 8347 2761 83 2291 19196 15607 4536 4960 295 9932 100 4158 735 1048 1601 7990 27153 5900 2742 2096 105 2119 5649 145 1185 95 82 157 166 924 31 317
internal_value=0.0168334 0.00855538 0.0153907 0.0476588 -0.00306085 0.0133752 -0.0124126 0.053991 0.0342949 0.017633 0.00119772 0.0166 0.00933314 0.0118565 0.00410486 0.0352749 0.00705367 -0.0178054 -0.00342186 0.00139793 0.0430931 0.00332337 0.0151086 -2.12726e-05 0.0438882 0.0370089 0.0131259 0.0145451 0.0370914 -0.0112509 -0.00421968 0.0243037 0.0278098 0.00251831 0.000837626 0.0138568 0.0165183 0.00539084 0.0134462 0.0585123 0.0537032 0.029235 0.0231452 0.00115575 0.00263245 -0.014405 -0.0153856 0.00559886 0.0106009 0.00167497 0.0201476 0.0215133 0.0219657 0.0489418 0.0501538 0.0189378 0.0548293 0.0219841 -0.0061815 0.00768503 -0.0123242 0.0201014
internal_weight=89684.8 70698.9 44508.6 18985.8 26190.3 40412.3 8194.76 12881.9 6103.91 19681 17995.6 18889 20731.3 15729.4 4648.78 4096.32 7935.83 6103.17 10059.7 5001.89 3245.75 2091.58 11080.7 7013.4 3982.69 2130.02 12339.4 11031.4 2208.89 3046.32 3105.97 2858.16 1253.08 5813.39 5306.2 10309.7 7214.13 7427.15 1119.48 8899.24 3822.04 2840.86 6549.63 1307.97 4897.8 5000.8 4839.37 2056.91 1895.92 909.158 1297.39 1274.28 6182.53 1255.47 876.941 114.237 762.703 106.623 895.981 381.279 1200.01 507.195
internal_count=296831 258470 123653 38361 134817 115214 56242 25420 12941 51154 78575 49622 64060 46505 14840 8439 30507 46158 48068 17555 6484 10084 31665 31280 7923 4382 34003 30032 4566 16788 11555 6457 2687 24928 23088 29795 20143 29206 4932 17497 7565 6020 15619 3971 20797 36112 35143 6187 6000 3258 3510 3405 14884 2419 1695 271 1424 239 2923 1090 6352 1840
is_linear=0
shrinkage=0.05


Tree=27
num_leaves=63
num_cat=0
split_feature=20 38 12 10 43 45 46 1 40 40 50 28 50 43 1 40 43 48 1 44 40 20 9 47 30 1 50 7 33 40 43 9 1 44 50 43 46 9 40 48 45 45 9 19 26 0 1 22 33 1 44 50 38 46 24 46 40 24 1 0 43 50
split_gain=8597.84 2041.41 714.316 651.398 353.639 343.085 315.436 284.407 235.918 211.258 172.549 168.632 161.006 144.966 140.046 165.894 139.266 131.016 124.705 115.765 116.866 102.528 98.7226 94.2186 91.0664 84.8354 83.8303 80.8207 78.5372 77.2928 81.8054 76.8569 75.2777 73.9648 72.5165 76.3003 70.856 71.8205 67.5382 65.6951 64.1268 63.4772 62.0841 61.6746 60.7592 60.503 65.8108 58.3994 100.864 58.0033 61.4256 60.8242 59.2699 57.9089 55.5952 54.2352 53.1003 112.415 52.8027 52.4628 55.133 52.4256
threshold=8.5000000000000018 22388468.962413989 5.705000000000001 10.500000000000002 4.728601953601955 0.84056996497403669 45.251452380952394 5.1050000000000013 52.500000000000007 115.50000000000001 361.63901593217065 31656980512.409153 273.80206532576489 4.8600373134328372 4.8950000000000005 2.5000000000000004 4.2502631578947385 22751352802.899826 6.495000000000001 0.43465402273885917 16.500000000000004 34.500000000000007 28894.000000000004 54.140385527974622 25.500000000000004 4.995000000000001 263.96902072500785 6.5500000000000007 5.0201123595505637 6.5000000000000009 4.8715000000000019 342481.00000000006 6.9650000000000007 0.38729833462074181 146.67256286342555 4.3937980769230789 27.391333333333339 15092809.000000002 8.5000000000000018 8998042212.6060047 1.3571702559476664 1.8095603412635513 15092809.000000002 7526740963821673 65.955000000000027 64.050000000000011 5.7950000000000008 6.7950000000000008 4.5897270202533376 5.6250000000000009 0.42656073101049102 913.99236238627816 15894357332.74951 140.99722222222223 0.3500000000000002 106.04438596491231 480.50000000000006 0.34711635378753336 6.0850000000000009 33.050000000000004 4.4889649923896515 44.065648779443173
decision_type=2 2 2 2 2 2 2 2 2 2 2 2 2 2 2 2 2 2 2 2 2 2 2 2 2 2 2 2 2 2 2 2 2 2 2 2 2 2 2 2 2 2 2 2 2 2 2 2 2 2 2 2 2 2 2 2 2 2 2 2 2 2
left_child=1 6 5 4 9 8 7 12 13 43 16 29 22 19 15 -7 -8 40 42 -3 58 26 -1 33 28 38 -11 -20 -6 44 59 -14 -16 39 35 -25 -24 -38 41 -17 47 -18 -9 -2 -4 46 -27 56 -49 50 51 -15 -52 -36 -28 -37 -5 -58 -21 60 61 -31
right_child=3 2 11 17 24 14 10 18 -10 21 -12 -13 31 49 32 23 25 -19 27 20 -22 -23 36 34 -26 45 54 -29 -30 30 -32 -33 -34 -35 53 55 37 -39 -40 -41 -42 -43 -44 -45 -46 -47 -48 48 -50 -51 52 -53 -54 -55 -56 -57 57 -59 -60 -61 -62 -63
leaf_value=0.0080822618430822692 0.010986056131962903 0.0162412075104011 0.018429161792719341 0.049733800688238593 0.029507657057830677 -0.020121015468561168 -0.01808889738440039 0.0027408712792905371 0.029332803814688335 0.035401286116491945 -0.019145127634001346 0.047532603773820452 0.00076731040401625318 0.025331397250405643 0.012738093844331055 0.0053577551039272198 -0.0031428381366396356 0.059820981231324094 0.033482191102666335 -0.002940325005787068 0.011747049231688941 0.054566852103385938 -0.021558800640450352 -0.0035796020135554284 0.054003372633530944 0.0158954867403093 -0.04503392678133239 -0.00046296942160700162 0.05130319024692153 -0.065216145350571672 0.042217177391909569 -0.033722796367898829 0.05639929517957553 -0.003934615153388059 -0.0058250841581484643 0.025844433423344956 -0.0070740525880274123 -0.023731737727041576 0.0096714248773445664 0.071156783978657961 -0.024029806373644508 0.02466341197351235 -0.010828965791130449 0.025765424373230868 -0.04432355723053516 0.004844699631959967 0.043470361520329126 -0.088110096737749513 0.035065447329620324 0.03675365215037453 0.012898041086162047 0.077438706340640692 0.030736561518507916 0.010189551681256924 0.058152835709799115 0.011813573610195048 0.065397441488563177 -0.10465762463217805 0.045828358109152562 0.0078478219694058642 0.032932423599586057 0.015444811415544872
leaf_weight=577.94767548888922 991.63425169885159 5984.7297853976488 1277.8692471385002 2065.2227319926023 939.95007760822773 643.46918132156134 625.18175227940083 2000.6842727065086 2970.8059657514095 1024.9542026072741 839.86911033093929 1243.8090709596872 183.44638388603926 1587.6692008823156 6616.5153570622206 6046.1748893484473 3109.6513434126973 6563.7973338067532 434.58702310919762 2461.3005097359419 4259.1930506676435 891.89734624326229 1908.3060609176755 436.22876504063606 2627.2466527074575 939.93722645938396 54.776974603533745 293.95959769189358 737.69083826243877 26.845652550458908 1042.9868105500937 1351.5537615939975 100.21749396622181 2898.3304140269756 883.25775110721588 1396.7662862539291 3641.7574846670032 786.90134412050247 2418.1441492140293 38.173968434333801 32.387467324733734 219.74917940795422 1456.5281082540751 2449.6472323685884 39.773922488093376 845.80138793587685 281.08241479098797 20.869164332747459 81.624172076582909 512.34328034520149 3133.448369204998 58.051699906587601 546.92206574976444 1564.066761046648 17.137498691678047 1358.7017273455858 22.279923260211945 17.236536875367165 56.783170729875565 376.725640386343 1030.0256374180317 80.701430097222328
leaf_count=2862 2490 16521 3042 4065 2007 3143 3996 8884 6445 2091 5172 2454 1225 3807 19684 22020 15265 13348 1114 7843 11283 1720 12642 1644 5102 3341 186 1104 1413 95 2010 11866 181 10207 3262 3873 21463 6445 8840 70 113 1016 8814 5436 129 3069 712 78 175 1072 8185 88 1197 4861 29 4153 40 68 113 925 2139 194
internal_value=0.0160987 0.00814005 0.0138457 0.046402 0.0374892 0.0117691 -0.00453183 -0.00967245 0.0162489 0.029004 0.00246809 0.0315144 -0.0149521 0.0141592 0.00737304 0.00472576 0.00461895 0.056258 0.000985665 0.0111736 0.00669859 0.041977 -0.0117002 0.00581921 0.0481922 0.00643567 0.0317399 0.0197857 0.0390916 0.0263727 0.0314417 -0.0296009 0.0133895 0.00263913 0.0108849 0.0158499 -0.0135045 -0.0100339 0.00331159 0.00577059 0.0458156 -0.00130755 -0.00297612 0.0215066 0.0165349 0.0151233 0.0222433 0.0468405 0.00998508 0.0206853 0.0191396 0.0271694 0.0155489 0.00440975 -0.0204441 0.0189259 0.0486352 -0.00877824 -0.00184058 0.0240199 0.0293756 -0.00468959
internal_weight=89125.3 70587 48671.9 18538.4 9734.94 43553.1 21915.1 12635.7 21571.2 5430.05 9279.42 5118.74 8449.91 18600.4 21981.9 15265.2 8439.55 8803.42 4185.76 12762 6777.28 1988.77 6914.91 14621.7 4304.89 7814.37 1096.87 728.547 1677.64 3874.93 2557.29 1535 6716.73 8982.68 5639.02 3191.7 6336.96 4428.66 5747.54 6084.35 2239.62 3329.4 3457.21 3441.28 1317.64 2066.82 1221.02 2207.23 102.493 5838.43 5326.09 1645.72 3680.37 2447.32 71.9145 2755.47 2104.74 39.5165 2518.08 1514.3 1137.57 107.547
internal_count=296831 258470 140640 38361 20474 129652 117830 76419 56554 11952 41411 10988 56503 50109 73098 53233 36239 17887 19916 35760 19239 4026 43412 50090 8522 32243 2306 2218 3420 8534 5363 13091 19865 32297 17793 9670 40550 27908 25121 22090 4539 16281 17698 7926 3171 7122 4053 4426 253 14349 13277 3895 9382 8123 215 8026 4173 108 7956 3353 2428 289
is_linear=0
shrinkage=0.05


Tree=28
num_leaves=63
num_cat=0
split_feature=10 49 38 30 49 1 1 21 43 46 28 50 50 10 43 47 1 1 28 40 1 46 46 46 50 5 49 40 43 50 26 28 35 50 43 40 47 43 33 21 21 46 43 30 6 16 21 37 47 16 10 27 47 1 1 30 38 34 47 38 46 42
split_gain=8084.24 1930.38 829.315 705.194 320.01 290.466 243.735 230.2 220.046 204.924 187.755 159.764 154.383 140.165 136.622 127.352 126.918 121.473 111.413 110.064 108.69 88.4195 86.4331 83.2036 80.9555 76.9827 75.3938 74.1524 71.8679 69.3814 69.0041 80.5124 111.49 67.419 64.4014 78.7487 63.8353 63.8139 57.7512 57.3659 56.9312 54.8794 54.9555 66.4818 51.6243 56.9356 50.7291 52.1558 50.5029 47.1417 57.7091 58.8342 47.0919 45.42 45.3387 45.1818 44.5871 75.7086 44.5562 61.2225 91.069 97.1775
threshold=2.5000000000000004 2.586672623542431e+17 17253870753.113544 22.500000000000004 56234208555276256 4.7750000000000012 4.9050000000000011 4.9285714285714297 4.7856282271944925 30.000304878048784 5025238979.7750559 207.4341324427983 441.9246103158444 10.500000000000002 4.66670396896449 1.0253942301229526 6.5850000000000009 5.6750000000000007 16006611704.25831 153.50000000000003 6.8750000000000009 13.503125000000002 492.75403225806457 37.000117370892028 103.55262827308486 0.13050000000000003 4978130357378951 20.500000000000004 4.5805690399137013 200.70331572705484 17.303571428571434 15727459008.375303 0.70047497081169807 342.2143492731139 4.9142857142857164 5.5000000000000009 3.8288598314137654 4.2834408602150544 4.7201265822784828 1.5000000000000002 2.3571428571428572 542.22777777777787 4.7856282271944925 8.5000000000000018 8.2250000000000032 30.16833333333334 10.500000000000002 1.1404219377956057 139.37900273148392 9.6083333333333361 7.5000000000000009 1.0600383789232364 1.0000000180025095e-35 5.7650000000000006 4.4850000000000012 1.0000000180025095e-35 6248412961.8616343 0.36900992140494709 13.328012110537829 4009412946.1181588 10.857389610389612 5.8950000000000005
decision_type=2 2 2 2 2 2 2 2 2 2 2 2 2 2 2 2 2 2 2 2 2 2 2 2 2 2 2 2 2 2 2 2 2 2 2 2 2 2 2 2 2 2 2 2 2 2 2 2 2 2 2 2 2 2 2 2 2 2 2 2 2 2
left_child=1 4 7 5 6 9 12 14 19 -3 15 27 26 29 30 -7 24 23 25 -5 55 -16 -13 -6 48 -9 -1 34 -29 38 49 36 -33 37 -11 -36 40 -25 46 -23 -32 42 -26 -44 -28 -46 47 -4 53 50 51 -2 -27 -17 -47 -8 57 -24 59 60 -51 -62
right_child=2 3 13 8 17 10 20 18 -10 11 -12 22 -14 -15 21 16 -18 -19 -20 -21 -22 39 56 33 41 52 44 28 -30 -31 31 32 -34 -35 35 -37 -38 -39 -40 -41 -42 -43 43 -45 45 54 -48 -49 -50 58 -52 -53 -54 -55 -56 -57 -58 -59 -60 -61 61 -63
leaf_value=-0.020218885240123535 0.025670001756949626 -0.0067010478934614237 -0.034020888751361271 0.019137233564285781 -0.0062280756667914819 0.00060882994436184574 -0.0053411391114523248 -0.037924872956616763 0.046327625234589095 0.005573513895551197 0.034008260612410246 -0.0057039456478483021 -0.031968567379314992 0.058831632965169946 0.017159364597226223 0.018242731399803116 0.048485288293035125 0.022719433378550993 -0.046821271166094497 0.037229604897380829 0.026003347356820444 0.033985088775221363 0.017327936421374958 -0.012247037153243039 0.0031643804428550222 -0.013756650458659826 -0.049154089079255066 0.010366095972284916 0.020016643473398606 0.028347469636019119 -0.0024585007577777145 0.029181339559564826 -0.10592823342339691 -0.011834481409989583 -0.00092362879918639253 0.021506598924832088 0.020343203688514336 0.0055904287572435922 0.053296225985921812 0.047948974612787312 -0.097530043914305198 0.025883764139234433 0.010677102198493323 0.032596479421948453 0.011570093631931261 -0.014113345495916987 0.058552319078599473 0.035052434611179531 -0.0010536417855751422 0.0317930897437547 0.038203851248868576 -0.044947508007593173 0.053873890598239042 0.030708868184147378 -0.0038367782072535532 0.0064172349280233673 0.055077207417830044 -0.0090098964225844985 0.051036243069823906 0.054432562307852927 0.020309485118510981 -0.065519584896786678
leaf_weight=1882.1377592980862 53.048891589045525 2237.861064568162 28.421154901385307 2971.8033888489008 3059.6556274443865 1432.6301351636648 3283.3534447550774 23.725881054997444 1551.9973164200783 6170.8884900212288 1387.8211254775524 2404.8377866148949 1101.4007566869259 6225.0294568389654 544.24439364671707 6865.7992218881845 299.11993978917599 674.09830115735531 29.326213732361794 1172.1669819802046 364.50839212536812 2066.4807603508234 808.98896080255508 534.65373334288597 2128.4558832943439 26.158229067921638 76.418640047311783 4064.4976587444544 3672.0992146283388 453.8444072753191 115.27170778810978 29.690274313092232 31.434415772557259 683.49372479319572 525.30304554104805 1534.014826759696 1866.1188372373581 8062.9456674903631 2430.7377230077982 1141.9320627599955 18.238088309764862 549.91594766080379 2432.3044775128365 403.28498089313507 353.42687421292067 2293.7264496460557 247.42735747992992 711.12209963798523 308.78967769443989 445.9155211597681 97.788229212164879 66.42853856086731 1608.1223417520523 817.69466856122017 2017.1424330621958 1087.5939196944237 53.506383046507835 411.70961886644363 315.88379681110382 177.1033620685339 80.37482251226902 55.926313772797585
leaf_count=16375 134 8179 87 7118 14313 4973 18082 82 3015 19300 2882 8396 10503 13110 1323 17759 569 1873 98 2378 987 4295 2316 2524 6211 87 587 11812 9058 1029 328 63 125 3277 1972 3973 4468 31055 4903 2280 70 1320 6761 853 1816 15137 490 1526 893 1082 197 242 3239 1914 11923 4729 105 1292 609 321 217 196
internal_value=0.0153961 0.00753098 0.0444087 0.0138486 -0.00343184 0.0114198 -0.00915933 0.0331826 0.0302691 0.00763483 0.0164018 0.00926783 -0.0146349 0.0541857 0.0292404 0.0147983 0.0162708 0.00205135 0.0497845 0.0242549 -0.000227869 0.0357941 -0.000125422 0.000922378 0.0155573 0.0514933 -0.0117522 0.0114322 0.0149466 0.0467155 0.0219061 0.0162258 -0.0403011 0.00327964 0.00812857 0.015785 0.0179537 0.00448118 0.0491546 0.0389551 -0.0154457 0.0108968 0.0092366 0.0137945 -0.00839084 -0.00772299 0.0389546 0.0323979 0.0187726 0.030963 0.00972015 -0.0135928 0.0527914 0.0195694 -0.00930473 -0.00241538 0.0104031 0.00844488 0.0352555 0.0286906 0.0208602 -0.0149074
internal_weight=88569.8 69680 18889.8 44205.5 25474.6 38509.5 12459.7 8793.21 5695.97 21883.7 16625.8 19645.8 7724.25 10096.6 7105.88 15238 13805.4 13014.8 1687.33 4143.97 4735.46 3752.66 3679.04 12340.7 13506.2 1658.01 6622.85 15966.8 7736.6 3871.55 3353.22 2060.75 61.1247 9281.09 8230.21 2059.32 1999.63 8597.6 3417.71 3208.41 133.51 5513.96 4964.05 2835.59 4740.71 4664.3 986.971 739.543 7992.28 1292.47 217.266 119.477 1634.28 7683.49 4310.87 4370.95 1274.2 1220.7 1075.2 759.32 582.217 136.301
internal_count=296831 256230 40601 123049 133181 110538 80139 19456 12511 66403 44135 58224 56341 21145 15950 41253 36280 53042 3506 9496 23798 7898 12109 51169 35711 3408 45838 46115 20870 8035 8052 5054 188 36856 25245 5945 4866 33579 7006 6575 398 15145 13825 7614 29463 28876 2103 1613 20566 2998 573 376 3326 19673 27060 22811 3713 3608 2425 1816 1495 413
is_linear=0
shrinkage=0.05


Tree=29
num_leaves=63
num_cat=0
split_feature=20 48 10 18 43 48 9 40 47 43 43 18 48 48 18 46 40 20 50 50 30 6 36 50 47 50 25 50 44 33 44 50 16 47 43 47 30 43 36 43 44 46 2 50 43 36 47 40 4 18 36 47 40 3 8 44 40 28 16 43 9 50
split_gain=7611.9 1669.04 654.098 586.76 346.892 323.19 246.971 198.467 144.512 139.202 131.395 127.68 116.5 111.327 110.266 183.238 109.432 108.9 101.683 96.7935 93.0765 92.5394 86.2416 92.7582 83.93 83.2175 80.9271 86.9598 80.0532 78.3619 78.3433 77.6312 72.125 73.5658 70.8203 75.2951 64.582 61.7148 102.061 59.4723 57.4188 55.9068 55.8399 54.8701 66.4479 61.4031 53.6171 53.1679 53.1412 53.107 52.1791 49.3406 49.2272 48.5279 47.2036 46.4667 70.4751 46.3712 46.2713 46.0954 45.389 45.0046
threshold=8.5000000000000018 205466709.88680819 11.500000000000002 1015884274.1461791 4.728601953601955 12223183.666937871 189548.00000000003 115.50000000000001 29.668047302589681 4.5176759884281603 4.7213059619201649 44946296964.442772 33261411691.198238 32072638573.705326 1437357.3595397372 24.504166666666666 42.500000000000007 34.500000000000007 560.78595961157146 185.34377659491963 25.500000000000004 2.9750000000000005 11.66487704918033 127.78107266316873 0.37282548461146886 74.165559608135496 0.89759436911466695 218.27334304790955 0.3758178132531545 5.0201123595505637 0.56900972081411216 160.66422946579024 65.583333333333357 1.0000000180025095e-35 4.2751562500000011 0.37282548461146886 5.5000000000000009 4.2909673659673677 6.003000000000001 4.9200946372239756 0.44349339516605818 10.500476947535775 1.5000000000000002 90.752867811230431 4.2834408602150544 539.60555555555572 39.886798289065204 20.500000000000004 0.12975000000000003 1355981708.8373449 532.87142857142862 121.52088578118841 21.500000000000004 30.850000000000005 0.29100000000000004 0.38729833462074181 80.500000000000014 8105835306.184062 6.0005000000000015 4.8500871080139385 183581.50000000003 69.375668819179069
decision_type=2 2 2 2 2 2 2 2 2 2 2 2 2 2 2 2 2 2 2 2 2 2 2 2 2 2 2 2 2 2 2 2 2 2 2 2 2 2 2 2 2 2 2 2 2 2 2 2 2 2 2 2 2 2 2 2 2 2 2 2 2 2
left_child=1 5 4 6 7 19 9 37 13 55 31 32 21 30 15 -7 22 26 43 53 29 58 25 39 61 -11 -9 -28 -12 -6 41 52 33 -5 35 -16 -15 38 -2 40 -24 -8 -21 44 -17 51 -46 -30 -44 60 57 -45 -10 -1 -55 56 -3 -25 -4 -18 -39 -23
right_child=2 3 12 11 20 14 8 17 10 16 28 -13 -14 36 34 18 59 -19 -20 42 -22 24 23 50 -26 -27 27 -29 47 -31 -32 -33 -34 -35 -36 -37 -38 49 -40 -41 -42 -43 48 45 46 -47 -48 -49 -50 -51 -52 -53 -54 54 -56 -57 -58 -59 -60 -61 -62 -63
leaf_value=0.041137602384258426 0.069551154784527017 0.010169418850470843 0.027830101286591791 0.0093938615862448269 0.027857058376735546 -0.016770445287801056 -0.017197902801519595 0.043061316895294466 0.0039537987965443302 -0.01584356803315343 0.023491789793029391 0.048595717203845104 0.058911667889085265 0.00014676296713523121 0.082521106567711902 -0.012640114873526074 0.024262098670147697 0.052773256201334655 -0.022952414444229515 -0.0074164072033553298 0.052092900727148311 -0.0049367375530774147 0.021961100200060295 0.0055939883121838545 0.049710489125416507 0.021181144770600187 0.02270216048020984 -0.040883027597768837 0.0092553231333167615 0.04914590245753625 -0.0109795183227146 -0.0023245631997414092 -0.0031365386894222492 0.032090929202949078 0.010819428306758666 -0.022237572389242607 0.025781973042513697 0.02038435066762324 -0.032918433461166997 0.026749564428329937 0.011894038103198503 0.003951276221677489 0.095720193922082808 -0.00087577971774702363 0.0027903406448069965 0.032805293813506498 0.01294279600702136 0.022328315710541016 -0.025419107293612759 0.037693128681769002 0.026455235510530657 -0.01864483246041386 0.01421853809925264 -0.0097795592963052236 0.0060245979081454733 0.0019709956185664313 0.044581582307692068 0.039419044897963315 -0.067422609869911609 0.041831194180937663 -0.011235566045334142 0.05199421806502668
leaf_weight=50.428053826093674 30.707992285490036 2305.6661166697741 24.85494339466095 417.09596034884453 985.87629026174545 1648.7817028239369 330.9547343403101 531.50292132794857 2159.3403171747923 399.91647535562515 2293.624464944005 866.49445627629757 5448.513848349452 365.93610209226608 18.355049073696136 477.43927346169949 2206.6641980409622 899.28240677714348 432.13762013614178 641.28934134542942 2599.230500176549 113.26711595058441 2956.6454639881849 2496.9268339276314 2118.482425108552 244.58166106045246 482.54533796012402 60.514022052288055 3622.645568266511 769.75282457470894 1255.3427380919456 1966.2682404667139 188.01963713765144 2478.088516831398 3271.201413936913 261.79985634982586 747.64020456373692 2850.3609419316053 116.45383052527905 2246.6696191728115 2718.9451746195555 5596.6159790754318 9.1025522574782354 6378.4587390944362 3280.4937750101089 129.39821681380272 2154.6198291927576 990.37280476093292 1669.0839849114418 442.50214692950249 395.67464327812195 416.16502617299557 2544.2249757051468 4589.2202130556107 526.69179393351078 1891.2346818000078 159.04550786316395 105.60927174985409 26.177832305431366 449.36045968532562 118.19926935434341 50.054001495242119
leaf_count=242 49 6807 54 1021 2160 9521 1469 1054 6737 1321 5860 1763 11915 1117 58 2624 4961 1834 2642 3578 5342 307 7406 7064 4409 673 1064 203 10391 1553 4859 6544 482 5173 11889 1304 1702 6530 450 5223 7151 18494 65 28605 14597 445 8135 2321 15114 919 949 1945 6959 31564 2489 5779 346 209 95 872 327 96
internal_value=0.0147238 0.00735539 0.0440643 0.0132435 0.0355295 -0.00271717 0.0114474 0.0272199 0.00784685 0.0156867 0.0110239 0.031638 0.0549085 0.00264791 0.00083498 -0.00105006 0.0180822 0.0399353 0.000903366 -0.011481 0.0460854 0.0455587 0.0159802 0.0170291 0.0470479 -0.001793 0.0291915 0.0156168 0.0158577 0.0371911 0.000367398 0.00601845 0.0268722 0.0288211 0.00875311 -0.015374 0.0173579 0.0201663 -0.0115363 0.019864 0.0171384 0.00277045 -0.0199663 0.00170646 0.00524403 -0.00131434 0.00681504 0.012062 -0.024762 0.0215341 0.00953851 -0.00196412 0.00950614 -0.00767138 -0.00815249 0.00786635 0.01239 0.00696659 -0.0210308 0.0272345 0.0191253 0.0125112
internal_weight=88022.5 70354.3 17668.3 44399.6 9886.93 25954.7 40449.9 5532.07 21873 18576.9 13576.5 3949.7 7781.35 8296.49 18468.9 14917.5 14221 1973.84 13268.7 7485.82 4354.86 2332.84 11565 10920.5 2281.8 644.498 1074.56 543.059 6906.64 1755.63 7182.91 6669.83 3083.2 2895.18 3551.36 280.155 1113.58 3558.22 147.162 7922.26 5675.59 5927.57 2319.48 12836.6 5912.55 6924.02 5435.11 4613.02 1678.19 3411.06 2998.21 6794.62 4703.57 5166.34 5115.91 4355.95 2464.71 2602.54 51.0328 2656.02 2968.56 163.321
internal_count=296831 258470 38361 123653 21485 134817 115214 12430 66453 48761 38812 8439 16876 27641 81765 68514 35829 4155 58993 53052 9055 4961 29996 28002 4812 1994 2321 1267 18572 3713 24822 20240 6676 6194 13251 1362 2819 8275 499 19780 14557 19963 18757 56351 25356 30995 22732 12712 15179 7776 8222 30550 13696 34295 34053 12932 7153 7273 149 5833 6857 403
is_linear=0
shrinkage=0.05


Tree=30
num_leaves=63
num_cat=0
split_feature=20 39 10 39 43 40 1 9 43 30 43 47 48 43 48 9 1 20 28 44 20 1 40 43 24 45 40 26 0 23 33 43 35 1 9 1 47 43 44 30 9 0 18 0 26 40 9 47 44 1 23 44 48 0 7 45 43 35 22 42 47 23
split_gain=7151.76 1536.28 655.717 541.702 327.802 308.729 275.601 252.856 168.382 151.23 146.769 145.647 142.119 128.537 118.606 117.073 112.869 107.814 97.6905 93.7874 91.1405 82.1945 74.7799 67.4269 85.3507 83.7028 71.6717 65.9074 64.5739 64.5702 63.9121 62.3206 65.5952 61.6494 60.9675 60.4318 60.2577 69.4212 60.0753 58.6514 54.529 54.439 54.0684 53.9841 53.7246 53.5414 52.6331 51.6735 50.9256 50.9049 50.8529 50.4838 57.8519 49.3782 48.8468 48.7155 57.5647 49.0549 50.3173 52.5867 48.3306 97.75
threshold=8.5000000000000018 51859967884301096 10.500000000000002 2.8240417097791709e+19 4.6811297632260471 4.5000000000000009 4.9050000000000011 189548.00000000003 4.5130693581780559 72.500000000000014 4.5200917431192673 24.768920932137277 22751352802.899826 4.6333333333333364 3954269.4990041857 2395.5000000000005 6.8750000000000009 3.5000000000000004 298974101.87215501 0.63569921499941928 29.500000000000004 5.3150000000000004 90.500000000000014 4.7160139372822316 0.3805286111517388 1.3511383881434533 355.50000000000006 400.67500000000001 93.050000000000011 5.0335784313725496 5.0835271317829474 4.2751562500000011 1.1692543743549091 6.455000000000001 127206812.00000001 5.7250000000000005 12.623343330469149 4.9200946372239756 0.53148101367182055 51.500000000000007 57451204.000000007 24.620000000000005 1355981708.8373449 44.609500000000004 32.540270270270277 27.500000000000004 1283923.0000000002 2.2508330249197726 0.23570226039551598 4.6950000000000012 4.9315428983417453 0.42990999793124224 367065762881.72784 8.9025000000000016 1.8550000000000002 0.95883197303315404 4.333615819209041 0.8272275845776228 5.2950000000000008 7.6950000000000012 6.9359842530030855 4.589026662844037
decision_type=2 2 2 2 2 2 2 2 2 2 2 2 2 2 2 2 2 2 2 2 2 2 2 2 2 2 2 2 2 2 2 2 2 2 2 2 2 2 2 2 2 2 2 2 2 2 2 2 2 2 2 2 2 2 2 2 2 2 2 2 2 2
left_child=1 5 4 7 9 6 14 10 31 42 -3 21 23 45 -1 -5 34 33 55 35 30 22 -9 24 25 -4 44 46 40 51 39 -7 49 36 -8 47 -12 41 -15 -6 -18 -38 -2 -23 -26 -13 54 -10 -34 -33 -29 -19 -53 -16 -17 57 -57 58 -11 -60 61 -46
right_child=2 3 12 15 20 8 16 11 19 18 17 13 -14 38 53 27 28 29 -20 -21 -22 43 -24 -25 26 -27 -28 50 -30 -31 -32 32 48 -35 -36 -37 37 -39 -40 -41 -42 -43 -44 -45 60 -47 -48 -49 -50 -51 -52 52 -54 -55 -56 56 -58 -59 59 -61 -62 -63
leaf_value=-0.023408066979537068 0.015199249325788602 0.0074665687690209344 0.054338666490758608 0.04911828647523285 0.029447138415631843 -0.011724397371064335 0.00016703165702299655 -0.0042226809983545921 -0.01173165321327883 0.022211234621409896 0.0074786719472950992 -0.00070670803910565037 0.057428301648020055 0.016024187477501454 -0.034854374406913052 -0.039603503313037268 0.044560338384689493 0.025611693377539713 0.045306311577846613 -0.013710459149231398 0.05298483177130088 0.018193215808028396 0.021658943931918764 0.053981628452898792 0.03470184409843368 -0.03925637568825617 -0.062297448619559409 0.0049227341952413212 -0.038003322588835965 0.032363739317822611 0.051617706528998976 -0.008188995216906499 0.023937222426558723 0.046019656570179784 -0.018270221856630318 0.03127548342029577 0.026525830484760239 0.024529453462999812 0.0050163785686881558 0.045244168032928467 0.0039972226853835337 0.011489042744745213 0.037813828701419652 -0.0099716101292249195 -0.14300254698181128 0.0097987085618433736 -0.02784505453705638 0.0097245623712909277 0.0032592838043353071 0.0048718540704470164 -0.099452138192369005 0.012723891907385279 0.039238585450569755 -0.0088790473990389349 0.030199212863596482 0.057540251318922736 -0.036667517915798004 0.046681045953760866 0.0098059047012185596 -0.10812206837102056 0.015904901436886398 0.026960722477741252
leaf_weight=2355.2956856787205 2645.4706866443157 4937.8123869895935 535.84479999542236 812.51735688745975 1777.6623232364655 1498.5677931532264 4869.6262653023005 4306.5573632270098 294.29869623482227 127.00613866746426 2779.985647931695 2908.5407619178295 5883.2793106287718 6441.75351318717 190.02842305600643 25.346288740634918 258.6730590313673 2092.1387585997581 1042.1765774786472 453.74548229575157 1516.9861831516027 877.43941244482994 298.42835856974125 772.63702465593815 560.37793797254562 25.002278983592987 23.092776477336884 38.171365991234779 36.556932687759399 1333.4865548312664 703.57197904586792 2433.7848468795419 374.46090547740459 150.26310957968235 493.85240720957518 311.7755431085825 686.13398486375809 1840.8241428732872 1534.7720025330782 877.68707837164402 121.89521370828152 4904.228548631072 293.64308658242226 211.05793207883835 15.537312448024748 2080.3115900158882 40.850227355957031 6032.415443405509 1453.6112301424146 1075.7962321341038 16.80852834880352 2292.7748555541039 226.00231535732746 4917.7281367108226 2241.6590718477964 20.939179882407188 71.874697476625443 148.46235124766827 21.016594722867012 17.181553050875664 140.12715294957161 18.570605859160423
leaf_count=22340 6311 14959 1081 1647 3906 8474 23623 15493 1352 281 8197 9936 13348 17327 1459 84 531 4877 2204 1720 3235 2502 700 1621 1213 97 80 100 172 2782 1427 11983 1482 290 3159 748 1677 4306 4335 1833 400 13297 603 684 69 6009 139 20680 5317 4195 66 5561 443 30492 4932 36 238 281 50 69 337 41
internal_value=0.0140794 0.00699788 0.0429383 0.0128703 0.0338905 -0.00231206 -0.00777775 0.0112886 0.0028849 0.0239755 0.0150188 0.00704164 0.0534488 0.00996899 -0.0141257 0.0327462 0.000417795 0.0173058 0.0371974 0.00828228 0.0428128 0.000375391 -0.00254541 0.0422529 0.0353802 0.0501662 0.0244357 0.0271163 0.0254708 0.0226736 0.0382188 -0.00271461 -0.000185071 0.0142263 -0.00153061 0.0097855 0.0137585 0.0161077 0.0139062 0.0346686 0.0315681 0.0133346 0.0174586 0.0127321 0.0271621 0.00367397 0.0284052 0.00872649 0.00749494 -0.00418544 -0.0269869 0.0198712 0.015103 -0.00984543 0.0294188 0.0164069 -0.0154139 0.0258227 0.00707817 -0.0432382 0.00291279 -0.0504633
internal_weight=87488.1 70250 17238.1 43077.9 9263.68 27172.1 13243.7 39902.5 13928.5 4387.77 21243.7 18658.9 7974.47 12965.4 7463.05 3175.35 5780.6 16305.8 1448.66 7092.24 4875.91 5693.48 4604.99 2091.19 1318.55 560.847 757.706 2362.84 417.125 5944.4 3358.92 6836.22 5337.65 10361.4 5363.48 6638.49 10211.2 7431.19 7976.53 2655.35 380.568 5590.36 2939.11 1088.5 734.613 4988.85 2307.86 6326.71 1828.07 3509.58 54.9799 4610.92 2518.78 5107.76 2267.01 406.481 92.8139 313.667 165.204 38.1981 174.235 34.1079
internal_count=296831 258470 38361 120343 20474 138127 82176 113375 55951 10073 56389 56986 17887 37607 54291 6968 27885 41430 3159 24500 10401 19379 16193 4539 2918 1178 1740 5321 1103 13663 7166 31451 22977 27767 26782 22780 27477 19280 21662 5739 931 14974 6914 3186 1660 15945 5155 22032 6799 16178 166 10881 6004 31951 5016 955 274 681 400 119 447 110
is_linear=0
shrinkage=0.05


Tree=31
num_leaves=63
num_cat=0
split_feature=10 49 38 30 1 49 20 1 43 46 1 28 10 50 43 1 40 1 28 40 50 50 20 0 1 50 46 43 5 46 3 0 0 22 35 0 40 43 44 38 37 46 33 20 22 36 47 50 50 2 30 47 44 28 37 35 2 36 46 40 42 37
split_gain=6732.96 1424.66 823.029 574.61 243.627 242.648 217.196 216.785 199.207 175.643 158.741 153.874 150.452 134.246 120.253 115.012 126.558 113.346 107.91 95.1953 94.0503 83.3207 81.7449 78.5888 89.6658 77.6101 74.9795 72.2056 71.3372 69.2408 67.563 67.2902 66.1153 73.7345 102.528 64.9939 64.0841 84.2896 64.8765 102.63 58.2342 54.7178 54.6191 64.0859 54.454 169.868 54.8435 53.3915 48.8424 48.2805 50.4544 48.0493 48.5966 56.9446 47.0055 61.7688 46.7419 46.6226 44.7473 44.4551 43.939 65.9129
threshold=2.5000000000000004 2.586672623542431e+17 17253870753.113544 22.500000000000004 4.7750000000000012 15388076531335456 34.500000000000007 5.1050000000000013 4.8071825396825405 30.000304878048784 5.7950000000000008 5025238979.7750559 13.500000000000002 207.4341324427983 4.66670396896449 6.495000000000001 3.5000000000000004 4.4350000000000014 16006611704.25831 120.50000000000001 441.9246103158444 200.70331572705484 10.500000000000002 58.750000000000007 7.0950000000000006 535.17466620435641 492.75403225806457 4.8334733893557429 0.13050000000000003 43.001333333333342 30.850000000000005 62.850000000000001 10.002500000000003 6.7950000000000008 0.70047497081169807 63.350000000000001 35.500000000000007 4.311200716845879 0.4384315479321968 629310439.96096146 33.905394587078497 13.503125000000002 4.7201265822784828 71.500000000000014 6.3850000000000007 10.119718309859158 1.0000000180025095e-35 107.98316070541593 248.67454791952983 12.500000000000002 8.5000000000000018 3.8288598314137654 0.45119867787215451 69884571.308431521 5.8105819143802897 1.2408413768664337 12.500000000000002 561.12350427350441 28.315701754385966 5.5000000000000009 5.3250000000000011 7.0240855456603759
decision_type=2 2 2 2 2 2 2 2 2 2 2 2 2 2 2 2 2 2 2 2 2 2 2 2 2 2 2 2 2 2 2 2 2 2 2 2 2 2 2 2 2 2 2 2 2 2 2 2 2 2 2 2 2 2 2 2 2 2 2 2 2 2
left_child=1 5 6 4 9 7 14 20 19 60 17 15 21 36 32 16 -6 25 28 -5 -1 42 41 24 30 29 -15 47 -8 -7 -9 -12 -2 51 -35 -17 37 -11 -39 -40 48 -16 43 -4 46 -46 -30 -18 58 50 -29 52 53 -34 -53 -56 -31 -49 -19 -37 61 -3
right_child=2 3 12 8 11 10 18 23 -10 13 31 -13 -14 26 22 35 27 40 -20 -21 -22 -23 -24 -25 -26 -27 -28 49 44 56 -32 -33 33 34 -36 59 -38 38 39 -41 -42 -43 -44 -45 45 -47 -48 57 -50 -51 -52 54 -54 -55 55 -57 -58 -59 -60 -61 -62 -63
leaf_value=-0.014332162746379754 0.027324265846979574 -0.037575221220344367 0.030103133607886048 0.015965672529810043 -0.0012025986837555477 -0.011573072253577866 -0.038031131592999895 0.065723007091535016 0.043668398105846828 -0.044242290133272723 0.030149616343818145 0.030498449382440243 0.057363298132049705 -0.0060575409697441965 0.010968259398609678 0.045067908398534834 0.013668961984321354 -0.0061707978096506464 -0.049259579280924934 0.03169538395570435 -0.033398480212061162 0.025289601416010294 0.043191253020061063 -0.02536216325747145 0.034914846467892086 -0.030157752783137676 0.0089248122402902658 0.016526716922968959 -0.019060503846209512 0.0010748420010399972 -0.0012500568922827018 -0.0060228878119549314 0.012701144026279781 0.025527760589080087 -0.10710343200233113 -0.068702695302699554 0.016245083681135412 0.012061192226571461 -0.00022314429281532073 0.0126317504755563 0.0095901174139694512 0.030577098302230012 0.050959485753824633 0.056926924184359365 -0.074949125553003246 0.04429035889298797 0.05599871526386753 0.0027671030392834167 -0.0088446988098043102 -0.0025722902199377209 0.029501299829333735 0.035144057870748792 0.023235552256792441 -0.066267055188484844 0.017966153617103121 -0.010773429740781985 -0.015348891435873683 0.029423405117979768 0.0040679664191454025 0.016774048478653728 -0.008764937533629967 0.043877157685554696
leaf_weight=3568.7727440595627 1407.2633888721466 34.127280443906784 786.94714745879173 2705.9338483959436 1604.5901484638453 2345.6418154910207 23.460772052407265 38.238169200718403 1344.9451871067286 76.185384526848793 600.86736182868481 1343.3073012083769 4926.9329218864441 2404.6780184358358 432.015729367733 404.45373369753361 3987.6055144220591 1322.4112101718783 28.768417462706566 1492.3390595912933 789.96579749137163 497.3455895036459 1168.3407030105591 283.57695815712214 195.5574461966753 313.56892369687557 1279.3450231701136 5342.3456166237593 24.843870714306831 3703.8175354376435 2478.7932738736272 163.56730300188065 38.428301468491554 28.478945031762123 29.836840078234673 19.690096482634544 3055.3865571022034 6425.9481284916401 3848.4210277795792 2602.739860996604 2231.240080319345 2015.7092369347811 2647.3199051767588 310.53860631585121 33.838041812181473 254.59624481201172 1191.5109164118767 2486.9065548181534 1199.8057033717632 288.64122062921524 871.53062604367733 300.70976938307285 60.239565804600716 56.238894581794739 1159.1937122493982 222.91191338002682 490.59648609906435 175.6186363697052 5527.6122978180647 66.873091802000999 2105.3262794911861 91.240292370319366
leaf_count=28842 3308 150 1808 6589 5729 13269 82 148 2737 318 1596 2882 11585 8396 1091 832 10500 6387 98 3185 8539 1202 2512 1632 448 2177 3713 13677 85 17206 13397 550 119 63 119 76 7934 18560 12497 6806 7944 4295 5866 684 120 561 2560 7185 5936 828 1853 658 137 196 2720 732 2549 420 22561 153 7756 273
internal_value=0.0134632 0.00644333 0.0410377 0.0118705 0.00970424 -0.00302491 0.0298067 -0.0106707 0.0269219 0.00624478 0.000116799 0.0142754 0.0514202 0.00775104 0.02601 0.0128462 0.0120541 -0.000877761 0.0466791 0.021557 -0.0177877 0.0445178 0.03231 -0.000316996 0.00230125 -0.00585849 -0.000854642 0.0136714 0.0484851 -0.00469344 -0.000232617 0.0224097 0.0191135 0.0130194 -0.042332 0.0366522 0.00973143 0.00819501 0.00850525 0.0049632 0.00244252 0.0271162 0.0470715 0.037693 0.0498339 0.0303016 0.0544656 0.0100081 0.000461362 0.0174179 0.0183465 0.0147758 -0.0118717 -0.0342115 0.0172288 0.0133309 -0.000846148 0.00452534 0.00209135 -0.00266892 -0.00705253 0.0217044
internal_weight=86957.7 69312.2 17645.5 44058.2 38515 25254 8476.39 7354.9 5543.22 21923.4 17899.1 16591.6 9169.08 19692.7 6919.37 15248.3 14757.2 17134.7 1557.02 4198.27 4358.74 4242.15 3616.07 2996.17 2712.59 6853.62 3684.02 13152.6 1528.25 6540.06 2517.03 764.435 3303.3 1896.04 58.3158 491.017 16008.7 12953.3 12877.1 6451.16 10281.1 2447.72 3744.81 1097.49 1504.79 288.434 1216.35 6650.13 8049.83 6502.52 6213.88 1837.72 154.907 94.6672 1682.82 1382.11 4194.41 2662.53 6850.02 86.5632 2230.69 125.368
internal_count=296831 256230 40601 123049 110538 133181 19456 53006 12511 66403 80175 44135 21145 58224 15950 41253 40192 78029 3506 9774 37381 9560 7898 15625 13993 35201 12109 34463 3408 33024 13545 2146 8052 4744 182 1061 46115 38181 37863 19303 42828 5386 8358 2492 3326 681 2645 18105 34884 16358 15530 4562 452 315 4110 3452 19755 7605 28948 229 8179 423
is_linear=0
shrinkage=0.05


Tree=32
num_leaves=63
num_cat=0
split_feature=21 38 10 12 43 45 1 30 47 1 44 19 49 49 6 1 9 47 30 25 44 1 49 16 34 16 50 7 47 43 33 47 2 43 26 50 19 7 44 38 47 50 3 44 44 47 9 50 50 9 1 3 43 34 50 43 50 36 37 19 17 43
split_gain=6324.11 1265.6 659.086 519.506 322.666 229.786 207.737 171.523 144.408 144.211 173.055 144.084 135.834 127.469 126.555 116.974 114.442 109.283 94.3815 94.2411 92.6126 96.9863 90.555 90.0705 86.6457 82.8311 81.0491 80.5244 78.4459 76.3964 75.1649 70.2388 70.1465 69.7122 85.4741 68.1604 65.3915 63.3326 61.2155 60.5465 95.5837 63.4345 59.0051 58.0223 56.1259 54.7726 54.38 54.0199 53.0529 51.4025 54.8732 57.232 50.634 49.2953 49.019 46.2647 46.2167 54.9954 45.5762 93.8302 106.27 45.4254
threshold=1.2142857142857146 22388468.962413989 11.500000000000002 5.705000000000001 4.728601953601955 0.79931499736794809 4.4850000000000012 70.500000000000014 12.186523798955495 6.4850000000000012 1.0000000180025095e-35 5.658403541458423e+19 4.6210841669141725e+20 8.2042035927831069e+19 2.9750000000000005 5.3150000000000004 206914.50000000003 24.768920932137277 25.500000000000004 0.99456751580897407 0.42817441928883759 5.6150000000000011 8.0500351964326131e+17 30.16833333333334 0.20615528128088309 65.583333333333357 106.84041571727967 6.5500000000000007 1.0000000180025095e-35 4.6895042839657295 5.0335144927536248 4.0259093893013418 12.500000000000002 4.7160139372822316 32.663132183908054 1017.2002665187262 1.7070798311834115e+18 4.6100000000000003 0.50503342761562864 22432160661.166283 15.677844365268003 210.83786226944562 92.850000000000009 0.47702250645057448 0.081717642867670456 63.333906081257915 8874.5000000000018 393.88566249663955 424.12239505809316 127206812.00000001 5.455000000000001 59.150000000000013 4.311200716845879 0.28902515306340032 693.66653281436766 4.6636389258993551 158.59135285534043 24.801785714285717 14.697848081244837 1.1392550261950915e+19 9.3090287137004548 4.5052911534154552
decision_type=2 2 2 2 2 2 2 2 2 2 2 2 2 2 2 2 2 2 2 2 2 2 2 2 2 2 2 2 2 2 2 2 2 2 2 2 2 2 2 2 2 2 2 2 2 2 2 2 2 2 2 2 2 2 2 2 2 2 2 2 2 2
left_child=1 6 4 5 7 12 8 36 23 10 49 25 20 14 31 16 26 -18 30 -9 35 22 -22 -1 -16 28 43 -11 -5 48 -6 -4 42 34 58 55 -2 -12 -31 40 -24 -42 -10 52 -17 -43 -30 -44 -19 50 -8 -52 -7 -21 -25 -3 -46 -58 -26 -60 -61 -36
right_child=2 3 13 11 18 15 9 19 32 27 37 -13 -14 -15 24 44 17 29 -20 53 21 -23 39 54 33 -27 -28 -29 46 38 -32 -33 -34 -35 61 -37 -38 -39 -40 -41 41 45 47 -45 56 -47 -48 -49 -50 -51 51 -53 -54 -55 -56 -57 57 -59 59 60 -62 -63
leaf_value=0.011093353598746157 0.01495200479648727 0.010797272536809465 0.011210359726422023 0.0073414891609431543 0.024911799697229141 -0.0029310946509432472 -0.011050174674617665 0.043456845362405835 -0.028247526495849384 0.030774036667005553 -0.014026004252914571 0.045584571414730914 0.033912492462197227 0.05759187841404876 -0.051026819654618728 7.5250097778234646e-05 -0.0064445297094030893 0.0018853080875236889 0.049144530337015296 -0.057843272063614552 -0.0048818378435083005 0.028697491593135106 -0.0028360474308894374 -0.018881845143520967 0.048691224576158647 -0.0044408741248427646 0.0032870718662016034 -0.0012105143976299309 0.031841528322248958 0.013828186419276184 0.046576880993159722 -0.10646347133472887 -0.021087393203821941 0.055398018368957559 0.041244644619023905 0.059787264186672455 0.035606818825930524 0.0041005953028152584 -0.016240780658952222 0.022026276151125634 0.012746241117438132 -0.014060182267824043 0.0012553972910172321 -0.0016609133692233665 0.022169904456616693 0.013015784654305106 0.017925894674594472 -0.023949676790941055 -0.024242494063287559 -0.023929527387231822 0.044662029571966855 -0.0016964018202184584 0.014954794025150462 0.021508163365016167 -0.039082244672242653 0.019628800829101165 0.036647549351664831 -0.0026923634562044684 0.036601815426803269 0.020693342733245697 -0.17267556634011147 -0.0049234815210364748
leaf_weight=232.09451358020306 3052.9213992059231 2298.3733146637678 34.959162399172783 575.33993725478649 994.18769727647305 428.11009307205677 3044.7628847807646 1327.8072965145111 202.19472708553076 560.06145949661732 513.96113476157188 806.99274379014969 762.78352454304695 4397.3525603860617 23.147360742092133 500.20647954940796 3386.5385075807571 4741.1648095399141 2389.3688072115183 20.362065300345421 1125.3098900467157 631.82908374071121 1469.6849289089441 2512.3551668673754 979.430335983634 267.41727748513222 4752.8229919224977 303.37692642211914 2191.5250661820173 2278.965463757515 670.24124422669411 19.899451181292534 556.59745955467224 1132.1665180325508 81.825647935271263 92.214327216148376 438.19475989043713 7718.8623317182064 182.84423281252384 959.2885477989912 6501.9199228286743 437.12415759265423 3156.5053196772933 699.87818102538586 1880.2863212823868 326.14180305600166 1032.9721935242414 227.92798224836588 202.58883364498615 499.32616136223078 69.473501890897751 1596.6425005793571 5226.1532600969076 504.43826961517334 341.09337142109871 4179.6610460430384 112.34123300015926 424.63368412852287 173.29561823606491 16.96372459828854 12.226182758808134 152.71602240204811
leaf_count=1328 7285 6386 83 1486 2262 1732 22082 2936 1170 1401 2406 1763 1572 10774 91 1665 13773 16352 5342 75 3665 1390 4279 19619 2144 700 15323 1139 4653 6659 1451 86 3223 2592 171 162 945 32620 661 2184 16600 1374 15101 2168 4852 865 2386 1639 880 3749 299 8312 15211 1189 3742 10359 268 1272 398 45 63 429
internal_value=0.0128738 0.00632353 0.0407997 0.0108043 0.0321397 0.00907364 -0.00376253 0.0240701 -0.0106711 -0.000271786 -0.00154403 0.0262853 0.0132458 0.0523861 0.043671 0.00591565 0.0046627 0.000995828 0.042777 0.0363671 0.012371 0.009656 0.00854403 -0.0188602 0.0452739 0.0224561 0.00822562 0.019536 0.024349 0.00439828 0.033636 -0.0314747 -0.00457248 0.0461485 0.0387554 0.017103 0.0175445 0.00296898 0.0115949 0.0101025 0.00879302 0.0111455 -0.00200959 0.0119196 0.0153205 -0.00249068 0.0273836 -0.000442063 0.000814623 -0.00867519 -0.00705832 0.000236646 0.0136006 0.0184294 -0.0212965 0.0164954 0.0184753 0.00553799 0.0442269 0.0226328 -0.0602992 0.0111834
internal_weight=86431.9 70010.3 16421.5 48475.1 9397.52 43600.9 21535.2 5343.72 7228.77 14306.5 13443 4874.25 18784.3 7023.98 2626.63 24816.5 21899.1 10792.1 4053.8 1852.61 18021.5 11451.3 10819.5 3085.54 2571.77 4067.25 11107 863.438 3799.84 7405.56 1664.43 54.8586 4143.23 2548.62 1416.46 6570.25 3491.12 8232.82 2461.81 9694.16 8734.87 7265.19 3586.63 6354.14 2917.47 763.266 3224.5 3384.43 4943.75 5210.21 4710.88 1666.12 5654.26 524.8 2853.45 6478.03 2417.26 536.975 1181.92 202.486 29.1899 234.542
internal_count=296831 258470 38361 140640 21485 129652 117830 12430 45822 72008 69468 10988 48836 16876 6102 80816 72759 38325 9055 4200 47264 30357 28967 24689 5933 9225 34434 2540 8525 24552 3713 169 21133 5842 3250 16907 8230 35026 7320 25302 23118 18839 17910 19111 8057 2239 7039 16740 17232 34442 30693 8611 16943 1264 23361 16745 6392 1540 2650 506 108 600
is_linear=0
shrinkage=0.05


Tree=33
num_leaves=63
num_cat=0
split_feature=10 48 38 30 48 21 1 1 46 10 45 9 9 48 1 22 48 0 44 1 10 46 1 40 9 2 40 9 23 38 38 9 23 46 42 6 44 25 45 1 47 44 9 40 1 1 47 12 18 0 36 9 1 46 47 36 1 32 22 9 0 5
split_gain=5938.85 1176.57 817.711 486.314 221.692 211.013 205.632 181.847 180.658 157.436 140.382 116.809 115.103 107.938 100.649 98.0582 161.213 93.0701 91.465 88.8975 86.8312 85.965 77.7141 83.1211 76.8215 80.4635 82.3729 75.7439 73.0334 75.5564 72.559 68.8214 65.1443 61.9042 60.1137 56.2388 55.8174 54.182 50.9933 50.0854 49.4853 49.4014 48.942 48.0945 47.5174 46.6297 46.5208 44.9702 44.0199 47.3359 42.6659 41.5365 41.3982 39.4462 39.2134 48.3392 44.4684 40.2494 50.1049 39.1836 45.133 39.1211
threshold=2.5000000000000004 226429676.27455902 17253870753.113544 22.500000000000004 44668419.612829708 5.2142857142857153 4.8950000000000005 4.9050000000000011 33.000694444444456 13.500000000000002 0.64557287850483425 183581.50000000003 8874.5000000000018 3954269.4990041857 5.9250000000000007 6.3850000000000007 16211875160.263414 142.05000000000004 0.38436653649517666 7.0950000000000006 11.500000000000002 10.500476947535775 6.9050000000000011 2.5000000000000004 22554.500000000004 12.500000000000002 10.500000000000002 1689247.0000000002 4.4008620689655187 295746033815.01538 5648310691.7185698 335768928.00000006 4.333739837398376 25.003181818181826 5.3550000000000013 8.2250000000000032 0.19618585292749549 0.76640202688809123 0.55880968120323138 5.1050000000000013 77.629846360606294 0.44349339516605818 1157541.0000000002 20.500000000000004 6.455000000000001 4.6950000000000012 134.6450131923261 6.5850000000000009 1017571.0833396717 37.650000000000013 539.60555555555572 71332671.000000015 6.1950000000000012 7.623193277310925 3.8288598314137654 17.667261904761908 4.8950000000000005 4.9150000000000009 5.3050000000000006 212866.50000000003 131.95000000000002 0.22050000000000003
decision_type=2 2 2 2 2 2 2 2 2 2 2 2 2 2 2 2 2 2 2 2 2 2 2 2 2 2 2 2 2 2 2 2 2 2 2 2 2 2 2 2 2 2 2 2 2 2 2 2 2 2 2 2 2 2 2 2 2 2 2 2 2 2
left_child=1 4 5 6 7 12 8 13 27 28 -5 30 32 51 18 36 21 19 33 31 -18 -17 23 -13 -10 26 41 34 -4 -30 44 42 43 -6 -3 -15 -7 40 -34 -14 -12 -26 -9 -2 -8 50 -25 -36 53 -50 -35 -1 -44 -37 57 -56 -57 -40 -59 60 -20 -11
right_child=2 3 9 10 14 15 11 17 24 61 37 22 39 35 -16 16 20 -19 59 -21 -22 -23 -24 46 25 -27 -28 -29 29 -31 -32 -33 38 45 47 48 -38 -39 54 -41 -42 -43 52 -45 -46 -47 -48 -49 49 -51 -52 -53 -54 -55 55 56 -58 58 -60 -61 -62 -63
leaf_value=-0.019196783446536678 0.028752912787719326 0.026066656671996025 -0.0096330227913599548 0.034776150153787731 -0.0089604187907718728 -0.037241077517588948 0.015409269848488869 0.014182997656429639 0.015829443009577223 -0.0022281257543113218 0.037748288057181112 -0.0057815206936653388 0.012141493864799117 -0.04657817973338358 0.026370093383708701 -0.061874462595648987 0.0013999732194359478 -0.029023475202294088 0.0063621423960534898 0.032722585317359207 -0.12195156415250119 0.047577012628382542 0.044484625546469966 0.011861846854806107 0.0074702442119308175 -0.012226994199031966 0.0090026986430002919 -0.028313842275800749 0.03804610619585231 0.052317766445344187 0.030121649312222762 -0.024462658713446595 0.043054449126842087 0.00035397397752020421 -0.0050703545704894942 -0.04524323912313389 0.053592670253420564 0.015716096067205417 0.046143071408787172 0.033090917348729536 -0.035777119250167196 -0.004913476944916978 -0.0032676496742542363 -0.025269092363663731 0.045134077113683634 0.0076343671625436404 -0.0086168256408984817 0.026234225596783178 0.010131896135014614 -0.023141447276132168 0.030090156835327453 -0.041497184112641812 0.011266106609891259 -0.0089074915921512465 0.043794108000391609 0.022883866476527931 0.038013824039606348 -0.0088852107479420964 0.02144207100399181 -0.012934948760947199 -0.043934402915442233 0.056446087472436748
leaf_weight=2017.0015062168241 72.781765624880791 178.25029894709587 66.044329985976219 2164.8581800609827 1032.7580884248018 17.179413929581642 4247.8976947963238 676.4793916195631 2661.6138851940632 28.588198363780975 449.42093507945538 828.48995852470398 2013.6572726815939 94.59079647064209 402.50100061297417 19.628131553530693 30.885261163115501 257.12900096178055 544.96502521634102 222.45625400543213 26.514734581112862 208.56908778846264 159.05291175842285 6522.910189896822 1378.3222473263741 543.13649605214596 13943.925590500236 302.84385444223881 2480.1921251416206 1481.2616783082485 1223.1373200267553 263.24266870319843 632.52656774222851 5903.3658156916499 2875.271421700716 76.019026324152946 1089.7161303311586 2798.1009997576475 112.0053625702858 332.39902037382126 24.112303733825684 1937.2361291050911 2663.3911941796541 94.945693418383598 138.84238387644291 4629.2133346796036 289.63511110842228 119.49015921354294 573.29274320602417 131.38716287910938 123.14487913250923 232.91936905682087 600.42186807096004 4280.3071523755789 551.1271448880434 1651.1544609963894 687.99698120355606 180.78812871873379 552.11804857850075 1497.6226570010185 48.578255340456963 4532.7835455685854
leaf_count=19728 230 540 185 4692 4993 68 10507 2779 6852 90 916 3204 5055 819 978 67 82 1447 2050 513 113 470 305 17527 4329 1946 39159 1637 5920 3455 2649 1754 1350 25130 9711 678 2515 6809 274 713 72 6994 14824 327 266 16238 856 262 3010 756 416 2612 2481 28738 1152 3810 1432 527 1271 6838 215 11495
internal_value=0.0123087 0.0058129 0.0389106 0.0109269 -0.00251607 0.0276927 0.00889315 -0.00749105 0.0061165 0.0497174 0.0248989 0.0138501 0.0241008 -0.0123677 0.00172452 0.0454432 0.0193221 0.000220546 0.00100463 0.00191948 -0.0555797 0.0381627 0.00989265 0.00917259 0.00790656 0.00672204 0.00731834 -0.00442256 0.0425132 0.0433825 0.0193527 0.000289346 0.0287516 0.00272766 -0.00214229 -0.00838001 0.0521829 0.0183631 0.0299259 0.0151097 0.0340044 0.000234603 0.00194298 -0.00182739 0.0163501 0.00386048 0.0109912 -0.00382131 -0.00766608 0.0039281 0.000961599 -0.0215054 -0.000593972 -0.00954156 0.0277027 0.0304726 0.0273339 0.0182273 0.0139612 -0.00862618 0.00224565 0.0560783
internal_weight=85920.2 69057.3 16862.9 42786.5 26270.8 8273.99 37350.1 12088.6 23940.1 8588.87 5436.49 13410 6881.5 7405.52 14182.1 1392.49 285.597 4683.12 13779.6 4425.99 57.4 228.197 7800.09 7641.04 20464.2 17802.6 17259.5 3475.86 4027.5 3961.45 5609.88 4203.54 4535.44 11688.5 3173.01 5155.6 1106.9 3271.63 4367.72 2346.06 473.533 3315.56 3940.29 167.727 4386.74 10655.7 6812.55 2994.76 5061.01 704.68 6026.51 2249.92 3263.81 4356.33 3735.19 2890.28 2339.15 844.912 732.906 2091.17 593.543 4561.37
internal_count=296831 256230 40601 119233 136997 19456 106744 80139 71430 21145 12489 35314 16141 56341 56858 3315 732 23798 55880 22351 195 537 21892 21587 59280 52428 50482 12150 9560 9375 13422 21838 10373 46777 10513 34001 2583 7797 9816 5768 988 11323 20084 557 10773 41784 18383 9973 33182 3766 25546 22340 17305 29416 8466 6394 5242 2072 1798 9103 2265 11585
is_linear=0
shrinkage=0.05


Tree=34
num_leaves=63
num_cat=0
split_feature=20 38 20 28 43 38 1 45 45 40 50 45 18 9 1 1 23 13 9 1 30 47 18 43 36 47 44 9 50 1 36 47 37 11 47 47 43 48 40 20 32 47 44 30 0 11 18 27 7 6 37 18 11 46 47 43 36 50 40 26 0 50
split_gain=5594.64 1096.25 572.892 474.819 378.517 227.902 205.46 184.256 136.459 128.192 120.199 113.557 106.215 99.5928 98.7422 95.1012 93.7292 99.3006 91.7148 91.3783 89.1694 87.6126 87.5214 85.4108 74.9004 74.4967 73.9444 70.5757 68.5286 67.4838 66.2115 64.8771 118.976 90.5861 89.7348 70.8832 63.6552 62.095 61.6634 60.7995 58.9526 57.8551 57.352 57.1287 56.335 55.2392 53.3966 51.4176 51.0523 50.947 62.4966 50.6159 49.999 49.9186 49.9113 49.1051 48.5501 71.2188 48.1823 48.4895 53.4906 48.1473
threshold=9.5000000000000018 41193836.742394902 34.500000000000007 5703628097.8238611 4.728601953601955 7931000.9060230451 4.7750000000000012 0.79931499736794809 0.81942355076085283 37.500000000000007 424.12239505809316 1.4161776583801673 708000630.8586787 8874.5000000000018 7.5950000000000006 4.9050000000000011 4.5558730784391024 4.6004629629629639 212866.50000000003 5.6150000000000011 100.50000000000001 27.642604618255067 2911409901.0640974 4.9250850340136072 6.003000000000001 11.500154828833358 0.3807886552931955 15092809.000000002 103.55262827308486 6.1950000000000012 12.844810539107382 29.333505752347353 3.535678207549481 19.500000000000004 7.6278839664565981 1.0000000180025095e-35 4.8480131578947381 576218865.63655436 32.500000000000007 58.500000000000007 4.9150000000000009 1.0000000180025095e-35 0.47702250645057448 56.500000000000007 115.45000000000002 5.5000000000000009 44946296964.442772 1.5003905233276871 7.0500000000000007 3.4300000000000002 3.6812767973694602 509139946.50642794 1.5000000000000002 13.503125000000002 113.52883867545587 5.0002732240437169 532.87142857142862 177.09673713188911 159.50000000000003 9.9663841807909623 24.008500000000002 185.34377659491963
decision_type=2 2 2 2 2 2 2 2 2 2 2 2 2 2 2 2 2 2 2 2 2 2 2 2 2 2 2 2 2 2 2 2 2 2 2 2 2 2 2 2 2 2 2 2 2 2 2 2 2 2 2 2 2 2 2 2 2 2 2 2 2 2
left_child=1 5 4 7 11 6 10 9 45 19 25 22 38 46 27 48 20 39 28 21 31 23 -2 24 -3 -1 53 29 30 61 40 32 35 34 -34 -10 -11 -28 55 -18 -9 -24 -32 -36 -21 -4 54 -15 -7 50 -43 -26 56 -20 -5 -6 57 -23 59 -30 -61 -8
right_child=2 3 8 13 12 15 14 18 16 36 -12 -13 -14 47 -16 -17 17 -19 26 44 -22 52 41 -25 51 -27 37 -29 58 -31 42 -33 33 -35 43 -37 -38 -39 -40 -41 -42 49 -44 -45 -46 -47 -48 -49 -50 -51 -52 -53 -54 -55 -56 -57 -58 -59 -60 60 -62 -63
leaf_value=-0.015153971763579696 0.01831112184842305 -0.077764770463469093 0.042550700450503909 0.032493327594675263 0.01510699133073627 -0.0016224201139636175 0.0030738252567679147 0.047573054734921634 -0.04192081640960528 0.017604700654565909 -0.029805497423641577 -0.023928985228285446 0.050892838222259741 0.0060359460703564415 0.049079221244160691 0.011102010519607339 -0.01821319367909344 0.021408072659974728 -0.017359678158581002 0.031769076119563984 0.05300666192458843 0.011900552603754305 -0.044658510708917673 0.014774232941885441 -0.0027757144427367044 -0.0041161816733582554 -0.012160980565457414 -0.0085663393949730222 -0.026996367543556912 0.019707752942721118 0.016218835604338098 0.054971126079695634 -0.10387242993076598 0.03318678242260354 0.052748165546495529 0.045447519242203624 0.032953984059826288 0.001847095655182639 0.041913558497478534 -0.1639002161155492 -0.0036210263710130838 0.033956640505846424 0.0020058537585890823 -0.065070317173496081 -0.004755467502955006 0.055816362808018653 0.048853392717566009 0.026590101737034279 0.006374193493219076 0.041754094229232444 -0.084269350934245604 0.018017572481413453 0.022061796535098308 0.0066905207449907593 -0.037123008447978299 0.041918548080379162 0.025177062626001362 -0.0017910831658399106 0.048038260521835408 0.016911553973291773 0.0027602330259307918 -0.0095057822006895248
leaf_weight=3261.3373125940561 3245.5242769420147 31.554909095168114 939.71770358085632 1044.9141965508461 548.7075120061636 7221.8146198317409 3401.0672377198935 60.242395639419556 26.492832943797112 3346.8656237125397 873.31907234340906 139.05595138669014 1849.7698060497642 462.27713325619698 99.39112463593483 2741.325449988246 14.194648161530496 60.092993915081024 223.73569668829441 741.61956432461739 508.57867325842381 7078.0584110468626 21.397073581814766 1197.7963687032461 2454.7402560561895 2877.3503835201263 1254.3781499415636 2188.5821632370353 121.19584821164608 496.66156220436096 5213.8764352202415 115.98107678443193 45.499268501996994 43.18704704195261 22.097615465521812 187.65539118647575 846.24381013214588 2142.1053738594055 1046.3029385209084 14.453327730298041 845.27437236905098 28.866762444376945 821.61936274170876 19.25349372625351 123.09487488865852 4758.567675627768 660.47560033202171 890.15721820294857 2758.222171343863 762.82804296910763 18.242119386792183 332.28924854099751 1167.560118407011 6050.4011588692665 26.396806374192238 247.94123546779156 568.29409338533878 1096.9829220473766 63.612186402082443 794.10809363424778 4197.1123400181532 979.75782252848148
leaf_count=26020 7558 134 2202 2276 1317 31803 15869 149 99 7816 9142 484 4590 1169 210 8991 41 156 1018 1583 1204 18365 73 3012 7465 14914 4963 13408 439 1520 14207 245 192 108 41 427 1776 6640 2395 69 2756 63 2300 66 328 12339 1493 1983 11000 1758 70 755 2644 19649 81 530 1310 3291 121 2253 12680 5271
internal_value=0.0117671 0.00594167 0.0398747 0.0108157 0.0307407 -0.00200521 -0.0063648 0.00938486 0.0505674 0.0129856 -0.0124494 0.0205033 0.0424286 0.0297316 -0.000410454 0.00285338 0.0340718 -0.0151109 0.00624727 0.0107981 0.0385771 0.0098189 0.0220189 0.00358931 -0.00116387 -0.00998029 0.00261602 -0.00110657 0.00914537 0.0022407 0.0123925 0.0226296 0.0117314 -0.0259933 -0.0554211 0.034639 0.0207025 -0.00332632 0.033933 -0.0917145 -0.000215177 0.0364939 0.014284 -0.00210931 0.0265697 0.0536287 0.0376717 0.0195645 0.000587636 0.0386378 -0.0118244 -0.000296593 0.0123434 0.00583289 0.030778 0.0234516 0.0110457 0.0100633 0.00479104 0.00425293 0.00501172 0.000260435
internal_weight=85420.2 70755.8 14664.4 43857 7908.64 26898.8 14177.5 40772.8 6755.77 18985.1 7012.01 4215.91 3692.72 3084.22 7165.46 12721.4 1057.49 88.741 21787.7 14792 968.745 13927.3 4076.86 4016.38 2818.58 6138.69 9670.62 7066.07 12117 4877.49 6941.01 460.167 344.186 130.037 86.8504 214.148 4193.11 3396.48 1842.95 28.648 905.517 831.334 6035.5 41.3511 864.714 5698.29 1731.79 1352.43 9980.04 809.937 47.1089 2787.03 9910.9 6274.14 1071.31 796.649 8743.34 8175.04 5176.03 5112.42 4991.22 4380.83
internal_count=296831 260804 36027 122656 18838 138148 86354 115654 17189 48479 50076 10006 8832 7002 36278 51794 2648 266 67175 38887 2382 36976 9522 11366 8354 40934 32270 36068 34905 22660 19412 1178 933 407 299 526 9592 11603 4242 110 2905 1964 16507 107 1911 14541 3850 3152 42803 1891 133 8220 25610 20667 2357 1847 22966 21656 15493 15372 14933 21140
is_linear=0
shrinkage=0.05


Tree=35
num_leaves=63
num_cat=0
split_feature=21 48 10 18 43 21 43 1 40 30 48 1 9 6 40 43 21 28 1 46 44 43 9 43 26 40 40 0 46 46 43 44 40 15 1 37 26 33 26 9 43 27 15 36 36 28 1 18 43 40 43 22 0 40 43 43 45 27 35 12 43 27
split_gain=5253.53 979.452 575.956 464.731 271.196 220.883 178.825 175.903 150.929 144.284 136.895 136.427 122.599 114.243 112.21 117.177 106.46 99.8007 96.034 89.3764 85.1196 77.8703 77.6747 77.3627 92.4152 70.767 69.4705 69.2749 63.4382 62.7712 60.2162 68.6006 59.8531 64.9204 59.1028 57.0518 56.8844 112.032 64.1411 56.7944 56.6352 64.5597 100.645 92.1612 52.7556 51.7225 50.8903 49.3654 48.5819 50.3932 47.4659 65.8493 47.1827 46.9543 45.5889 44.7905 43.8366 63.6007 47.3944 44.1438 45.7952 43.7816
threshold=1.3571428571428574 171503692.13773829 11.500000000000002 4086646767.2006803 4.6400304878048795 0.35714285714285715 4.8298574998311619 4.4050000000000011 3.5000000000000004 93.500000000000014 65168305571.740456 4.3650000000000011 278754.00000000006 2.9750000000000005 4.5000000000000009 4.9142857142857164 4.2142857142857153 298974101.87215501 6.6950000000000012 46.30438095238096 0.60812931993463637 5.0002732240437169 5362.5000000000009 4.6999340369393154 32.663132183908054 175.50000000000003 12.500000000000002 142.05000000000004 10.231385927505332 7.623193277310925 4.5176759884281603 0.38729833462074181 50.500000000000007 0.62042068843321652 5.9350000000000014 4.1003521171670618 1.0000000180025095e-35 4.2921538461538473 9.5601809954751165 17942721.500000004 4.5052911534154552 16.609185447596612 0.87593987069318702 38.093570451436399 9.9985714285714291 206131649.72769585 5.7650000000000006 44946296964.442772 4.6430384615384623 10.500000000000002 4.36224318658281 4.995000000000001 36.050000000000004 109.50000000000001 4.4708597046413523 4.6174306076519143 0.95883197303315404 1.1472315808458509 0.81430215356859814 4.995000000000001 4.5833892617449683 21.554330624354368
decision_type=2 2 2 2 2 2 2 2 2 2 2 2 2 2 2 2 2 2 2 2 2 2 2 2 2 2 2 2 2 2 2 2 2 2 2 2 2 2 2 2 2 2 2 2 2 2 2 2 2 2 2 2 2 2 2 2 2 2 2 2 2 2
left_child=1 7 4 5 9 11 25 8 -1 36 13 26 46 35 -13 20 21 56 19 -14 34 32 47 24 -15 29 55 -21 -8 -7 31 50 33 -6 48 -4 -2 -38 45 -20 -26 42 43 -42 -10 -39 -9 -5 -16 -50 51 -31 -32 -33 -28 -3 58 -58 59 60 -11 -19
right_child=2 3 10 22 16 6 28 12 44 17 -12 14 18 23 15 -17 -18 61 39 27 -22 -23 -24 -25 40 -27 54 -29 -30 30 52 53 -34 -35 -36 -37 37 38 -40 -41 41 -43 -44 -45 -46 -47 -48 -49 49 -51 -52 -53 -54 -55 -56 -57 57 -59 -60 -61 -62 -63
leaf_value=-0.018106467399444239 0.065525099888564947 -0.021066125874297719 0.0040891364424614296 0.03083230628378867 0.045910684663698222 -0.032558691887279174 -0.0036387278530687871 0.0070100902077617523 -0.036175002047158109 -0.095374060766978366 0.05593605341702973 -0.00060902817665943378 -0.0066356609128394185 0.040030581148502289 0.0038022977371658718 0.015549774867184313 0.048412531897839124 0.047608639902437459 0.039019478015963817 0.0059375732357720562 -0.0072811505125991343 0.047746257795013992 0.018922169129615925 0.052263969855604622 0.037159453541800731 0.028622330837924516 -0.0046964635961982519 -0.0090555829166788122 0.024971842698612579 0.0067699991211822618 0.016283168083803864 -0.0016474853924661201 0.036822381242189749 0.016133683680813901 0.026952929807670691 -0.10587986100431035 -0.047265961967493622 0.042805694360981028 0.015044643369972363 0.0054335709042916784 0.018573104531140441 0.036344528402501783 -0.15269406449180475 -0.10822395511496961 -0.0029707288271363288 -0.04972344363040012 0.031646592114212724 0.049121111228952338 0.003786371001806114 0.012771258798296487 0.014420562229525617 -0.032756578041038799 0.0078971436350662848 -0.068850628470700795 0.0063906028324895413 -0.0037178474771896322 0.016047374339092306 -0.078585363743080616 0.044005960812911839 0.04188426925599633 0.0012330354511612398 -0.021005917791085821
leaf_weight=2789.1710196360946 49.363009691238403 485.08848570287228 37.175717413425446 985.77029690146446 219.48149584233761 87.191025480628014 205.60819144546986 3332.3891241550446 122.45340952277184 19.300089329481125 3908.7168856114149 3286.6963654607534 6758.9427653029561 1072.5890865698457 5366.1185951828957 5520.2727518379688 1557.0236161276698 675.0639104694128 209.73915331065655 3389.2596819400787 976.78766661882401 650.01345171034336 849.77715340256691 1086.7862604856491 78.15886752307415 516.89734929800034 1292.3462625145912 997.07246953248978 3358.9041348993778 522.55883024632931 4133.2757989019156 1599.8975285589695 1110.5243150144815 1102.6198741197586 399.55251897871494 17.274690717458725 78.923193141818047 19.497759774327278 2151.1130685806274 314.79119952023029 53.669831514358521 39.655752286314964 16.290604010224342 19.551319479942322 5178.5496348664165 67.005258023738861 223.68220889568329 589.69043651223183 2237.8595673590899 5156.4619727730751 1892.2139715701342 131.98175431787968 2822.8044468611479 26.421052128076553 3281.4008434861898 1596.7900353521109 42.019198521971703 30.746776103973389 105.41360777616501 30.068219557404518 33.663646042346954 24.077943801879883
leaf_count=23701 84 2072 93 2176 512 297 575 12916 835 74 10774 11826 41952 2617 16627 14068 3841 1583 446 14441 3137 1494 2039 2756 174 1107 4687 4635 7466 1724 10002 4685 2578 2651 892 76 328 41 5090 1032 137 92 77 80 26428 218 576 1366 6968 13461 5085 473 7277 95 9709 6028 102 123 211 60 87 74
internal_value=0.0112483 0.00565415 0.0388904 0.00978686 0.0299442 0.00863525 0.0135136 -0.00273363 -0.00869151 0.0190484 0.050149 0.00611401 0.00043205 0.0408062 0.00794228 0.00937208 0.0377556 0.0353934 -0.00204466 -0.00302865 0.00695975 0.0323728 0.031106 0.0424537 0.0341237 0.0105339 -0.000188545 0.00252943 0.0233215 0.00970035 0.0100314 0.005283 0.0282649 0.021077 0.00801676 -0.0307991 0.0124138 0.011282 0.0133471 0.0188633 0.00356455 -0.0167636 -0.0402917 -0.0152839 -0.00373775 -0.0288674 0.00855976 0.0376778 0.00742384 0.010052 0.0104059 -0.00120015 0.0128801 -0.00273926 0.00325787 -0.00776009 0.00902351 -0.0239391 0.0217516 -0.00650152 -0.0339708 0.0452456
internal_weight=84934.2 70638.4 14295.8 47322.4 7965.92 44897.1 15297.8 23316.1 8090.17 3326.26 6329.87 29599.4 15225.9 2421.15 22943.7 19657.1 4639.66 960.353 11669.8 11145.3 14136.8 3082.64 2425.24 2366.7 1279.92 11733.2 6655.63 4386.33 3564.51 11216.3 11129.2 4173.07 2432.63 1322.1 13160 54.4504 2365.9 2316.54 2237.62 524.53 207.326 129.168 89.5118 73.2212 5301 86.503 3556.07 1575.46 12760.4 7394.32 2546.75 654.541 6956.08 1626.32 4573.75 2081.88 261.212 72.766 188.446 83.032 52.9637 699.142
internal_count=296831 260804 36027 133842 19151 128261 38786 126962 50964 8075 16876 89475 75998 6102 66979 55153 11076 2314 62506 61028 41085 7235 5581 5933 3177 30745 22496 19076 8041 29638 29341 12062 5741 3163 37948 169 5761 5677 5349 1478 560 386 294 217 27263 259 13492 3542 37056 20429 7282 2197 17279 4780 14396 8100 657 225 432 221 161 1657
is_linear=0
shrinkage=0.05


Tree=36
num_leaves=63
num_cat=0
split_feature=10 38 48 48 47 9 1 20 12 1 28 30 47 1 50 48 47 50 50 46 33 40 40 1 2 9 1 33 33 27 6 35 12 34 30 46 33 33 17 9 1 50 46 16 22 1 24 30 40 35 10 9 46 50 50 46 3 9 40 1 47 1
split_gain=4954.07 987.003 603.887 462.881 236.945 177.475 176.077 147.363 136.802 132.063 128.52 123.442 116.453 111.057 103.536 97.5499 92.6458 92.6368 91.4616 91.2001 87.9497 86.8142 85.9209 83.1751 77.0954 76.6265 73.6296 67.9611 67.5628 74.5515 150.445 74.0515 103.419 90.6961 75.0556 67.059 64.214 63.5468 63.2433 62.018 67.9333 82.4323 60.6161 60.0315 59.906 53.8844 52.6877 49.3566 49.2859 70.23 50.9975 48.0551 47.6606 50.4125 51.4714 46.6873 46.2488 43.8294 42.3999 42.2389 42.0413 43.703
threshold=3.5000000000000004 55478682.356264077 33261411691.198238 49525764906.738258 12.41652192773652 178220.50000000003 4.7750000000000012 18.500000000000004 4.8900000000000015 4.285000000000001 1497473425.0448112 22.500000000000004 36.524634394714219 4.8050000000000006 342.2143492731139 1448954142357.0901 0.37282548461146886 779.82269281538936 263.96902072500785 10.857389610389612 4.8568927203065142 177.50000000000003 171.50000000000003 7.5950000000000006 11.500000000000002 8874.5000000000018 6.495000000000001 4.7201265822784828 4.7115831842576039 1.2106313607869836 2.9750000000000005 1.0265142299531413 6.0950000000000006 0.51111372975323699 65.500000000000014 320.25476190476201 4.4750621890547277 4.2010204081632674 0.10000000000000071 335768928.00000006 6.0650000000000004 592.41317732307311 14.091559748427676 107.62142857142858 6.7950000000000008 6.3150000000000004 0.57396156317193248 36.500000000000007 53.500000000000007 0.76001534333069165 6.5000000000000009 5859.5000000000009 30.000304878048784 222.04092397882437 779.82269281538936 9.9983333333333348 92.15000000000002 2795017.5000000005 441.50000000000006 5.0450000000000008 130.21022418268061 5.745000000000001
decision_type=2 2 2 2 2 2 2 2 2 2 2 2 2 2 2 2 2 2 2 2 2 2 2 2 2 2 2 2 2 2 2 2 2 2 2 2 2 2 2 2 2 2 2 2 2 2 2 2 2 2 2 2 2 2 2 2 2 2 2 2 2 2
left_child=1 4 7 5 6 11 8 25 -1 56 22 13 26 24 37 20 -9 43 55 -19 21 -5 27 39 52 48 42 38 29 58 46 33 -33 44 -35 47 -13 -11 -4 40 -8 57 -7 -12 -32 -39 -31 51 -2 -50 -51 -22 -3 -54 -55 -10 -6 -42 -18 -44 61 -14
right_child=2 3 10 15 9 12 23 16 18 14 17 36 60 -15 -16 -17 28 19 -20 -21 35 -23 -24 -25 -26 -27 -28 -29 -30 30 31 32 -34 34 -36 -37 -38 45 -40 -41 41 -43 59 -45 -46 -47 -48 -49 49 50 -52 -53 53 54 -56 -57 -58 -59 -60 -61 -62 -63
leaf_value=0.0078259745009457531 0.028309334725215532 -0.00026989460104487919 -0.12153800792638754 0.010204811275415955 -0.03057662284006208 -0.015696976187108542 -0.0031029517120274392 -0.0056753459087259444 -0.036382054992420469 -0.0052545626939443993 0.052612957093645177 0.0086220964126650906 0.0088813466388894917 0.016040566959038615 -0.011805698288304689 0.044522097728594563 0.055783158867121013 0.029045782061686384 -0.028113035433701583 -0.090360459272555038 0.045508353208310502 0.030274834544650367 0.036223039998840079 0.045490745774062973 -0.012315865936679072 0.011497220323524288 0.037212731413320287 0.026416592970564912 0.050886875732589869 -0.083083821578382899 0.047246353261523037 -0.054819673678545372 0.062144620340782622 0.016936858886382019 -0.083887360835372016 -0.051191993513276995 0.025769685045441044 0.0067272543605792134 -0.012778752356323309 -0.024065751487214598 0.033393723775112967 0.063907067011697113 -0.0015556102497003832 -0.0027507348850663131 -0.035699049455263053 0.034462525593004466 0.017011186340825029 0.04796030430588652 0.04056237681662863 -0.0013736278008236417 -0.078840489236498043 0.0225018235611835 0.011155657752357244 -0.0013796680761645017 0.039254496975696052 -0.010926337290000308 -0.0043477248248549654 0.0032244007196232279 -0.012928035646072436 0.0074085123642732209 -0.0016218142350984924 0.026798635087703707
leaf_weight=706.59437739849091 2680.9979767277837 1419.1244242787361 21.385861933231354 1696.288558870554 175.81004329025745 600.43625278770924 5204.5617036372423 116.44725323468447 188.88917325437069 1133.447389870882 6079.80349753052 730.0147218555212 8409.3054055869579 5550.1534157991409 870.3695302605629 576.14883294701576 376.68419061601162 66.725660383701324 1143.3575629889965 21.031541600823402 294.27568562328815 789.62589433789253 287.25671631097794 94.78609524667263 475.49559055268764 1168.1073844283819 131.89006759226322 49.717395380139351 886.70514529943466 40.487938746809959 647.98374108970165 54.293867632746696 28.989694848656654 209.22305847704411 20.24439625442028 24.27351425588131 2165.4894287139177 11130.164508923888 35.646436899900436 295.65288727730513 137.21199260652065 67.283265396952629 4807.1909738406539 49.360678762197495 22.525055766105652 177.92049151659012 19.46863579750061 395.46172094345093 62.783561617136002 62.72831879556179 32.125324293971062 992.45670299232006 7804.511061117053 1352.9901357442141 82.696796104311943 3880.9144308567047 3815.695810675621 981.69688466191292 23.874743610620499 1808.5134270787239 921.29550014436245 354.68955174088478
leaf_count=3702 6168 4394 91 4233 982 2462 28237 338 1570 5232 16751 1960 23561 13614 4479 1245 825 184 11516 88 658 1760 726 203 1645 2907 284 133 2261 180 1560 186 56 546 79 82 4871 40380 100 2042 370 214 15893 147 75 376 45 876 136 166 118 2307 20636 4128 193 27829 18099 4061 68 5237 2765 801
internal_value=0.0107526 0.00557193 0.0390606 0.0105781 -0.00133263 0.00866971 -0.00651883 0.0281806 -0.0128198 0.00247412 0.0496817 0.0119165 0.00493739 0.0102627 0.00486602 0.0252311 0.0378488 0.0514368 -0.0156181 0.000429358 0.02258 0.0165799 0.0219894 -0.00101832 0.00738268 0.0222762 0.000190967 -0.0163124 0.0400236 0.0333518 0.0263115 0.0310002 -0.0141062 0.0351743 0.0080418 0.0313208 0.0214464 0.00603232 -0.0535611 -0.00167763 -0.0006419 0.0101563 -0.000485683 0.0521671 0.0444599 0.00716364 -0.0505817 0.0325114 0.0267118 -0.000458592 -0.0276103 0.0277634 0.00826141 0.00957166 0.000960895 -0.0121078 -0.005503 0.00692407 0.0516877 0.000894883 0.00853841 0.00960648
internal_weight=84451.3 71386.7 13064.6 41382.3 30004.4 36613.8 12700.9 6453.67 5919.76 17303.4 6610.93 19580.5 17033.3 16685 13311.9 4768.53 2446.93 6216.92 5213.16 87.7572 4192.38 2485.91 394.006 6781.19 11134.8 4006.74 7348.03 106.75 2330.48 1443.78 1043.22 983.26 83.2836 899.976 229.467 1706.47 2895.5 12441.5 57.0323 6686.41 6390.75 1186.19 7216.14 6129.16 670.509 11308.1 59.9566 1682.19 2838.64 157.637 94.8536 1286.73 10659.3 9240.2 1435.69 4069.8 3991.51 1118.91 400.559 6615.7 9685.29 8763.99
internal_count=296831 262897 33934 113605 149292 102444 79744 15714 44617 69548 18220 51441 51003 44610 50467 11161 6219 17170 40915 272 9916 5993 1050 35127 30996 9495 23876 324 5881 3620 2727 2502 242 2260 625 3923 6831 45988 191 34924 32882 4645 23592 16898 1635 40756 225 3841 6588 420 284 2965 29351 24957 4321 29399 19081 4431 893 21130 27127 24362
is_linear=0
shrinkage=0.05


Tree=37
num_leaves=63
num_cat=0
split_feature=20 38 10 19 48 38 43 48 1 43 1 9 20 50 50 30 1 1 9 40 30 43 40 17 22 20 9 1 0 7 46 45 1 35 50 40 3 43 28 7 43 28 33 50 1 50 9 46 43 10 26 30 22 16 28 36 27 50 45 40 43 42
split_gain=4648.89 857.996 518.201 418.466 222.553 220.092 198.925 172.981 167.013 139.431 137.198 125.04 108.065 106.661 94.7189 80.1408 79.9624 78.9091 78.1708 67.1968 65.9724 68.3004 65.9683 65.4034 121.514 61.2612 60.4253 67.7887 63.2333 65.6168 59.8477 59.7261 58.5333 54.5213 66.5773 55.7085 53.4215 53.3325 52.5173 50.7656 50.1315 50.0263 48.8931 48.45 48.0443 47.7718 47.7222 47.427 46.3945 44.5727 44.5184 52.7295 83.7196 49.9266 44.1166 49.0694 56.6455 44.3627 42.9822 42.5728 53.5651 42.3502
threshold=10.500000000000002 55478682.356264077 6.5000000000000009 5.1447834642554307e+18 49525764906.738258 7931000.9060230451 4.6375216262975796 367065762881.72784 4.7750000000000012 4.6866803840877926 4.4850000000000012 183581.50000000003 86.500000000000014 424.12239505809316 259.04776050508173 68.500000000000014 4.2550000000000008 7.5950000000000006 2875.5000000000005 10.500000000000002 34.500000000000007 5.020096153846155 10.500000000000002 2.6643226077489373 6.7950000000000008 4.5000000000000009 40056753.000000007 5.9250000000000007 56.95000000000001 13.74 45.251452380952394 1.1844394960997808 6.3150000000000004 0.65311748766393662 71.725868658268851 40.500000000000007 105.35000000000001 4.8561828874976296 111539867.90955482 3.6050000000000004 4.7600366300366312 44744283065.176628 4.2753378378378395 361.63901593217065 6.2950000000000008 779.82269281538936 142875.00000000003 98.538750000000007 4.8480131578947381 21.500000000000004 33.406929510155322 58.500000000000007 5.3950000000000005 29.618833922261491 298974101.87215501 29.335549450549454 1.8500000000000119 114.81359116278823 1.3103712816046393 4.5000000000000009 4.982413583990299 4.7950000000000008
decision_type=2 2 2 2 2 2 2 2 2 2 2 2 2 2 2 2 2 2 2 2 2 2 2 2 2 2 2 2 2 2 2 2 2 2 2 2 2 2 2 2 2 2 2 2 2 2 2 2 2 2 2 2 2 2 2 2 2 2 2 2 2 2
left_child=1 5 6 7 9 8 15 10 13 12 19 25 23 30 16 42 -7 26 41 -3 21 -8 36 -4 38 44 27 39 29 43 -1 -21 -18 -26 35 -35 -13 -24 -25 -10 -27 -5 -2 -29 59 -6 -41 -20 -22 -47 51 53 -53 -44 57 -56 -57 -17 -59 -12 -61 -32
right_child=2 3 4 18 45 14 20 -9 17 -11 11 22 -14 -15 -16 54 32 -19 47 31 48 -23 37 24 33 40 -28 28 -30 -31 61 -33 -34 34 -36 -37 -38 -39 -40 46 -42 -43 50 -45 -46 49 -48 -49 -50 -51 -52 52 -54 -55 55 56 -58 58 -60 60 -62 -63
leaf_value=-0.013208210130608078 -0.051126043489711143 -0.003583736193922939 0.03063445255376876 0.029887858165799489 0.054017013513781978 -0.0028281576883437687 0.018017308113500965 0.028439034847144658 -0.027391635573148471 0.04767095389792006 0.0028087532199860578 -0.022219060155515641 0.053249147129333152 -0.028077781604150087 -0.0065661557564959134 0.028162258196746975 0.0059627748286795665 0.044053519768202494 0.023011656363630093 0.007021637642542107 0.034335174410894724 0.047002317749101345 0.006749906556303701 -0.062829245214712656 0.024998765475556923 0.014439831428308101 -0.011168560900260919 0.019717252492948603 -0.020753417462275887 -0.0077274136998506694 -0.012769971788078033 -0.0051956037827633863 0.036094887900689043 0.007539594565580442 -0.13505489564659698 -0.11214567514830004 0.0031206585702304151 0.015996180276086066 0.02079415567654961 0.025372738495123982 0.026295600178799585 0.049539670248146921 0.015152142793408355 0.065565078971575638 0.033589333235847528 -0.038016488197005871 -0.001459860897431823 -0.017913890351058996 0.051272867012703872 0.057695571506498781 0.021830079709918796 0.014472253303438277 -0.098237653301001093 -0.0099793507405634835 0.043701670208997359 -0.070586042016400105 0.022165063698736377 -0.022751313388469151 0.060623144882703754 0.010456465831152022 0.021620232710028209 0.0012011471215708901
leaf_weight=3497.83985350281 35.631134033203125 2437.6527892202139 807.66891917586327 777.73872557282448 4398.6320325136185 2982.3418401405215 877.67944534122944 1078.6725065410137 181.74439525604248 1466.6672214716673 1374.9051027595997 218.29840107262135 318.48695362359285 830.58000155538321 2286.346326328814 163.2546322196722 10661.563255921006 98.646820425987244 1097.1617628335953 8998.1661133468151 1190.2504181563854 264.49139013886452 5177.6950537264347 19.442727088928223 21.281110458076 2274.8910152316093 1205.4331751540303 699.02870355546474 128.14422163367271 215.95449297130108 785.51076333224773 1125.4879078119993 163.64373101294041 30.284085974097252 23.37738810479641 14.319874182343481 4406.7023239582777 2231.767437338829 546.93310080468655 172.23323135823011 1466.3960738629103 554.89327323436737 509.22758907079697 62.799891799688339 239.59948453307152 27.378772541880608 4371.5121516212821 75.673279121518135 612.26385761797428 21.888906866312027 412.61633868515491 33.44068332016468 32.476058319211006 322.95524089038372 401.09984838962555 19.355348765850067 110.0976999849081 110.63921429216862 17.968941211700439 6253.6382207125425 1297.4028142392635 1752.717766739428
leaf_count=27356 148 8912 1946 1756 12930 13281 2096 2381 1045 3888 4135 840 870 9142 10658 364 39084 210 2647 24823 2970 600 14230 85 60 5466 7602 2420 551 968 5715 3997 336 86 107 61 13979 5285 1359 709 3234 1357 1197 178 500 99 22595 216 1517 61 925 80 126 868 935 74 276 336 32 16323 2941 7863
internal_value=0.0102759 0.00528584 0.0380053 0.00998402 0.0462024 -0.00112804 0.0256676 0.00869812 -0.00571211 0.0362534 0.00813032 0.0102765 0.0268551 -0.0112787 0.00286023 0.0141763 0.00442111 -0.000355274 0.0297853 0.00386889 0.034131 0.0247293 0.00661019 0.0211105 0.00937808 0.013695 -0.000977823 0.00112874 0.0122722 0.0166004 -0.00896708 0.0056634 0.00641828 -0.0448432 -0.0667067 -0.0308848 0.00192463 0.00953493 0.0179235 -0.00147922 0.0190867 0.0380707 0.00666423 0.0234966 0.0114942 0.0534686 -0.000442756 0.0203711 0.0400884 0.00450698 0.00823523 0.00198931 -0.041058 0.00539906 0.026474 0.0350631 0.00829726 0.0108605 -0.0111024 0.0109011 0.0123746 -0.00312252
internal_weight=83992.6 71182.8 12809.8 41086.7 7696.36 30096 5113.45 38581.3 14002.1 3248.46 37502.6 24941.3 1781.79 6866.65 16093.9 2168.76 13807.5 7135.5 2505.47 12561.3 2944.69 1142.17 12034.5 1463.31 655.638 12906.8 7036.85 5831.42 1105.93 977.783 6036.07 10123.7 10825.2 89.2625 67.9813 44.604 4625 7409.46 566.376 4725.49 3741.29 1332.63 1346.35 761.829 9165.55 4447.9 4543.75 1172.84 1802.51 49.2677 1310.72 898.1 65.9167 832.183 822.416 530.553 129.453 291.863 128.608 8925.95 7551.04 2538.23
internal_count=296831 262735 34096 113022 21552 149713 12544 107046 86354 8462 104665 66933 4574 50076 63359 5361 52701 36278 5976 37732 7183 2696 34334 3704 1758 32599 36068 28466 4117 3566 40934 28820 39420 314 254 147 14819 19515 1444 24349 8700 3113 3344 2598 23899 13090 23304 2863 4487 160 3196 2271 206 2065 2017 1285 350 732 368 23399 19264 13578
is_linear=0
shrinkage=0.05


Tree=38
num_leaves=63
num_cat=0
split_feature=10 49 49 30 28 43 45 50 1 46 50 20 1 40 43 40 40 8 10 1 1 20 49 43 40 16 47 50 26 50 33 37 49 50 0 43 1 45 46 0 30 47 50 43 36 16 36 33 33 32 0 23 36 7 24 46 0 20 46 17 18 37
split_gain=4374.9 821.766 603.165 421.976 194.706 175.01 167.033 160.848 193.734 147.246 158.596 130.867 104.328 100.661 99.8822 93.1574 91.5156 88.8267 88.3689 85.3968 83.6319 80.3918 73.8787 70.4683 69.7208 64.6422 63.5548 75.2887 76.9718 91.3452 71.321 63.5374 62.8361 61.8088 61.7375 61.6688 59.7076 58.6946 58.3484 58.2141 54.6073 51.7526 51.3704 50.6558 67.9423 67.5799 47.832 47.7995 76.7853 71.5254 47.6258 47.6219 49.5757 46.676 46.5967 45.8436 53.1324 47.2576 46.0039 44.7783 66.5418 123.702
threshold=3.5000000000000004 2.8505807344636854e+17 7.9478834514727879e+19 22.500000000000004 5703628097.8238611 4.8500871080139385 0.61280816464876098 441.9246103158444 6.0850000000000009 27.876299376299382 104.6548236245353 69.500000000000014 4.3950000000000005 9.5000000000000018 4.763678646934463 1.5000000000000002 120.50000000000001 0.19950000000000004 12.500000000000002 5.7650000000000006 6.8750000000000009 21.500000000000004 28193352265871716 4.9142857142857164 3.5000000000000004 92.725000000000009 6.4068101618722961 114.81359116278823 7.5726153846153847 57.531155377313453 4.3136363636363644 25.150476887027619 2.3426721948407933e+20 1017.2002665187262 121.75000000000001 4.3571841453344353 7.5950000000000006 0.87441841993943348 9.9983333333333348 61.45000000000001 3.5000000000000004 125.71726521687114 167.28008845243571 4.9142857142857164 17.667261904761908 9.8575187969924816 181.80769230769232 4.3667865707434066 4.5000724637681175 4.995000000000001 29.950000000000003 4.9401754385964916 37.801892857142867 14.635000000000002 0.18856180831641287 28.922222222222224 156.35000000000005 1.5000000000000002 492.75403225806457 2.6259141718856682 12037565235.541643 25.852029740209023
decision_type=2 2 2 2 2 2 2 2 2 2 2 2 2 2 2 2 2 2 2 2 2 2 2 2 2 2 2 2 2 2 2 2 2 2 2 2 2 2 2 2 2 2 2 2 2 2 2 2 2 2 2 2 2 2 2 2 2 2 2 2 2 2
left_child=1 7 6 4 9 16 21 12 40 17 20 25 22 -12 35 36 -5 -3 42 55 23 -2 -1 31 -25 26 27 28 29 -8 54 -11 41 46 -33 -15 -14 -27 -30 -21 -9 51 -4 44 -32 -46 -16 -40 49 -49 -10 52 -6 -19 -28 57 -57 -17 -58 -47 -61 -62
right_child=2 3 18 5 32 -7 11 8 50 10 13 -13 15 14 33 19 -18 53 -20 39 -22 -23 -24 24 -26 37 30 -29 38 -31 43 34 -34 -35 -36 -37 -38 -39 47 -41 -42 -43 -44 -45 45 59 -48 48 -50 -51 -52 -53 -54 -55 -56 56 58 -59 -60 60 61 -63
leaf_value=-0.015436360762324783 0.032121167489271372 -0.0077361076405426665 0.044681588710548829 0.01226833506565516 -0.022546122152519509 0.039441299878532621 -0.0057408663499498051 -0.022292751823523613 0.060994258800771028 0.0037370406622906625 -0.0047607536822162457 0.047505836556018498 -0.0050811636592064096 -0.014949797509535593 0.0075488125787465544 -0.011464149283050411 0.02637220422260499 0.017794116324668447 0.054652877033270146 0.028531043507176619 0.054293611358631345 0.053593678889016463 -0.0031422528723452844 -0.00069191943763538674 0.017405253866962758 0.02191246337206525 0.028800198112645593 0.02784223249392552 0.051292250631660929 -0.12684917474608146 0.039107648858934536 0.013218875388430704 0.039758272184737653 0.054750605269439714 0.0033696162674172526 0.0036056429457466538 0.040016497389066881 -0.082990348239817963 0.052662362495113108 -0.0053259618943817645 0.0020592122070579285 -0.032778259339662053 0.021811829644359557 0.043587268989860553 -0.056949051526773521 0.030482962888230561 0.02046236285927136 0.031282231458237199 0.0098454107503254534 -0.045198446938019138 -0.0017144330557864651 0.022240073714144798 0.023398673774427104 -0.0070840300213919107 -0.048581766843523583 0.0052414156545691065 -0.0080033094078829012 0.007410140338651768 0.019309764150260957 0.018336932180249264 -0.0020727232043778192 -0.16548834829315145
leaf_weight=1631.3325543925166 1123.4106180220842 2714.4546589180827 1749.5772015750408 3151.1965280175209 130.06611874699593 1102.2436259016395 46.86638842523098 1741.618949316442 97.375256277620792 4886.8014212101698 2975.7567185908556 489.02668038755655 5129.7219472676516 477.07105776667595 2246.9643993079662 1054.4704275131226 1811.2541794925928 632.67492017149925 3389.0498095452785 534.27837248146534 108.0139697343111 712.26954326033592 4869.8212306499481 604.9907136708498 4423.8192105144262 24.898221611976624 30.611214160919189 529.42910775542259 72.835852667689323 23.315234690904617 574.67809031903744 6636.3396148681641 390.69088178873062 85.412793010473251 2092.7797117084265 7292.632298886776 74.459482818841934 28.709166660904884 48.912079125642776 166.53533628582954 265.27324935048819 49.436789065599442 285.63086468726397 372.84577052295208 28.382690981030464 747.04588536918163 1053.1860915124416 39.626745507121086 631.63358955085278 133.75706046819687 43.941117383539677 1564.9773653894663 107.02604448795319 268.57187338918447 53.37663796544075 8687.1106608733535 1349.2191395387053 483.80465872585773 174.05633303523064 1194.85898193717 83.526041194796562 13.444664761424063
leaf_count=13933 2766 9739 4806 7819 368 2543 129 15263 329 14400 10101 1385 32444 1744 5806 6017 4225 1828 10536 1379 190 2001 23541 2171 11045 57 100 1269 139 102 1335 17255 893 153 5787 21470 164 108 107 548 1215 149 819 851 97 1710 2468 94 1660 449 181 3613 236 902 216 34838 5715 1851 574 2884 247 67
internal_value=0.0098205 0.00503699 0.0371909 0.00915525 0.00723544 0.0214192 0.0274969 -0.00197833 -0.0150894 0.00635689 0.00740995 0.0228947 -0.000812296 0.00340985 0.00558942 0.00118181 0.0174161 -0.0032204 0.0497073 0.00353015 0.0104242 0.0404528 -0.00622721 0.0101701 0.0152281 0.0203223 0.0209551 0.0126039 0.00451164 -0.0459746 0.0250686 0.00830197 0.0215368 0.0127568 0.0108575 0.00246631 -0.00443592 -0.0342677 0.00833483 0.0204856 -0.0190739 0.0176918 0.0414719 0.0263347 0.0238999 0.0196723 0.0116699 0.00467078 0.00175486 -0.0277188 0.0414955 0.0190764 -0.00180613 0.0103804 -0.0203782 0.00251875 0.00373106 -0.00552797 -0.00488239 0.020739 0.0151041 -0.0247298
internal_weight=83537.1 71109.4 12427.7 44806.4 38741.7 6064.69 7003.46 26303 2148.21 36499.5 32883.8 5167.78 24154.8 14131 11155.3 17653.7 4962.45 3615.7 5424.26 12449.5 18752.7 1835.68 6501.15 18644.7 5028.81 4678.75 4625.15 1526.38 996.947 70.1816 3098.77 13615.9 2242.2 3385.56 8729.12 7769.7 5204.18 53.6074 926.765 700.814 2006.89 1851.51 2035.21 3014.78 2641.94 2067.26 3300.15 853.929 805.017 173.384 141.316 1802.07 237.092 901.247 83.9879 11748.7 10210.4 1538.28 1523.28 2038.88 1291.83 96.9707
internal_count=296831 262897 33934 124905 110318 14587 17773 137992 16988 105059 92590 13006 121004 41742 31641 83530 12044 12469 16161 50922 50848 4767 37474 50658 13216 11621 11456 3949 2680 231 7507 37442 5259 8427 23042 23214 32608 165 2449 1927 16478 4366 5625 7191 6340 5005 8274 2310 2203 543 510 4217 604 2730 316 48995 41127 7868 6289 4908 3198 314
is_linear=0
shrinkage=0.05


Tree=39
num_leaves=63
num_cat=0
split_feature=20 30 10 43 43 1 19 50 43 48 30 10 40 40 43 25 1 20 20 47 44 1 48 43 43 7 48 36 27 30 6 16 43 38 33 16 28 36 44 47 7 25 40 2 2 50 36 46 43 47 19 47 43 45 4 27 45 27 20 19 28 44
split_gain=4112.34 719.764 508.461 429.086 248.301 232.16 198.769 158.163 144.594 134.534 118.358 106.745 103.054 97.196 96.7496 89.6178 89.1619 81.936 80.154 74.0147 72.6919 68.0253 66.9974 66.9767 61.1745 58.4348 57.2278 55.9853 65.3938 55.7024 54.5455 58.6448 62.4305 80.5545 93.6666 51.9463 50.8956 48.3424 48.0721 47.8314 47.6115 47.5308 49.9204 46.9573 45.9477 47.5683 45.8009 45.7981 44.9677 102.174 44.81 44.703 43.1183 42.2354 92.7785 57.8258 52.7934 51.4695 55.6138 44.5831 41.9977 44.8785
threshold=10.500000000000002 2.5000000000000004 12.500000000000002 4.8600373134328372 4.6735347788750552 4.6950000000000012 6.2741144525598144e+17 342.2143492731139 4.5154946628926114 65168305571.740456 72.500000000000014 1.0000000180025095e-35 1.5000000000000002 9.5000000000000018 4.6866803840877926 1.0679372505817668 5.995000000000001 33.500000000000007 99.500000000000014 4.0259093893013418 0.60812931993463637 6.2950000000000008 130408747603.88625 4.8800255754475712 5.0273205741626805 11.825000000000001 13239306167.906496 32.895445344129563 3.8726283036142646 25.500000000000004 2.9750000000000005 31.338149688149691 4.5052911534154552 1663855669.7600229 4.6069522275147117 36.002941176470593 10437769660.506357 12.460434782608697 0.36359524321967246 11.747875536649369 6.5500000000000007 1.2666922388844843 480.50000000000006 1.0000000180025095e-35 9.5000000000000018 150.49535103226688 9.3062258064516161 27.876299376299382 4.2751562500000011 0.37282548461146886 2.1828589176455549e+19 4.0259093893013418 5.3670833333333343 1.3985754501969134 2.3270000000000004 7.0118453111128742 0.9833082609130227 2.0089820328749757 28.500000000000004 1.9442782394974917e+18 260978615803.30368 0.52163621108720448
decision_type=2 2 2 2 2 2 2 2 2 2 2 2 2 2 2 2 2 2 2 2 2 2 2 2 2 2 2 2 2 2 2 2 2 2 2 2 2 2 2 2 2 2 2 2 2 2 2 2 2 2 2 2 2 2 2 2 2 2 2 2 2 2
left_child=1 5 4 8 10 7 13 19 25 14 53 20 21 43 18 27 36 24 30 -1 26 -7 39 -21 -6 48 46 -12 -29 38 51 41 -33 -34 -35 50 44 60 -15 52 -23 42 -32 -5 45 47 -10 -14 49 -3 -13 -4 -8 55 -55 56 -2 -58 -59 -57 -19 -62
right_child=2 3 9 6 17 12 22 -9 11 -11 15 35 16 29 -16 -17 -18 37 -20 23 -22 40 -24 -25 -26 -27 -28 28 -30 -31 31 32 33 34 -36 -37 -38 -39 -40 -41 -42 -43 -44 -45 -46 -47 -48 -49 -50 -51 -52 -53 -54 54 -56 59 57 58 -60 -61 61 -63
leaf_value=-0.011887789759028891 -0.0036123947338109596 0.062418253665819601 0.0073922555602941743 0.038429470508381504 0.027388347523875835 -0.0058320315130400407 0.0071564520364886183 -0.023915929249919442 -0.060168460317853126 0.054381396866003795 0.042616871358042339 0.01482793403387123 -0.0050387227006121983 0.025434573919569325 0.049859444789651326 0.0044651566095732656 0.020900383498273903 0.033433127786173855 0.056733259246414994 -0.0047383634892949264 -0.007438335581499542 0.018785661422072764 0.048611922981078998 0.009201830654989215 0.047404839964426432 0.0083892359788057778 0.017675256623846152 -0.043043606888135862 0.030523888918406374 0.035044773987006388 0.036798697143106844 0.036673872035752064 0.038077435285567028 -0.12306335730594398 -0.010750610487447389 0.0077973767029775798 0.029791381990736533 0.050298383042963905 0.013516644528039093 0.03347168473935893 -0.0030047498877566032 -0.046518711430170417 -0.0298306388795147 0.0044091802196025024 -0.0073977352331978984 -0.0020538269965660132 0.0058033725557450197 0.0086247816509661852 0.0015347800457469923 -0.0098860049588783052 0.038723410429677217 -0.094511360162089789 0.032579132040134483 0.062238428950457059 -0.040532199921963892 0.016438553091440461 0.039089250108197797 0.014518237828143557 -0.078098207797030639 0.047369049257577178 0.023712292688281303 -0.10822197665204009
leaf_weight=2949.7507900446653 708.71929108351469 50.463274881243706 27.896953031420708 105.9223974198103 1983.2192645221949 4823.0470042526722 445.30584561824799 1344.2052141055465 26.367932684719563 3207.4522338360548 790.48461779952049 5253.2636282742023 705.99787655472755 1103.5399840325117 915.53826356679201 265.6164061203599 815.05315838754177 68.592190220952034 196.48297612369061 4573.3746150806546 982.99917101860046 529.24696058779955 434.05715026706457 1061.6617909371853 472.68979267776012 2715.7439656704664 1081.6200096309185 42.818484961986542 102.5565754622221 432.40082556009293 609.30759412795305 72.110156819224358 37.77375915646553 28.642452292144299 52.756278350949287 3331.9532037228346 181.50995373725891 1079.7967571765184 3627.2265518605709 1048.3581971153617 476.26841383427382 19.003290086984634 29.471442341804504 2391.5823479145765 938.37204549461603 2093.253574937582 11683.857565395534 4670.2063440158963 9031.4405468329787 1537.6680955290794 203.80448205769062 17.521589294075966 266.6615289747715 28.288505807518959 98.178914085030556 912.45512108504772 168.0572334676981 66.134961619973183 21.47075591981411 133.55534048378468 13.057254374027254 12.729290299117563
leaf_count=22711 1867 228 68 228 5079 28714 1164 12356 134 10402 2004 13269 3081 2459 2647 728 2084 200 576 22805 3038 1627 1099 3755 1219 8880 2550 147 269 943 1544 166 84 125 163 8761 417 3021 8675 2332 1950 74 97 6786 3842 8339 34369 16018 31249 7766 505 77 601 50 384 2139 345 158 78 284 42 59
internal_value=0.00938345 0.00477334 0.0362198 0.00850884 0.027384 -0.00201926 0.0177503 -0.00796808 0.00597188 0.0480289 0.0175419 0.00841136 0.00185824 0.0139498 0.0378743 0.0300974 0.00509587 0.036435 0.0278164 -0.00547097 0.00566433 -0.00336566 0.0310179 -0.00211198 0.0312409 0.00184418 0.00667122 0.0373724 0.00885546 0.0178668 0.0214645 0.0243202 -4.76363e-05 -0.0222675 -0.050271 0.0127167 0.00359616 0.047299 0.0162967 0.0266796 0.0084645 0.0314064 0.0337246 0.00585202 0.00303065 0.00434074 0.00565482 0.0068305 0.000170413 -0.00758852 0.0157204 -0.0319202 0.0166783 0.0104824 -0.0175442 0.0122455 0.00341399 0.0228917 -0.00818057 0.0203878 0.0129826 -0.0414158
internal_weight=83098.6 70916.2 12182.4 45754.2 6968.42 25161.9 9855.05 9928.99 35899.2 5213.96 3338.34 22563.9 15233 7660.67 2006.5 1201.48 9404.39 3630.08 1090.97 8584.79 13774.8 5828.56 2194.38 5635.04 2455.91 13335.3 12791.8 935.86 145.375 5163.17 894.484 849.065 191.283 119.172 81.3987 8789.02 8589.34 1174.18 4730.77 1760.33 1005.52 657.782 638.779 2497.5 8407.83 7469.46 11710.2 5376.2 10619.6 1588.13 5457.07 45.4185 711.967 2136.86 126.467 2010.39 964.382 255.663 87.6057 1046.01 94.3787 25.7865
internal_count=296831 262735 34096 135036 18073 127699 24287 61627 110749 16023 8453 62626 66072 19091 5621 3148 33781 9620 2974 49271 40091 32291 5196 26560 6298 48123 37053 2420 416 12077 2398 2253 538 372 288 22535 31697 3322 11134 4097 3577 1715 1641 7014 31280 27438 34503 19099 39243 7994 13774 145 1765 5305 434 4871 2448 581 236 2423 301 101
is_linear=0
shrinkage=0.05


Tree=40
num_leaves=63
num_cat=0
split_feature=21 18 41 10 38 1 43 43 48 33 24 30 1 41 41 21 1 43 9 1 30 0 36 7 46 5 0 2 2 46 7 44 46 36 16 34 48 9 44 48 9 36 30 41 44 36 5 46 43 37 44 48 41 18 28 36 1 3 32 28 37 48
split_gain=3870.89 806.314 462.948 369.48 297.142 212.009 199.882 162.655 150.881 110.656 102.236 97.166 96.582 96.1972 88.9989 88.9247 87.4156 86.1039 79.7835 67.975 67.8593 67.2971 65.0937 62.3701 59.8066 57.9546 57.2652 54.7085 59.9742 54.3613 50.3599 49.9035 49.6776 46.1911 68.5302 74.0305 45.8547 44.7429 47.8475 45.6239 44.3987 43.7852 43.2031 44.2642 49.0679 48.6913 50.039 46.672 46.376 43.5002 43.0234 45.1286 42.7603 42.0261 41.6521 43.1187 41.2018 43.3025 41.0988 40.3819 72.2032 40.1324
threshold=2.0714285714285716 9609211.4196398631 0.083333333333333259 7.5000000000000009 22432160661.166283 4.4850000000000012 4.8334733893557429 4.6375216262975796 49525764906.738258 4.7201265822784828 0.048065123467383356 70.500000000000014 6.5150000000000006 0.5277777777777779 0.016666666666666653 12.785714285714286 4.995000000000001 4.2751562500000011 2180.5000000000005 6.8750000000000009 16.500000000000004 63.350000000000001 31.075500000000009 6.5500000000000007 34.733598937583011 0.8650000000000001 192.85000000000005 10.500000000000002 5.5000000000000009 366.49719298245617 29.250000000000004 0.46029015586777317 11.614614475566523 37.801892857142867 15.904166666666667 0.40000000000000008 1977897510.5654752 8874.5000000000018 0.4733636106500923 1287019630.9789741 127206812.00000001 12.460434782608697 27.500000000000004 0.19444444444444445 0.16996731711975938 526.01333333333343 1.2950000000000002 165.45500000000001 4.5805690399137013 90.989129044643818 0.42491643543485108 63682806.412094809 0.038888888888888855 18670660.934866089 298974101.87215501 29.335549450549454 5.1950000000000012 107.95000000000002 5.5950000000000006 1817214841.7040446 10.74448824309 31624552.976030957
decision_type=2 2 2 2 2 2 2 2 2 2 2 2 2 2 2 2 2 2 2 2 2 2 2 2 2 2 2 2 2 2 2 2 2 2 2 2 2 2 2 2 2 2 2 2 2 2 2 2 2 2 2 2 2 2 2 2 2 2 2 2 2 2
left_child=1 2 5 7 10 27 13 11 9 15 -3 33 14 17 26 30 37 -4 -6 24 -8 23 -15 -14 31 50 40 28 -1 -20 -5 -19 -18 34 -2 58 -37 -12 -39 -40 56 -9 43 44 61 46 47 -46 49 -45 51 -16 -30 -38 -13 -56 57 -7 -36 60 -57 -26
right_child=3 4 6 8 18 12 20 41 -10 -11 16 54 21 22 25 -17 32 19 29 -21 -22 -23 -24 -25 42 -27 -28 -29 52 -31 -32 -33 -34 -35 35 36 53 38 39 -41 -42 -43 -44 48 45 -47 -48 -49 -50 -51 -52 -53 -54 -55 55 59 -58 -59 -60 -61 -62 -63
leaf_value=-0.02821025525668865 0.012326800714549457 0.0038855974327963749 -0.0095372368824778089 0.022332832851556236 0.042687178678865415 -0.028823596189444224 0.011815885542113991 0.013960860526802003 0.052867119381732455 0.049449385708593474 0.0153938555954308 0.0089827244939209485 0.031675368620089579 0.00011214995484739638 -0.012790830899091183 0.053329414533465007 0.001979681581580029 0.001872325962487224 0.025054910696845841 0.051058504372528429 0.028599471857088034 -0.025262745267018313 0.014393281642057762 0.0028057535025797606 0.10340417452854805 0.0028124480247897071 -0.034382819589659629 -0.033646729279550119 -0.014059947841382104 -0.055164058413215068 -0.060411879638039151 -0.012116601673782432 0.024204549583100241 0.021196520399216354 -0.036701556790207743 0.038208224774128045 -0.0043809789760012553 0.011909407165613922 -0.020400314734092307 0.0043591450909540065 -0.020458136327185558 0.037842132466315744 -0.038624773565928631 0.0019440985006489943 0.00061013297095467852 0.020738235933877511 0.010623960278768572 -0.012032600475389291 0.010374364282078503 0.013322080996529588 -0.024503048018397866 0.0077972111877461937 -0.0045031273354490505 -0.057792793543065636 0.042814673541347006 -0.10629890073974294 -3.5399092694992847e-05 -0.0068387720185783922 -0.11617215688400349 0.031665673409597146 0.020002920402164573 0.021101619565594178
leaf_weight=458.19174750894308 320.24429285526276 2946.4025001600385 1355.5434879884124 1064.9388109445572 944.63483460992575 253.26560273766518 6080.7740867137909 212.83311679214239 3591.6521753817797 959.94208116829395 4047.6181099116802 212.46859207749367 471.82266253232956 1061.9585127532482 587.35035035014153 262.70158429443836 279.25543694198132 1571.8384520709515 1348.0121219530702 74.664837196469307 668.4601427167654 90.734209448099136 3209.052586093545 310.00296685099602 16.689429134130478 8362.0801445543766 181.33612695336342 279.85218887776136 2328.5423427298665 21.455245181918144 18.711508169770241 1072.5576306954026 2523.6288995370269 259.18244864046574 44.27549535036087 44.727585926651955 145.07889768481255 2539.7315734028816 223.34751550853252 1114.4248018562794 470.08003760874271 1954.641256429255 58.752339050173759 5328.1444277763367 7147.5880675017834 313.92658852040768 1116.0520664900541 813.02023205906153 4509.0812238007784 997.27368438243866 313.91529968380928 486.75692084431648 2353.3993579819798 49.358137890696526 419.8559101074934 17.818989992141724 2555.2665427923203 1936.917604714632 25.719260036945343 79.594838008284569 31.004127755761147 131.65699458867311
leaf_count=4284 772 9070 7195 2865 2490 2174 15268 596 12010 2842 10259 552 1085 3008 3417 800 778 6094 3474 134 1482 374 8125 1048 63 33509 1319 2327 19930 73 69 3813 5775 592 141 90 377 6734 693 2824 3764 5151 184 16741 24489 839 3652 3009 11646 2825 1333 1803 12323 167 1062 75 13052 15302 107 206 77 499
internal_value=0.00896531 0.0050172 0.00223243 0.0386146 0.0149392 -0.00356984 0.00573393 0.0264932 0.0464588 0.0364789 0.0121352 0.0146607 -0.000677735 0.00391769 -0.00160955 0.0272309 0.0144009 0.00271086 0.0315088 0.00342801 0.0134782 0.0154978 0.0108424 0.0202282 0.0032739 0.0012419 -0.00676104 -0.0121179 -0.0109457 0.0237981 0.0209041 -0.00380153 0.0219903 0.00343168 -0.00388372 -0.0206755 -0.0074391 0.0117168 0.00787834 0.000225434 -0.00580067 0.0354971 0.00418962 0.00431309 0.00182928 0.00137855 0.000708975 -0.000681075 0.00649989 0.00373797 -0.00821978 -0.00346088 -0.00925617 -0.0179396 0.0277768 0.0350599 -0.00434872 -0.00938102 -0.0659027 0.00970626 -0.0260935 0.0303609
internal_weight=82669.8 72955.1 56966.5 9714.75 15988.5 21439.5 35527 3816.8 5897.95 2306.29 13674.4 1649.33 16019.5 28777.8 15147 1346.35 10728 24506.8 2314.1 23151.2 6749.23 872.56 4271.01 781.826 23076.6 9750.1 5396.87 5419.99 5140.13 1369.47 1083.65 2644.4 2802.88 888.586 629.404 309.159 239.165 7925.12 3877.5 1337.77 5215.53 2167.47 20432.2 20373.4 9538.93 9390.59 9076.66 7960.61 10834.5 6325.42 1388.02 1074.11 4681.94 194.437 760.742 548.274 4745.45 2190.18 69.9948 128.418 48.8231 148.346
internal_count=296831 268280 226110 28551 42170 117044 109066 9965 18586 6576 36133 4218 78180 92316 75673 3734 27063 81183 6037 73988 16750 2507 11133 2133 73854 40062 35611 38864 36537 3547 2934 9907 6553 2246 1654 882 634 20510 10251 3517 34292 5747 63947 63763 32551 31989 31150 27498 31212 19566 6553 5220 32253 544 1972 1420 30528 17476 248 358 152 562
is_linear=0
shrinkage=0.05


Tree=41
num_leaves=63
num_cat=0
split_feature=20 19 40 10 28 1 43 48 43 43 20 20 40 1 43 16 30 50 0 1 50 2 50 30 0 48 17 15 28 48 20 36 28 0 38 47 0 45 16 13 24 32 50 47 36 37 2 1 0 20 45 0 1 47 47 42 28 36 23 36 5 50
split_gain=3637.73 732.774 418.287 367.305 282.998 193.544 180.926 166.567 144.184 119.828 103.605 90.5753 88.7406 87.409 85.8896 84.2229 82.736 81.9722 143.385 80.3234 73.4407 71.0594 64.5646 63.0724 59.2394 57.8039 77.9639 66.0659 95.2051 86.4064 75.937 62.847 58.7479 60.4773 60.3418 57.695 57.3287 56.6863 53.9473 73.5259 49.8358 78.9514 49.7696 50.4527 50.5747 49.7258 49.5397 49.3334 49.0937 47.6296 46.253 44.0035 44.0649 42.3424 42.1396 54.9603 52.2247 41.865 41.6704 40.7743 40.1948 39.5492
threshold=14.500000000000002 12097280443487314 7.5000000000000009 6.5000000000000009 22387249247.425648 4.4850000000000012 4.8334733893557429 49525764906.738258 4.6375216262975796 4.6706499829758261 2.5000000000000004 86.500000000000014 37.500000000000007 6.9450000000000012 5.0002732240437169 62.359440559440579 70.500000000000014 150.49535103226688 15.907000000000002 4.4850000000000012 779.82269281538936 12.500000000000002 913.99236238627816 17.500000000000004 416.65000000000003 8998042212.6060047 4.0002614095090658 0.58688443500439458 16006611704.25831 16211875160.263414 49.500000000000007 14.768333333333336 18205253270.644382 32.823 16361337579.715494 36.150042338969932 6.0005000000000015 1.1980537431813836 29.945119047619052 4.5166666666666684 0.4179887656296753 6.6950000000000012 243.77511606659507 54.140385527974622 144.62190476190477 26.200000000000014 11.500000000000002 6.8750000000000009 93.050000000000011 57.500000000000007 1.3217658144881608 38.050000000000004 5.995000000000001 0.37282548461146886 1.0000000180025095e-35 5.3950000000000005 352575346.67629999 20.001923076923081 4.4008620689655187 13.85857142857143 0.96500000000000008 38.227021347216485
decision_type=2 2 2 2 2 2 2 2 2 2 2 2 2 2 2 2 2 2 2 2 2 2 2 2 2 2 2 2 2 2 2 2 2 2 2 2 2 2 2 2 2 2 2 2 2 2 2 2 2 2 2 2 2 2 2 2 2 2 2 2 2 2
left_child=1 2 5 8 10 22 12 9 16 11 -3 25 19 17 36 20 49 18 -7 21 -6 42 46 59 -20 54 32 -28 29 31 38 -29 33 40 -35 -17 -12 -14 39 -30 -27 -42 43 44 -4 -39 -1 -21 60 -2 -19 52 61 -16 55 -5 -57 -22 -18 -8 -15 -38
right_child=3 4 6 7 15 13 23 -9 -10 -11 14 -13 37 48 53 35 58 50 24 47 57 -23 -24 -25 -26 26 27 28 30 -31 -32 -33 -34 34 -36 -37 51 45 -40 -41 41 -43 -44 -45 -46 -47 -48 -49 -50 -51 -52 -53 -54 -55 -56 56 -58 -59 -60 -61 -62 -63
leaf_value=-0.0092659618439685926 0.0043919010184156771 0.0063348291567050371 -0.0004777202662685357 -0.063952853731085682 0.038362574867335839 -0.0080321928799319178 -0.02057460962223967 0.052038882830609659 0.03369588864228458 0.047316762901014525 -0.013687955019265459 0.050754175674361496 0.0106235279609724 0.019412984077789269 0.0017797386947936483 -0.072318244069228821 0.0010072261824739936 -0.0083631228048176628 0.0052917830163647277 0.0046714209619910909 0.0097753584372542932 -0.013315213473838681 -0.036251330245853829 0.028027713664095278 -0.026557538056920085 0.056195148061407144 0.052763810673102707 0.019664576636626286 -0.022118045657361789 0.050802361240663244 -0.19716152271764936 -0.10931181397976478 0.050638935877082472 0.0029557630369867255 -0.12323690401876058 0.010986182492321288 0.0092333621346659504 -0.019700025263469163 0.00048288717580373245 -0.19343401910216812 -0.075015053197306614 0.039983761265782847 -0.0084264963647430486 0.0068831287408877371 -0.030140266194248495 0.005538806746133983 -0.031833855132039394 0.046761605814460136 -0.033433121468022568 -0.070079858876989337 0.0095727619582797081 0.0072608224841854618 0.045458798140727938 0.030736938940719334 0.032852028346235171 0.058563820206151099 -0.036648196984808229 -0.076920682324049999 0.032224988434580069 0.011807052079087551 0.061569504269663747 0.018366014445353667
leaf_weight=4865.4393963888288 799.28044882416725 5257.5981262624264 4268.5600106716156 26.906964257359505 1575.2787320017815 3086.2588607668877 98.80911973118782 3592.2858622521162 1944.1849703639746 1093.0570861399174 193.07558806240559 270.59819716960192 5720.4358947128057 326.00698937475681 142.6703068614006 26.007861077785492 133.30911336839199 4233.8455251902342 7702.3845972493291 12208.979009896517 50.837916225194931 1069.1106290444732 253.35718777775764 619.37754872441292 148.82009357959032 51.322564944624901 24.298088550567627 16.532123029232025 12.727470576763155 40.101878330111504 11.941733390092848 22.032635226845741 101.21985502541065 21.454547598958015 16.962858885526657 103.49215583503246 1739.6992217972875 296.63630664348602 22.306282207369804 12.330941706895826 26.720521301031113 33.809516191482544 1370.3622427657247 3052.1319825053215 148.70594260841608 570.46397233009338 255.96354155242443 70.016970217227936 37.104724317789078 22.062725827097893 392.79391256719828 1866.1919577047229 125.18927949666977 1096.3083167523146 552.3586395829916 37.374272018671036 23.431883916258812 19.177872806787491 539.52931056171656 6021.6434225440025 68.408017620444298 3720.9673787429929
leaf_count=33624 2004 15407 15948 107 4208 17756 317 12457 5225 3330 582 857 14705 813 375 99 374 23793 33150 37358 142 5267 3142 1387 728 132 58 45 40 93 64 93 264 58 72 285 4487 1171 67 66 99 79 5573 9599 662 1903 2098 130 165 78 1661 4790 246 2475 1374 65 71 74 1379 15046 114 9000
internal_value=0.00856464 0.00477658 0.00212316 0.0377534 0.0142599 -0.00340406 0.00544903 0.0452103 0.0247198 0.0350632 0.011898 0.0249504 0.00372189 -0.000645822 0.0151903 0.0330797 0.0130405 -0.00126126 0.00109876 0.00220894 0.0361355 -0.00113997 -0.0116128 0.012823 0.00468808 0.0183246 0.00375988 -0.0232599 -0.0366482 -0.000585509 -0.0844834 -0.0540216 0.0211941 0.00136044 -0.0527635 -0.00574409 0.0132111 0.00881774 -0.0560747 -0.106421 0.0199501 -0.0107816 0.000332549 0.00193951 -0.0014763 -0.00309544 -0.0103939 0.00491143 0.0215519 0.00239146 -0.0068404 0.0139081 0.0161289 0.0274025 0.0277397 -0.00445467 0.0218735 -0.0139714 0.0260398 0.0112843 0.0267247 0.0154565
internal_weight=82250.3 72802.1 56885.6 9448.14 15916.5 21370.4 35515.2 6009.77 3438.37 2417.49 14141.7 1324.43 28775.4 15995.6 8884.1 1774.79 1494.18 15564.1 10937.5 22187.9 1645.29 9908.87 5374.76 6739.83 7851.2 1053.83 413.761 162.271 137.973 78.6666 59.3064 38.5648 251.49 150.27 38.4174 129.5 7645.12 6587.54 47.3647 25.0584 111.853 60.53 8839.76 7469.4 4417.27 867.1 5121.4 12279 431.52 821.343 4626.64 7452.05 5585.86 1238.98 640.072 87.7131 60.8062 70.0158 672.838 6120.45 394.415 5460.67
internal_count=296831 268280 226110 28551 42170 117044 109066 19491 9060 7034 37362 3704 92316 78180 21955 4808 3835 77088 51634 74537 4424 37049 38864 16750 33878 2847 1230 526 468 231 237 138 704 440 130 384 19105 17779 173 106 310 178 31782 26209 16610 3074 35722 37488 1092 2082 25454 18523 13733 2850 1617 243 136 216 1753 15363 927 13487
is_linear=0
shrinkage=0.05


Tree=42
num_leaves=63
num_cat=0
split_feature=20 9 10 39 18 48 48 43 1 1 43 36 1 20 30 43 50 30 30 1 1 46 47 47 16 18 50 36 50 14 48 48 28 5 50 46 12 27 14 9 43 37 30 1 0 46 27 35 23 47 46 30 36 36 7 47 50 0 36 16 47 23
split_gain=3418.12 668.198 367.081 365.409 284.255 156.012 150.163 147.164 134.21 117.498 107.538 95.7536 94.0784 90.4323 84.1296 83.0929 78.5627 77.0732 70.8277 68.5928 64.4781 72.0116 63.973 61.0398 60.3885 57.9569 65.2038 57.851 59.0495 58.5782 56.1446 66.2174 131.262 61.1707 53.8828 67.9266 53.2082 65.5149 60.4043 52.4345 47.3362 72.0856 47.6493 47.3119 82.3114 51.73 46.0199 60.0819 45.3821 44.692 52.3602 44.675 44.5987 43.1242 42.596 42.5775 42.1644 47.3263 42.0662 61.3334 42.0566 47.2636
threshold=14.500000000000002 30708.500000000004 7.5000000000000009 10011872336272718 5667677209.79214 49525764906.738258 484076989611.0094 4.6375216262975796 4.6950000000000012 4.5550000000000006 4.6600145348837225 7.9502051282051278 6.9650000000000007 89.500000000000014 70.500000000000014 4.4072949002217312 735.44328314882227 9.5000000000000018 1.5000000000000002 4.9050000000000011 6.5150000000000006 45.251452380952394 38.358824813214945 53.682395163944143 57.808333333333337 44946296964.442772 779.82269281538936 12.000787401574806 124.98153676081274 1.0000000180025095e-35 8998042212.6060047 18405899430.285461 16417834532.854723 0.55100000000000016 141.46609392965144 516.04800000000012 5.6950000000000012 12.939619968410506 0.27574922278082864 1011552483.0999991 4.2601136363636369 0.28392135623730991 1.5000000000000002 5.3150000000000004 45.050000000000004 25.587844488188981 0.50001913192100045 0.86761038091597853 4.4008620689655187 117.4595576214824 366.49719298245617 20.500000000000004 29.12581521739131 12.460434782608697 6.5500000000000007 11.500154828833358 119.78731783968537 140.25000000000003 37.801892857142867 15.904166666666667 0.37282548461146886 4.4137377450980404
decision_type=2 2 2 2 2 2 2 2 2 2 2 2 2 2 2 2 2 2 2 2 2 2 2 2 2 2 2 2 2 2 2 2 2 2 2 2 2 2 2 2 2 2 2 2 2 2 2 2 2 2 2 2 2 2 2 2 2 2 2 2 2 2
left_child=1 4 7 9 19 10 8 14 11 16 13 -5 17 30 58 -6 55 22 -13 40 21 -11 43 51 25 -17 -27 28 -21 -29 60 32 46 -33 49 -36 37 38 -35 54 41 42 -1 -10 45 -45 -32 -48 -16 -25 -51 -20 -50 -9 -22 -3 57 -23 59 -2 61 -4
right_child=2 3 5 6 15 -7 -8 53 12 20 -12 18 -14 -15 48 24 -18 -19 23 27 39 56 -24 34 -26 26 -28 29 -30 -31 31 33 -34 36 35 -37 -38 -39 -40 -41 -42 -43 -44 44 -46 -47 47 -49 52 50 -52 -53 -54 -55 -56 -57 -58 -59 -60 -61 -62 -63
leaf_value=-0.0086795666359470516 0.011517791231630188 -0.014262063199144318 0.057274969943266696 -0.037610020633522326 -0.072579453641414604 0.051959725820208226 0.02578492655483593 0.01189194506772184 -0.00047262979811904917 -0.0060606405136162068 0.046659460575652012 -0.010205123781606186 0.04492626304867494 0.052141790135780325 0.00090084744809450614 0.026603220811677861 -0.034862229671483481 0.012981656871313718 -0.00097447484591510827 -0.0081029411965580639 0.026689646708564732 0.013713179648837668 0.0082917985977206954 0.010786035215753326 -0.00034252822673312868 0.046321438791416342 -0.030686372820334963 0.013148270210869235 0.032923862226867398 0.027483774266924995 0.042306580512052945 -0.074729385546693783 -0.14773088457165179 0.04186097309756328 -0.0046649931887583979 0.011168632799934172 0.046447827249258389 0.050670675785159727 -0.071466528311832908 -0.031383604374418617 0.009476175493422034 -0.022326149596175456 0.068404244453595178 0.0015573419886841409 -0.0094679353560308058 0.019211576598056296 -0.0022550928114047227 -0.10228166103002545 0.040836048595769031 -0.0073883636426291394 0.020633541226923631 0.0085500905878472203 0.010457103568665974 0.035953687396063819 0.00023884104057244837 -0.0046443114590035131 -0.0029881040186989036 -0.0097960895524150521 0.020113145309838681 -0.019712309253350668 0.033391180191594608 -0.024158984166747985
leaf_weight=38.126350834965706 318.31916944682598 2325.3205416053534 23.955699443817139 157.14799878746271 19.588569134473801 3306.3394070416689 800.27151132375002 206.87856359779835 5768.8502077534795 5596.1953373402357 1016.7913620471954 1210.9725632369518 161.43651473522186 235.62094383686781 145.23107017576694 1343.8333378955722 327.0999934412539 3819.8367055505514 11417.992788523436 381.62487808614969 413.66916261613369 1215.7017399072647 7854.6160949021578 4320.578204959631 145.41868478804827 773.8168056383729 28.500399850308895 1529.0041966512799 113.87479591369629 1334.6198938339949 35.088395744562149 16.345192804932594 18.865940928459167 16.846559390425682 2142.770314887166 990.4553613960743 126.77329413592815 34.186106562614441 38.928105726838112 61.354075118899345 9376.5622211843729 259.62709146738052 42.280004881322384 640.72365370392799 526.01610459387302 1177.5026499181986 63.228813886642456 19.686734616756439 420.25690827518702 746.82166431844234 214.60838562250137 1379.9550312161446 169.55788319557905 1863.9904312416911 240.80948325991631 2278.08369807899 1220.7130367606878 259.82777699828148 256.67255793511868 310.62904557585716 475.1273176074028 69.542289555072784
leaf_count=327 772 20931 45 830 69 12010 1862 596 19473 35228 3209 5955 307 776 412 3340 4336 9440 41930 1258 1020 4768 21857 12437 417 2222 100 3955 282 3040 86 65 86 42 7627 2810 341 91 148 282 26753 1277 181 1991 1674 3141 187 79 1091 2516 564 3550 469 5151 847 12742 5809 1132 592 882 1205 216
internal_value=0.00818117 0.00454736 0.0369136 0.00206194 0.013798 0.045103 0.00432718 0.0247184 0.00392342 -0.00497985 0.0347556 0.00128345 0.00691174 0.0244476 0.0134335 0.0299627 -0.0111849 0.0066016 0.00155602 0.0109409 -0.00158361 -0.00282647 0.00507534 0.00222741 0.0308392 0.032952 0.0435859 0.0171 0.00132576 0.0198295 0.0174952 0.00233404 -0.0252706 0.0185442 0.00553499 0.000340232 0.0255785 -0.00383067 -0.0372363 0.012814 0.00881159 -0.00951454 0.0318533 0.00196136 0.00795106 0.0129904 -0.00569226 -0.0260045 0.0259379 0.00861647 -0.00113337 5.25236e-05 0.0321028 0.0335499 0.0169573 -0.00950253 0.00388623 0.0095734 0.00305504 -0.00390633 0.0273591 -0.00329429
internal_weight=81845.1 72656.2 9188.86 57269.3 15386.9 5497.33 43330.6 3691.54 42530.3 13938.8 2190.99 22581.3 19949 1174.2 1620.67 2311.16 4930.5 19787.5 22424.2 13075.7 9008.27 8292.44 15967.7 21213.2 2291.57 2146.15 802.317 3359.12 495.5 2863.62 938.574 369.949 136.87 233.079 8415.23 3133.23 216.734 89.9608 55.7747 715.833 9716.6 340.033 80.4064 8113.09 2344.24 1818.23 118.004 82.9155 735.046 5282.01 961.43 12797.9 589.815 2070.87 654.479 4603.4 2696.24 1475.53 885.621 628.948 568.625 93.498
internal_count=296831 268280 28551 225059 43221 18586 137964 9965 136102 87095 6576 78219 57883 3367 4218 6148 38009 57576 77389 37073 49086 46937 48136 71434 6079 5662 2322 8535 1540 6995 2591 1125 438 687 25954 10437 622 281 190 2149 28538 1785 508 26279 6806 5132 352 266 1972 15517 3080 45480 1560 5747 1867 33673 11709 5900 2246 1654 1466 261
is_linear=0
shrinkage=0.05


Tree=43
num_leaves=63
num_cat=0
split_feature=21 9 10 28 47 1 48 43 50 50 1 33 46 9 21 45 43 21 30 1 1 40 26 16 34 9 1 44 18 43 34 9 38 43 50 46 46 22 40 17 28 21 32 30 13 27 28 40 44 43 36 40 3 14 21 3 45 46 36 47 50 47
split_gain=3210.11 610.849 364.632 344.305 271.515 172.951 158.023 139.494 121.755 113.046 112.86 106.621 102.16 93.8998 90.9354 90.9067 88.5495 84.6216 78.0869 70.6232 67.7295 66.2297 66.1995 73.2918 67.9876 64.7008 74.2884 63.7438 60.8327 60.5248 57.6742 53.0245 47.6521 46.4581 43.8699 75.9426 53.7995 43.4917 87.5457 82.5752 100.613 85.4428 70.5197 58.8028 53.3045 45.2362 48.8286 43.446 47.7365 43.0951 44.6699 42.3535 42.3275 40.1613 41.2226 40.083 47.63 40.0081 39.7049 39.1548 38.9495 57.4922
threshold=2.0714285714285716 189548.00000000003 7.5000000000000009 5703628097.8238611 24.768920932137277 5.1950000000000012 49525764906.738258 4.6375216262975796 263.96902072500785 342.2143492731139 4.4050000000000011 4.7201265822784828 24.504166666666666 3171.5000000000005 0.6428571428571429 1.3985754501969134 4.7213059619201649 14.214285714285717 70.500000000000014 4.3050000000000006 6.3250000000000011 11.500000000000002 33.406929510155322 13.061680911680915 0.39768405491068143 335768928.00000006 6.8750000000000009 0.31921429234176674 44946296964.442772 5.0668333333333342 0.51660135966917176 15092809.000000002 19581195501.549858 4.2601136363636369 118.51773684415902 28.315701754385966 181.95555555555561 5.6950000000000012 471.50000000000006 4.1455967228215282 16006611704.25831 7.0714285714285721 6.0950000000000006 26.500000000000004 4.4670289855072474 6.9279722824693168 8355271571.5209713 3.5000000000000004 0.3758178132531545 4.825049019607845 12.460434782608697 11.500000000000002 29.250000000000004 0.3500000000000002 2.785714285714286 119.05000000000001 0.89854030738603907 106.04438596491231 47.00119047619048 79.8275234188648 118.51773684415902 1.0253942301229526
decision_type=2 2 2 2 2 2 2 2 2 2 2 2 2 2 2 2 2 2 2 2 2 2 2 2 2 2 2 2 2 2 2 2 2 2 2 2 2 2 2 2 2 2 2 2 2 2 2 2 2 2 2 2 2 2 2 2 2 2 2 2 2 2
left_child=1 3 7 10 5 8 11 18 12 16 15 17 -3 28 20 51 33 37 22 -15 34 -10 23 -2 -25 26 52 -11 -5 30 -16 32 -14 -6 35 -12 -37 44 39 42 45 -42 43 -39 55 46 -41 -18 -49 50 -9 58 -7 -26 -55 -4 -57 -29 -1 -59 -20 -62
right_child=2 4 6 13 9 25 -8 49 21 27 14 -13 31 19 29 -17 47 -19 60 -21 -22 -23 -24 24 53 -27 -28 57 -30 -31 -32 -33 -34 -35 -36 36 -38 38 -40 40 41 -43 -44 -45 -46 -47 -48 48 -50 -51 -52 -53 -54 54 -56 56 -58 59 -60 -61 61 -63
leaf_value=0.0037191989938334066 0.011186607900106116 -0.014799240957261687 0.026206496838899081 0.025897324827652276 -0.011892764723091821 0.036455589769763229 0.051521423330309929 -0.00050921605536267576 -0.022305650429300217 0.00060984460938167827 -0.00082272554784964158 0.047493777131156205 -0.0022338297397345055 -0.0035709417234782385 0.01799734371602997 -0.0088142027747145479 -0.0040138062360558883 0.054713996908463569 0.033460989958263292 0.021843832172481949 0.034309501815635704 0.0030512172356265384 0.023449787612626095 -0.069984743598192622 -0.0039555839673443872 -0.021425719052529789 0.024013368588835939 -0.039036620321649347 0.046648038609350073 0.037276368544314528 0.0046721425949244541 -0.016162457080772463 0.023916400878739259 0.0029556424977507951 0.0032756026139986851 0.01267120900839556 -0.011661533646480121 0.033810242108122092 -0.094998980201530331 -0.068515171676987674 -0.027879245392029819 -0.15786407191543106 0.035995200991653285 -0.084811440023216139 0.04740205891593928 0.028087776106890946 0.019868599024311751 0.014903348950326712 0.0068816999420227391 0.041108393926882258 0.029914255512189531 0.0073069250745457399 0.0018475696492331044 -0.011883153579060441 -0.12893637029633045 0.028729114504463638 -0.077758349414735306 -0.0046006890923535257 -0.01092903076850173 -0.04288838838756287 0.058053922932916141 -0.0027777322607534074
leaf_weight=1577.72434720397 304.44966146349907 2214.5825552269816 97.243896849453449 880.85364317148924 551.46630275249481 89.840430527925491 3171.1689148321748 136.66248682141304 1727.2275271788239 652.93656887859106 1433.8150521293283 862.67043229937553 7945.6269197016954 332.2327556759119 3282.3829212412238 1268.7010305374861 602.49824424833059 198.49078738689423 474.6478364393115 1542.2300013825297 241.19619490206242 302.634805098176 271.70280054211617 62.464499205350876 214.91780030727386 261.19441506266594 429.98510804772377 217.61591032892466 589.60281980782747 318.57707479596138 1078.9586238488555 683.34168829768896 178.11419105529785 11774.998439237475 4026.9775404036045 6600.5576373934746 235.25876303762197 18.781557306647301 18.678059339523315 30.570824518799782 56.689393892884254 16.271062940359116 365.93247931450605 23.544107854366302 235.77626572549343 135.2589367851615 31.967393845319748 2983.2115668356419 4902.5805692672729 858.80552508682013 1029.9168572351336 7200.8022584021091 5327.3195002302527 16.439180940389637 13.865634173154829 18.457792207598686 24.35875728726387 324.0306755900383 654.52285424619913 84.105698831379414 48.190228998661041 200.20333889871836
leaf_count=6297 738 14003 248 2225 3336 292 12010 409 16164 3505 4985 2842 39108 932 7872 5848 2439 678 1267 3892 500 1024 617 227 559 1741 1047 1055 1753 724 2753 6470 412 40970 12183 17666 737 42 74 114 192 78 995 97 595 364 87 8018 13335 2465 2873 19873 22945 45 60 48 122 1143 2635 398 109 596
internal_value=0.00781334 0.0043286 0.0360861 0.00959992 0.000333659 -0.00402219 0.0444418 0.0238803 -0.00727206 0.00411113 0.00778376 0.0339247 -0.00519957 0.0247592 0.01029 0.00375151 0.0049976 0.0247223 0.0128796 0.0173393 0.00807 -0.0185252 0.00291038 -0.00620623 -0.0234161 0.00292173 0.00400934 -0.0103189 0.0342177 0.0162376 0.0147008 -0.00278569 -0.00166048 0.00229135 0.00755531 0.00963936 0.0118338 0.019177 0.0117906 0.0147281 -0.00668262 -0.0568674 0.0289278 -0.0321743 0.032889 0.0118288 -0.0233364 0.00892755 0.00991631 0.032608 0.0263502 0.00544154 0.00242152 -0.0115538 -0.0654396 0.00845778 -0.0318527 -0.0217225 -0.000575846 -0.0124907 0.0250659 0.00902407
internal_weight=81455.8 72517.7 8938.13 31264.4 41253.3 19159.9 5305.86 3632.27 13051.5 22093.4 27919.5 2134.69 11021.7 3344.92 17217.7 10701.8 20814.8 1272.02 1606.88 1874.46 12537.8 2029.86 883.84 612.137 307.687 6108.34 5847.15 1278.69 1470.46 4679.92 4361.34 8807.08 8123.74 12326.5 12296.6 8269.63 6835.82 1073.53 697.694 679.016 270.758 72.9605 408.258 42.3257 375.837 197.797 62.5382 8488.29 7885.79 2025.38 1166.58 9433.05 5417.16 245.223 30.3048 140.06 42.8165 625.752 2232.25 408.136 723.041 248.394
internal_count=296831 268280 28551 90875 177405 103206 18586 9965 77181 74199 82073 6576 59993 8802 47420 34653 68098 3734 4218 4824 36071 17188 2246 1629 891 26025 24284 6101 3978 11349 10625 45990 39520 44306 35571 23388 18403 3056 2043 1969 835 270 1134 139 1013 565 201 23792 21353 5747 3282 28805 23237 664 105 418 170 2596 8932 1541 1972 705
is_linear=0
shrinkage=0.05


Tree=44
num_leaves=63
num_cat=0
split_feature=10 38 48 40 1 1 45 48 50 1 0 30 21 0 7 24 44 45 50 1 7 45 50 2 40 50 36 0 24 50 3 42 44 1 6 50 21 28 26 33 26 40 7 40 42 21 36 33 35 33 2 6 42 1 2 26 3 42 42 40 16 17
split_gain=3022.16 630.487 402.038 362.491 169.433 157.328 146.391 138.209 123.57 117.7 134.226 115.323 102.867 97.607 90.3796 78.4522 73.462 72.9708 72.0784 67.9927 67.7206 63.8285 63.773 59.8526 59.3709 58.4295 83.9564 69.2547 54.0838 53.0147 51.5141 51.1207 50.7297 49.6132 44.7687 44.6378 44.523 44.4077 43.9667 42.8205 42.5944 42.4134 56.7887 42.1867 42.0138 46.3924 40.4036 61.7009 49.5339 45.0307 40.1413 38.7401 38.5813 37.8242 37.5839 38.6288 37.5777 37.5273 37.0993 36.4523 36.4441 49.0854
threshold=5.5000000000000009 4991429223.2918406 63132282318.027382 4.5000000000000009 5.1450000000000005 4.4850000000000012 0.62004475263889891 484076989611.0094 342.2143492731139 5.8950000000000005 64.050000000000011 22.500000000000004 9.9285714285714306 53.350000000000001 24.950000000000003 0.081649658092772456 0.57505374770313156 1.4161776583801673 779.82269281538936 4.6950000000000012 29.250000000000004 0.57162744354305872 35.527130354133753 12.500000000000002 10.500000000000002 103.55262827308486 526.01333333333343 519.55000000000007 0.73783466982786872 1017.2002665187262 329.95000000000005 5.5050000000000008 0.37903868696907456 6.2650000000000006 5.0600000000000014 302.07971598668348 3.3571428571428572 1693756202.7702296 11.356806295886555 4.7473375915251603 9.9663841807909623 38.500000000000007 1.8550000000000002 84.500000000000014 7.0950000000000006 0.78571428571428581 10.350433333333337 4.8667317708333355 1.6889229851793159 4.9812876506024111 9.5000000000000018 4.0750000000000002 5.205000000000001 6.8250000000000011 12.500000000000002 95.270833333333357 232.95000000000002 5.495000000000001 5.6950000000000012 492.50000000000006 77.333333333333343 17.395848772369899
decision_type=2 2 2 2 2 2 2 2 2 2 2 2 2 2 2 2 2 2 2 2 2 2 2 2 2 2 2 2 2 2 2 2 2 2 2 2 2 2 2 2 2 2 2 2 2 2 2 2 2 2 2 2 2 2 2 2 2 2 2 2 2 2
left_child=1 3 6 4 8 17 36 15 50 11 53 16 20 14 22 -3 25 24 37 23 60 -13 57 41 54 27 29 46 -20 35 43 -31 -19 -24 -22 -27 -2 -4 40 -9 -10 42 -17 44 -26 -46 47 48 -7 56 -1 -16 -40 -11 55 -5 -48 -6 -28 -14 61 -8
right_child=2 7 18 5 13 9 12 39 38 10 -12 21 59 -15 51 19 -18 32 28 -21 34 -23 33 -25 30 26 58 -29 -30 31 -32 -33 -34 -35 -36 -37 -38 -39 52 -41 -42 -43 -44 -45 45 -47 49 -49 -50 -51 -52 -53 -54 -55 -56 -57 -58 -59 -60 -61 -62 -63
leaf_value=-0.0046253349679665759 0.032887222114736374 0.0040753603623405249 0.020629372389662032 -0.00042167691454880936 0.0098323987243961065 -0.0037506105463744653 0.016841949496758608 0.020747539714281144 -0.037583977946187286 0.026695141602818381 -0.0062992273740848995 0.042373466013141417 0.049330277143105568 -0.012645083849319217 0.086007556434864282 -0.070645448929068405 -0.0030592261123321834 -0.0046526783429810606 0.028355575988906031 0.022744468643913482 -0.10532650948170968 0.015107250324041489 0.0089574021870252648 -0.025587608984914842 0.0038351167771903901 0.0028726685778682581 0.022747856293551031 -0.056667543210736242 -0.078382991012079142 -0.027650004786416989 -0.084744236508559945 0.051186263616703767 -0.033120384546454398 0.024686943841397583 -0.0060810059373546058 -0.0072403630737169558 0.052648108613105406 0.050689840610074526 -0.015087912414270908 0.040124439416297474 0.024022770036270954 0.018715748781649621 0.0078001485061712506 0.014833641639449497 -0.010701731267648468 -0.093469168530206245 0.0079653502248659049 -0.044617086025428569 0.060776463572868089 0.015232878566470917 -0.020167752201105543 -0.012606205983446715 -0.031451692308586389 0.056546262106303119 -0.030718493731470654 -0.017415069622080052 -0.034260981684579077 -0.0061578425383921678 0.0053661106326909633 -0.014124970299834883 -0.052911423068353947 0.043841347864138
leaf_weight=8236.0292476266623 666.15524061769247 1425.1387007683516 127.30013270676136 2873.6097141951323 592.0564793497324 269.65503565222025 2448.0140293836594 457.64175829291344 39.29345927387476 923.85611088573933 333.84757870435715 259.27826474606991 347.11460570991039 872.72197740525007 10.104030787944792 23.51626805961132 2253.0002331584692 2557.4874101430178 33.159082964062691 2801.9391820952296 17.364981964230537 1246.6219732239842 2239.4919935911894 103.13070307672024 11321.652705781162 7948.3659756630659 749.19802907109261 40.698638014495373 18.482548959553242 26.084333427250385 16.309975996613503 97.143080770969391 166.69383484870195 645.88984571397305 32.875411823391914 1264.7628948614001 498.23549289256334 3521.6044248044491 726.941849719733 756.30485428124666 98.110165540128946 1550.182311616838 1218.2602038383484 863.751285135746 241.54611718654633 18.206544056534767 11296.382801018655 86.008105114102364 33.428131610155106 2458.0517211556435 437.49394308030605 694.89780724048615 713.99428610131145 119.88877043128014 121.53880950808525 378.46359607577324 52.933886103332043 964.95190469920635 520.09853112697601 24.210959784686565 17.88816025853157 180.76931789517403
leaf_count=51594 1913 3868 431 11868 2273 986 6633 1244 282 2083 921 595 1195 4018 29 85 6587 13533 118 7067 72 3010 9838 326 34693 24427 1892 166 80 129 78 190 755 1913 92 4734 1749 13534 6820 2030 520 3951 3141 2128 731 70 32787 315 88 6082 2856 3749 7479 209 637 1586 194 4520 1368 95 60 414
internal_value=0.00746098 0.00428192 0.036773 0.00261709 -0.00384122 0.00478216 0.0262484 0.0172254 -0.00775098 0.00702191 0.0212971 0.00633435 0.02052 0.00281685 0.00543836 0.0145675 0.00558587 0.00116423 0.048811 0.0171921 0.017123 0.0198018 0.00807772 0.0118184 0.00246461 0.0063699 0.0035604 0.00846277 -0.00984618 0.00192011 0.00405759 0.0344985 -0.00639463 0.0124784 -0.040384 0.00148437 0.0413428 0.0496411 -0.0206193 0.0328196 0.00640502 0.0132001 0.00631458 0.00417397 0.00337896 -0.0165031 0.00864949 -0.00724035 0.00336631 0.00909726 -0.0054093 -0.0111929 -0.0231963 0.030124 -0.00341954 -0.0023993 0.0077684 -7.75118e-05 0.0156256 0.0451929 0.0182146 0.0186986
internal_weight=81079.8 73146.7 7933.17 64810.5 16272 48538.6 4232.63 8336.11 10251.9 29979.3 1377.59 28601.7 3068.24 6020.11 5147.39 7122.17 27095.8 18559.3 3700.55 5697.03 2696.91 1505.9 4442.39 2895.09 15835.1 24842.8 10605.7 14237.2 51.6416 9336.36 12461.5 123.227 2724.18 2885.38 50.2404 9213.13 1164.39 3648.9 1578.34 1213.95 137.404 2791.96 1241.78 12445.2 11581.4 259.753 14196.5 389.091 303.083 13807.4 8673.52 705.002 1440.94 1043.74 3373.61 3252.07 11349.3 1557.01 1269.3 371.326 2646.67 2628.78
internal_count=296831 270445 26386 248733 95891 152842 12223 21712 69551 86763 3213 83550 8561 26340 22322 18438 79945 66079 14163 14570 7271 3605 18544 7503 51791 73358 32740 40618 198 29480 37700 319 14288 11751 164 29161 3662 13965 15101 3274 802 7177 3226 37622 35494 801 40452 1389 1074 39063 54450 3778 14299 2292 14091 13454 32981 6793 3260 1290 7107 7047
is_linear=0
shrinkage=0.05


Tree=45
num_leaves=63
num_cat=0
split_feature=20 10 40 15 28 43 1 20 43 40 1 43 20 46 5 7 1 9 30 1 16 0 43 28 45 9 2 22 18 37 46 28 44 2 46 2 42 16 32 43 46 46 44 34 46 42 5 9 1 5 36 27 48 46 12 43 40 30 44 18 27 28
split_gain=2844.07 597.099 351.691 306.793 225.766 219.177 169.371 136.819 131.839 118.141 85.0999 69.4407 107.84 68.206 66.4893 81.7442 97.4244 84.4201 65.7692 65.6728 65.386 65.0426 64.9114 61.7905 61.0347 54.8404 50.0404 49.9024 68.9887 77.1087 64.6386 51.6891 49.7948 48.62 47.9347 47.6088 45.3949 43.2312 42.8386 42.598 49.7913 44.7686 46.4291 42.1769 41.9689 41.0835 40.2063 39.9963 51.4399 43.6675 39.1802 54.5338 38.3974 37.9513 50.5878 37.5057 42.1775 38.6851 36.2337 36.1173 35.0688 40.4462
threshold=17.500000000000004 1.5000000000000002 7.5000000000000009 0.89086047569897941 23850376619.731838 4.9142857142857164 4.4850000000000012 99.500000000000014 4.7434035395641372 47.500000000000007 4.9050000000000011 4.6546164772727296 54.500000000000007 54.682738095238108 0.8650000000000001 14.030000000000003 5.7750000000000012 10352542.000000002 25.500000000000004 5.5950000000000006 61.425000000000011 55.850000000000001 4.2751562500000011 45684332774.82531 0.93540349948392765 6941.5000000000009 10.500000000000002 5.6950000000000012 3319135619.9656978 31.836852422312386 34.065307944682097 6698806900.5935431 0.46947213081689559 2.5000000000000004 42.023166368515213 5.5000000000000009 7.995000000000001 10.154138266796496 5.7950000000000008 4.578585325180657 418.04354838709679 111.59272727272727 0.31921429234176674 0.18517470516546145 181.95555555555561 7.870000000000001 0.10015000000000002 57451204.000000007 7.1850000000000014 0.95500000000000007 12.460434782608697 0.19441633935269853 89902999506.42952 10.231385927505332 7.1050000000000013 4.4955050505050522 7.5000000000000009 44.500000000000007 0.46765182010986656 2165676702.9050369 20.800000000000011 33602681659.183453
decision_type=2 2 2 2 2 2 2 2 2 2 2 2 2 2 2 2 2 2 2 2 2 2 2 2 2 2 2 2 2 2 2 2 2 2 2 2 2 2 2 2 2 2 2 2 2 2 2 2 2 2 2 2 2 2 2 2 2 2 2 2 2 2
left_child=1 2 6 11 10 9 26 8 36 13 25 12 27 19 -8 16 17 -16 33 32 53 47 -15 -22 -11 59 35 -2 29 30 31 -29 43 -7 -26 38 45 -12 -1 41 44 -24 -43 -4 -41 46 -5 48 -18 -49 51 -10 -30 54 -6 57 58 -27 -57 -3 -52 -62
right_child=3 4 5 7 20 18 14 -9 50 24 37 -13 -14 22 15 -17 21 -19 -20 -21 23 -23 39 -25 34 55 -28 28 52 -31 -32 -33 -34 -35 -36 -37 -38 -39 -40 40 -42 42 -44 -45 -46 -47 -48 49 -50 -51 60 -53 -54 -55 -56 56 -58 -59 -60 -61 61 -63
leaf_value=-0.028272717070630907 0.051129056533333987 0.011123345801055014 -0.0058375953689179944 -0.044602611858702762 -0.071310270587716273 0.023731279173925663 -0.0085676517389440578 0.050296910411075771 -0.044183043281488137 0.014182362028961233 0.0056487248717672633 0.051006710605326334 0.050796200180474732 -0.012301304461508369 0.0017961016381865405 -0.0093436348223984098 0.014541285741502229 -0.011401068114595597 0.037198481181136604 0.017549462003259818 -0.092466768212292119 -0.0093855634936334253 0.0054244867304157236 0.012625945682612211 -0.01110555832607214 -0.0013626380770014525 -0.031284810403082793 -0.011194623226114406 0.011211002924395306 -0.13534678458359403 0.034835292096178638 -0.12226000849144901 -0.007335323707082785 0.010896100897053932 0.0090858580523951304 -0.0077112661732294452 0.036634758379265796 0.023843915240108218 0.037769868803394363 0.0064029132248186382 0.016975353509804173 0.0048009902559156244 -0.0062196366599123788 0.0031391075722896258 -0.011314968833899861 -0.03353692942661865 0.015483956169690796 -0.0089068971226534607 0.045627194963853666 0.068348790073871249 0.042677473501917834 0.035480657594262589 0.055279283629838395 0.038995919626202108 0.02407566464454226 0.0073502503646790205 0.010765333086511371 -0.050045894342840042 -0.022306424429993289 0.022852209605243753 -0.024515950604696846 0.049660049424643249
leaf_weight=434.23972513154149 87.067536666989326 2929.2449183538556 1832.701635569334 28.246409773826599 17.509670257568359 899.4148576259613 2114.9575668163598 527.69911301136017 34.151661433279514 3586.7122077867389 396.07553681731224 2674.1185647025704 519.27201739698648 580.06052910536528 10034.455922752619 1738.4572692103684 1731.4113232046366 1378.2169709950686 302.81605330854654 455.99414248764515 17.095638126134872 334.59530191868544 4754.0231044515967 76.911958590149879 477.58540834486485 866.13422178477049 268.76239500939846 30.10897670686245 183.78747916221619 13.816754087805746 44.035591080784798 16.065115325152874 2888.8285311460495 4106.6333500146866 764.40746121108532 4847.1741796657443 237.85425037890673 1857.2303020358086 26.025951147079468 8240.6256818026304 1101.6260748654604 1603.2280017435551 2366.1859677731991 4575.0287240445614 348.35746303200722 45.307337656617165 1938.049935773015 257.46663884073496 144.1604290753603 19.689823731780052 926.2897976115346 57.909442745149136 67.614960610866547 1200.8759881332517 67.427399806678295 219.00729785859585 2273.1134719923139 42.823602363467216 194.42590613663197 845.90536165982485 43.042089432477951 32.071103043854237
leaf_count=4314 214 7826 8209 106 71 2018 11519 1939 135 8706 1079 10612 2026 3055 43955 8306 5767 11323 702 1150 67 1330 15594 232 1624 2758 2367 94 561 67 117 71 9227 10143 2116 33335 725 4431 85 22431 2721 5746 7662 15287 1092 159 5382 1286 273 79 2900 171 255 3679 231 675 5715 145 588 2119 161 98
internal_value=0.00712258 0.00411755 0.0022186 0.0364333 0.0148539 0.00513049 -0.00263474 0.0266364 0.0229015 0.00363779 0.0121421 0.0468627 0.0353408 0.00242222 -0.000247119 0.000878157 0.00215658 0.000202385 0.0145709 -0.000976678 0.0337684 0.0111231 0.00416738 -0.00648556 0.0108744 0.00954245 -0.0102364 0.0172037 0.00889322 -0.0253516 -0.00850449 -0.049837 -0.00188538 0.0132021 0.00132162 -0.00917052 0.0159786 0.0206456 -0.0245383 0.00468616 0.00696786 0.00215149 -0.00176846 0.000571643 0.0056843 0.0135361 0.0146208 0.0143107 0.0169306 -0.00341848 0.0371433 0.00592803 0.0230632 0.0367114 0.00441197 0.00512314 0.00809353 -0.00365625 -0.00659644 0.0137515 0.040013 0.007155
internal_weight=80724.1 73217.6 62213.8 7506.51 11003.8 38884.2 23329.6 3870.62 3342.92 33575.4 9623.96 3635.89 961.768 28746.7 17753.4 15638.5 13900 11412.7 5308.86 9752.55 1379.82 2487.32 18994.1 94.0076 4828.71 7370.65 5576.2 442.496 355.429 104.026 90.2097 46.1741 9296.56 5006.05 1241.99 5307.44 2249.46 2253.31 460.266 18414 9690.61 8723.44 3969.41 6407.73 8588.98 2011.6 1966.3 2152.73 1875.57 277.156 1093.46 92.0611 251.402 1285.81 84.9371 3595.5 2686.55 908.958 413.433 3775.15 1001.4 75.1132
internal_count=296831 271038 241422 25793 29616 117483 123939 11776 9837 104620 25336 14017 3405 92174 83838 72319 64013 55278 12863 33873 4280 8735 58301 299 12446 19826 40101 1379 1165 349 282 165 32723 12161 3740 37734 6372 5510 4399 55246 26244 29002 13408 23496 23523 5647 5488 7405 6040 1365 3465 306 816 3981 302 9881 6978 2903 1263 9945 3159 259
is_linear=0
shrinkage=0.05


Tree=46
num_leaves=63
num_cat=0
split_feature=10 38 49 41 43 45 49 44 50 20 26 30 36 41 9 0 50 43 17 50 7 4 9 45 41 44 41 50 24 41 0 20 28 43 44 43 0 46 18 46 28 43 44 30 43 26 2 0 50 7 46 47 36 50 43 41 49 47 23 27 13 30
split_gain=2670.08 532.958 402.956 301.54 232.319 140.382 127.007 123.228 101.328 96.9604 86.0365 84.6375 82.2012 79.1243 77.142 71.9324 71.2649 68.3095 65.7204 64.6767 61.7987 59.8336 58.4517 57.3216 56.6669 52.6022 54.5124 48.583 48.2275 47.7048 45.8564 45.3625 45.1909 45.0993 49.4045 44.9326 57.5911 43.1818 40.9821 47.454 40.9484 40.2985 39.921 39.6563 38.2743 37.7365 37.6894 61.9624 51.5461 38.8583 37.0338 41.4036 37.861 37.0044 36.9872 41.4345 36.6899 36.2147 60.3688 59.9047 59.2794 57.0748
threshold=5.5000000000000009 4991429223.2918406 7.9478834514727879e+19 0.049999999999999954 4.6400304878048795 0.62004475263889891 6.0941682348611928e+20 0.57505374770313156 152.48791565509131 72.500000000000014 15.505263157894738 26.500000000000004 30.825251677852354 0.30555555555555564 22554.500000000004 15.907000000000002 779.82269281538936 4.9200946372239756 0.68329133724559799 99.290786457195765 29.250000000000004 0.92115000000000002 12015.500000000002 1.5042761228510828 0.22777777777777777 0.43465402273885917 0.22777777777777777 361.63901593217065 0.73783466982786872 0.17222222222222219 431.15000000000003 23.500000000000004 1693756202.7702296 4.9002551020408189 0.18136306675690908 4.4072949002217312 25.030500000000004 28.922222222222224 471620630.2302705 13.503125000000002 2833726884.5512481 4.7434035395641372 0.38436653649517666 5.5000000000000009 4.2666666666666684 153.22500000000005 1.5000000000000002 34.850000000000001 462.29718982610228 6.3500000000000005 146.09511904761908 45.628835315338875 76.506250000000023 100.31313370088866 4.9638251783893992 3.1611111111111114 3.1804547900850836e+18 1.0000000180025095e-35 4.4201694915254253 2.5317582819929494 4.3013888888888898 22.500000000000004
decision_type=2 2 2 2 2 2 2 2 2 2 2 2 2 2 2 2 2 2 2 2 2 2 2 2 2 2 2 2 2 2 2 2 2 2 2 2 2 2 2 2 2 2 2 2 2 2 2 2 2 2 2 2 2 2 2 2 2 2 2 2 2 2
left_child=1 3 5 8 13 31 14 11 15 20 -10 17 19 21 35 18 32 25 -1 -13 57 -5 29 -15 33 26 -6 42 -18 -23 -17 -2 -4 -16 -35 36 -3 -27 39 53 -22 -8 50 -9 -31 -34 47 49 -48 -12 52 -52 -24 -19 55 -26 -45 58 -7 -59 -61 -60
right_child=2 6 16 4 7 9 41 43 10 -11 46 12 -14 23 24 30 28 38 -20 -21 40 22 27 -25 54 37 -28 -29 -30 44 -32 -33 45 34 -36 -37 -38 -39 -40 -41 -42 -43 -44 56 -46 -47 48 -49 -50 -51 51 -53 -54 -55 -56 -57 -58 59 61 60 -62 -63
leaf_value=-0.0067827898273682199 0.031242131411200282 -0.079342024638023131 0.01893669907154321 -0.0517630356426034 0.0072277061659806359 0.045278664008019998 0.019405043913101591 -0.0057783606505101507 0.012945741441228221 0.044744400394156142 0.016291173639965403 0.0095496866137272547 0.034789938279547232 0.0060349765543673689 -0.012147948238850109 0.0027805168347185029 0.026773678241066717 -0.044767880510039347 0.044230868795955225 -0.07182799844462541 0.0056173211785859869 0.014595299616938884 -0.00032658837546679746 -0.007598974251403494 0.0095625283320602741 -0.013648442619397426 0.016917719290752385 -0.013236006095486336 -0.073865233943752592 -0.054476722576566453 -0.027266346033062935 0.051829941236250246 0.050163004591007025 -0.023198906235576373 0.010416573146316234 0.02075024722254603 0.016608259249076242 0.0042328406790700535 0.030548343104679437 0.013171025145439047 -0.084768385862296083 0.038484465230337751 -0.0048216061738925748 -0.017896256636804459 0.00031242688053971193 -0.037138720343716673 -0.0098749666856561072 -0.018772918446033779 -0.023034558351980976 -0.0071351381467085464 -0.024969112566426321 -0.0024859519402741248 0.0070761909920446274 0.018518385271318421 0.02830676091870973 0.039397305863188244 0.0094731014462190056 0.030524572175960104 0.00068228076612292287 -0.038756271477529275 0.015232411405620584 -0.063806454454723924
leaf_weight=4222.45668066293 639.66471112519503 25.78376866877079 122.85053670406342 57.841134801506996 6535.5408194810152 62.747953847050667 449.75486144423485 1903.9267936572433 392.78676323965192 325.01441580057144 382.67476625367999 132.58873710036278 581.15118638426065 8381.2680491581559 434.67148783802986 6803.06891708076 31.746294625103474 63.310868367552757 64.092907756567001 29.927239879965782 25.285986259579659 1045.278078854084 5301.7117951884866 849.02509152889252 2157.5052513256669 362.79454551637173 1865.7382354587317 879.66397463902831 19.046301998198032 33.505266807973385 129.39714879542589 459.94017460942268 3240.3073971942067 122.51850411295891 1013.237720310688 2740.220243088901 39.746452778577805 4867.9411994963884 334.68258373439312 4880.2138288766146 24.840973481535912 719.50278776884079 4771.5895296707749 139.85681973397732 655.34903402626514 12.425621561706064 2347.8323983922601 419.31293337419629 1089.4207576289773 329.38338566571474 260.1027944535017 962.52747045457363 2561.7790799885988 36.365354537963867 365.39939749985933 123.00930423289537 983.80036395788193 763.25607132911682 220.98236055672169 52.657997161149979 1475.7903977632523 40.61567710340023
leaf_count=25792 1913 99 431 357 19235 124 1245 5986 1783 1218 1780 344 1358 23074 1282 34777 118 244 157 108 65 3339 22826 3510 5562 1201 4427 4560 80 185 753 1749 13487 390 2595 7215 97 13383 714 12262 99 2029 16422 423 1884 47 15489 2086 11376 1898 1256 3831 9370 98 897 301 2445 1996 564 201 4141 153
internal_value=0.00680024 0.00387265 0.0351716 0.00235045 0.00432313 0.024577 0.015888 0.00800891 -0.00355981 0.0189611 -0.00950977 0.0094529 0.0259992 0.00107259 0.0133475 -0.000928539 0.0478207 0.00880344 -0.00602003 -0.00543598 0.0158181 -0.000998196 -0.000819931 0.00478089 0.00907244 0.00692888 0.00937964 -0.00184165 -0.0109641 0.00786309 0.00221968 0.0398536 0.0487052 0.0015485 0.00679034 0.0197718 -0.0211447 0.00299263 0.0136117 0.0124735 -0.0391743 0.0311456 -0.00111836 -0.00138224 -0.00235247 0.0498295 -0.0114404 -0.00352466 -0.0140458 0.00545465 0.000826406 -0.00726903 0.0020851 -0.0216788 0.0135381 0.0111718 0.00606655 0.0168718 0.0012344 0.019085 0.0133724 -0.00933023
internal_weight=80366.4 72849.3 7517.17 64657.9 48477.5 4090.8 8191.35 22717.8 16180.4 2991.19 4961.41 19690.3 743.667 25759.6 7022.09 11219 3426.38 18946.6 4286.55 162.516 2666.18 16529.3 16471.5 9230.29 4216.34 13632 8401.28 14737.4 50.7926 1734.13 6932.47 1099.6 3375.58 1570.43 1135.76 2805.75 65.5302 5230.74 5314.57 4979.89 50.127 1169.26 13857.7 3027.58 688.854 3252.73 4568.62 1131.37 3437.25 712.058 9086.12 1222.63 7863.49 99.6762 2645.91 2280.51 1123.66 2616.05 324.346 2291.7 1528.45 261.598
internal_count=296831 270445 26386 248733 152842 12223 21712 62228 95891 8561 34412 53374 1810 90614 18438 61479 14163 51564 25949 452 7343 64030 63673 26584 11027 38246 23662 58265 198 5408 35530 3662 13965 4267 2985 7411 196 14584 13318 12604 164 3274 53705 8854 2069 13534 32629 5764 26865 3678 37283 5087 32196 342 6760 5863 2868 7179 841 6338 4342 717
is_linear=0
shrinkage=0.05


Tree=47
num_leaves=63
num_cat=0
split_feature=20 9 15 41 19 20 48 33 33 5 47 34 47 48 48 48 47 27 42 37 2 44 44 41 48 36 45 37 23 46 30 27 30 37 45 22 41 14 33 12 36 37 45 44 47 47 48 42 9 0 47 44 45 24 27 38 33 47 37 48 45 44
split_gain=2520.49 509.501 305.05 273.101 248.823 133.461 110.865 110.338 87.6225 86.6202 79.463 72.3626 71.1904 68.561 109.53 68.0155 71.3987 134.472 63.6715 62.6281 61.817 55.6679 51.5315 57.3851 56.7032 49.2304 47.7898 57.4462 73.8092 58.0545 48.4737 81.595 103.563 68.1123 57.5635 47.1599 45.8037 45.1061 50.2901 44.8982 42.1073 41.7303 45.0747 121.768 41.4577 40.7283 40.6275 40.4988 40.4329 38.9986 37.8042 37.5625 38.2423 45.242 37.1804 37.5475 62.5039 35.9583 52.793 48.3706 34.8374 52.7465
threshold=17.500000000000004 30708.500000000004 0.89086047569897941 0.094444444444444414 7.1351828652540078e+18 99.500000000000014 484076989611.0094 4.8568927203065142 4.699913941480208 0.89500000000000013 1.0000000180025095e-35 0.70001778393672864 0.74579828516494751 18405899430.285461 16211875160.263414 130408747603.88625 125.71726521687114 102.33071836174391 5.3950000000000005 14.484801337772508 1.0000000180025095e-35 0.43465402273885917 0.36191813516005789 0.17222222222222219 1874065481.199981 7.9502051282051278 0.67934332364754535 1.1404219377956057 4.3834848484848488 32.816441441441448 70.500000000000014 16.357471279357394 56.500000000000007 3.9893981889788335 0.8042490405615782 7.4900000000000011 0.5277777777777779 1.0000000180025095e-35 5.0601470588235307 5.3050000000000006 29.335549450549454 26.876146151124004 0.6544163425939421 0.4733636106500923 53.682395163944143 53.217318633097442 46551501.654226623 6.995000000000001 335768928.00000006 192.85000000000005 130.21022418268061 0.7028349194952902 0.95883197303315404 0.72513950995324139 20.409789670225013 251337316089.76846 4.9995689655172422 5.6422070718007733 3.1855320223796699 32072638573.705326 0.93540349948392765 0.4733636106500923
decision_type=2 2 2 2 2 2 2 2 2 2 2 2 2 2 2 2 2 2 2 2 2 2 2 2 2 2 2 2 2 2 2 2 2 2 2 2 2 2 2 2 2 2 2 2 2 2 2 2 2 2 2 2 2 2 2 2 2 2 2 2 2 2
left_child=1 4 13 9 37 7 8 10 25 21 18 26 48 14 41 16 51 -18 -4 -16 -14 46 24 45 -10 -5 -12 29 -29 -28 31 32 57 -34 -35 -13 44 47 50 -20 -32 -2 -43 -44 -27 -24 -3 -1 49 -11 -39 52 -6 -54 -9 56 -56 58 -30 -60 61 -38
right_child=2 3 5 6 15 -7 -8 54 22 12 11 35 20 -15 19 -17 17 -19 39 -21 -22 -23 23 -25 -26 36 27 28 30 -31 40 -33 33 34 -36 -37 60 38 -40 -41 -42 42 43 -45 -46 -47 -48 -49 -50 -51 -52 -53 53 -55 55 -57 -58 -59 59 -61 -62 -63
leaf_value=0.0049426602037340381 0.041984294251172241 -0.01118007598929522 -0.085207257301842504 -0.031376212600187241 0.035337169584471619 0.049385115210009288 0.023365612381366613 0.044948096146286462 0.010766216427872205 -0.0035194525691449176 0.029352361793886079 -0.11560852924336368 0.023624851205205095 0.049355683904529851 -0.0056428411332157752 0.041669666412308487 -0.16826952705971349 0.030998749231522672 0.016917882902598429 -0.1297177526257853 0.00069506334252184725 -0.021709521536722651 -0.0036695878137301681 0.0087090097465884406 0.035090483060192725 -0.0010049788066257132 0.042748550290191541 -0.020713539617222568 0.017198269608352065 -0.031644351049523067 0.034944335502265854 0.036619874887433027 0.04139977251610108 -0.0085611559771925933 -0.1138304617551885 0.0046858135462223465 0.016678801088701969 0.0094289117447767228 0.022351983849460966 -0.070780573587795645 0.00024356140995197302 0.041798951726827405 0.0357882859376654 -0.15995189482826488 0.0039109085850747216 0.0071045300952196563 0.00023297480784924973 0.019613758977753332 -0.022256849156830211 -0.025140725215321194 0.032387745420595922 0.015015210006756105 0.02026736661377131 -0.047821393353555675 -0.11882526129614367 0.050141378859499021 0.024224554378109303 0.012945696060865193 -0.025550204077664635 -0.13472362460144804 0.00023702183926592381 0.00023758315327906
leaf_weight=6010.223330181092 554.8258436024189 1908.3471879176795 30.506265923380852 109.92254797369242 737.67417382448912 489.78828689455986 753.65469139814377 535.61590106785297 3009.864401884377 7554.3290958069265 868.18583895266056 16.201750747859478 301.96664687991142 2701.7462767288089 41.140432186424732 577.83607467263937 14.086395107209681 21.220262482762337 69.817056283354759 13.510442852973936 11047.976499792188 741.47636429220438 2228.3799928203225 5277.7105519399047 260.31070472300053 9767.666645437479 257.34830606728792 165.91780174523592 44.789992853999138 29.200503543019295 377.43515974283218 168.49036967754364 14.000196218490599 18.876240476965904 41.618230953812599 16.389151759445667 1466.5588993579149 5722.6385460421443 984.92343671619892 18.451402649283409 113.77404173463583 32.471130728721619 20.260580256581306 13.071330614387987 7646.1991251260042 1446.5443722903728 1318.4844041615725 510.33007778972387 319.81431720405817 214.47920920327306 185.09944397211075 756.51797307282686 185.40422699600458 28.093436308205128 12.820368736982347 23.146526239812374 18.883725881576538 354.79276212304831 34.040006935596466 14.453924894332884 1078.2705032229424 730.97377581894398
leaf_count=19052 1836 15614 136 523 2050 1939 1844 1756 7979 48096 2733 71 878 11759 140 1964 70 55 173 60 46419 3340 6453 13290 574 34902 628 535 126 96 1158 397 43 58 175 51 3482 15249 2403 72 345 107 51 64 23623 3769 5618 1235 2626 1600 425 2191 454 92 62 75 61 920 103 63 3260 1908
internal_value=0.00649073 0.00371959 0.034904 0.00152721 0.0116874 0.0250566 0.00440372 0.0213843 0.00397096 -0.00262358 0.0170356 0.018908 -0.00124929 0.045794 0.0315437 0.0268035 0.0218751 -0.0485039 -0.0229359 -0.0363159 0.00130511 -0.00935547 0.00733078 0.00536863 0.0127025 0.00199658 0.0198719 0.0148369 0.0105157 0.0351676 0.0148984 0.00636269 -0.003393 -0.0579829 -0.080983 -0.0551155 0.00217389 0.00907196 0.0118921 -0.00141437 0.0269069 0.0375193 -0.000128162 -0.0409725 0.00115352 0.000571381 -0.0065167 0.00609089 -0.00483362 -0.00411637 0.0101483 0.0233302 0.0299436 0.0113078 0.040933 0.00172587 -0.0336213 0.00568281 -0.0219406 -0.05809 0.00759804 0.0112099
internal_weight=80028.5 72917 7111.57 57182.9 15734 3734.54 33776.1 3244.76 33022.4 23406.9 2654.29 2535.51 19438.6 3377.03 675.28 2320.83 1743 35.3067 118.775 54.6509 11349.9 3968.31 12222.8 8952.63 3270.18 20799.6 2502.92 1634.74 1348.19 286.549 1182.27 691.062 522.571 74.4947 60.4945 32.5909 20689.7 13413.2 6892.66 88.2685 491.209 620.629 65.803 33.3319 17413.9 3674.92 3226.83 6520.55 8088.62 7768.81 5907.74 1707.69 951.172 213.498 590.467 54.8506 31.7041 448.077 93.2839 48.4939 3275.8 2197.53
internal_count=296831 271038 25793 225798 45240 11776 101607 9837 99763 124191 7883 7502 99619 14017 2258 6876 4912 125 381 200 47297 24572 32065 23512 8553 67698 7380 4647 3923 724 3388 1885 1488 276 233 122 67175 38364 18077 245 1503 2058 222 115 58525 10222 21232 20287 52322 49696 15674 4787 2596 546 1954 198 123 1212 292 166 8650 5390
is_linear=0
shrinkage=0.05


Tree=48
num_leaves=63
num_cat=0
split_feature=20 18 15 18 40 20 1 33 1 0 20 33 40 47 28 33 22 20 47 34 1 42 0 7 22 18 28 45 36 38 36 9 9 45 37 25 46 31 34 1 46 31 36 31 27 25 37 46 47 16 47 9 16 45 46 5 7 1 9 0 31 46
split_gain=2365.1 462.602 301.845 229.163 223.301 130.634 129.612 105.905 99.586 113.191 93.739 96.4284 77.1732 74.19 70.3778 76.2455 110.787 92.1379 69.5083 64.8937 62.145 59.5047 56.1333 55.791 50.9462 51.8724 70.1754 80.602 57.3269 50.5947 51.7762 49.7606 48.606 45.3226 53.5399 72.765 53.8046 45.2632 43.5648 43.5005 42.8981 59.2185 61.8101 52.8059 60.7795 52.1386 44.4104 42.7843 41.9958 45.5151 41.4934 41.0167 40.9082 40.6525 40.2598 40.1677 44.8226 53.7458 53.3887 47.5167 40.0283 39.9826
threshold=17.500000000000004 9609211.4196398631 0.89086047569897941 44946296964.442772 7.5000000000000009 100.50000000000001 4.4050000000000011 4.8568927203065142 5.4050000000000011 78.050000000000011 2.5000000000000004 5.0335144927536248 88.500000000000014 1.0000000180025095e-35 253093305526.91599 4.729178709055879 7.5950000000000006 75.500000000000014 50.041104799941614 0.70001778393672864 7.1850000000000014 5.3950000000000005 6.0005000000000015 3.6050000000000004 5.6950000000000012 17339064707.055447 16417834532.854723 0.6740386876067942 39.667543859649122 32356183980.192242 90.143650793650806 335768928.00000006 2875.5000000000005 0.67934332364754535 1.1404219377956057 1.1207599532987127 32.816441441441448 0.24999999999999997 0.38146926532969905 6.8450000000000006 74.507179487179499 2.3500000000000001 33.434692513368994 1.8833333333333335 16.101861855424684 0.79450020925885589 4.3783443303946354 140.99722222222223 11.500154828833358 11.059821428571432 117.4595576214824 8150.0000000000009 32.552506265664171 0.8042490405615782 366.49719298245617 0.8650000000000001 15.410000000000002 5.7750000000000012 10352542.000000002 55.850000000000001 0.8500000000000002 30.550438596491237
decision_type=2 2 2 2 2 2 2 2 2 2 2 2 2 2 2 2 2 2 2 2 2 2 2 2 2 2 2 2 2 2 2 2 2 2 2 2 2 2 2 2 2 2 2 2 2 2 2 2 2 2 2 2 2 2 2 2 2 2 2 2 2 2
left_child=1 4 14 10 6 7 48 13 12 39 -3 22 18 21 15 16 17 24 29 33 23 -4 -12 -8 -2 26 28 -28 -26 61 -31 55 -5 -15 36 40 -35 -13 -23 -10 41 43 -43 -36 46 -44 -45 -34 49 -1 -20 -24 -29 -48 -52 -25 57 58 -57 -59 -53 -6
right_child=2 3 5 32 8 -7 20 -9 9 -11 11 37 -14 19 -16 -17 -18 -19 50 -21 -22 38 51 31 25 -27 27 52 -30 30 -32 -33 47 34 35 -37 -38 -39 -40 -41 -42 42 45 44 -46 -47 53 -49 -50 -51 54 60 -54 -55 -56 56 -58 59 -60 -61 -62 -63
leaf_value=0.015119898004330619 0.048076740111996363 0.0042506963355874077 -0.082246377983370866 0.044417126885037017 -0.0058946373026010834 0.049062894135353211 -0.016425509453249585 0.040170289262470335 0.018584162324105761 -0.0044778449796793376 -0.015519587326825863 0.015917328780001183 0.013712985046884988 0.028545796999126995 0.053633111285893799 0.048880573828112651 -0.11507324333301122 0.052908862578828375 0.0062801080084236771 -0.050833996402109297 0.023980258704914083 0.056828673756379233 0.014412644591527073 -0.0070721392704781302 0.018627778909346474 0.035395837064774061 0.015356797794262064 -0.16885814602571847 -0.059746877490386943 0.018091278175731969 -0.066299513590157608 -0.021559133915180217 0.024322626797368185 0.041613163363954646 0.0075752501717901658 -0.016633578451483402 -0.029603013752337693 0.031843139477808501 -0.022532725646411084 0.056599635331208445 0.04463738656389761 0.031523995282373235 0.028681891950704166 0.018440429699424735 0.059687383040132713 -0.082939340129990588 -0.014212025241103231 -0.059908382777371538 -0.0048221607689345851 -0.015289789861802155 -0.0062305879366234933 0.0045947325290628524 -0.051844424967223204 -0.10688448481646314 0.0070102951026410291 0.0019018779236559718 -0.0082703668720589749 0.012787538366532887 -0.0091375814234336532 -0.0099257197291103064 0.01706598301064809 0.00094813621778197684
leaf_weight=129.20973220467567 121.17204418778419 5370.1076859384775 30.589251860976219 568.52705791592598 2520.4392197653651 464.84015800058842 553.15778585523367 573.00697050243616 1659.1686926484108 626.69508707523346 208.06061208248138 1020.9588180184364 1635.0055949538946 852.26433234661818 1410.0238543897867 928.50612407922745 13.235253408551214 306.5089268013835 12226.691142633557 33.513675756752491 256.53823094069958 23.596937671303749 3916.179954379797 1711.224949888885 236.38550674915314 155.45492826402187 24.819090984761715 14.00125125795603 25.886800929903984 537.20897453278303 18.811670556664467 269.24039128795266 312.93507427722216 251.98388600349426 481.52321150153875 213.42754267156124 29.641580946743488 792.44156470149755 64.723878271877766 78.826443672180176 111.56530848890543 406.13578671962023 19.221882909536362 16.034919321537018 13.976184859871863 22.955849446356297 17.634418144822121 15.838853135704992 2467.1139185354114 2579.8558799773455 1432.120977923274 3107.1825645044446 16.010178335011005 35.97640486061573 958.1934562548995 8716.4816374778748 1168.408863183111 1659.7151438444853 1252.5831037648022 267.35725997388363 811.43465456366539 13950.312303476036
leaf_count=797 347 15755 138 1990 10146 1917 3132 1956 4021 1736 639 2509 4040 2740 6623 3966 85 1346 35676 122 627 50 9970 9631 710 602 101 76 99 1282 68 2248 1044 630 1296 674 96 2146 195 141 255 1275 50 53 31 94 56 60 14121 23825 4679 8129 62 148 2623 39493 5753 6047 10269 1101 2067 45273
internal_value=0.00619433 0.00354 0.0341395 0.0110127 0.00141405 0.0242958 -0.0026718 0.0206956 0.00382485 0.0137395 0.00956562 0.0124614 0.00312035 0.0164441 0.0452261 0.0387906 0.0285346 0.0306459 0.00257303 0.0182753 -0.000429006 -0.0221451 0.0101131 -0.000830458 0.0191528 0.0117362 0.000137367 -0.0513058 0.010892 0.000401797 0.0152361 -0.000257077 0.0355676 0.0192121 0.014302 0.0101326 0.0341175 0.0228768 -0.0013295 0.0203083 0.0152103 0.0119709 0.0255411 0.00120608 -0.0354697 -0.0320696 -0.0545654 0.0202648 -0.00954152 -0.0138394 0.00510222 0.0107938 -0.106435 -0.0764014 -0.000922781 0.000131084 0.00107458 0.00199242 0.000514803 0.00963636 0.00717718 -9.89802e-05
internal_weight=79712.6 72798 6914.62 16123.7 56674.4 3662.61 21030.9 3197.77 35643.5 2364.69 15226.4 9856.26 33278.8 2624.77 3252 1841.98 913.474 900.239 31643.8 2505.85 15854.7 118.91 8042.86 15598.2 593.73 472.558 317.103 54.8305 262.272 17026.8 556.021 15045 897.301 2472.34 1620.08 1338.45 281.625 1813.4 88.3208 1738 1125.02 1013.46 448.314 565.145 83.6219 42.1777 69.6457 328.774 5176.18 2709.07 14617 7834.8 30.0114 53.6108 2390.31 14775.8 13064.5 11896.1 9969.06 1927.07 3918.62 16470.8
internal_count=296831 271038 25793 44309 226729 11776 117044 9859 109685 5898 41215 25460 103787 7903 14017 7394 3428 3343 99747 7520 78301 383 20805 77674 1997 1650 1048 239 809 56769 1350 74542 3094 7398 4658 3932 726 4655 245 4162 3258 3003 1419 1584 288 144 257 1104 38743 24622 42978 20166 138 204 7302 72294 62663 56910 49762 7148 10196 55419
is_linear=0
shrinkage=0.05


Tree=49
num_leaves=63
num_cat=0
split_feature=10 39 48 40 43 45 22 44 50 40 20 30 36 13 50 43 16 50 0 40 16 43 17 7 50 45 46 30 40 44 40 44 24 44 50 0 35 19 40 43 42 6 16 47 39 30 46 46 46 50 46 7 35 47 32 50 28 15 42 50 17 43
split_gain=2218.41 474.435 335.212 234.027 204.088 136.177 128.787 109.462 88.2774 87.5222 83.9294 72.6749 80.9182 71.8329 71.7741 64.9735 70.1382 102.075 64.1336 62.0492 62.0096 59.5881 56.4552 55.5055 54.6555 53.3834 52.6709 51.9371 46.0542 45.4996 48.4228 43.7792 42.4917 42.1517 43.0615 40.719 39.5049 38.9759 38.9336 56.2977 38.9208 38.8045 38.7388 38.4588 37.6739 49.4917 37.5423 37.2773 46.3099 46.3134 41.5415 37.2693 37.0985 36.4977 65.4167 49.6741 44.2078 72.5259 72.3661 44.1604 40.3888 66.9007
threshold=6.5000000000000009 6.283837090374103e+18 63132282318.027382 4.5000000000000009 4.6400304878048795 0.62004475263889891 7.6950000000000012 0.57505374770313156 152.48791565509131 173.50000000000003 99.500000000000014 26.500000000000004 31.951655719759174 4.7074034869240355 779.82269281538936 4.2909673659673677 28.929103960396041 373.14419493819605 15.907000000000002 27.500000000000004 15.454729729729731 4.9752049180327882 0.68329133724559799 29.650000000000002 779.82269281538936 0.6740386876067942 29.133549783549789 16.500000000000004 325.50000000000006 0.50274969780685974 41.500000000000007 0.22852182001336818 0.73783466982786872 0.43158660064151172 207.4341324427983 431.15000000000003 0.64682156879207831 5.9373519612326682e+17 20.500000000000004 4.9752049180327882 5.5950000000000006 6.8050000000000006 6.0005000000000015 56.537596189131072 1.8152427743080901e+18 38.500000000000007 30.259761904761909 10.004687500000001 13.503125000000002 68.54615493517565 26.289117647058827 19.130000000000006 1.0340344807220274 1.0000000180025095e-35 4.995000000000001 361.63901593217065 399446548.58275038 0.89086047569897941 5.3950000000000005 622.81633298656391 1.6500000000000015 4.6600145348837225
decision_type=2 2 2 2 2 2 2 2 2 2 2 2 2 2 2 2 2 2 2 2 2 2 2 2 2 2 2 2 2 2 2 2 2 2 2 2 2 2 2 2 2 2 2 2 2 2 2 2 2 2 2 2 2 2 2 2 2 2 2 2 2 2
left_child=1 3 5 8 15 -2 9 11 18 13 23 21 25 38 -4 -5 29 19 22 26 -10 24 -1 53 33 -13 -18 31 44 -17 42 -28 -16 51 46 -20 43 -23 -3 -40 -26 -25 -31 -9 -21 -46 -35 -44 -49 -50 -51 -6 -38 54 -7 56 58 -58 -56 60 -55 -62
right_child=2 6 14 4 7 10 -8 36 20 -11 -12 12 -14 -15 32 16 17 -19 35 28 -22 37 -24 41 40 -27 27 -29 -30 30 -32 -33 -34 34 -36 -37 52 -39 39 -41 -42 -43 47 -45 45 -47 -48 48 49 50 -52 -53 -54 59 55 -57 57 -59 -60 -61 61 -63
leaf_value=-0.0062795688934380034 0.040892415771405205 0.00023196080576916905 0.048298294661680244 -0.007153489558325607 0.0074458959970276255 0.050547218637829384 0.039602857453295295 0.0022726947033399527 0.013787748389667008 0.027850711406056373 0.051807534057727693 0.0068878247375100989 0.033680641584739053 0.017612811941525589 0.022866575924815481 0.013677252789322088 -0.014062509825398448 -0.014334405379709137 0.002759658641138639 0.0068186853568865781 -0.010187328488728069 0.012136596025848913 0.041006701021085112 -0.10665356746672078 -0.017729153671739918 -0.067583394799099125 0.0088433711295514035 -0.047289175400542331 -0.036102062698143318 -0.066892309381014523 -0.06627863835030802 -0.00062813039038901416 -0.077930703830958889 -0.010338323667327547 -0.0090446053297496779 -0.025881450246462365 -0.0067345704494604147 0.031269165641866638 0.0078729709397757416 0.028984920970114871 0.045894163035227697 -0.0055983813230205343 0.035313647999010468 0.030178056205882115 -0.00070759361360817595 -0.043054305350383515 0.0056906880193600268 -0.07091734252151298 0.023364891560106835 -0.08337564011672785 -0.0051171784157663562 0.018980914267732577 0.013156242112883382 0.028489431168482293 -0.047374146189644917 0.05625307414856439 -0.016771013542027875 -0.12364552360518788 0.03080250429949858 -0.027683711629479919 0.0046596882034878858 0.03064054436742188
leaf_weight=4187.324505418539 865.17903253436089 1359.2895963490009 2814.5907619521022 2371.1864579766989 8337.8000379577279 49.71770566701889 488.29461156576872 491.15289712697268 286.45433073490858 896.67604545503855 168.43743095546961 157.9065075814724 548.33924724906683 2720.6136907562613 27.152457818388939 1717.5425362512469 683.57726639509201 1074.9180816560984 6791.8648898005486 6387.7572335749865 4610.789376091212 3506.0638869926333 64.087067537009716 14.944828495383261 29.049413226544857 28.390683770179749 1369.2805881351233 57.342758864164352 66.754583537578583 20.476040855050087 30.486035466194153 11193.018128156662 17.002772860229015 394.49923085421324 658.95231073349714 126.40558189153671 2139.7002442628145 288.05908164381981 2562.5945481732488 360.1513007953763 139.32197849452496 26.072275340557098 72.878865286707878 164.9315887466073 607.17349448800087 77.843372911214828 4935.100753724575 24.35968516767025 113.14819087088108 22.573394745588303 68.160481497645378 764.45581464469433 263.25981514155865 792.60456217825413 52.149048879742622 23.049422726035118 47.223450914025307 23.911771848797798 68.466352805495262 50.064356721937656 714.66778426617384 379.27509432286024
leaf_count=25792 3212 3729 13264 12516 23464 92 1501 1301 1108 2651 731 425 1333 7510 111 4799 3471 4674 34777 17556 33304 8882 157 64 114 100 5859 194 206 84 111 39004 72 1262 2073 753 6623 621 6774 895 300 75 182 360 1617 249 13207 94 274 91 189 1968 674 2283 185 44 135 108 148 183 2073 1223
internal_value=0.00591171 0.00349317 0.0347945 0.00204635 0.00376943 0.0238758 0.0146833 0.00721586 -0.00318773 0.0131429 0.0177684 0.00857662 0.0240082 0.0112596 0.047306 0.000736108 0.00152923 0.000683651 -0.000733676 0.00147333 -0.00878496 0.00798162 -0.00556676 0.0152113 0.00658733 -0.00446119 -0.000544689 0.00018754 0.00523354 0.0103207 -0.0060535 0.000404256 -0.0159472 0.00627125 0.00301337 0.00223635 -0.00158641 0.0135892 0.00722308 0.0104745 0.0349171 -0.0424184 -0.000344408 0.00928776 0.00562367 -0.00551975 0.00450421 0.00418081 -0.00576007 0.00202487 -0.0245869 0.00841467 -0.0045554 0.0162852 -0.00113587 -0.0130985 -0.0214349 -0.0526964 -0.00299781 0.0186647 0.0198946 0.0136674
internal_weight=79394.5 73260 6134.51 64872.4 48805.5 3275.76 8387.62 22847 16066.9 7899.33 2410.58 19787.9 734.636 7002.65 2858.75 25958.5 23587.3 21517.7 11169.7 20442.7 4897.24 19053.3 4251.41 2242.15 15259.2 186.297 13303.2 12619.6 7139.53 2069.63 352.083 12562.3 44.1552 15090.8 5988.55 6918.27 3059.04 3794.12 4282.04 2922.75 168.371 41.0171 321.597 656.084 7072.77 685.017 5329.6 301.121 228.242 203.882 90.7339 9102.26 2402.96 2201.13 264.518 214.8 191.751 71.1352 120.615 1936.61 1886.55 1093.94
internal_count=296831 272828 24003 249768 153877 10556 23060 62707 95891 21559 7344 53749 1858 18908 13447 91170 78654 72830 61479 68156 34412 51891 25949 6613 42388 525 48528 45057 19628 5824 1025 44863 183 41974 16542 35530 8958 9503 11398 7669 414 139 914 1661 19422 1866 14469 830 648 554 280 25432 7297 6474 712 620 576 243 333 5762 5579 3296
is_linear=0
shrinkage=0.05


Tree=50
num_leaves=63
num_cat=0
split_feature=20 38 10 40 43 1 43 49 18 50 18 43 40 26 31 1 20 44 50 1 40 36 1 2 4 10 7 22 40 32 27 29 23 25 26 7 50 29 24 50 3 1 36 7 26 26 49 33 18 37 42 26 25 46 1 50 37 37 38 36 33 20
split_gain=2093.85 405.07 284.433 256.856 200.625 130.097 117.44 116.046 96.8967 95.1578 88.0512 87.3714 83.5004 80.2009 80.1824 75.803 71.4967 61.511 58.851 58.6624 58.2729 62.0608 55.9523 55.3728 71.1168 54.7123 51.9856 51.9822 88.902 72.1595 66.5468 84.0957 63.2977 47.8257 60.1231 46.7304 46.2425 45.0107 47.3703 44.9315 44.8942 44.6118 44.5822 45.9778 44.5654 60.0627 72.3946 56.8708 71.5742 52.8215 50.8269 46.321 42.5152 42.4641 41.8669 41.6991 41.2562 49.7889 72.4809 49.9232 44.5729 41.0326
threshold=18.500000000000004 32356183980.192242 8.5000000000000018 7.5000000000000009 4.8600373134328372 4.9050000000000011 4.8182255244755252 6.2349243979636761e+19 471620630.2302705 283.30967910500294 177961840574.29214 4.6600145348837225 304.50000000000006 13.851000000000001 2.8500000000000001 4.4850000000000012 99.500000000000014 0.57192781456780872 693.66653281436766 6.5850000000000009 19.500000000000004 14.28331195350542 7.5950000000000006 12.500000000000002 0.94430000000000014 2.5000000000000004 24.950000000000003 5.6950000000000012 471.50000000000006 6.0950000000000006 1.5974871919038065 4.0362119222791733e+19 4.4801282051282074 0.69935705452620101 10.861747491638797 11.720000000000001 174.61595239280936 3.7638609431519456e+17 0.27130343796333639 130.5445327181703 119.05000000000001 5.745000000000001 336.62500000000006 0.85500000000000009 33.751000000000012 15.505263157894738 1.0052014635206651e+20 4.6715476190476197 51294941.202748276 21.262775003576824 7.5950000000000006 32.996913580246925 0.76294976550571258 529.89117647058845 4.2550000000000008 1017.2002665187262 8.8866064026182361 3.535678207549481 8005331313.1782379 12.460434782608697 4.400246913580248 34.500000000000007
decision_type=2 2 2 2 2 2 2 2 2 2 2 2 2 2 2 2 2 2 2 2 2 2 2 2 2 2 2 2 2 2 2 2 2 2 2 2 2 2 2 2 2 2 2 2 2 2 2 2 2 2 2 2 2 2 2 2 2 2 2 2 2 2
left_child=1 3 6 5 12 9 14 11 17 54 18 16 15 -11 44 23 27 20 42 25 21 39 26 24 -5 35 -7 32 29 -29 -31 -32 40 34 -20 -17 -12 38 -16 -6 -4 -28 43 -3 45 56 47 48 49 51 -48 52 -47 -44 -1 -22 57 -2 60 -60 -59 -46
right_child=2 10 7 4 8 22 -8 -9 -10 13 36 -13 -14 -15 37 19 -18 -19 33 -21 55 -23 -24 -25 -26 -27 41 28 -30 30 31 -33 -34 -35 -36 -37 -38 -39 -40 -41 -42 -43 53 -45 61 46 50 -49 -50 -51 -52 -53 -54 -55 -56 -57 -58 58 59 -61 -62 -63
leaf_value=-0.0086839660032048457 0.017008453121667055 -0.05041450540064716 0.020467620057745148 -0.058312422058826377 -0.095286938087487658 0.0032834979611135479 0.040330581576804907 0.049724152458908107 0.025993018396092266 0.01042294956800735 0.047796590418817501 0.045616105513036943 0.024835300406570185 -0.01734323595835165 0.030526255242058195 0.0026772347624002863 0.053139336388673686 0.00042632664494098759 -0.016455984480690324 0.033067345865916295 0.018810504312745408 0.0097784339100947092 0.037103617716467925 -0.0079027198672783749 0.001597563717393015 0.012716254665324001 0.0045632388749748849 -0.064297599632177058 -0.11014529900175446 0.047053498956549464 0.0083472586778706153 -0.10254906576126709 0.052042626470506198 0.00069583236781890344 -0.17085549694986274 0.0094027703077908392 0.0072279833467384872 0.031114119706962408 -0.021372828537478676 0.00047868915146316853 -0.063669955125691624 -0.019060000529390487 -0.076471508819382222 0.020397540095194535 0.010069078292655721 0.0043591598925903641 -0.12881654512686377 0.022258568822659048 -0.086983981730912707 0.047988186809144157 -0.013987288699642273 0.020474183246600035 -0.06839617158348453 0.0063728836291942655 -0.0013961093473004486 0.056481897221646704 0.036498172365183115 -0.0082480205144072009 -0.027991226147725347 0.051090163600817584 -0.12050903419263848 0.048315433054920268
leaf_weight=2490.4268186315894 221.4878738746047 23.136475391685963 55.632149636745453 49.704166784882545 24.210065856575966 9431.7742355763912 611.92539916187525 2180.145514562726 1060.6631487384439 297.22932489961386 392.75678007304668 610.33742734789848 438.97327048331499 2080.1196139082313 83.450453244149685 14944.330806352198 139.17628535628319 1405.2738715708256 15.472256630659105 183.82648552954197 1340.74565821141 3977.0675154030323 116.28138948976994 1798.8465680480003 14567.820095159113 1920.4169871509075 330.43441654741764 31.802847191691399 16.509101703763008 109.6828506141901 262.77041986584663 18.285004772245884 150.3786838054657 65.237488083541393 10.641590818762777 3122.4007295146585 85.541456483304501 791.39985050261021 92.926839224994183 24.789563283324242 22.17356513440609 505.72505635768175 22.926706165075302 2485.96444439888 223.60535702854395 30.501327738165855 22.451087601482868 105.35982885211706 35.994136288762093 32.470030263066292 16.88374911993742 41.355242177844048 58.766918286681175 47.546408422291279 9442.2095938920975 77.71683169901371 124.44043197482824 13.874177336692808 50.39404171705246 33.042294532060623 24.378574907779694 102.1706922352314
leaf_count=16424 554 85 153 234 103 37700 2182 11086 2738 1387 1477 2559 1074 18510 215 43869 631 3739 54 383 3153 9866 252 7858 47297 4821 1698 117 68 331 818 81 438 184 56 8642 338 2705 315 67 114 2727 88 6863 601 83 107 327 139 64 63 95 213 123 49864 143 309 45 159 74 107 261
internal_value=0.00564043 0.00324431 0.0332611 0.00245102 0.0047022 -0.00164552 0.0210503 0.0424844 0.0119302 -0.00473705 0.0207842 0.0313436 0.00315799 -0.0138718 0.0154453 0.00289791 0.0205413 0.00975258 0.0172463 0.00495107 0.0121598 0.00908938 0.00261478 0.000375166 0.00139385 0.00469248 0.0022242 0.0137418 0.00368071 0.00812801 0.0140229 0.00113253 0.0331003 -0.0221933 -0.079375 0.00383958 0.0405411 0.0260236 0.0031825 -0.0468378 -0.00351044 -0.00972454 0.018643 0.0197446 0.00644284 0.000170968 -0.0156947 -0.00744737 -0.0231682 -0.00908423 -0.0795282 -0.0232711 -0.043537 -0.0205785 -0.00291714 0.0208745 0.0118351 0.00289191 -0.0228018 0.00332643 -0.0797922 0.022064
internal_weight=79094 72780.2 6313.77 69631 44936.8 24694.2 2716.88 3596.89 7910.47 14310 3149.22 1416.75 37026.3 2377.35 2104.95 36587.3 806.411 6849.8 2670.93 20171 5444.53 4026.07 10384.2 16416.4 14617.5 19987.1 10267.9 667.235 439.05 422.541 390.738 281.055 228.184 91.3513 26.1138 18066.7 478.298 967.777 176.377 48.9996 77.8057 836.159 2579.57 2509.1 1137.18 811.4 343.782 304.447 199.088 163.094 39.3348 130.623 89.2682 70.4731 11932.6 1418.46 467.617 343.177 121.689 83.4363 38.2528 325.776
internal_count=296831 271817 25014 262549 133987 128562 8618 16396 19809 86185 9268 5310 114178 19897 6436 113104 2751 17071 7453 57715 13332 10036 42377 55389 47531 57332 42125 2120 1415 1347 1230 899 705 294 110 52511 1815 3235 530 170 267 4425 7159 6948 3201 2339 1091 921 594 455 170 391 296 211 66288 3296 1248 939 385 233 152 862
is_linear=0
shrinkage=0.05


Tree=51
num_leaves=63
num_cat=0
split_feature=20 9 18 18 40 1 20 43 48 50 46 43 1 34 0 50 9 1 18 43 24 40 1 30 16 47 43 24 16 43 20 48 0 25 28 46 0 28 2 17 50 16 37 46 48 35 3 46 17 46 48 50 45 12 34 4 10 46 45 5 46 32
split_gain=1962.65 390.099 282.02 210.608 193.745 150.748 137.229 115.385 98.6844 89.0386 92.6362 80.0829 79.1361 74.6503 71.5198 69.507 69.3922 69.6387 68.4041 65.5989 60.413 56.5143 52.8795 50.2158 50.099 56.2934 49.2538 73.6406 55.5382 81.7579 52.3363 48.308 48.1985 47.7133 46.4404 45.1694 43.7059 64.5433 43.0743 41.1656 45.3402 64.2138 47.028 41.9702 39.6462 41.6839 39.5941 39.3216 38.7642 38.2811 49.9724 41.4861 37.391 56.9734 47.4954 45.439 40.8814 39.3204 87.7309 35.6899 62.5256 35.6003
threshold=18.500000000000004 30708.500000000004 427301467.89766169 44946296964.442772 12.500000000000002 4.2550000000000008 76.500000000000014 4.578585325180657 22751352802.899826 253.66859616057994 10.231385927505332 4.8143398268398281 6.0850000000000009 0.70001778393672864 33.050000000000004 779.82269281538936 15092809.000000002 6.8750000000000009 1015884274.1461791 5.0668333333333342 0.7867216588290562 173.50000000000003 5.9850000000000012 264.50000000000006 62.359440559440579 11.747875536649369 4.6600145348837225 0.40620192023179819 31.338149688149691 4.5080243902439037 38.500000000000007 5630089.5572161963 207.45000000000002 1.08573620475813 5933288479.5403013 465.43784836679657 6.0005000000000015 172653077.91652304 1.0000000180025095e-35 1.0000000180025095e-35 126.37861785162376 16.152272727272731 2.1652380213986135 16.279119170984462 62693207.533502705 1.3571702559476628 92.850000000000009 16.949903474903476 12.738066978383651 28.922222222222224 186085066906.55496 1017.2002665187262 0.69487117104520257 5.3750000000000009 0.33665016461206942 0.72345000000000015 11.500000000000002 9.9983333333333348 0.90898845049518062 0.79350000000000021 10.857389610389612 6.0950000000000006
decision_type=2 2 2 2 2 2 2 2 2 2 2 2 2 2 2 2 2 2 2 2 2 2 2 2 2 2 2 2 2 2 2 2 2 2 2 2 2 2 2 2 2 2 2 2 2 2 2 2 2 2 2 2 2 2 2 2 2 2 2 2 2 2
left_child=1 3 6 18 5 31 11 59 26 10 44 13 35 23 -14 32 17 38 22 21 -15 49 36 52 25 39 27 -4 30 -30 -29 -3 -5 -8 -25 -11 37 -1 -12 40 41 42 -20 -44 45 -7 -33 -42 -26 50 -9 -51 -2 54 57 -56 -57 -54 -59 60 -6 -52
right_child=2 4 8 15 7 9 33 19 -10 12 16 -13 14 20 -16 -17 -18 -19 24 -21 -22 -23 -24 34 48 -27 -28 28 29 -31 -32 46 -34 -35 -36 -37 -38 -39 -40 -41 47 -43 43 -45 -46 -47 -48 -49 -50 51 61 -53 53 -55 55 56 -58 58 -60 -61 -62 -63
leaf_value=0.0014819333129431037 0.021260805903499821 -0.023508482204224752 0.047945754471599662 0.040093652343547663 -0.035700465101419568 -0.0052829138726957726 0.045501116012056954 -0.00066526833514317797 0.048716088775213939 -0.010779670498634821 0.016554081032584281 0.035669278623394821 0.034502922687514849 -0.11408206010505706 -0.017253144681323853 -0.037036184619958105 -0.0071022860840293627 0.02965208918744356 -0.022358090147855603 0.019907148069817041 0.021855119717774242 0.022847500499308435 0.028028010087657207 0.040782598605693485 -0.034022670538137449 0.022724246874279402 0.040821478744237541 0.030515669119273427 0.026382939489820498 -0.088083031278601703 -0.026497213993181098 -0.030697964019345683 -0.031644870554551729 -0.044961253655012759 -0.034017117577703947 0.0084433671333549089 0.0069149185908478341 -0.05325637354712856 0.0020984945135065661 0.017400644014099628 0.036366668047473037 0.0074560129252157483 -0.160035072616447 -0.038624729174765352 -0.020679438023764912 0.089047669336355162 -0.006935362092795461 -0.0041258294990020742 0.015349952345007113 0.0062672235291545073 -0.092294549750764537 0.039591267843343519 0.050076023072265857 -0.035336171223372875 -0.061208447973497018 0.0008618445499176744 0.039816690165364113 0.041989920285148891 -0.024659641448414121 -0.00063022156895599488 0.0073619506170206454 -0.019534428611110585
leaf_weight=198.78468341380358 590.91577553004026 595.86855846270919 115.18315802514553 754.61010026931763 87.183253020048141 792.75037921220064 600.4235527664423 744.17713343352079 2255.5251671113074 3355.7290443815291 530.31608590483665 468.29924013465643 203.77688825130463 20.720489360392094 99.263392217457294 32.253995433449745 1929.8197199627757 239.28098277002573 138.95025898516178 974.85368344187737 13.49723035097122 506.04285475611687 290.64464991539717 241.36056726425886 88.735494300723076 1696.0316148474813 355.1023925691843 133.34766720235348 26.718643963336945 37.486016422510147 57.657679781317711 184.71315625309944 24.163347840309143 14.9388435408473 22.702692419290543 336.2077873647213 11148.625338185579 73.863115251064301 18238.133936703205 667.59417228400707 121.29979945719242 201.53740390390158 12.801466584205629 16.033559210598469 624.44571202993393 11.886842243373392 3440.0231634825468 118.54976387321949 72.024040907621384 11699.682047821581 24.807503387331963 94.147240579128265 106.42599803209305 78.357067726552486 27.142116352915764 700.20386057347059 74.518644571304321 111.43930153548717 88.651677779853344 9699.3692708015442 2544.3080017790198 52.15756081789732
leaf_count=790 1921 7528 444 2871 381 5532 2655 2167 11570 21891 1712 1710 691 91 439 118 13159 518 409 2320 34 1256 657 803 269 4456 1442 352 70 146 205 1293 86 67 90 1126 32670 263 72669 1816 271 525 63 52 3041 43 19115 327 177 30488 103 198 250 280 106 1934 231 291 322 32320 7857 150
internal_value=0.00538132 0.00308753 0.032525 0.0100782 0.00116767 -0.00154191 0.022117 0.00430332 0.0435566 -0.000137275 0.00109081 0.0169923 -0.00701297 0.0127791 0.0175498 0.0348889 0.00193149 0.00284867 0.00872274 0.00739343 -0.0604614 0.00646369 0.00696717 0.0140065 0.0152843 0.0167545 0.0275161 0.01476 -0.000217625 -0.0404482 0.0133055 -0.0103151 0.0378678 0.043305 0.0343517 -0.00902912 0.00643122 -0.0133472 0.00250695 0.00882444 -0.000574253 -0.011567 -0.0344168 -0.0925255 -0.0112259 -0.00388938 -0.00814628 0.0163526 -0.0119026 0.00580646 -0.00463202 0.00653324 0.0109843 0.00586733 0.00878021 0.00238098 0.00460881 0.0255209 0.0124604 0.000770898 0.00593526 -0.0429866
internal_weight=78806.1 72665.4 6140.62 15656.5 57008.9 30582.2 3159.6 26426.7 2981.02 26361.6 22366.6 2544.23 3994.98 2075.94 303.04 811.027 20937.6 19007.7 14845.5 14095.9 34.2177 13121 11711.9 2041.72 3133.56 2972.8 725.496 370.393 255.21 64.2047 191.005 4220.6 778.773 615.362 264.063 3691.94 11421.3 272.648 18768.5 1276.77 609.172 369.323 167.785 28.835 1429.08 804.637 3624.74 239.85 160.76 12615 821.142 11793.8 1777.65 1186.74 1108.38 801.865 774.723 306.517 200.091 12330.9 2631.49 76.9651
internal_count=296831 271817 25014 45820 225997 148757 10785 77240 14229 120821 96674 8063 24147 6353 1130 3075 88058 74899 42745 36682 125 34362 34380 6228 8365 7919 2659 1217 773 216 557 27936 2957 2722 893 23017 33723 1053 74381 3463 1647 1049 524 115 8616 5575 20408 598 446 33106 2420 30686 5335 3414 3134 2271 2165 863 613 40558 8238 253
is_linear=0
shrinkage=0.05


Tree=52
num_leaves=63
num_cat=0
split_feature=10 38 48 41 43 45 22 44 38 20 9 31 43 31 36 43 16 47 31 18 46 44 10 26 46 13 7 43 34 41 45 9 44 44 43 44 41 2 0 27 47 23 36 34 25 38 47 42 10 47 0 5 46 48 44 47 44 23 38 26 45 0
split_gain=1844.4 368.659 327.334 180.812 165.941 127.571 116.029 95.5179 78.2875 77.9112 62.0318 63.8107 72.5852 61.8586 75.9184 54.7458 61.3193 57.1999 55.0284 51.1954 51.4034 52.6834 49.883 67.4795 53.7982 137.546 49.83 49.6406 49.8823 77.5185 46.0807 44.7586 44.2668 43.1728 49.3481 42.8766 43.4258 41.4988 43.6889 39.6529 43.9098 39.0998 38.7505 38.4516 41.4405 38.7609 38.5494 42.3327 42.7882 45.5133 38.1949 38.3025 37.6638 50.5805 40.7066 48.3965 37.9982 37.6421 62.143 37.6294 36.5055 35.5646
threshold=6.5000000000000009 4991429223.2918406 63132282318.027382 0.049999999999999954 4.6400304878048795 0.62004475263889891 7.6950000000000012 0.57505374770313156 1417233998739.1887 99.500000000000014 2875.5000000000005 1.4833333333333336 4.4889649923896515 0.88333333333333341 31.951655719759174 4.2751562500000011 29.501063829787235 4.0259093893013418 1.5500000000000005 501260388.720514 14.091559748427676 0.45305625050158316 20.500000000000004 10.001271186440681 9.2020000000000017 4.7003246753246772 29.650000000000002 4.8800255754475712 0.51111372975323699 1.1055555555555558 0.6740386876067942 127206812.00000001 0.35653917233018839 0.40803049994931623 4.4545983086680758 0.50274969780685974 0.46111111111111114 1.5000000000000002 54.850000000000001 1.95 80.935629030907947 4.5667647058823535 12.460434782608697 0.35508535709352168 1.3028834457097587 569642330.0884949 13.100241085317796 5.3950000000000005 11.500000000000002 2.9442033308215207 431.15000000000003 0.74500000000000011 113.13750000000002 786982095.03893971 0.28713930346059691 52.300071701622549 0.16996731711975938 5.017712418300655 98794983665.985031 38.66811594202899 0.7130207911844425 15.907000000000002
decision_type=2 2 2 2 2 2 2 2 2 2 2 2 2 2 2 2 2 2 2 2 2 2 2 2 2 2 2 2 2 2 2 2 2 2 2 2 2 2 2 2 2 2 2 2 2 2 2 2 2 2 2 2 2 2 2 2 2 2 2 2 2 2
left_child=1 3 5 31 15 42 8 13 10 26 -3 39 59 19 30 -5 35 18 -18 20 21 -6 23 24 -4 -26 43 28 -14 -30 -15 37 -22 52 -35 -17 -37 38 61 -12 57 -36 -2 46 45 -45 47 48 49 -7 -39 -52 53 56 55 -54 -19 58 -41 -13 -34 -1
right_child=2 6 22 4 7 9 -8 -9 -10 -11 11 12 27 14 -16 16 17 33 -20 -21 32 -23 -24 -25 25 -27 -28 -29 29 -31 -32 -33 60 34 41 36 -38 50 -40 40 -42 -43 -44 44 -46 -47 -48 -49 -50 -51 51 -53 54 -55 -56 -57 -58 -59 -60 -61 -62 -63
leaf_value=-0.0015197933274158388 0.007465561747375624 0.020733391391495361 0.04583744846615434 -0.0075416165283391547 0.0023084106304572358 0.026218548085234411 0.037535592008070523 -0.001872611927626491 0.041406860449248073 0.050846470567299351 -0.00034562851761792487 -0.0035198941812276431 0.023584313723748637 0.0052178840980720391 0.031712512951869228 0.012339830793942599 -0.010957219009812127 0.021367896302320236 -0.10603052950406376 0.020610175619904268 0.010333964287619521 -0.033633533162477851 0.051941630385402782 0.041015541065917982 -0.21762358286551611 0.0022163102553864255 -0.041483885649549482 0.039863070212346446 0.017505769290487191 -0.023472628011614715 -0.063585649388944704 -0.015882811951212879 0.0073018547386866752 -0.012018264241426923 0.0040110107649285664 -0.0012907307866508204 -0.06350075396471469 -0.0034231432949508034 -0.012884832671284225 0.0096078888914581662 -0.01085647812248779 -0.0043591549718401618 0.042876244513675985 -0.015092238725074878 -0.065876790789589065 0.01363015279969384 0.039215102496932115 0.032000189047349248 -0.048556366028653979 -0.051480650913572672 0.014445447927754349 -0.031988249068236267 -0.011278658532363983 0.013703896995754411 -0.0050026072214996485 0.0094432893088793081 0.0022135095256791198 0.0190572237060922 -0.026730881203281848 -0.074422903999898274 0.0014476864298635737 0.0085719263217810468
leaf_weight=1618.8320384398103 86.690179437398911 1279.3859574124217 26.062038093805313 1951.2826419472694 296.15441223978996 94.154679119586945 454.94601073116064 3050.8013995215297 213.52592042833567 148.64695608615875 1808.1856680884957 213.83916261792183 867.39795798808336 154.83103679120541 528.99989277869463 1801.6433983817697 776.08955930918455 267.22644791007042 15.524280935525892 675.50700095295906 6433.0570839568973 155.48275056481361 1468.1592625491321 1006.7516880221665 9.0994307138025743 32.625558231025934 40.542878985404968 264.47472354024649 351.04032778739929 171.93239441514015 28.873537451028824 635.76386296376586 7248.6795467883348 1119.073279581964 2577.1122264638543 324.25236079096794 30.70891609787941 11116.173499517143 434.44457165896893 1209.1252159252763 243.28002166002989 3042.3365007713437 710.1417450979352 128.2622779160738 17.635576456785202 1394.7889869511127 270.73159252852201 155.80803246796131 41.166087165474892 23.563987009227276 55.951561164110899 215.3389396071434 361.16077356040478 1215.9441011250019 2835.967889867723 1281.7838187888265 8330.4057520925999 956.76129932701588 130.33140881359577 20.507313311100006 4209.4153634086251 1894.9752321615815
leaf_count=7631 331 3647 110 10663 944 226 1501 8958 687 731 5004 612 2545 425 1333 5082 3438 1224 67 1549 17820 574 8249 4873 64 151 139 819 937 585 100 5220 18925 4099 7517 928 112 71555 2055 3087 671 9601 2881 356 65 4348 752 460 172 95 432 1474 1583 3067 9190 4551 30048 2483 407 75 12079 7524
internal_value=0.00513357 0.00299887 0.0326415 0.00173379 0.00324749 0.0217679 0.0129967 0.00636092 0.0115525 0.0158291 0.0107044 0.00864708 0.0163193 0.00763398 0.0220959 0.00051212 0.00116748 0.000372638 -0.0128217 0.00709202 0.00659419 -0.0100651 0.0459503 0.0377642 -0.010523 -0.0457266 0.0134267 0.0200075 0.0162306 0.00403372 -0.00559623 -0.00288292 0.00701474 0.000869277 -0.00242999 0.0092105 -0.00667273 -0.00234399 0.00207321 0.00531326 0.00934252 -0.000520548 0.0390238 0.0144738 0.0103289 0.0112113 0.0253821 0.0134815 -0.00467865 0.0106653 -0.00387552 -0.0224117 0.00242479 0.0041588 -0.00137453 0.00488808 0.00280885 0.0114826 0.00607206 -0.00972451 0.00515118 0.00392261
internal_weight=78523.4 72868.5 5654.83 64683.8 48712.3 3112.13 8184.73 22781.8 7729.79 2315.3 7516.26 6236.88 1889.19 19731 712.704 25930.5 23979.2 21822.6 791.614 19018.3 18342.8 451.637 2542.7 1074.54 67.787 41.725 2166.65 1654.85 1390.37 522.973 183.705 15971.5 17891.2 21031 6738.52 2156.6 354.961 15335.7 3948.25 4347.68 2539.5 5619.45 796.832 2126.11 1540.69 1523.05 585.424 314.693 158.885 117.719 11387.5 271.291 14292.5 9813.58 4478.91 1642.94 8597.63 2296.22 1339.46 234.346 11458.1 3513.81
internal_count=296831 272828 24003 249768 153877 10556 23060 62707 21559 7344 20872 17225 5573 53749 1858 91170 80507 74385 3505 51891 50342 1518 13447 5198 325 215 6613 4886 4067 1522 525 95891 48824 70880 21217 6122 1040 90671 17210 11652 6648 17118 3212 6474 4769 4704 1705 953 493 321 73461 1906 49663 34339 15324 6134 31272 5977 3494 687 31004 15155
is_linear=0
shrinkage=0.05


Tree=53
num_leaves=63
num_cat=0
split_feature=20 9 20 23 18 40 1 7 18 33 26 30 50 35 1 1 46 50 1 0 7 50 10 26 14 3 2 30 28 50 0 44 40 46 50 10 46 34 44 30 46 50 40 3 3 50 0 46 44 0 34 6 8 34 23 48 33 30 34 50 37 33
split_gain=1728.26 330.85 278.703 287.982 189.837 167.174 134.622 84.2469 83.444 77.8099 68.5074 66.0504 64.8764 63.4231 62.6178 59.3817 63.8238 107.828 79.5974 60.6109 62.7432 58.1585 54.8638 54.8607 54.6116 50.233 50.1598 47.9914 51.1692 52.9357 45.9954 45.6719 45.042 48.6391 44.3213 43.2881 40.4803 39.4898 59.9096 54.5644 39.3203 39.1121 39.7152 38.0102 37.7289 37.321 68.9747 56.2797 48.5864 42.7973 36.6665 35.8493 35.3676 34.6835 41.3048 45.6673 51.3788 33.7039 40.749 33.5243 33.2462 38.946
threshold=18.500000000000004 30708.500000000004 73.500000000000014 4.7334474885844768 44946296964.442772 12.500000000000002 4.2550000000000008 3.5100000000000002 760864811.89726925 4.7002336448598143 10.072438780609696 36.500000000000007 779.82269281538936 1.0482970252837118 4.8050000000000006 7.5950000000000006 45.968333333333341 333.98830153008242 5.1050000000000013 54.850000000000001 24.950000000000003 41.14633787401565 4.5000000000000009 10.001271186440681 1.0000000180025095e-35 98.250000000000014 1.0000000180025095e-35 264.50000000000006 5933288479.5403013 75.841618826158538 207.45000000000002 1.0000000180025095e-35 84.500000000000014 34.484006534006546 462.29718982610228 48.500000000000007 151.47392344497612 0.33665016461206942 0.3707162736589204 103.50000000000001 465.43784836679657 123.65052644741895 47.500000000000007 107.95000000000002 92.850000000000009 99.290786457195765 480.75000000000006 492.75403225806457 0.7838419780160456 98.050000000000011 0.19202864369671518 8.2250000000000032 0.12250000000000001 0.66999585403736306 5.017712418300655 354852392809.20172 4.8846410256410264 4.5000000000000009 0.41665333311999331 273.80206532576489 29.088253506787499 4.6472850122850131
decision_type=2 2 2 2 2 2 2 2 2 2 2 2 2 2 2 2 2 2 2 2 2 2 2 2 2 2 2 2 2 2 2 2 2 2 2 2 2 2 2 2 2 2 2 2 2 2 2 2 2 2 2 2 2 2 2 2 2 2 2 2 2 2
left_child=1 4 3 27 14 6 31 -8 10 32 22 57 30 -4 43 16 18 26 25 20 21 -20 -5 34 36 -9 -18 35 -29 -30 -6 -3 33 51 -16 37 -25 -2 39 -39 -19 42 -35 -1 -33 46 48 -47 49 50 -28 -7 -40 -12 55 56 -55 -11 -59 -27 -46 -62
right_child=2 5 13 8 12 9 7 15 -10 11 53 -13 -14 -15 23 -17 17 40 19 -21 -22 -23 -24 24 -26 59 45 28 29 -31 -32 44 -34 41 -36 -37 -38 38 52 -41 -42 -43 -44 -45 60 47 -48 -49 -50 -51 -52 -53 -54 54 -56 -57 -58 58 -60 -61 61 -63
leaf_value=-0.0026894310747053395 0.024757415372690213 -0.021792183431921869 0.048661383180379353 0.0028791751609436927 0.038806057547225076 -0.053589017050584102 -0.015984825526092837 -0.018932331925777895 0.049522702948408423 0.00050938528386358043 0.034971915950225523 0.024762650425052633 -0.035496128371007948 -0.076276068263222516 -0.0047960540783330997 0.035428678042856182 0.024425844283439697 -0.020282165038990246 -0.0016431071289128127 -0.016046206206705809 -0.010036120875374484 0.010527385978187654 -0.1237675172700036 0.011016811591036506 0.020713942572482023 -0.0030831328923185859 0.013702552163464813 0.038903360692682978 0.038972915259526876 -0.097138163276779307 -0.031252448713359929 -0.029985780527681284 0.010935597568995861 0.0035210995621794022 0.038183437018269303 0.047248848305934843 -0.01687438503382024 -0.005896268386117811 0.0087153850915109455 -0.089236588338637207 0.004585869295621171 -0.00062581702827122583 0.015068992309239044 0.0068953484028280295 -0.00358380353061683 -0.0008697030186254845 -0.034316120696990596 0.019991519082068591 -0.033645953906905314 0.00017466211816980371 0.0044269892136628601 -0.0045790658669436117 -0.06739386016556842 -0.017359355970627505 0.044084207907415025 0.034366510909780712 -0.14860217927324176 0.01327084085694458 0.0050471979382797523 -0.013675661354017363 -0.024222002547940612 -0.0014040730723987758
leaf_weight=1169.4049660712481 328.44410490989685 669.75336520001292 1718.5865924134851 27.417740173637867 713.4744785502553 37.938198998570442 816.35161443427205 663.90349184721708 956.58204007148743 1707.585331261158 611.91462568566203 542.64921905845404 32.670899584889412 10.21826285868883 598.42417545616627 119.95740360021591 289.6054455563426 664.07602932304144 1547.2798622772098 418.23335938900709 704.66195822507143 2684.9661583453417 12.427481725811957 1786.541456758976 2047.1513834297657 5618.1863754838705 2533.2534812241793 261.25023823976517 13.790742829442026 14.819640770554541 24.223249666392803 177.85966625064611 1326.6490694656968 7461.5551052838564 66.665479652583599 76.242426082491875 140.30849362909794 57.030263006687164 1610.0205153673887 29.956047989428043 208.97567172721028 6004.4107002541423 827.07424053549767 8957.6940450593829 2553.9540896452963 5257.6954059749842 103.96931760758162 344.48818825185299 73.491226434707642 1568.7599924877286 1838.8054116666317 2261.6842624619603 15.410168901085852 21.746878981590271 33.959799624979496 19.327549315989017 11.348676495254038 2564.5259758010507 3650.7364614456892 861.50619164481759 480.41282976791263 306.19036938995123
leaf_count=3659 965 8040 9189 87 2871 202 4544 4694 5038 4650 2300 1438 118 48 1910 263 770 4014 6803 2121 3889 10713 70 4684 5288 32351 9214 935 52 62 86 1288 3333 22220 162 370 416 176 5171 134 772 19530 2020 26626 14912 20085 498 934 268 5476 5525 8310 65 84 131 72 65 6176 9361 7887 2606 1090
internal_value=0.00489626 0.00278807 0.0310847 0.0239876 0.0092547 0.00102208 -0.00149858 -0.000173577 0.0397767 0.00393648 0.0271465 0.00788692 0.033452 0.0479229 0.0079923 0.000332565 0.000166697 0.00263627 -0.00237883 0.00222967 0.00377792 0.00607794 -0.0366212 0.012803 0.0150274 -0.00583355 0.00386958 0.0128706 0.0319513 -0.0315301 0.0365056 -0.00982481 0.0020702 0.00136138 -0.000487991 0.0102582 0.00898584 0.00887634 0.00583033 -0.0345967 -0.0143297 0.00244723 0.0046734 0.00578857 -0.00754675 0.00336165 0.00606149 0.00041309 0.0067595 0.00725934 0.00980143 -0.00538761 0.00799382 0.0307851 0.00112709 -0.0267006 -0.0623634 0.00673107 0.00844042 -0.00449146 -0.00635204 -0.01534
internal_weight=78258.2 72427.7 5830.49 4101.69 15536.6 56891.1 30506.3 26318.2 1694.72 26384.8 738.143 8465.5 770.369 1728.8 14766.2 25501.8 25381.9 12883.1 12498.7 5355.14 4936.91 4232.25 39.8452 4639.09 3974 7143.6 12010.1 2406.96 289.861 28.6104 737.698 4188.17 17919.3 16592.7 665.09 2117.1 1926.85 2040.86 1712.42 86.9863 873.052 14293 8288.63 10127.1 3518.42 11720.5 6118.28 5602.18 6014.31 5940.82 4372.06 2299.62 1625.43 698.298 86.3829 52.4231 33.0956 7922.85 6215.26 6479.69 3340.56 786.603
internal_count=296831 271817 25014 15777 45820 225997 148757 120821 7847 77240 2809 21625 3075 9237 42745 116277 116014 47556 68458 23526 21405 17516 157 12460 10388 44932 42770 7930 1049 114 2957 27936 55615 52282 2072 6881 5100 6511 5546 310 4786 43770 24240 30285 19896 42000 20981 21019 20483 20215 14739 8512 5236 2652 352 221 149 20187 15537 40238 18608 3696
is_linear=0
shrinkage=0.05


Tree=54
num_leaves=63
num_cat=0
split_feature=11 38 48 41 43 22 1 50 45 38 20 24 1 0 1 50 1 30 41 46 44 47 42 2 7 50 50 36 16 47 43 47 2 18 41 4 47 36 30 36 35 0 16 43 16 5 32 47 17 43 48 48 25 14 28 0 3 23 41 43 42 46
split_gain=1624.79 388.263 241.674 156.281 134.275 130.048 104.482 108.211 96.2734 85.9094 68.6008 64.958 67.7942 60.6175 63.4952 59.9915 59.9744 58.7175 56.8278 55.1755 53.0702 52.8477 65.5407 49.4776 48.0906 47.8389 46.7354 46.0009 45.9863 46.3628 45.9812 51.0045 45.4094 44.656 44.0882 56.5068 53.4006 56.1097 81.0574 62.7523 44.0431 43.3489 100.428 43.2269 43.1287 40.6482 72.7122 50.8665 41.4677 57.749 51.223 90.1952 44.4391 46.7498 44.1172 40.215 39.7591 39.1128 63.5227 38.9571 41.5424 42.5893
threshold=8.5000000000000018 4991429223.2918406 49525764906.738258 0.083333333333333259 4.8600373134328372 7.6950000000000012 4.9050000000000011 373.14419493819605 0.5935762419410604 1889405570453.2622 89.500000000000014 0.078961229589643911 4.3350000000000009 95.550000000000011 6.2950000000000008 779.82269281538936 6.5850000000000009 24.500000000000004 0.95000000000000007 47.443428571428576 0.75001851806129383 54.140385527974622 6.3150000000000004 8.5000000000000018 6.5500000000000007 100.31313370088866 225.90149813208021 14.28331195350542 10.95166666666667 0.37282548461146886 4.2601136363636369 89.521853609812169 12.500000000000002 498370625.75599509 0.33888888888888891 1.1165000000000003 2.0026489291549501 31.746187258687268 48.500000000000007 66.103333333333339 2.7143405118953292 32.823 22.510000000000002 4.5999494949494961 25.00714285714286 0.55100000000000016 6.8850000000000007 1.5000964125358642 2.5499999999999985 4.6999340369393154 8998042212.6060047 18405899430.285461 0.59221974804988931 0.46427960923947093 26335986319.976635 33.050000000000004 130.85000000000005 4.5750912408759135 5.2388888888888898 4.5947391107078053 6.495000000000001 32.66206514864011
decision_type=2 2 2 2 2 2 2 2 2 2 2 2 2 2 2 2 2 2 2 2 2 2 2 2 2 2 2 2 2 2 2 2 2 2 2 2 2 2 2 2 2 2 2 2 2 2 2 2 2 2 2 2 2 2 2 2 2 2 2 2 2 2
left_child=1 3 8 6 16 9 7 41 -2 11 45 -3 20 14 19 -4 18 27 21 -8 32 22 34 -15 -16 -21 30 -6 29 -9 -23 40 -13 -29 35 -5 -36 38 -38 -39 -32 42 -1 -34 -37 46 -10 -47 57 50 59 52 -52 -54 -53 -55 -43 -49 -59 -50 61 -61
right_child=2 5 15 4 17 -7 13 28 10 -11 -12 12 -14 23 24 -17 -18 -19 -20 25 -22 26 -24 -25 -26 -27 -28 33 -30 -31 31 -33 43 -35 36 44 37 39 -40 -41 -42 56 -44 -45 -46 47 -48 48 49 -51 51 54 53 55 -56 -57 -58 58 -60 60 -62 -63
leaf_value=0.0058004083206878027 0.043419373084116412 0.00095927769797504248 0.047717495042839252 -0.05608906184944025 -0.022584706998159943 0.037226248336756786 -0.00063557737847924536 0.036814561990888575 0.0012568173627396193 0.045880578297998159 0.048759797328681485 0.0095021650829045234 0.015762441297833642 -0.0047901593403855058 0.021837677059370703 -0.018554882925490235 0.03184349193253487 0.038938912253250635 0.010573180222942485 0.015315217626957575 -0.019664637608936511 -0.019498792305512318 -0.0096678159081776977 -0.037164671977758905 0.0011962473343985229 -9.7456166006685825e-05 -0.002276097059618652 0.0086330783151545454 -0.019725556450176974 -0.022207608040589313 0.0081015528994361433 0.001509437693091591 -0.048750806381129726 0.024871628295188009 0.030526949506663695 0.0085828254052311946 -0.0040633217564454696 0.012696802124543539 -0.087619415832271744 -0.0039911774225787622 0.042418882668736634 -0.00014796960163182692 -0.012518372553611282 0.035868951681505841 -0.0011526645518387588 -0.0049568885653569995 -0.11376491484461547 0.046227844995519983 0.027701906447062632 0.035274644723207911 0.018474249614576489 0.042642367841110543 -0.0046913235634770236 -0.12513757282954574 -0.023423924562675554 -0.02928212157088695 -0.015789267920682862 0.024314026543478612 -0.082663181504914252 0.0051856809983142817 0.03479547371140787 -0.097974868652802138
leaf_weight=1038.8434063717723 450.7686577886343 1438.0356376394629 2082.5734682567418 45.513905987143517 111.51742047071457 516.08596311882138 5503.2320224866271 75.607917249202728 119.27593893557787 176.14202350378036 158.67009364068508 1436.3593536242843 4788.0332358852029 984.66403249651194 771.68999001383781 34.717212148010731 170.09373323619366 170.95792739838362 1863.7084649354219 1215.6598844528198 205.22548669576645 181.94428624212742 1627.3468792289495 134.0873409807682 444.83544030040503 859.36033372581005 2405.8274769037962 5832.5351474508643 1386.5942589454353 59.420652538537979 6447.0267391651869 4143.5279968753457 63.170972675085068 456.51221245527267 203.77861563116312 1248.6416536271572 814.32659906893969 1892.4543846622109 30.098062075674534 802.08636951446533 94.871363878250122 8159.4587424993515 2673.9754477962852 19.829592242836952 12792.633254356682 226.89152351021767 15.528887026011942 238.87427647411823 201.4521439820528 193.4578282982111 16.954971432685852 59.563203915953636 19.080433070659637 36.259546190500259 43.888014025986195 15.670909956097601 427.57575037330389 286.05248346924782 14.584200546145437 19.319771245121956 24.138199776411057 20.750984653830528
leaf_count=4023 2062 3967 12223 261 354 1884 25691 315 375 610 835 4089 13848 4060 2082 157 358 470 4809 3728 655 936 4994 689 1815 3105 8063 14515 14479 268 17686 12063 225 1059 496 3674 2694 5124 125 2395 242 42348 21085 47 44488 691 71 688 560 764 54 185 63 162 158 50 2657 991 57 55 69 85
internal_value=0.00466968 0.00293102 0.0346249 0.00160852 0.00346531 0.0128879 -0.00162517 -0.00443469 0.0228628 0.0113423 0.0174452 0.0105771 0.0127008 0.00229188 0.00368635 0.0466308 0.0022263 0.0100198 0.00208068 0.00198418 0.0042007 0.0015971 -6.23389e-05 -0.00867039 0.0142899 0.00893213 0.00402963 0.00924736 -0.0170131 0.0108413 0.0054256 0.00584999 0.00742428 0.00981181 0.000814377 -0.000467216 0.00563799 0.00420485 -0.00704153 0.00772928 0.00859923 -0.00287862 -0.00739279 -0.0285344 -0.000286921 0.0142432 -0.0119931 0.0167393 0.0208758 0.0123761 0.00268426 -0.0170346 -0.054255 -0.0716203 0.0146145 -0.0962115 -0.0009268 0.0311248 0.0191245 0.0168923 -0.0170224 -0.0482369
internal_weight=77991.8 73713.3 4278.47 65070.4 41335.4 8642.88 23735 13821.5 2161.18 8126.8 1710.41 7950.65 6512.62 9913.53 8794.78 2117.29 34763.9 6571.52 34593.8 7578.25 1724.59 32730.1 19456.9 1118.75 1216.53 2075.02 13273.2 6400.56 1521.62 135.029 10867.4 10685.4 1519.36 6289.05 17829.5 14086.8 3742.74 3538.97 844.425 2694.54 6541.9 12299.9 3712.82 83.0006 14041.3 1551.74 134.805 1416.94 1190.05 650.536 457.078 191.417 87.9659 71.0109 103.451 51.9305 8587.03 539.511 300.637 265.661 64.209 40.0708
internal_count=296831 276476 20355 251151 124806 25325 126345 85175 7975 23441 5913 22831 18864 41170 36421 12380 108408 16398 108050 32524 5016 103241 64251 4749 3897 6833 38990 15928 15062 583 30927 29991 4361 15574 59257 48423 10834 10338 2819 7519 17928 70113 25108 272 48162 5078 446 4632 3941 2205 1441 672 329 275 343 212 45005 1736 1048 769 209 140
is_linear=0
shrinkage=0.05


Tree=55
num_leaves=63
num_cat=0
split_feature=20 18 40 43 45 9 1 50 10 30 28 25 38 48 43 18 30 46 27 43 0 1 26 0 1 26 40 1 10 24 45 18 25 27 0 24 47 40 0 2 44 6 47 50 10 40 43 26 26 47 48 43 48 30 43 30 44 47 23 38 9 46
split_gain=1540.27 453.324 191.911 165.741 142.014 134.192 106.696 109.482 94.4331 91.444 88.0218 80.8732 78.6106 71.3852 58.1162 58.063 56.8159 67.3028 71.6144 55.6068 54.288 53.598 52.7442 57.9303 52.9375 52.2652 50.8574 50.3267 50.0668 48.8871 48.0982 48.3546 46.8555 50.7793 46.5296 46.2713 45.2015 55.8049 45.1189 44.686 44.3838 44.0594 42.52 41.7165 41.4826 51.7663 47.5704 49.585 43.4076 41.366 40.7007 39.3418 37.8397 37.1208 36.8407 40.6266 37.5751 36.3347 36.1016 36.0661 35.9204 35.7879
threshold=32.500000000000007 2165676702.9050369 8.5000000000000018 4.8600373134328372 0.81430215356859681 5362.5000000000009 4.9050000000000011 283.30967910500294 6.5000000000000009 51.500000000000007 47734088396.843285 0.8042490405615782 12538191713.671099 717084238072.96558 4.2751562500000011 471620630.2302705 105.50000000000001 38.324264705882364 3.6542677770961629 4.8111487758945399 95.550000000000011 6.9450000000000012 9.5601809954751165 15.907000000000002 4.995000000000001 10.861747491638797 1.5000000000000002 5.1250000000000009 19.500000000000004 0.32659863237109049 1.871654590147952 3985798.167736372 0.92830374233554236 1.2106313607869836 56.95000000000001 0.47523888659628072 54.140385527974622 30.500000000000004 30.050000000000004 9.5000000000000018 0.36545661443398875 3.6650000000000005 0.37282548461146886 779.82269281538936 4.5000000000000009 52.500000000000007 4.66670396896449 32.924621212121217 31.625480769230773 1.0000000180025095e-35 2121679305.3359697 5.5629166666666672 117127079.70090716 47.500000000000007 4.999744897959185 10.500000000000002 0.53439943967851533 0.37282548461146886 4.5998855835240287 1134817814.1154001 57451204.000000007 135.89531250000002
decision_type=2 2 2 2 2 2 2 2 2 2 2 2 2 2 2 2 2 2 2 2 2 2 2 2 2 2 2 2 2 2 2 2 2 2 2 2 2 2 2 2 2 2 2 2 2 2 2 2 2 2 2 2 2 2 2 2 2 2 2 2 2 2
left_child=1 2 6 13 8 10 7 39 19 15 34 12 -6 14 -4 40 17 18 32 -2 21 26 53 24 30 57 -8 -22 -20 -18 31 -24 -13 49 41 -14 37 50 -27 51 -5 -3 -43 61 -39 48 47 -47 -46 -34 -25 -1 -33 -16 56 -56 -42 58 -9 -59 -23 -12
right_child=4 5 3 9 11 -7 20 25 -10 -11 43 16 35 -15 22 -17 29 -19 28 -21 27 60 23 36 -26 38 -28 -29 -30 -31 -32 52 33 -35 -36 -37 -38 44 -40 -41 54 42 -44 -45 45 46 -48 -49 -50 -51 -52 -53 -54 -55 55 -57 -58 59 -60 -61 -62 -63
leaf_value=-0.0013963088098579947 0.017303834130917989 -0.02985746436814582 -0.0070329308368675438 0.015723469235342982 0.041756955764877632 0.0066484597067228007 -0.0013871540006489015 0.062390858765702363 0.047090932553430241 0.03868283464532294 0.045324359980162043 0.046468198018733968 -0.1437636885608598 0.01933973924805182 -0.025633869502156511 0.026051907092143223 -0.0064531820584343303 0.050104278249720739 -0.05648596250118363 0.047017028352781542 0.0061694446061956263 0.030714846727054747 0.00010818965535213648 -0.00029862386237483168 0.020630325804782992 -0.028847917077098103 0.0061299195762431532 -0.014468784716428696 0.015088871751104899 0.049537832667469472 0.079038923051544821 0.043897089471502587 -0.034915889309515398 -0.049479384886886579 -0.016566295364528021 -0.037537577400160158 0.0044949031365319834 0.0056061710756104693 -0.012133983261930284 -0.018466955063162739 0.0069335587439774415 -0.002133840498527472 0.026030880148344815 -0.015863200294699099 -0.052638715472966828 -0.016480152701398191 -4.5892660233958441e-05 -0.092847882014063243 0.018250766686389749 0.040034707247302119 -0.0090303094003606303 -0.02612169094553048 0.009899919080603177 0.012363240199383773 0.0067912911430956851 0.021880163306326684 -0.0051218177472015791 -0.028035162633055014 0.0058730557015192328 0.03531965823599445 -0.0028576769405168037 -0.01449122970403611
leaf_weight=12591.153359390795 517.9239632114768 39.723646461963654 1576.0268686339259 1605.6654566079378 24.251221910119057 1280.4576969593763 3906.9817296490073 46.433818124234676 2080.5673760473728 284.07393877208233 701.71970259398222 83.359455764293671 14.344334773719309 629.50790487974882 266.8606231585145 507.23695277422667 46.89377823472023 85.979164093732834 72.927473694086075 226.24163053929806 456.40812797099352 292.95811055600643 1966.3896538689733 10003.232416726649 729.82172464579344 538.3890433833003 5305.6613992378116 837.27419459819794 36.742130726575851 231.15436793863773 22.337326921522617 86.225063160061836 25.655270621180534 38.781292907893658 81.385537356138229 35.929478220641613 12357.336826726794 5365.8205623179674 1614.922051563859 410.77473861724138 1661.6693921536207 147.54121001064777 1460.6601938679814 31.184934116899967 25.904048293828964 38.425002224743366 57.725518576800823 47.569126166403294 129.80002564936876 65.178606562316418 1540.047702036798 162.9643424898386 1611.9289133027196 84.671399757266045 1643.5643159151077 612.29826667159796 1057.8565307036042 85.388366095721722 72.171342797577381 30.482932835817337 109.43549059331417 25.930212289094925
leaf_count=67794 1862 123 7930 3807 79 4022 20616 299 12188 899 3370 327 66 1771 985 1346 180 247 263 933 1688 628 6480 32614 1795 6505 17108 3581 139 1025 63 215 105 155 248 134 35168 14302 12840 2891 4173 414 4353 117 97 114 227 187 382 169 4700 767 4203 234 4087 1579 2905 498 313 78 346 97
internal_value=0.00445364 0.00290572 0.00200097 0.00402787 0.0364582 0.0198006 -0.0013626 -0.00402162 0.0416235 0.0108665 0.0265691 0.0172903 -0.0321804 0.00264807 0.00235546 0.00975177 0.0226594 0.0107954 0.000320284 0.0263373 0.00242838 0.0037222 0.00278642 0.00298574 0.00832696 -0.0138719 0.00294201 -0.00718767 -0.0325066 0.0400948 0.0058915 0.00544563 0.0172242 -0.00158349 0.0203394 -0.0678465 0.00218784 0.000531144 -0.0163129 -0.00223502 0.00849543 0.022162 0.023447 0.0407658 0.00459548 -0.0135166 -0.0351559 -0.0587243 0.00645708 0.0188655 -0.00146356 -0.00171223 0.0116262 -0.0164817 0.00616278 0.0108868 0.00224419 0.00854534 0.0279997 -0.011368 0.0215844 0.0431928
internal_weight=77727.9 74142 70373.4 43912 3585.93 3768.6 26461.4 15552.7 2824.73 7372.36 2488.15 761.197 74.525 36539.6 35910.1 7088.29 686.672 408.623 322.644 744.166 10908.7 9615.04 34334.1 33982.6 4416.7 2387.79 9212.64 1293.68 109.67 278.048 3686.88 3664.54 212.975 129.615 1729.31 50.2738 29565.9 17208.5 2153.31 13164.9 6581.05 1647.93 1608.2 758.835 5665.24 299.424 143.72 85.9941 155.704 90.8339 11543.3 12754.1 1698.15 351.532 4975.39 2255.86 2719.53 234.476 118.605 115.871 402.394 727.65
internal_count=296831 278959 266215 130263 17872 12744 135952 91985 14983 18796 8722 2889 279 111467 109696 17897 2610 1405 1158 2795 43967 38698 101766 100547 12756 20533 37724 5269 402 1205 10961 10898 756 429 5138 200 87791 52623 19345 71452 16551 4890 4767 3584 15309 1007 528 301 479 274 37314 68561 4418 1219 12744 5666 7078 1188 612 576 974 3467
is_linear=0
shrinkage=0.05


Tree=56
num_leaves=63
num_cat=0
split_feature=21 18 9 15 47 9 1 48 0 28 1 7 46 26 40 33 50 3 50 43 47 43 50 23 44 21 43 26 50 36 0 44 0 6 46 47 27 45 26 28 47 28 7 45 0 30 23 47 50 3 16 16 47 46 50 47 36 36 50 0 43 28
split_gain=1448.66 425.353 182.238 140.556 131.77 128.019 101.974 96.5949 93.5548 87.8771 79.7744 75.8999 69.9139 69.0478 97.9598 65.1207 63.5694 61.0385 57.0198 56.174 99.1024 53.3703 49.6377 48.5668 48.0723 51.2807 58.4647 53.952 53.8367 51.1477 47.7117 45.2933 42.876 42.3823 42.0394 50.6254 41.5651 71.9111 87.3172 71.8496 56.1174 42.4401 40.8852 40.2086 40.1633 39.7864 50.7663 39.6756 39.6738 39.5224 38.5741 41.6001 40.9313 37.5699 51.013 39.4319 37.2075 36.63 65.4444 124.521 44.341 39.5101
threshold=4.7857142857142865 2165676702.9050369 189548.00000000003 0.90478017063177496 24.768920932137277 5362.5000000000009 5.285000000000001 484076989611.0094 56.95000000000001 47734088396.843285 5.6750000000000007 24.950000000000003 6.003000000000001 33.574537037037054 122.50000000000001 4.8200574712643691 656.45388571880233 29.250000000000004 462.29718982610228 4.2994949494949513 1.0000000180025095e-35 4.7213059619201649 25.404370658186085 4.4501968503937031 0.51427947141465546 0.6428571428571429 4.8600373134328372 11.356806295886555 106.84041571727967 6.003000000000001 125.85000000000001 0.82800832358843324 56.95000000000001 3.6650000000000005 12.474316720257237 4.3841390461193024 1.3000000000000027 0.7130207911844425 31.625480769230773 47734088396.843285 1.0000000180025095e-35 16006611704.25831 14.635000000000002 0.51999426589581821 34.107000000000006 104.50000000000001 4.5998855835240287 0.37282548461146886 779.82269281538936 98.250000000000014 65.583333333333357 15.001500000000002 0.37282548461146886 465.43784836679657 185.34377659491963 130.21022418268061 14.768333333333336 26.286752136752142 156.56984351685708 29.950000000000003 4.6500950570342221 10437769660.506357
decision_type=2 2 2 2 2 2 2 2 2 2 2 2 2 2 2 2 2 2 2 2 2 2 2 2 2 2 2 2 2 2 2 2 2 2 2 2 2 2 2 2 2 2 2 2 2 2 2 2 2 2 2 2 2 2 2 2 2 2 2 2 2 2
left_child=1 2 7 -2 6 9 12 10 11 32 19 17 -4 14 15 36 21 -8 49 20 -1 56 -19 34 25 28 -27 -28 -21 -26 42 53 33 -3 35 -9 40 -38 39 41 -5 -39 -12 -20 -24 -31 -47 -35 -11 -14 51 -7 -53 54 55 -23 -6 -49 60 -60 -59 -61
right_child=3 5 4 13 16 50 8 23 -10 48 30 -13 18 -15 -16 -17 -18 22 43 24 -22 31 44 -25 29 26 27 -29 -30 45 -32 -33 -34 47 -36 -37 37 38 -40 -41 -42 -43 -44 -45 -46 46 -48 57 -50 -51 -52 52 -54 -55 -56 -57 -58 58 59 61 -62 -63
leaf_value=0.037850400673487009 0.045957552497105564 -0.029074650899081129 -0.037099125822060645 -0.037550231463355503 -0.028215507685897791 -0.0061232294000613434 0.048165911247827098 0.012357295594157791 -0.016181227466290686 0.042675594552427094 0.021465403183582164 -0.011389401754760642 -0.013675525624021863 0.048022499940960139 0.034004181849986367 0.04256236172335303 -0.031358931115466691 -0.0034587624422332992 0.045016767696433389 0.006227733291917603 -0.010323976427889955 0.0074994504622595314 0.012898002568600365 0.025353832111572817 -0.044326624945670301 0.0073731189602594038 -0.023987796414207428 0.026038246953716621 -0.00014254691488583721 0.0010910807049041656 -0.014059277406696323 -0.025492572773409185 -0.015619816316497693 -0.0019561235705990929 0.012863092206000092 -0.085557289245531881 0.017346152783273294 -0.019916351937925878 -0.12431447157729925 0.037058164829942057 0.032479994500738928 -0.083220144477797409 -0.014674303638287671 -0.018069200061098769 -0.0002274276217601722 -0.12580516242967688 -0.010802244324328575 0.035497957625148222 -0.014469820704868644 -0.0034347349335694037 -0.024126038556991667 -0.015778644399310354 0.018654153379387882 0.015732836076897787 -0.0056655753469727101 -0.0073209362363311214 0.0007992377194508825 0.0024130269445822544 -0.14673321145558479 0.031494759864223613 0.030756113184615783 -0.030866211250829702
leaf_weight=116.8553375788033 1772.1617850810289 40.50542725622654 174.79578693211079 35.38910261541605 111.44003722444177 333.12739980593324 89.427181974053383 24.267898470163345 595.7126025930047 712.07472846284509 1164.5086740776896 625.19672381132841 1029.5517149157822 282.09562281146646 682.45414265990257 106.63471341878176 138.89791891723871 969.05132712423801 25.902340397238731 8398.0372075587511 1235.2214168943465 6298.3556437194347 2270.6450490355492 814.84133801609278 63.775396808981895 5694.9415147379041 58.409166760742664 697.48895600438118 5481.4808193594217 5499.8681889511645 119.30350491404533 115.66619669646025 81.985303848981857 147.85111062973738 114.71076242625713 28.948633253574371 142.39573857933283 112.02746415883303 21.406571380794048 45.471240244805813 149.26130575314164 34.670120105147362 83.897751644253731 1014.8919350430369 784.0914848074317 13.834216080605982 31.3246845677495 543.23190730065107 31.725728265941143 11096.854188207537 95.804663866758347 97.455246016383171 754.55344805493951 890.39589146524668 997.74489786475897 483.25268144905567 12994.0604718104 178.61772203445435 15.686789929866789 58.558757223188877 606.68506679683924 44.854732058942318
leaf_count=704 10781 125 1644 146 590 1054 250 59 2836 3534 2804 3560 6391 1105 3171 473 1012 4348 60 25419 6011 17294 8867 2398 241 14850 181 1883 17798 15364 344 435 248 415 289 112 569 391 94 196 466 132 247 10932 3031 62 104 1540 118 61386 298 300 2395 2181 3529 1531 47678 527 76 148 1931 173
internal_value=0.00424728 0.00278609 0.00191225 0.0362393 -0.000259388 0.0192107 -0.00334905 0.00489449 0.00249415 0.0258811 0.00436593 0.00484202 -0.00568516 0.0255543 0.0207877 0.00685244 0.00235992 0.00730914 -0.00526814 0.00377538 -0.00616043 0.00257387 0.00640112 0.0203079 0.00429328 0.00542387 0.0091073 0.0221727 0.0037119 0.000195239 0.0161498 0.00558919 0.0196652 0.0214335 -0.00417649 -0.0409061 -0.000191152 -0.0101763 -0.0285262 -0.0178559 0.0190584 -0.0348774 0.0190367 -0.0164992 0.00952896 0.000707302 -0.0460328 0.0227158 0.0402381 -0.00430419 0.00639112 0.00885808 0.0147156 0.00600386 0.00489032 0.00644336 0.000552517 0.0252356 0.0190715 -0.0154657 0.0243095 0.00444621
internal_weight=77474.3 74090.4 70347.6 3383.97 40705.9 3742.72 18676.1 29641.7 5334.12 2461.78 28658.9 4738.41 13342 1611.81 1329.71 647.256 22029.8 4113.22 13167.2 27291.2 1352.08 21890.9 4023.79 982.769 25939.2 20330.4 6450.84 755.898 13879.5 5608.8 1367.71 8785.42 1717.98 1635.99 167.927 53.2165 540.622 355.971 213.575 192.169 184.65 146.698 1248.41 1040.79 3054.74 5545.03 45.1589 1595.49 743.8 12126.4 1280.94 1185.14 852.009 8669.75 7779.35 6781.61 13105.5 1447.63 904.403 119.1 785.303 103.413
internal_count=296831 279307 266425 17524 177555 12882 103305 88870 22892 8835 86012 20056 80413 6743 5638 2467 74250 16496 78769 82617 6715 73238 16246 2858 75902 60131 16914 2064 43217 15771 3395 24970 5183 4935 460 171 1994 1382 813 719 612 523 3051 10992 11898 15530 166 4810 3652 67777 4047 3749 2695 24535 22354 18825 48268 4395 2855 397 2458 321
is_linear=0
shrinkage=0.05


Tree=57
num_leaves=63
num_cat=0
split_feature=20 18 9 15 46 9 1 49 28 1 20 26 50 46 0 7 1 1 43 40 50 3 45 45 23 40 18 14 43 50 0 22 0 44 28 40 22 44 0 50 0 50 50 26 47 1 43 3 44 0 49 44 25 26 6 0 50 5 50 33 20 10
split_gain=1360.84 391.52 164.753 139.495 120.61 120.518 101.313 89.108 84.4553 73.3766 71.5334 88.1153 70.9607 56.6218 54.7474 57.178 53.8432 53.5913 52.9885 61.2486 52.5474 50.2509 48.9838 46.9888 44.939 44.3557 45.745 42.5397 42.0518 41.6121 58.9349 48.4396 50.9552 42.545 41.3366 41.2658 41.1461 61.4943 45.1283 40.1887 39.8307 39.7327 37.7829 37.1934 41.0609 37.1766 37.1265 36.8792 36.1795 35.698 35.6946 36.9624 41.9492 34.5433 33.9932 34.8335 33.9662 33.5562 33.4083 32.7777 87.3581 38.888
threshold=33.500000000000007 2165676702.9050369 189548.00000000003 0.88669242462400877 45.620918367346945 3798.0000000000005 5.1450000000000005 6.0941682348611928e+20 47734088396.843285 6.0750000000000011 100.50000000000001 33.574537037037054 342.2143492731139 6.003000000000001 99.550000000000011 15.410000000000002 6.9050000000000011 4.4050000000000011 4.7466919191919201 553.50000000000011 263.96902072500785 107.95000000000002 0.55167870190415191 1.3985754501969134 4.4501968503937031 480.50000000000006 24886821.341418948 0.36742346141747667 4.2502631578947385 72.551374740322203 130.35000000000005 5.205000000000001 534.55000000000007 0.7838419780160456 187080373.87400869 87.500000000000014 6.6550000000000011 0.51427947141465546 114.05000000000001 117.27520445318387 124.55000000000001 307.65864512679826 25.404370658186085 68.169047619047632 2.2508330249197726 5.6950000000000012 5.5629166666666672 270.95000000000005 0.31921429234176674 34.107000000000006 9.0104086458421952e+17 0.3993420505086151 0.7986321915247504 10.001271186440681 3.6650000000000005 56.95000000000001 373.14419493819605 0.95500000000000007 486.54259682889079 4.729178709055879 73.500000000000014 48.500000000000007
decision_type=2 2 2 2 2 2 2 2 2 2 2 2 2 2 2 2 2 2 2 2 2 2 2 2 2 2 2 2 2 2 2 2 2 2 2 2 2 2 2 2 2 2 2 2 2 2 2 2 2 2 2 2 2 2 2 2 2 2 2 2 2 2
left_child=1 2 7 59 6 8 13 9 54 17 11 18 16 -4 15 42 28 23 19 21 46 -5 -22 -1 34 26 39 -28 -6 30 33 32 47 45 -9 -29 37 38 50 -23 -11 -40 -8 44 58 -30 -15 -31 -14 -44 -19 52 -52 -20 -3 -56 -41 -34 -7 60 61 -2
right_child=3 5 4 10 12 43 14 24 -10 40 -12 -13 48 20 -16 -17 -18 36 53 -21 22 25 -24 -25 -26 -27 27 35 29 31 -32 -33 57 -35 -36 -37 -38 -39 41 56 -42 -43 49 -45 -46 -47 -48 -49 -50 -51 51 -53 -54 -55 55 -57 -58 -59 -60 -61 -62 -63
leaf_value=0.0022771043921375263 0.0052181109504421119 -0.026544995927300138 -0.035243958412523389 0.023096139823327727 -0.011694640301695328 -0.014568146936877092 -0.002729062784058039 0.0047807955418124985 0.040975636772167506 0.026322387457552499 0.045414754337704415 0.046751453675170085 -0.0015267592928050223 -0.0041341722533987969 -0.023200671146332341 -0.0082820414313375425 0.042282225831754443 0.0054219179213665135 -0.043056498921373032 0.044768458793743048 0.031292507029221074 -0.0084257053535737973 -0.016523829722163094 -0.0078814425698521019 0.02448816514814282 -0.082025218397760669 0.020154213859075149 -0.049242125279794699 0.0072784284195399306 0.001150397303528066 -0.0019312277752256961 -0.010097427102307014 0.018864179162391366 -0.038255882515581541 -0.074383934802338805 0.023536648387073297 0.018101576357226774 -0.0014654401164742184 0.0027615281183087938 -0.092329433961583454 -0.020316817894116646 -0.016415860778855981 0.0111040040439754 -0.018228388751229944 0.014644649314087028 0.022748550093818671 -0.035833723415862585 -0.062798052717333214 -0.01730014521563307 -0.0007422486623678081 0.037958478941721163 0.0079051150916228802 0.014139922474788295 0.039012913834201746 0.022491774206272571 -0.013813796534560843 -0.009036877050225987 -0.0012206080158134113 0.026028406797503997 0.051990591726794204 0.051209169886961808 0.050600277652613337
leaf_weight=9885.2649851478636 210.81722834706306 38.957169502973557 165.18509752303362 203.13867587596178 503.20870626717806 242.30878530070186 1074.9222426563501 149.39064899086952 662.29329694435 507.2008960172534 343.17061519995332 243.71854691952467 811.38072718307376 9650.0312131643295 206.31923726201057 920.58568243682384 85.790428563952446 6374.4562807679176 13.612362883985041 95.584956631064415 55.716883018612862 130.55318435281515 1383.536361515522 1286.4831295460463 801.80183483660221 18.658361501991749 217.48499874025583 51.864150427281857 6125.6318946555257 11254.20666090399 1978.1358816772699 890.86002106964588 694.18109161406755 49.531019568443298 18.535597659647465 31.189976274967194 630.60567735880613 2936.7889035195112 1988.0384461507201 31.997885845601559 50.319483995437622 312.55323634669185 2469.8754469379783 126.46259179711342 1087.7447906583548 414.63551153242588 93.259894259274006 22.590835891664028 658.64886339008808 856.47616410255432 212.41716938465834 3028.0574353933334 1424.6785477623343 220.70406525582075 1398.5263635776937 69.343723565340042 19.822172068059444 296.9045113325119 64.079423978924751 930.16562940552831 455.2157858684659 60.824040785431862
leaf_count=30481 979 119 1613 701 3528 769 4864 388 3374 1161 1966 943 5203 52972 1164 4968 173 19863 65 398 144 409 13835 5996 2398 79 877 211 19473 39894 6559 2613 1870 191 72 138 1767 8058 5535 129 146 1075 9722 393 3585 1016 514 109 2894 3370 559 7831 3540 1015 4279 207 67 866 156 6180 3025 342
internal_value=0.00404962 0.00265226 0.00181863 0.0355717 -0.000247268 0.0185281 -0.00348018 0.00465593 0.0260941 0.00415116 0.0251458 0.0197045 0.00204647 -0.00618417 0.00207034 0.00305005 0.00274741 0.00379452 0.0133332 0.00721037 -0.00575491 0.00211609 -0.0146727 0.0011073 0.0195623 -0.00638094 -0.00345826 0.00852949 0.00259484 0.00292579 0.00563756 0.0011601 0.00197759 0.00790957 -0.00395736 -0.0219109 0.00557012 0.00508462 0.00652659 -0.0232133 0.0221129 0.000156131 0.00542031 0.00773534 0.0100905 0.00825919 -0.00443759 0.00102229 -0.00859405 0.00805381 0.00785415 0.0111776 0.0172304 0.0342452 0.0195532 0.0207767 -0.0604684 0.0128473 -0.0060776 0.0457742 0.037819 0.0153798
internal_weight=77236.4 73957.9 70268.2 3278.52 40661.6 3689.72 16875.9 29606.6 2169.12 28636.9 1621.5 1278.33 23785.7 11347.7 5528.18 5321.86 22315.7 28079.3 1034.61 800.294 11182.5 704.709 1439.25 11171.7 969.728 501.571 482.912 300.539 22229.9 21726.7 8567.93 13158.7 12267.9 6589.8 167.926 83.0541 16907.6 16277 13340.2 182.373 557.52 2300.59 4401.27 1520.6 1394.13 6540.27 9743.29 11276.8 1470.03 3326.35 11039.6 4665.15 1637.1 234.316 1506.83 1467.87 51.8201 991.086 306.388 1657.02 726.857 271.641
internal_count=296831 279307 266425 17524 177555 12882 93166 88870 7979 86012 6998 5032 84389 69078 24088 22924 76292 84705 4089 3009 67465 2611 13979 36477 2858 1910 1831 1226 76119 72591 27239 45352 42739 20680 460 349 48228 46461 38403 605 1307 6610 17956 4903 4510 20489 53486 40003 8097 13092 31793 11930 4099 1080 4605 4486 196 2736 925 10526 4346 1321
is_linear=0
shrinkage=0.05


Tree=58
num_leaves=63
num_cat=0
split_feature=10 39 48 9 46 45 1 39 40 33 35 20 50 1 50 46 43 50 46 0 1 20 1 20 10 32 44 50 9 9 1 26 22 37 50 0 46 3 32 45 50 1 10 13 46 50 45 37 24 9 3 28 31 17 44 5 32 36 39 44 45 33
split_gain=1278.04 281.061 234.067 155.017 115.602 91.4671 90.9575 84.2895 78.1336 78.0838 70.0018 62.7955 62.6087 62.3921 59.8329 63.8582 60.0633 59.1036 54.843 49.3168 48.7439 48.6678 48.5993 47.2899 46.3688 44.9109 44.4966 44.4438 51.9207 43.0833 48.9048 42.1 42.1959 44.1668 40.9208 58.2996 43.1086 43.0058 39.2308 44.1164 39.0949 38.6017 38.2122 37.9875 36.0313 35.9813 35.2879 36.9211 35.2709 34.321 34.2718 33.8322 37.413 39.6264 33.3411 33.2817 62.4699 33.181 33.1313 31.9202 37.9883 64.7419
threshold=8.5000000000000018 4.0734022241351492e+19 49525764906.738258 189548.00000000003 45.620918367346945 0.5935762419410604 5.1950000000000012 2.3786206858290659e+21 88.500000000000014 4.7201265822784828 0.96509884867389351 89.500000000000014 342.2143492731139 6.3550000000000013 735.44328314882227 13.503125000000002 5.2502325581395359 779.82269281538936 6.003000000000001 54.850000000000001 4.4350000000000014 2.5000000000000004 6.9250000000000007 98.500000000000014 2.5000000000000004 8.0950000000000006 0.7838419780160456 273.80206532576489 1187555.0000000002 1011552483.0999991 7.5950000000000006 489.05000000000007 4.8900000000000015 5.6672323183897788 72.551374740322203 128.95000000000002 516.04800000000012 270.95000000000005 5.5050000000000008 0.88523940143949231 25.404370658186085 5.6950000000000012 21.500000000000004 5.5004166666666672 24.504166666666666 393.88566249663955 1.3985754501969134 2.1652380213986135 0.27130343796333639 8874.5000000000018 50.650000000000013 44660755.464733355 0.51666666666666672 28.575339371671035 0.31921429234176674 0.55100000000000016 6.8850000000000007 45.334313725490198 1.209372292945559e+18 0.39070645068696785 0.77052246789286583 4.5400431034482773
decision_type=2 2 2 2 2 2 2 2 2 2 2 2 2 2 2 2 2 2 2 2 2 2 2 2 2 2 2 2 2 2 2 2 2 2 2 2 2 2 2 2 2 2 2 2 2 2 2 2 2 2 2 2 2 2 2 2 2 2 2 2 2 2
left_child=1 3 5 8 6 -2 18 9 13 23 59 55 22 20 21 -16 -17 -4 -5 29 46 -11 26 25 -22 31 34 44 -29 30 40 32 33 -3 35 41 37 -36 -12 58 -8 -6 -19 49 -20 -41 -1 -48 -38 -26 -42 52 -49 -54 -14 56 -7 -35 -40 -10 -61 -62
right_child=2 7 17 4 12 11 19 -9 10 14 38 -13 54 -15 15 16 -18 42 27 -21 24 -23 -24 -25 43 -27 -28 28 -30 -31 -32 -33 -34 57 36 -37 48 -39 39 45 50 -43 -44 -45 -46 -47 47 51 -50 -51 -52 -53 53 -55 -56 -57 -58 -59 -60 60 61 -63
leaf_value=0.0018352242534973749 0.041601271891350954 0.04828826900269434 0.046283872709940325 -0.035251123348055545 0.0065739392422461103 0.00068877092309046258 -0.0045641989836638693 0.04466794307329746 0.028568062866696987 0.0074697172482917351 0.0055658647374720238 0.047495794855095294 -0.0013948444606964377 0.02598638009972519 0.015991062912196156 -0.14924652037239602 -0.0079808952430511001 -0.058509111004977847 -0.010472254525367786 -0.013703963763095978 0.0039099682551971817 0.024421571709801481 0.040759695863004486 0.045104651820191861 0.013708164175925767 -0.072300686367242101 -0.022889191388347982 -0.0010975875788443632 -0.021448168547038845 -0.022795397243845598 0.042464178315519761 -0.060716380057154906 -0.0013996619123902811 -0.024676541985036257 0.00012092963274129337 -0.0021531468193922818 0.012795608170129591 -0.061898804133441489 -0.039527326498387388 -0.071900656017052048 0.026913186947374108 0.022350139281566622 0.05352105975040871 0.031017213383066268 -0.0029474182706563015 0.0078064611511580425 0.016389568510165681 -0.011769622648283658 -0.01714137500151789 0.0019779869181628536 0.0049408751324703879 -0.030344100712218155 0.0059377048199217722 0.087467210587133304 -0.016613994949372792 0.014357470602898532 -0.10540566577602264 0.031442538548523906 0.036798325239601526 0.01762733212315044 0.011032485820371828 -0.054907619961876319
leaf_weight=9109.1590737663209 403.27349916473031 97.509531334042549 1779.7037163712084 159.49182171747088 6169.318440310657 117.56761797517538 1134.2268673032522 235.583943746984 522.25053028762341 558.9263856485486 343.82176926732063 136.05155549198389 810.21413854509592 310.29814583808184 37.808394692838192 15.705454029142858 14.44512218236923 22.355561584234238 2011.567053578794 466.56980176270008 13645.692088603973 1746.0913829915226 82.878586411476135 63.143560484051704 1643.8228708058596 20.727968230843544 172.58206008374691 488.07845769822598 875.84715912863612 152.92839122563601 81.928910091519356 26.088720798492432 830.86053947359324 56.174271941184998 12107.184074059129 2015.569659397006 1062.5331717133522 28.016316540539265 23.836859181523323 56.067073673009872 187.65645314753056 413.74485762417316 11.540933996438978 217.02635883539915 7605.994456268847 18.942158803343773 147.79366478323936 729.12957341223955 108.42781083285809 1004.7114887833595 3269.4578568413854 175.68614282459021 191.79882320761681 16.159392118453979 647.42405841499567 1348.6630422733724 15.731294088065622 49.593474611639977 35.23397570848465 992.71468123793602 137.06840638071299 51.102390170097351
leaf_count=28361 2062 191 12223 1612 20076 375 5332 915 1409 1573 938 835 5201 705 108 75 44 96 13082 2323 39331 6213 170 285 4283 87 664 2626 11033 1097 163 91 2527 166 43763 6844 2883 156 73 211 610 1016 61 567 40414 57 630 3843 321 2760 13824 671 730 38 2871 4632 71 107 74 2780 376 176
internal_value=0.00386056 0.00238603 0.0319973 0.00166559 -0.000357728 0.0202964 -0.00357802 0.0157142 0.00442455 0.0137748 0.01353 0.0149863 0.00188301 0.00369419 0.0189478 -0.0272911 -0.0815662 0.0450382 -0.00614192 0.00181884 0.00343686 0.020311 0.00254325 0.00304538 0.00512419 0.0005885 0.00239979 -0.00571914 -0.0141657 0.0033195 0.00417408 0.00201352 0.00359604 0.0240151 0.00259903 0.00528737 0.000861789 -2.22542e-05 -0.00338015 -0.0263204 0.00349083 0.00756547 -0.0203656 0.0109063 -0.00452128 -0.0517721 0.00075019 -0.00709052 0.0100235 0.00925837 0.00613356 -0.010209 -0.0064341 0.012273 -0.00815458 0.0120018 -0.011832 0.00163715 0.00599863 0.018275 0.0137229 -0.00687517
internal_weight=77011.5 73176.6 3834.89 69424 40051.6 2021.29 16433.7 3752.66 29372.3 3517.07 2181.04 1618.01 23617.9 27191.3 2372.98 67.959 30.1506 1813.6 11141 5292.77 26881 2305.02 22160.3 1144.1 16511.3 1080.95 22077.4 10981.5 1363.93 4826.2 4673.27 1060.23 1034.14 203.277 21904.8 8598.63 13306.2 12135.2 477.902 134.08 4591.34 6583.06 33.8965 2865.56 9617.56 75.0092 10369.7 1260.57 1170.96 2648.53 3457.11 1112.77 937.088 207.958 1457.64 1481.96 133.299 105.768 59.0708 1703.14 1180.89 188.171
internal_count=296831 276476 20355 264094 176081 7975 92116 12382 88013 11467 6094 5913 83965 81919 8013 227 119 12380 68767 23349 81214 7786 75893 3454 46941 3169 75723 67155 13659 21026 19929 3082 2991 464 75059 27936 47123 43919 1353 415 19766 21092 157 7610 53496 268 34273 5912 3204 7043 14434 5282 4611 768 8072 5078 446 273 147 4741 3332 552
is_linear=0
shrinkage=0.05


Tree=59
num_leaves=63
num_cat=0
split_feature=21 19 40 43 21 33 9 28 43 44 48 50 46 30 43 22 39 19 30 19 47 9 27 34 28 48 23 32 40 27 21 28 44 30 40 28 19 47 2 26 47 13 30 9 35 7 50 32 46 9 45 45 48 27 45 26 47 7 7 48 27 7
split_gain=1211.94 333.747 145.28 138.601 132.517 194.38 113.277 82.2787 63.5638 78.5224 61.7361 60.0325 66.0605 59.9253 53.9563 53.6041 88.0287 54.8029 112.73 81.0767 47.8939 45.6917 44.137 63.4495 48.9682 137.511 41.9401 45.3199 56.4025 51.1154 41.3331 71.1453 41.1639 55.6303 51.4972 40.0142 42.6658 39.5538 38.9332 38.7063 50.2792 39.4837 38.3065 38.0345 59.3812 37.5553 37.4769 37.3987 37.3151 36.373 35.685 35.278 41.6845 34.9853 47.3201 34.626 36.8173 52.8127 36.3195 77.5607 34.9588 34.4642
threshold=4.7857142857142865 2.7264254350177459e+18 8.5000000000000018 4.999744897959185 14.214285714285717 4.7435897435897445 5362.5000000000009 47734088396.843285 4.5105457131772946 0.60394517809633508 367065762881.72784 141.46609392965144 23.020937500000006 10.500000000000002 4.6400304878048795 5.6950000000000012 2.5122875016219786e+18 2.1828589176455549e+19 192.50000000000003 1.1392550261950915e+19 1.0000000180025095e-35 100187.00000000001 5.1193261217058312 0.38586842886225114 16006611704.25831 33261411691.198238 4.4008620689655187 6.5850000000000009 480.50000000000006 4.0827413762461786 9.7857142857142865 178562593524.96252 0.38729833462074181 106.50000000000001 80.500000000000014 97077806.692530796 84445421972626704 16.216692355998564 14.500000000000002 10.861747491638797 0.74579828516494751 4.5998084291187755 5.5000000000000009 22554.500000000004 0.81950580568463982 9.8050000000000015 779.82269281538936 7.5950000000000006 135.89531250000002 1011552483.0999991 1.8424614383774356 1.289983609613617 1165957902.3540127 1.750000000000002 0.78962633073318611 55.169047619047625 0.37282548461146886 31.550000000000004 1.8550000000000002 12301494904.492458 23.197451687427179 2.4050000000000007
decision_type=2 2 2 2 2 2 2 2 2 2 2 2 2 2 2 2 2 2 2 2 2 2 2 2 2 2 2 2 2 2 2 2 2 2 2 2 2 2 2 2 2 2 2 2 2 2 2 2 2 2 2 2 2 2 2 2 2 2 2 2 2 2
left_child=1 2 11 8 5 15 7 55 32 10 43 12 21 -5 49 20 -17 19 -19 22 -2 -1 23 -18 -24 37 -25 28 29 -28 31 53 33 34 35 36 45 -26 47 40 41 -13 -11 44 -10 -4 48 -34 -9 -14 61 -37 -53 -29 -55 56 -3 58 59 -58 -57 -41
right_child=4 6 3 13 -6 -7 -8 46 9 42 -12 39 14 -15 -16 16 17 18 -20 -21 -22 -23 24 26 25 -27 27 30 -30 -31 -32 -33 38 -35 -36 51 -38 -39 -40 50 -42 -43 -44 -45 -46 -47 -48 -49 -50 -51 -52 52 -54 54 -56 60 57 -59 -60 -61 -62 -63
leaf_value=0.00099792421175419412 -0.048515388084039081 -0.003674697105911041 -0.00021897917701236029 0.0092594292722508326 0.049519399482472345 0.04567655983546802 0.0051473639691354206 0.043429193616738193 0.0024820360328299891 -0.014786009443996821 0.018136455307447934 0.059562907592442926 -0.0011382123326010979 0.024668138972913346 0.004583369175313959 -0.083947185052749437 0.038490444050794409 0.048559758401579042 -0.14261394545946046 -0.09775747862889321 0.035744909519747674 -0.010584807278747197 0.039399330363284531 -0.091391272895921805 -0.048846621842229362 0.025519005764301224 0.0084575462786431691 0.027563508129891185 -0.12546373170872024 -0.098105338809103826 0.037484058170743649 -0.1050192395243317 -0.0069378156685396698 -0.049593465783090519 0.022608908781634171 -0.0049847791410550461 0.044473057140571495 -0.1764608120442851 0.009204846230516886 -0.026125592747461641 -0.0090686326005627507 0.013158067613931138 -0.00076351204568333466 0.0033857667380329127 0.013736225527135326 0.0074238819138841951 -0.014775822613935608 0.032242955803060885 -0.019574892005842517 -0.037920574334462206 0.010279329453113996 -0.046031265120587958 0.038019661424777675 0.0073259318637019207 -0.06399949658624994 -0.053823118201418996 0.033821309175320821 -0.056148465847536737 0.024853317268417604 -0.11450056502950104 0.0080603787600273986 -0.0058355292064603825
leaf_weight=1440.4623947665095 17.770009510219097 151.29989914596081 6057.5642020255327 2361.6774287670851 981.03038159385324 855.24413680657744 1256.8373421989381 621.37841536104679 2227.7941969111562 656.9825850725174 843.3382750377059 59.879425793886185 6666.7808000594378 861.02863201126456 7893.8434286490083 25.096422217786312 77.328595720231533 143.99277370423079 8.1475802250206453 18.584447138011456 330.96452463418245 2082.2185224667192 177.6494068801403 15.736144252121447 13.148413375020029 92.995266761630774 43.120283931493759 70.294947355985641 15.945712462067602 15.227212145924566 62.724242381751537 17.624152913689613 3480.497908346355 52.774110734462738 290.40377202630043 470.9476830214262 59.019043609499931 11.282070674002169 460.32458280771971 215.58467709645629 208.14096939563751 195.48570888116956 1882.7967145591974 19218.3567346856 2473.3943617343903 2187.8204745650291 31.535269297659397 61.989363871514797 24.424838468432426 67.895398065447807 334.06027390435338 109.56162120401859 17.046387314796448 64.507752195000648 36.361747451126575 31.194705724716187 22.016909264028072 21.13104036450386 1334.8178918734193 14.697968728840349 85.024427846074104 7163.626958489418
leaf_count=5310 85 429 23674 5791 6890 5345 4047 3437 6131 2183 2427 255 40296 2420 27303 106 335 910 65 91 1216 13248 649 65 45 382 128 213 69 67 322 91 11395 192 700 1328 128 57 1285 2008 951 866 5249 53417 6185 7359 118 143 97 495 1776 427 39 254 139 105 52 80 4214 70 233 43444
internal_value=0.00367997 0.00239276 0.00163084 0.00339613 0.0343323 0.0272836 0.0172525 0.0237611 0.00260297 0.00398192 0.00484066 -0.00130415 0.000298335 0.0133763 0.00177855 0.0147843 0.00839539 0.011015 0.0383218 0.00534357 0.0314514 -0.0058485 0.00802736 -0.00240699 0.0228393 -0.00221376 -0.0116666 -0.00781595 -0.0421275 -0.0193527 0.00231919 -0.0093642 -0.000238904 0.00159501 0.00188889 0.00121295 0.00211218 -0.107779 -0.00447463 -0.00486141 0.00917195 0.0240393 -0.00439081 0.00437188 0.0084031 0.00180897 0.0384474 -0.0062522 0.0410463 -0.00150903 -0.0057047 -0.0112839 -0.0347147 0.000485038 -0.0183857 0.0177693 0.0197504 0.0222953 0.0235039 -0.025556 -0.00854995 -0.00642831
internal_weight=76790.4 73695.7 70101.3 43773.3 3094.78 2113.75 3594.36 2337.52 40550.6 27302.7 24762.9 26328 18151.2 3222.71 14628.5 1258.5 909.767 884.671 152.14 732.53 348.735 3522.68 713.946 418.871 295.075 117.426 341.542 325.806 74.2932 58.3475 251.513 188.789 13247.9 9245.14 9192.36 8901.96 8304.4 24.4305 4002.81 8176.78 463.506 255.365 2539.78 23919.5 4701.19 8245.38 677.339 3542.49 645.803 6734.68 7713.27 597.556 126.608 171.164 100.869 1660.18 1543.96 1392.66 1371.53 36.7149 116.219 7379.21
internal_count=296831 279307 266425 130473 17524 10634 12882 8835 122262 75592 68160 135952 86652 8211 68094 5289 3988 3882 975 2907 1301 18558 2816 1683 1133 484 1348 1283 264 195 1019 697 46670 33847 33655 32955 31161 102 12823 49300 2072 1121 7432 65733 12316 31033 3652 11538 3534 40791 47228 1794 466 606 393 5183 4845 4416 4336 122 338 45452
is_linear=0
shrinkage=0.05


Tree=60
num_leaves=63
num_cat=0
split_feature=20 18 31 15 43 48 31 1 50 47 20 26 44 50 47 40 43 18 0 16 5 48 35 1 43 22 39 2 1 32 45 13 1 39 31 31 50 37 32 15 48 36 35 23 47 47 37 40 40 23 50 35 48 18 31 16 43 43 39 32 44 45
split_gain=1139.55 315.364 137.981 134.806 109.576 103.238 87.4875 71.4216 67.8779 66.4669 64.429 83.5889 60.8826 57.504 85.3386 55.3499 60.1708 56.6134 53.9072 53.681 52.2961 49.1171 47.848 47.7897 45.7554 49.3364 80.5545 45.638 45.567 45.0179 43.2028 57.0109 42.485 42.2363 38.385 39.536 37.9745 37.9006 37.6777 36.8118 61.1571 36.0516 50.7835 35.9372 35.8049 35.0307 69.9039 58.9954 102.147 72.4074 44.9141 38.476 46.8605 59.8767 44.1422 36.9705 36.1378 34.9145 47.3597 73.4409 99.9062 68.0592
threshold=34.500000000000007 4012297597.6202536 0.083333333333333315 0.88669242462400877 4.7920227272727294 130408747603.88625 0.81666666666666676 4.6950000000000012 342.2143492731139 107.13020042795991 100.50000000000001 33.574537037037054 0.60812931993463637 165.07546602681867 1.0000000180025095e-35 16.500000000000004 4.6500950570342221 9049424338.5830936 31.107000000000003 62.359440559440579 0.96500000000000008 2042979890.7838721 1.0022180351613514 5.205000000000001 4.8143398268398281 5.6950000000000012 3.179863917968148e+18 9.5000000000000018 7.5950000000000006 6.8850000000000007 0.89854030738603907 4.7394338118022334 6.2950000000000008 4.3478017760333554e+19 2.6500000000000004 0.2166666666666667 174.61595239280936 187.88614852653907 6.1950000000000012 1.0000966761310177 79845990406.063477 561.12350427350441 0.91869986556457217 4.5750912408759135 1.0000000180025095e-35 9.0041215936683798 3.6812767973694602 284.50000000000006 99.500000000000014 4.5750912408759135 81.955022716548442 0.62398632457363756 44670469775.375473 190912220.82875106 2.2500000000000004 17.669047619047621 4.5833892617449683 4.6400304878048795 1.8152427743080901e+18 6.0950000000000006 0.37243892110931393 1.2468119324959772
decision_type=2 2 2 2 2 2 2 2 2 2 2 2 2 2 2 2 2 2 2 2 2 2 2 2 2 2 2 2 2 2 2 2 2 2 2 2 2 2 2 2 2 2 2 2 2 2 2 2 2 2 2 2 2 2 2 2 2 2 2 2 2 2
left_child=1 2 7 -2 12 9 22 8 27 15 11 24 13 29 18 -3 17 -17 21 -18 30 -15 23 -6 25 44 -27 -1 -9 32 31 -19 57 -31 35 -14 -7 -11 -28 -35 -41 -16 -43 -20 -5 46 51 48 49 -48 -50 54 53 -53 -40 -47 -57 58 -4 60 -60 -62
right_child=3 5 4 10 6 36 -8 28 -10 37 -12 -13 34 14 41 16 19 20 43 -21 -22 -23 -24 -25 -26 26 38 -29 -30 33 -32 -33 -34 39 -36 -37 -38 -39 45 40 -42 42 -44 -45 -46 55 47 -49 50 -51 -52 52 -54 -55 -56 56 -58 -59 59 -61 61 -63
leaf_value=-0.0026269785925296663 0.044941045293433679 0.0076292876250275785 0.0024573783324805558 -0.042630886748037999 0.0026872500560814836 0.041893792910897502 0.021144532391939211 0.00046535423927630132 -0.016572260408007283 -0.073514144914522947 0.043950505071126231 0.046247519168041602 -0.017082314789215253 0.050557261791980501 -0.0032039335854269074 0.029192912475884732 0.035531745824763872 -0.063102091571768534 -0.054392956058115949 -0.051254760384502322 0.016012571910393469 -0.024479137625422878 0.013327969258545111 0.011558610286899015 0.04186215999173009 -0.10403634374166371 0.050957473620344453 -0.023198851917133667 0.032262382000333475 0.033019895892505279 -0.098283838634142043 0.01789338914581225 0.025148526400897504 0.010993996871468834 -0.080500320315833096 -0.0011210534912187231 0.0083031535270966846 0.015055862285483333 0.010216608365446484 -0.12898780631921605 0.0055772622481860337 -0.016343427562589476 0.019720366891465349 0.01537526306346497 0.03090303703478672 0.032238999194145808 -0.078275640898133048 0.021647081368441401 -0.091167863515759562 0.016339377270466065 -0.26264817628870235 0.011176405453874685 0.036901422815753197 -0.10323159315710083 -0.13568756643585836 -0.06156119281805749 0.010198067010582006 0.0058412851547097692 -0.14998116570556053 -0.0032505719900982363 -0.040764148373826435 0.060951969252020538
leaf_weight=7880.9765688627958 1450.3754057511687 1214.0957245193422 15264.796107657254 17.767066940665245 7332.4537300169468 522.57697262987494 1042.2401491850615 14486.966384973377 1098.0435688979924 33.934936016798019 304.61248965188861 215.6201065517962 589.76797587424517 165.90021708980203 7424.5426928140223 172.28107012808323 609.8588166423142 39.232151918113232 27.383742921054363 18.354132063686848 103.8161817714572 25.109463602304459 1852.4250549450517 1914.4339244179428 111.57943963631988 18.133368514478207 38.225195899605751 279.14894886687398 113.55557478964329 228.64860605448484 20.86223466694355 48.688103847205639 215.46421500295401 625.01719043403864 17.743937842547894 1133.8692967295647 100.2853630296886 18.753437787294388 11.553953714668753 12.745569698512552 25.015127580612898 131.13945150375366 381.85580140352249 56.621885932981968 242.49037393182516 127.46854940056801 45.737482815980911 29.99434881657362 7.6042647659778577 36.245489530265331 7.6700769178569317 43.582113869488239 104.13529992103577 15.504884257912634 9.4025846868753415 24.475117042660713 61.960184574127197 6895.0132376998663 18.297349333763123 1391.1461440995336 105.24830350279808 19.491088539361954
leaf_count=46949 10362 3688 50127 86 19858 2842 3398 64915 12311 135 1966 906 2057 430 25676 465 2641 175 132 66 344 77 4513 4795 573 80 158 2168 257 526 84 170 477 1766 74 3195 504 50 44 61 99 385 1036 199 906 497 182 147 40 134 61 128 441 65 60 94 259 18686 84 3857 333 37
internal_value=0.00350777 0.00229253 0.00162986 0.0341192 0.00320477 0.0184451 0.00729388 -0.00146576 -0.0049012 0.0135165 0.0234692 0.0181329 0.00177625 0.00225688 -0.00136946 0.0148295 0.0234584 0.0078905 0.0260127 0.0329962 -0.00937208 0.0406932 0.00599329 0.00452394 0.0117754 0.00778819 -0.000307716 -0.00333072 0.000712656 0.0034577 -0.0335978 -0.0182488 0.00304637 0.0144901 -0.00733563 -0.00658244 0.0364855 -0.0419893 0.00302991 0.00809763 -0.0398432 -0.00231818 0.0105012 -0.00736744 0.0258831 -0.000457473 -0.011158 -0.0396569 -0.0585632 -0.0364454 -0.177277 0.00853229 0.016721 -0.0188451 -0.0552463 0.0151218 -0.0101214 0.00284538 0.00161574 -0.0067584 -0.0408748 -0.0248705
internal_weight=76581.9 73657.8 70755.1 2924.14 46896.4 2902.74 12141.6 23858.7 9258.17 2279.88 1473.76 1169.15 34754.8 33013.4 8212.55 2227.19 1013.09 384.88 275.015 628.213 212.599 191.01 11099.3 9246.89 953.53 841.95 581.693 8160.13 14600.5 24800.9 108.782 87.9203 23909.5 891.426 1741.38 1723.64 622.862 52.6884 563.56 662.778 37.7607 7937.54 512.995 84.0056 260.257 525.334 311.43 127.252 97.2573 81.983 15.2743 184.179 163.222 59.087 20.9565 213.904 86.4353 23694 16799 1534.18 143.037 124.739
internal_count=296831 279642 268478 17189 141878 11164 32564 126600 61428 7818 6827 4861 109314 103988 27935 7633 3945 1238 838 2707 773 507 29166 24653 3955 3382 2390 49117 65172 76053 429 345 73601 2452 5326 5252 3346 185 2310 1926 160 27097 1421 331 992 2152 1302 564 417 316 101 738 634 193 104 850 353 73124 54438 4311 454 370
is_linear=0
shrinkage=0.05


Tree=61
num_leaves=63
num_cat=0
split_feature=11 38 48 9 46 22 45 40 43 38 30 26 44 1 43 1 40 48 9 1 43 32 32 46 6 34 44 17 13 37 45 26 36 22 1 0 0 1 45 46 37 14 5 36 4 40 28 28 36 34 40 42 1 1 36 37 22 30 26 37 34 40
split_gain=1075.43 255.887 179.897 137.865 91.0056 86.0273 84.2406 77.6346 66.9839 65.8617 60.0357 59.1959 58.8332 46.866 55.4682 46.3264 50.6399 43.686 43.4327 49.5681 42.1359 57.7554 42.1549 41.9509 39.8123 44.7843 44.7504 66.3048 76.0324 125.013 45.9636 43.2336 92.5406 50.3962 38.2118 50.5877 37.7634 37.474 37.2245 36.8551 36.2414 36.1637 36.0722 35.2682 35.2015 35.0449 35.3672 34.6985 44.1706 38.7578 34.4494 38.1436 33.4734 33.0899 32.1873 59.1771 46.7806 41.5557 62.9385 70.3996 35.0995 38.9668
threshold=10.500000000000002 32356183980.192242 65168305571.740456 30708.500000000004 26.289117647058827 7.6950000000000012 0.5990268715906929 88.500000000000014 4.6400304878048795 1889405570453.2622 162.50000000000003 438.22500000000008 0.57192781456780872 6.7250000000000005 5.9101666666666688 5.1450000000000005 249.50000000000003 258227081496.1629 127206812.00000001 7.0950000000000006 4.712513269639067 7.3900000000000015 8.0950000000000006 418.04354838709679 5.0600000000000014 0.20463381929681126 0.48285920939846322 8.8579420350242035 4.8182085561497345 30.311517225776999 0.81040597101563838 31.225657894736845 32.654794176706837 6.3850000000000007 5.6550000000000011 72.250000000000014 541.75000000000011 6.0750000000000011 0.88523940143949231 20.901503759398505 20.075176216901081 1.0000000180025095e-35 0.92500000000000016 41.369615384615393 0.36595000000000005 20.500000000000004 260978615803.30368 7965256958.3737936 92.403571428571453 0.50249766384546302 19.500000000000004 5.8950000000000005 4.6950000000000012 4.8950000000000005 10.350433333333337 5.4216237225759443 4.8900000000000015 483.50000000000006 33.001811594202913 4.4969125210773484 0.49884201625145014 88.500000000000014
decision_type=2 2 2 2 2 2 2 2 2 2 2 2 2 2 2 2 2 2 2 2 2 2 2 2 2 2 2 2 2 2 2 2 2 2 2 2 2 2 2 2 2 2 2 2 2 2 2 2 2 2 2 2 2 2 2 2 2 2 2 2 2 2
left_child=1 3 6 10 15 9 -2 8 18 11 37 20 13 14 23 16 17 -5 19 -6 21 -3 54 34 44 -26 -27 31 29 30 40 -28 -33 -34 36 -36 50 41 -9 -7 -29 -1 -25 -16 -8 -22 47 49 -49 -47 -10 -52 -43 -20 -23 56 -56 58 59 -58 -57 -62
right_child=2 5 -4 4 7 39 24 38 12 -11 -12 -13 -14 -15 43 -17 -18 -19 53 -21 45 22 -24 42 25 26 27 28 -30 -31 -32 32 33 -35 35 -37 -38 -39 -40 -41 -42 52 -44 -45 -46 46 -48 48 -50 -51 51 -53 -54 -55 55 60 57 -59 -60 -61 61 -63
leaf_value=0.0022980127410053269 0.043826222513718482 0.013419919835892741 0.045852284159506526 -0.0088744217720225383 -0.0008959344362173406 0.0097426570621216308 -0.0021616096683084117 0.016086896217444455 0.0014921849718654593 0.043062005261677222 0.034082599555967534 -0.039065640208174747 -0.0035309419541386718 0.03143260995116768 0.0002956812352331388 0.0018670843765917666 0.02176320899658828 -0.060457787003147558 -0.041752171975817889 0.025652847508293764 0.0079952190273007602 0.022295428638111108 -0.083691616946176189 0.017988876971533601 -0.055815749051455033 0.026890520909782691 0.027179411296190305 -0.1082581186573344 0.038158480597860353 0.033572120378157586 -0.037070827587769625 -0.12074547578050215 -0.084844176475366725 0.019683940269232952 0.017640770298847606 -0.0081344045547180194 -0.041262558949311294 0.021986110397456873 -0.016689504778472197 0.041705998308487757 -0.22929659479873604 0.0045465443837920385 0.0013909744618845557 -0.035612952915756439 -0.089938365510395579 0.031537700724611019 -0.054269456116721085 0.037853190195636766 -0.057937818910279298 0.0070249986707903323 0.013878542124937951 0.0030982677485953554 0.011348452873547785 -0.0092862198854684851 0.020002089560244948 0.02388500498943491 -0.065113345239779852 0.01243381172292285 -0.008661153690918702 -0.19854252775748124 5.8263749335814137e-05 -0.04852109086643213
leaf_weight=6307.2248831689358 321.70172643661499 667.7516208589077 1413.2618250511587 3974.332843631506 25092.981935538352 118.19659566506743 44.344643324613571 1114.5586346238852 12875.694335501641 160.87454259768128 185.9363312125206 59.665499798953533 3252.1657635569572 151.53651075065136 128.62904727458954 1495.9090821892023 134.67116399854422 41.473528757691383 92.459882333874702 177.05440314114094 823.673304438591 82.487222485244274 18.194468252360821 919.74660421162844 20.676980897784233 654.72549153864384 257.69059278070927 15.058153159916403 25.308248348534107 20.354567885398865 11.355320326983927 16.017278626561165 13.030558653175829 100.20919828116894 882.85438406467438 242.69266454130411 49.012986369431019 335.77917160838842 93.925704121589661 380.5360333994031 10.49454256147146 4234.1822312176228 508.22785672545433 145.98526734858751 15.384683616459368 254.9945522248745 15.127705700695513 372.36843802034855 12.436308197677134 438.66165333241224 1299.1944934874773 2227.1895872801542 3157.606576167047 519.20688278228045 20.872291564941406 95.472816497087479 25.231169372797012 14.205544978380201 19.596006937325001 16.25421554222703 159.02095112204552 55.751230865716934
leaf_count=19914 1920 1917 11168 23702 114197 493 129 2828 43534 685 747 192 10182 333 378 5375 339 159 1592 424 2647 246 74 2361 102 2729 918 68 100 56 40 87 53 382 2271 748 224 812 289 1750 62 12043 1393 616 73 903 95 1606 52 1384 3149 5716 8596 3628 48 308 99 46 63 95 477 214
internal_value=0.00334303 0.00215621 0.0329978 0.0014658 0.000338876 0.0147711 0.0210958 0.00102131 0.000709808 0.0118564 0.00585755 0.0102636 0.00269335 0.00373513 0.00351742 -0.00567681 -0.00839576 -0.00940715 -0.00102859 -0.000709921 0.0112154 0.00375917 -0.0089625 0.00383981 0.0150257 0.0171018 0.0184429 0.00666299 -0.0340121 -0.0659093 -0.120773 0.0153427 -0.0082554 0.00765583 0.00317023 0.0120831 0.00256043 0.00548362 0.0135395 0.0341309 -0.157969 0.00507912 0.0120815 -0.0187934 -0.0247706 0.0157844 0.0216511 0.022716 0.0347574 0.0160361 0.00269138 0.00706995 0.00745217 -0.0141938 -0.0061814 -0.0119613 -0.0462321 -0.0645947 -0.082509 -0.117392 -0.00133919 -0.0125521
internal_weight=76391.2 73451.6 2939.61 69640.2 55419.5 3811.37 1526.35 49773.1 48564.6 3312.64 14220.7 3151.77 22682.9 19430.8 19279.2 5646.39 4150.48 4015.81 25881.7 25270 3092.1 1174.84 507.086 19004.6 1204.65 1144.92 1124.24 469.518 82.5708 57.2626 36.908 386.948 129.257 113.24 17576.6 1125.55 16451.1 14034.8 1208.48 498.733 25.5527 13699 1427.97 274.614 59.7293 1917.26 1093.59 1078.46 384.805 693.656 16402.1 3526.38 7391.79 611.667 488.891 406.404 96.1592 75.2869 61.0814 41.4854 310.245 214.772
internal_count=296831 278944 17887 265550 223438 13394 6719 193863 190746 11151 42112 10466 70905 60723 60390 29575 24200 23861 119841 114621 10274 3587 1670 59396 4799 4597 4495 1766 326 226 170 1440 522 435 55642 3019 52623 41365 3117 2243 130 40553 3754 994 202 6687 4040 3945 1658 2287 52399 8865 20639 5220 1596 1350 351 303 257 194 999 691
is_linear=0
shrinkage=0.05


Tree=62
num_leaves=63
num_cat=0
split_feature=20 19 9 15 16 47 48 4 47 1 20 26 12 1 20 46 2 50 47 3 47 43 24 40 27 9 26 1 3 43 48 38 24 43 27 35 3 27 38 48 44 48 27 16 47 20 46 36 37 19 36 40 50 19 16 47 47 43 3 28 30 47
split_gain=1012.68 272.835 140.152 132.406 91.9258 90.8824 79.4303 76.988 76.5969 72.1674 69.9461 80.4585 67.6444 65.3656 67.9523 55.3461 53.7957 52.9406 50.5462 48.1358 46.6999 45.838 48.5469 48.8398 70.35 44.0646 43.4175 40.5324 40.1582 39.5948 39.0734 44.7524 37.9849 37.3623 36.9521 34.8195 34.2339 33.7403 56.1228 82.2829 33.3947 42.1361 33.1335 32.954 42.73 60.3925 35.0168 38.2055 48.9794 40.5421 61.9363 50.724 40.2129 35.0477 34.5118 46.844 35.963 52.2539 53.7866 50.8133 35.4742 37.3415
threshold=34.500000000000007 2.8184718452349747e+19 189548.00000000003 0.86516224408655562 62.359440559440579 24.768920932137277 1448954142357.0901 0.3615000000000001 0.37282548461146886 5.285000000000001 100.50000000000001 33.574537037037054 7.0050000000000008 4.6950000000000012 5.5000000000000009 6.003000000000001 10.500000000000002 656.45388571880233 35.787245473242933 29.250000000000004 121.52088578118841 4.8143398268398281 0.4287440844579638 121.50000000000001 1.3000000000000027 57451204.000000007 10.170185185185188 4.5950000000000006 97.65000000000002 4.8800255754475712 4736525815.4851294 19259100.626718305 0.19738778512426497 4.9752049180327882 4.6000000000000059 0.97733713994224669 121.05000000000001 3.2696153846153853 12538191713.671099 717084238072.96558 0.39246187092088197 1165957902.3540127 39.751046443451038 23.581944444444449 1.0253942301229526 23.500000000000004 30.550438596491237 47.961250000000014 9.0353338059891808 1.022530973721166e+19 33.142363224151318 14.500000000000002 113.55504640736957 81946954766558800 9.8575187969924816 64.62390130361473 14.000000000000004 4.4401219512195143 74.050000000000011 12012583270.603386 42.500000000000007 10.431638418236608
decision_type=2 2 2 2 2 2 2 2 2 2 2 2 2 2 2 2 2 2 2 2 2 2 2 2 2 2 2 2 2 2 2 2 2 2 2 2 2 2 2 2 2 2 2 2 2 2 2 2 2 2 2 2 2 2 2 2 2 2 2 2 2 2
left_child=1 2 6 -2 7 9 13 -3 12 15 11 21 -9 16 -15 -4 43 20 -6 -11 27 22 23 24 32 28 -26 29 -17 -7 31 -18 -5 -16 -32 -24 -21 38 -25 -40 41 -28 -36 54 45 -45 53 49 -49 -48 51 -51 -52 -46 55 -1 57 58 -56 -58 61 -60
right_child=3 4 5 10 18 17 -8 8 -10 19 -12 -13 -14 14 33 25 30 -19 -20 36 -22 -23 35 37 26 -27 40 -29 -30 -31 34 -33 -34 -35 42 -37 -38 -39 39 -41 -42 -43 -44 44 46 -47 47 48 -50 50 52 -53 -54 -55 56 -57 59 -59 60 -61 -62 -63
leaf_value=-0.0017365913697700516 0.04460086147340097 -0.096489756194134108 -0.034101718120690752 -0.047229809776508765 -0.091820960757882486 -0.00086261947831170731 0.027946478377305541 -0.07592018153185276 0.033644298291660935 0.036157971785287894 0.043808279364937447 0.044995531871930124 0.011189790913218629 0.0044515147079805684 0.010177274891661821 -0.013243554557924475 -0.026921405994523487 -0.029479709710798982 -0.0038249160443794717 0.0010347200575847864 -0.0048807306621217496 0.041309502901259836 -0.0015447068126932841 0.037408172760172567 0.0254640938239767 -0.023610436534431487 -0.028643919188569074 0.004816903055356498 -0.0032050862551311664 0.010777011769752784 0.013079253350236795 8.1235196576930668e-05 0.044014016264397923 0.023888043637010952 -0.050017670496539213 -0.058931370462718458 0.050250096127967638 0.045801851366483529 -0.095943858014253341 0.04467032441164176 -0.018861567113933178 -0.1462659204498713 0.01582940310570077 -0.0095819942854954172 -0.0027754870736299482 -0.11817445687275326 0.0077189554025527884 -0.022625315527752422 0.0015223237960273689 -0.015903772836115413 0.023836636654926312 -0.14896254796649908 -0.068783353291971355 -0.028327334043259655 -0.050847587391836549 -0.070155462093973373 0.012708846645471093 -0.0001056823816572493 0.036998616064854266 0.051439265504423806 -0.019911594244027535 -0.021115950428464533
leaf_weight=438.26511098444462 1290.3726575784385 12.353123269975184 159.94074716791511 13.68213304132223 21.046171560883522 7722.8341854177415 346.67951542884111 26.764917902648449 1099.9928189925849 101.37338890880346 308.81810395419598 210.68646249547601 133.18322831392288 10192.919459417462 2778.7025754638016 1089.6707603260875 182.98717061430216 133.82493330165744 72.661238014698029 5179.1606783792377 2179.1240181773901 109.30972976610065 376.89972828701138 71.226729989051819 20.363695874810219 295.06947176530957 13.521790802478792 11157.915698342025 11623.870577786118 806.97866919636726 41.538025110960007 950.33936885744333 68.573450498282909 605.07501661404967 128.03359667956829 28.426262944936752 35.576848231256008 162.69818361476064 24.101144552230835 18.305932439863682 27.099748395383358 17.42737378180027 22.455052614212036 531.90457194671035 928.0911500044167 13.119145818054674 3822.5296258591115 216.34510246291757 7151.9215939752758 13.468269899487497 48.833938747644424 15.298276167362927 15.419498652219771 156.88637959212065 24.429176911711693 26.531906820833683 1117.6497169584036 1371.2181937098503 284.63521495088935 91.629195541143417 37.787696808576584 30.614593900740147
leaf_count=1501 9985 64 1644 74 97 29559 1177 105 5479 305 2163 944 582 28457 7846 7296 1174 1012 267 22450 7778 604 1532 282 70 3892 63 33477 67582 2425 114 3547 221 2033 471 108 137 779 112 73 95 84 66 2305 3179 56 11293 988 21092 44 159 84 63 549 119 107 3107 4400 1058 263 113 126
internal_value=0.00318612 0.00206836 0.00164879 0.0329107 0.0242053 -0.000298743 0.00414508 0.0277254 0.0289432 -0.00288322 0.022657 0.0170373 -0.00338675 0.00388094 0.00648962 -0.00486823 0.00187565 0.0018727 -0.0235883 0.00203385 0.00206458 0.0108475 0.00689443 0.0184548 -0.00346652 -0.00450881 -0.037353 0.00283332 -0.00406548 0.000238569 -0.00781247 -0.00427862 0.0288368 0.012629 -0.028669 -0.00556934 0.00137049 0.0312006 0.0102948 -0.0352447 -0.0593894 -0.0948765 -0.0401923 0.00266163 0.00150551 -0.0121959 0.00210925 0.0029342 0.000813307 0.00692529 -0.0256895 -0.0866655 0.00160975 -0.00647025 0.0070236 -0.00564213 0.00901382 0.00442913 0.0209027 0.0156435 0.0258676 0.031355
internal_weight=76198.2 73436.6 72070.6 2761.51 1366 40485.3 31585.3 1272.29 1259.94 18484.7 1471.14 1162.32 159.948 31238.6 13576.7 13168.6 17661.9 22000.7 93.7074 5316.11 21866.9 951.636 842.326 437 160.668 13008.6 78.4126 19687.7 12713.5 8529.81 1325.35 1133.33 82.2556 3383.78 192.027 405.326 5214.74 276.332 113.634 42.4071 58.0489 30.9492 150.489 16336.6 12913.8 545.024 12368.8 11283.8 7368.27 3915.55 93.02 28.7665 64.2534 1084.98 3422.76 464.797 2957.96 1748.68 377.467 1209.28 353.038 315.25
internal_count=296831 279642 273048 17189 6594 177557 95491 6230 6166 103306 7204 5041 687 94314 38336 80414 55978 74251 364 22892 73239 4097 3493 1853 607 78770 312 65461 74878 31984 5372 4721 295 9879 651 1640 22587 1246 467 185 242 147 537 50606 39812 2361 37451 33723 22080 11643 350 128 222 3728 10794 1608 9186 5816 1416 3370 1297 1184
is_linear=0
shrinkage=0.05


Tree=63
num_leaves=63
num_cat=0
split_feature=10 38 48 9 22 46 50 45 41 46 50 29 30 34 24 41 9 1 38 17 47 37 30 33 43 43 41 20 50 20 45 33 10 47 1 42 50 41 48 22 46 46 15 1 46 50 33 50 37 50 47 37 23 34 46 1 46 32 30 29 5 10
split_gain=957.567 231.726 160.941 117.941 83.2765 78.3067 78.3082 78.0767 76.8281 74.3775 66.0426 60.1782 56.1705 48.4775 52.0799 70.6881 48.2407 68.3076 47.5548 46.5374 72.9751 70.4694 60.4559 48.8487 55.2006 42.9574 41.9992 59.8751 41.0574 55.3176 50.4647 40.3947 48.9557 40.3159 39.3075 43.3625 43.8415 41.9633 41.0247 39.0199 38.9471 37.0307 36.6073 36.4008 37.5342 36.2894 35.9864 43.7282 65.9587 42.9501 35.8022 34.6276 34.504 46.5987 34.5745 34.4189 33.5864 32.9731 39.0056 32.7619 39.776 32.4406
threshold=11.500000000000002 32356183980.192242 65168305571.740456 30708.500000000004 7.6950000000000012 26.289117647058827 103.55262827308486 0.60490718728294535 1.2944444444444447 465.43784836679657 174.61595239280936 2.2479698658444863e+20 162.50000000000003 0.20615528128088309 0.3805286111517388 5.3388888888888895 127206812.00000001 5.4750000000000005 1889405570453.2622 4.1872793838470672 0.37282548461146886 41.053738157792509 21.500000000000004 4.7201265822784828 4.4333333333333353 6.0519047619047628 1.2944444444444447 50.500000000000007 185.34377659491963 11.500000000000002 1.8424614383774356 4.7201265822784828 4.5000000000000009 37.982061132686347 5.5250000000000012 4.3050000000000006 107.98316070541593 2.7722222222222226 258227081496.1629 4.7950000000000008 20.901503759398505 30.000304878048784 0.62042068843321652 4.8050000000000006 151.47392344497612 779.82269281538936 4.6164715719063549 735.44328314882227 4.8539817415539206 1512.2435472998675 1.0000000180025095e-35 5.6672323183897788 4.4667261904761917 0.29154759474226521 29.800173010380629 7.2950000000000008 7.623193277310925 7.870000000000001 258.50000000000006 3.2330932163774502e+17 0.91500000000000015 21.500000000000004
decision_type=2 2 2 2 2 2 2 2 2 2 2 2 2 2 2 2 2 2 2 2 2 2 2 2 2 2 2 2 2 2 2 2 2 2 2 2 2 2 2 2 2 2 2 2 2 2 2 2 2 2 2 2 2 2 2 2 2 2 2 2 2 2
left_child=1 3 7 12 10 34 16 -2 9 28 18 46 42 -9 52 19 17 33 31 20 22 -22 -16 24 -21 55 27 -26 29 -8 -30 39 -33 -7 37 -36 -37 38 56 51 -6 -10 -1 -44 50 -4 49 -48 -49 -12 -45 -3 53 -15 -55 -19 -5 -41 -59 60 -11 -47
right_child=2 4 45 5 40 6 8 13 41 59 11 -13 -14 14 15 -17 -18 25 -20 23 21 -23 -24 -25 26 -27 -28 -29 30 -31 -32 32 -34 -35 35 36 -38 -39 -40 57 -42 -43 43 44 -46 61 47 48 -50 -51 -52 -53 -54 54 -56 -57 -58 58 -60 -61 -62 -63
leaf_value=0.018739449442797523 0.044000447215136747 0.05848006337331655 0.046997985731407864 -0.02320122777961019 0.0082191412735392634 -7.1774751720960321e-05 -0.00033719817029345797 -0.065651988502850159 -0.033238027893968083 0.011690507892976135 -0.041369288341608329 -0.095167210521163351 0.032756013611033911 0.044646931242882666 0.003629785158227105 -0.099211652028076594 -0.01954621520689119 0.010018310891204531 0.042842704947024947 0.048643473691491433 0.036431758884373937 -0.060823636025126838 -0.11597425048823179 0.032396157529547574 -0.021973011110504426 -0.020197259802489695 0.048446373333605332 -0.11204675350669731 -0.0061017271352406767 -0.044111095126227462 0.012014690520633234 0.013130580096288733 0.034462736447096763 0.0040699869552067265 0.060377055864265096 -0.0058932615284603852 0.017800510647884123 0.019934308130062271 -0.056120763245573684 0.0021927089670012948 0.040858694685836999 0.029587062688773716 0.0028363946021246729 0.00020354583421279909 -0.012955449082237825 -0.075579694290210997 0.012052070078073436 -0.0046850927430599825 -0.11870901087924196 0.04270129788696813 0.011917023218801106 0.0073736132421364387 0.039661196237068548 -0.0035208021008052643 -0.11988822095978689 0.041698699330908452 -0.0063183626011623049 -0.08795388381673469 0.013505824947008319 -0.013614751080565497 -0.00013462413246201135 0.052977503230518454
leaf_weight=469.97358614206314 284.48376020416617 57.172582238912582 1231.9510023146868 316.7235268317163 120.31644848361611 11680.342584453523 10501.53297573328 18.574236147105694 25.69335525482893 1753.6408564038575 90.592168912291527 17.742388881742954 184.91385640203953 24.285878524184227 32.364704422652721 15.012284204363821 240.58450493216515 2989.7128214687109 138.70062076672912 29.007779464125633 308.44124939665198 19.822748798877001 15.686163596808909 68.922912552952766 157.14637296646833 115.00505332648754 17.586446672677994 20.903934344649315 8349.8757112212479 72.672082901000977 402.95042221620679 1375.5047022253275 334.32116963714361 11822.580464452505 33.126416489481926 578.96028713881969 294.56717075407505 138.88128170371056 43.801802381873131 720.42311147972941 380.22819415479898 269.23725570738316 9492.8075502291322 822.60280707478523 195.36529876291752 11.51372103393078 358.75357463955879 55.838817484676838 16.410310298204422 18.253035709261894 3151.8378099501133 78.863967224955559 268.99138488247991 15.530676469206812 10.837253808975218 88.265670001506805 4214.5731219984591 22.43192620575428 16.397266715764999 208.46568992733955 1196.2165469042957 8.5522513240575773
leaf_count=1433 1841 103 10666 2605 527 50822 38736 106 84 4931 315 85 792 59 88 62 1729 10230 648 82 1214 90 68 341 591 385 112 94 43981 253 2215 4433 1758 35500 111 2024 894 355 167 2318 1900 680 28948 2525 563 55 1137 168 72 49 8377 197 1240 67 47 185 23427 94 58 592 3549 53
internal_value=0.00303588 0.00198833 0.0330987 0.00133224 0.0140086 0.000285709 0.000918123 0.0208304 -0.00123969 -0.00157224 0.0111272 -0.00456023 0.00537708 0.0143878 0.0158678 0.0080902 0.00274299 0.00294386 0.0143152 0.0104949 0.0221348 0.0305588 -0.0354148 -0.00442597 -0.0157233 0.00980577 -0.0252672 -0.0325481 -0.00273472 -0.000638038 -0.00526771 0.0127963 0.0173016 0.00201164 -0.00530825 0.00422604 0.00209665 -0.007142 -0.00796393 0.00419209 0.0330131 0.024114 0.00501885 0.00454688 0.0084409 0.0459116 -0.00158238 0.00490498 -0.0305839 -0.0272709 0.00949265 0.0288523 0.0325325 -0.00532338 -0.051348 0.0109268 -0.00749842 -0.000226326 -0.0451082 0.00554145 0.00689522 -0.0207878
internal_weight=76016.5 73456.9 2559.61 69654.9 3801.95 55337.4 49716.8 1307.6 22780.3 22485.4 3301.41 557.59 14317.5 1023.11 1004.54 684.895 26936.5 26695.9 2743.82 669.882 376.315 328.264 48.0509 293.567 224.645 3192.98 195.637 178.05 19327 10574.2 8752.83 2605.11 1709.83 23502.9 5620.63 906.654 873.527 4713.98 4575.1 895.289 500.545 294.931 14132.6 13662.6 4169.81 1252.02 539.848 431.003 72.2491 108.845 3974.44 136.037 319.645 50.6538 26.3679 3077.98 4531.3 759.252 38.8292 3158.32 2949.86 20.066
internal_count=296831 279955 16876 266093 13862 223455 193872 6102 95021 94257 11435 1826 42638 4261 4155 2742 98851 97122 9609 2680 1460 1304 156 1220 879 10800 797 685 85185 38989 46196 8961 6191 86322 29583 3029 2918 26554 26199 2770 2427 764 41846 40413 11465 10774 1741 1377 240 364 10902 300 1413 173 114 10415 26032 2470 152 9072 8480 108
is_linear=0
shrinkage=0.05


Tree=64
num_leaves=63
num_cat=0
split_feature=20 18 20 33 30 33 7 16 47 47 50 0 46 12 44 2 24 10 26 36 27 37 17 47 50 33 48 40 34 50 2 33 48 12 15 24 26 40 30 33 10 32 37 12 18 18 15 12 44 40 40 32 27 47 23 10 40 50 48 29 26 46
split_gain=901.22 234.611 127.863 173.921 122.011 111.482 110.151 91.2897 74.9704 73.8671 81.8433 83.9048 63.0125 53.0359 51.2733 49.9947 44.1694 75.2088 64.2477 49.6008 366.317 94.3414 52.3905 43.4672 42.2399 41.4356 40.4552 38.7391 39.2672 40.4077 37.2387 37.0848 36.8403 36.6063 34.4172 37.0053 33.9776 70.9869 33.9685 33.3148 32.898 32.538 32.2013 32.0025 31.9113 31.6802 34.3211 31.0662 35.2138 31.0388 31.0361 61.7493 81.7992 41.2154 40.8542 51.2273 30.8256 30.7669 41.2626 30.6642 36.9277 36.593
threshold=34.500000000000007 22387917654.455784 98.500000000000014 4.7435897435897445 8.5000000000000018 4.9668217054263577 1.6050000000000002 62.359440559440579 0.37282548461146886 12.623343330469149 138.22010288437224 119.15000000000002 516.04800000000012 7.0050000000000008 0.30480909969621611 2.5000000000000004 0.4287440844579638 48.500000000000007 34.134990291262149 33.001269841269853 2.0999999999999996 8.0969880298559591 12.500749955005402 35.787245473242933 486.54259682889079 4.4454817637452377 1448954142357.0901 18.500000000000004 0.51660135966917176 326.37629440846257 7.5000000000000009 4.0983870967741938 359453317564.0509 4.2950000000000008 0.61348878775684879 0.77892406885734211 10.001271186440681 60.500000000000007 15.500000000000002 4.2252272727272739 2.5000000000000004 4.5700000000000012 22.850000000000009 7.205000000000001 539779159.35137594 17339064707.055447 1.0218693691841214 4.8900000000000015 0.57192781456780872 87.500000000000014 121.50000000000001 5.6950000000000012 1.3000000000000027 1.0000000180025095e-35 4.4947801857585148 10.500000000000002 480.50000000000006 165.07546602681867 79845990406.063477 2.7038788810620175e+18 57.87321428571429 69.929406779661022
decision_type=2 2 2 2 2 2 2 2 2 2 2 2 2 2 2 2 2 2 2 2 2 2 2 2 2 2 2 2 2 2 2 2 2 2 2 2 2 2 2 2 2 2 2 2 2 2 2 2 2 2 2 2 2 2 2 2 2 2 2 2 2 2
left_child=1 4 3 16 9 26 -3 8 13 42 11 15 14 -8 33 -11 50 18 19 22 21 -21 25 -9 -16 -18 34 -14 29 41 -17 -32 -7 -12 35 -6 37 -5 -10 -13 -35 -29 47 -25 -26 46 56 48 -1 -22 51 53 -53 -2 -54 -56 -27 -15 -59 61 -61 -33
right_child=2 6 -4 36 5 32 7 23 38 10 12 39 27 57 24 30 17 -19 -20 20 49 -23 -24 43 44 45 -28 28 -30 -31 31 59 -34 40 -36 -37 -38 -39 -40 -41 -42 -43 -44 -45 -46 -47 -48 -49 -50 -51 -52 52 54 -55 55 -57 -58 58 -60 60 -62 -63
leaf_value=0.0070565617232294341 -0.045319272269536998 -0.08426837149154312 0.048188437039356283 0.05479194831801365 0.025825424029300159 0.013679601024608462 -0.066481723559973241 -0.084403838661887234 0.02633899864208103 0.013305115481057079 -0.033001460179608325 -0.022884483979246174 0.013015516004250636 0.028174832418845747 -0.0054817984515983928 -0.015862009576846435 -0.060894173117359778 0.049891711409576815 0.039443365948163278 -0.41238570007643571 0.047381191702473957 -0.15633935842636762 -0.10828837012535147 -0.0451307388886951 -0.03083899334906744 -0.007362043689225716 0.022709802582155984 0.053472902500966896 -0.050475984320729118 -0.033160127392048953 -0.020480696534909294 0.0020869374920378875 0.034437869829004444 0.0017625986286451409 0.0030047684961263797 -0.025906971699907824 0.045965809667980473 -0.13897457649903897 0.045005668171619023 -0.0019640414219873246 0.056478547930303429 0.0022102646390987704 -0.078489065155592841 0.02312531046064702 0.03475163638405749 0.047985804341286367 0.024195064734862728 -0.0030217114548238182 -0.020781467716526204 -0.041740739629717367 0.033968795690700847 0.044703516482385408 -0.017941933308835523 0.04379729276516129 -0.15344867839576184 -0.017742942354850921 -0.085980489805948218 0.045841485344750618 -0.054598955707302971 0.021964214576787173 -0.01397640296438863 0.0070588840982699092
leaf_weight=1312.7288544848561 14.787928923964499 23.581686899065971 814.28032633662224 12.194816917181017 282.44639608263969 1563.8439601399004 27.692325793206692 21.904387965798378 645.95995899662375 1569.9108158051968 75.436628323048353 199.27234952896833 1004.1984047815204 82.397796556353569 5592.601579323411 233.46958415955305 26.995342582464218 74.936739549040794 74.54244277626276 6.5232594124972811 29.695283107459545 8.0211444199085218 11.755149163305758 28.453494273126125 245.61205606907606 219.30005815625191 271.6874187849462 35.223505213856697 42.971853315830231 73.119368180632591 150.16196215897799 9252.5257589295506 247.57476053759456 3148.4465079940856 18943.506821427494 39.389184176921844 668.50002097710967 7.7183824256062499 391.37924502417445 4225.891389362514 27.71329265832901 255.43027201294899 13.91557005047798 43.315303899347782 20.058343082666397 35.774154141545296 92.367572136223316 16269.000047847629 124.36132036149502 14.55958418548107 283.00123755261302 32.265383653342724 37.289401769638062 105.78761391341686 16.813893884420398 11.858997784554957 13.21977850794792 15.02593722194433 32.005730621516705 449.83575612306595 84.969475582242012 6167.5302482321858
leaf_count=5787 79 126 6960 56 963 4610 103 97 2793 4080 438 1040 2629 378 19384 1170 105 611 295 62 107 50 54 99 1358 850 907 93 152 287 867 31489 845 15160 53623 143 5028 58 2629 13774 60 711 56 167 44 226 381 92778 452 72 1339 132 120 401 86 55 62 47 155 1089 236 18823
internal_value=0.00289245 0.0018631 0.0317509 0.0243062 0.00148092 0.00465061 0.0228187 0.0247791 0.0285066 0.000142926 0.00154627 0.00325909 -0.00208969 -0.00367968 -0.00361254 0.00478251 0.0120566 0.00299104 -0.00360598 -0.0106093 -0.0534845 -0.271178 -0.00429745 -0.0227521 -0.00640716 -0.00114407 0.00355042 0.00774272 -0.00527511 6.43918e-05 0.0039636 0.00425101 0.0165167 0.00142242 0.00328023 0.0194939 0.0440486 -0.0203122 0.0333818 -0.00290612 0.00224002 0.00842264 -0.002459 -0.00393552 -0.0258868 0.00332819 -0.00158917 -0.00239925 0.00464755 0.0180606 0.0230351 0.0088933 -0.0205355 0.0328676 -0.052447 -0.0973213 -0.0118318 0.00975725 -0.0225097 0.00448378 0.016254 0.00407556
internal_weight=75846.7 73234.5 2612.19 1797.91 71922.8 21348.4 1311.72 1288.13 1194.46 50574.4 32854.4 22333.6 10520.8 157.122 9109.87 17908.4 1109.49 607.691 532.754 458.211 58.7993 14.5444 399.412 93.6732 5858.27 387.657 19537 1410.94 406.745 363.773 16338.5 16105 1811.42 3251.6 19265.3 321.836 688.413 19.9132 1037.34 4425.16 3176.16 290.654 17720 71.7688 265.67 360.662 324.887 17706.1 1437.09 44.2549 501.804 218.803 98.2277 120.576 65.9623 28.6729 232.52 129.429 47.0317 15954.9 534.805 15420.1
internal_count=296831 279642 17189 10229 273048 61091 6594 6468 6105 211957 112884 72568 40316 683 36444 57754 5087 2875 2264 1969 291 112 1678 363 20786 1624 55636 3872 1243 1091 53674 52504 5455 15658 54729 1106 5142 114 5422 14814 15220 804 99073 266 1402 1519 1293 99017 6239 179 2212 873 393 480 261 141 912 580 202 51637 1325 50312
is_linear=0
shrinkage=0.05


end of trees

feature_importances:
magnitude=412
mag_mean_90d=301
count_90d=258
dist_to_plate_boundary_km=232
energy_90d=191
depth_mean_90d=188
depth_std_90d=187
count_30d=145
elapsed_since_last_s=141
count_7d=126
depth=114
mag_std_90d=113
b_value_90d=111
energy_1d=105
count_1d=95
energy_7d=92
energy_30d=89
depth_mean_30d=87
mag_mean_30d=82
depth_mean_7d=71
depth_mean_1d=53
mag_type_enc=48
depth_std_30d=48
depth_error=47
rate_90d=42
mag_std_30d=41
depth_std_7d=40
mag_max_7d=36
b_value_30d=36
moment_1d=35
mag_mean_7d=34
mag_std_7d=34
gap=32
moment_90d=32
mag_max_30d=31
rate_7d=30
mag_max_90d=27
mag_std_1d=25
rms=24
h_error=22
depth_std_1d=20
b_value_7d=20
moment_30d=19
mag_mean_1d=18
rate_30d=18
mag_max_1d=17
b_value_1d=16
dmin=13
moment_7d=13
rate_1d=12
mag_error=7

parameters:
[boosting: gbdt]
[objective: binary]
[metric: auc]
[tree_learner: serial]
[device_type: cpu]
[data_sample_strategy: bagging]
[data: ]
[valid: ]
[num_iterations: 1000]
[learning_rate: 0.05]
[num_leaves: 63]
[num_threads: 8]
[seed: 42]
[deterministic: 0]
[force_col_wise: 0]
[force_row_wise: 0]
[histogram_pool_size: -1]
[max_depth: -1]
[min_data_in_leaf: 50]
[min_sum_hessian_in_leaf: 0.001]
[bagging_fraction: 0.8]
[pos_bagging_fraction: 1]
[neg_bagging_fraction: 1]
[bagging_freq: 0]
[bagging_seed: 400]
[bagging_by_query: 0]
[feature_fraction: 0.8]
[feature_fraction_bynode: 1]
[feature_fraction_seed: 30056]
[extra_trees: 0]
[extra_seed: 12879]
[early_stopping_round: 0]
[early_stopping_min_delta: 0]
[first_metric_only: 0]
[max_delta_step: 0]
[lambda_l1: 0]
[lambda_l2: 0]
[linear_lambda: 0]
[min_gain_to_split: 0]
[drop_rate: 0.1]
[max_drop: 50]
[skip_drop: 0.5]
[xgboost_dart_mode: 0]
[uniform_drop: 0]
[drop_seed: 17869]
[top_rate: 0.2]
[other_rate: 0.1]
[min_data_per_group: 100]
[max_cat_threshold: 32]
[cat_l2: 10]
[cat_smooth: 10]
[max_cat_to_onehot: 4]
[top_k: 20]
[monotone_constraints: ]
[monotone_constraints_method: basic]
[monotone_penalty: 0]
[feature_contri: ]
[forcedsplits_filename: ]
[refit_decay_rate: 0.9]
[cegb_tradeoff: 1]
[cegb_penalty_split: 0]
[cegb_penalty_feature_lazy: ]
[cegb_penalty_feature_coupled: ]
[path_smooth: 0]
[interaction_constraints: ]
[verbosity: -1]
[saved_feature_importance_type: 0]
[use_quantized_grad: 0]
[num_grad_quant_bins: 4]
[quant_train_renew_leaf: 0]
[stochastic_rounding: 1]
[linear_tree: 0]
[max_bin: 255]
[max_bin_by_feature: ]
[min_data_in_bin: 3]
[bin_construct_sample_cnt: 200000]
[data_random_seed: 175]
[is_enable_sparse: 1]
[enable_bundle: 1]
[use_missing: 1]
[zero_as_missing: 0]
[feature_pre_filter: 1]
[pre_partition: 0]
[two_round: 0]
[header: 0]
[label_column: ]
[weight_column: ]
[group_column: ]
[ignore_column: ]
[categorical_feature: ]
[forcedbins_filename: ]
[precise_float_parser: 0]
[parser_config_file: ]
[objective_seed: 16083]
[num_class: 1]
[is_unbalance: 0]
[scale_pos_weight: 3.10572]
[sigmoid: 1]
[boost_from_average: 1]
[reg_sqrt: 0]
[alpha: 0.9]
[fair_c: 1]
[poisson_max_delta_step: 0.7]
[tweedie_variance_power: 1.5]
[lambdarank_truncation_level: 30]
[lambdarank_norm: 1]
[label_gain: ]
[lambdarank_position_bias_regularization: 0]
[eval_at: ]
[multi_error_top_k: 1]
[auc_mu_weights: ]
[num_machines: 1]
[local_listen_port: 12400]
[time_out: 120]
[machine_list_filename: ]
[machines: ]
[gpu_platform_id: -1]
[gpu_device_id: -1]
[gpu_use_dp: 0]
[num_gpu: 1]

end of parameters

pandas_categorical:[]
