tree
version=v4
num_class=1
num_tree_per_iteration=1
label_index=0
max_feature_idx=63
objective=binary sigmoid:1
feature_names=depth magnitude mag_type_enc gap dmin rms h_error depth_error mag_error elapsed_since_last_s count_1d rate_1d mag_max_1d mag_mean_1d mag_std_1d b_value_1d depth_mean_1d depth_std_1d energy_1d moment_1d count_7d rate_7d mag_max_7d mag_mean_7d mag_std_7d b_value_7d depth_mean_7d depth_std_7d energy_7d moment_7d count_30d rate_30d mag_max_30d mag_mean_30d mag_std_30d b_value_30d depth_mean_30d depth_std_30d energy_30d moment_30d count_90d rate_90d mag_max_90d mag_mean_90d mag_std_90d b_value_90d depth_mean_90d depth_std_90d energy_90d moment_90d count_7d_m2 b_value_7d_m2 energy_7d_m2 count_30d_m2 b_value_30d_m2 energy_30d_m2 count_90d_m2 b_value_90d_m2 energy_90d_m2 dist_to_plate_boundary_km accel_count accel_energy b_value_trend mag_excess
feature_infos=[-3.29:721.79999999999995] [4:9.5] [0:24] [0:360] [0:4.8440000000000003] [-1:69.319999999999993] [0:267] [-1:367558.09999999998] [0:1.8400000000000001] [1:3100601919] [0:295] [0:295] [4:9.5] [4:9] [0:1.8500000000000001] [0.26521800421572628:13.028834457097254] [-3:700] [0:316.39999999999998] [0:178403054996004.31] [0:2.2459613947618291e+23] [0:660] [0:94.285714285714278] [4:9.5] [4:9] [0:2] [0.26162318186942879:488972116717136.88] [-3:695.39999999999998] [0:318.80000000000001] [0:179817587802942.03] [0:2.2637693077265336e+23] [0:860] [0:28.666666666666668] [4:9.5] [4:8.5999999999999996] [0:2.118175315375634] [0.23030767979717881:30.400613733227736] [-3:686] [0:326.05000000000001] [0:179828063735796.75] [0:2.2639011919073641e+23] [0:1140] [0:12.666666666666666] [4:9.5] [4:8.5999999999999996] [0:1.9000000000000004] [0.27143405118953229:30.400613733227736] [-3:679] [0:323.89308249619802] [0:179887371919091.5] [0:2.264647837698136e+23] [0:2006] [0.31086341862548561:26.057668914195201] [0:74488712.541960031] [0:3185] [0.32911937673063579:30.400613733226791] [0:95453563.316243201] [0:4861] [0.2895296546021679:34.74355855225965] [0:118915735.41884203] [0:9353.2746413738241] [0:12.857142856448295] [0:12.857142857142859] [-29.400613733227736:488972116717134.25] [-3.0999999999999996:4.6111111111111098]
tree_sizes=6772 6857 6868 6872 6882 6896 6884 6874 6929 6881 6909 6941 6908 6910 6915 6933 6939 6926 6917 6948 6908 6939 6941 6943 6941 6901 6932 6938 6931 6904 6933 6937 6930 6923 6919 6928 6915 6928 6954 6932 6913 6951 6929 6934 6919 6949 6930 6932 6918 6946 6927

Tree=0
num_leaves=63
num_cat=0
split_feature=28 49 38 38 21 49 10 62 63 40 1 46 18 49 49 18 1 28 40 1 18 30 40 43 18 43 45 21 10 49 47 49 21 63 46 6 38 43 21 43 45 9 45 1 62 61 56 38 1 40 26 43 1 49 1 1 40 43 17 21 21 45
split_gain=134021 26748.9 13890.7 3480.47 3357.3 2937.95 2312.07 1821.6 1666.74 1172.9 977.865 762.054 726.792 700.706 651.731 606.151 555.451 542.665 512.617 418.716 357.631 355.687 352.132 390.373 332.885 325.777 309.057 305.118 302.038 295.656 295.449 292.989 275.494 272.725 263.15 249.327 244.807 242.699 242.182 238.696 235.351 231.433 230.852 223.979 218.747 213.293 203.623 352.27 188.131 186.473 181.227 179.546 177.308 176.338 163.854 161.484 158.782 173.501 158.152 148.169 147.819 141.319
threshold=135528065.52262321 1.8485068172079382e+17 4120975412.130218 55478682.356264077 0.92857142857142871 34923081267916088 4.5000000000000009 0.2141337946512589 1.976478067387158 56.500000000000007 4.995000000000001 36.288750000000007 10785252.804535801 9.4497693307631437e+17 8.2042035927831101e+19 19172463.36987998 4.9050000000000011 11218445.981906753 11.500000000000002 6.3850000000000007 19172463.36987998 27.500000000000004 5.5000000000000009 4.7856282271944925 5630089.5572161963 4.8216148309113143 0.93540349948392765 1.7857142857142858 1.5000000000000002 8564218692479511 30.699528497156873 4.1873636410197189e+19 0.6428571428571429 0.61666666666666681 37.000117370892021 5.0600000000000014 23103098.851879265 4.7706594202898565 0.6428571428571429 4.3468276787425735 0.81040597101563838 40056753.000000007 1.2408413768664366 4.8950000000000005 -1.0000000180025095e-35 9.2142984707090729 83.500000000000014 11269852347.58779 4.6950000000000012 25.500000000000004 12.000787401574806 4.9142857142857164 4.4850000000000012 4.6210841669141732e+20 4.8050000000000006 6.9050000000000011 4.5000000000000009 4.8561828874976296 2.7027505224738886 4.7857142857142865 1.0714285714285716 1.2347588210974823
decision_type=2 2 2 2 2 2 2 2 2 2 2 2 2 2 2 2 2 2 2 2 2 2 2 2 2 2 2 2 2 2 2 2 2 2 2 2 2 2 2 2 2 2 2 2 2 2 2 2 2 2 2 2 2 2 2 2 2 2 2 2 2 2
left_child=1 5 4 11 13 8 14 17 16 18 12 33 34 28 24 21 29 30 51 -12 40 50 -13 48 49 60 53 37 45 -1 55 35 -14 36 -7 -8 -3 -17 54 -40 -15 -10 59 -32 -44 -2 -37 -48 -24 -4 -6 -9 -36 -11 -19 -5 -22 -58 -34 -29 -20 -23
right_child=2 3 6 7 15 10 31 9 41 26 19 22 32 20 -16 27 -18 38 25 -21 56 61 23 -25 -26 -27 -28 42 -30 -31 43 -33 58 -35 52 46 -38 -39 39 -41 -42 -43 44 -45 -46 -47 47 -49 -50 -51 -52 -53 -54 -55 -56 -57 57 -59 -60 -61 -62 -63
leaf_value=-1.1797833352833056 -1.0652311821296141 -1.1440188060162191 -1.0353939728914641 -1.1085896979109684 -1.1059120571071925 -1.1540746044218484 -1.0598114296625154 -1.0949341123212037 -1.0405095965565321 -1.0153025312101502 -1.1045619847897403 -1.1200704007425402 -1.108858993065911 -1.0398725852153714 -0.95673001909263322 -1.0155646510748253 -1.1499746895374805 -1.0792000932486074 -1.0602479920729286 -1.007886763152432 -1.0517482913305671 -0.97544412891807852 -1.1033493946402073 -1.0664032612413634 -0.97877254892721255 -1.0339348101633616 -1.0670922032756442 -0.96940181953090376 -1.0449854809901522 -1.1617225879014483 -1.0899646032191661 -0.93248557980642877 -1.0203146961076064 -1.0675130433186588 -1.1425438229549916 -0.9460424419134309 -1.1040936263682484 -0.9690041596295893 -1.1089204697885282 -1.02954896347235 -1.0810719110230675 -1.1087709779250741 -0.96504060928161717 -1.0586015780168037 -1.1353580500516884 -1.1050723939032856 -0.94835154892462392 -1.1407780626721946 -1.0820043754329798 -0.99265377288359702 -1.0320961024627509 -1.0631818309300867 -1.1252695235148025 -0.97682666715914557 -1.0564502141577414 -0.98726124488649292 -1.0299434911951484 -0.99732186572489323 -1.1190619469044332 -0.93739810369521592 -1.0152830155711925 -1.0925895543453312
leaf_weight=5263.3844670057297 647.25268495082855 1417.4294847249985 484.94302868843079 1914.6766318082809 98.059388995170593 2414.9116884469986 51.193468928337097 1029.1932851076126 267.87874257564545 1230.1952406167984 2351.0318038463593 1075.4158742427826 796.29489290714264 1084.7623596191406 2879.6008504629135 648.92831003665924 4142.4939684867859 2816.3581162691116 4416.4563266038895 117.60571074485779 351.40265011787415 375.90455591678619 3055.7488924264908 1450.7609349489212 2365.4955086708069 1933.9259222745895 237.18222332000732 983.27470815181732 678.0497659444809 3979.0145138502121 2165.044212937355 9255.7617514133453 161.33219408988953 171.97598314285278 3195.9341399669647 2872.7414168119431 526.58486473560333 492.13690853118896 111.62577128410339 625.55190312862396 509.42688751220703 231.45548808574677 39.102594256401062 772.33432602882385 36.40319550037384 698.42133164405823 66.199579834938049 37.120678186416626 1558.9529412984848 538.68066012859344 546.87349140644073 784.62891793251038 2775.5696312189102 392.89517664909363 1100.8506759405136 27.823413014411926 872.67890405654907 764.81483542919159 54.15919816493988 572.06821513175964 190.66848146915436 27.637585282325745
leaf_count=27172 2336 6630 1554 8036 408 11625 181 4129 877 3607 9739 4681 3345 3542 6156 1905 19711 10698 15641 333 1204 899 12608 5259 5764 6159 862 2271 2261 19567 8540 16744 484 626 14885 5725 2178 1134 469 1955 1948 972 88 2718 166 2898 134 172 5981 1414 1728 2810 12277 947 3842 71 2732 2056 235 1073 559 110
internal_value=-1.06365 -1.10914 -0.974626 -1.07621 -1.02405 -1.14623 -0.949512 -1.06436 -1.16184 -1.04968 -1.12796 -1.10151 -1.13532 -1.04868 -0.97422 -0.9879 -1.16519 -1.08007 -1.05768 -1.09996 -1.03539 -1.02028 -1.0937 -1.08903 -0.989081 -1.05116 -1.01378 -0.975651 -1.0722 -1.17201 -1.09172 -0.936902 -1.09529 -1.12787 -1.14015 -0.950405 -1.1332 -0.995483 -1.06786 -1.04157 -1.05304 -1.07215 -0.961775 -1.08172 -1.04715 -1.08591 -0.948523 -1.01749 -1.09614 -1.0129 -1.04332 -1.0812 -1.13451 -1.00599 -1.07281 -1.10685 -1.02125 -1.01471 -1.04513 -0.957631 -1.05839 -0.983467
internal_weight=82736.3 54757.3 27978.9 29006.3 9427.2 25751.1 18551.7 19749.4 13884.2 10215.1 11866.8 9256.87 9398.2 5606.81 6268.72 3820.39 13384.9 9534.27 8354.87 2468.64 3583.09 1048.48 7140.88 6065.46 3389.12 6541.05 1860.27 2771.91 2023.72 9242.4 4879.88 12283 1011.79 2115.99 8386.42 3027.26 1944.01 1141.07 4654.39 737.178 1594.19 499.334 1630.85 2937.38 75.5058 1345.67 2976.06 103.32 4614.7 1023.62 644.933 1813.82 5971.5 1623.09 3917.21 1942.5 1988.9 1637.49 215.491 1555.34 4607.12 403.542
internal_count=296831 230228 66603 109006 28759 121222 37844 71043 68299 34714 52923 37963 42851 18977 14888 9782 66450 36329 29298 10072 11482 3145 28529 23848 8732 22359 5416 6637 7495 46739 19365 22956 4064 9434 38787 6212 8808 3039 16964 2424 5490 1849 3598 11258 254 5234 6031 306 18589 2968 2136 6939 27162 4554 14540 8107 5992 4788 719 3344 16200 1009
is_linear=0
shrinkage=1


Tree=1
num_leaves=63
num_cat=0
split_feature=29 49 38 38 20 10 49 63 62 1 49 47 40 49 1 40 19 63 30 1 10 1 40 49 6 49 35 3 30 1 1 45 40 1 33 10 19 34 7 27 62 59 1 38 1 63 56 38 1 10 20 19 49 38 1 0 1 40 33 23 9 10
split_gain=106907 21516.8 12346.2 2840.85 2571.01 2159.94 1917.49 1503.55 1487.4 813.818 733.122 727.507 668.647 663.953 525.431 469.952 424.313 422.657 409.508 391.603 363.655 358.964 358.564 294.981 314.02 283.701 275.45 289.284 274.992 274.339 266.575 249.984 242.663 236.266 233.603 228.973 222.401 214.936 213.096 212.541 204.969 204.074 193.667 187.123 183.772 177.882 167.417 251.643 164.609 164.233 153.188 151.311 148.366 147.438 146.869 146.227 146.042 142.944 158.073 136.578 132.998 130.207
threshold=1.1925991111549221e+17 1.4745425704471254e+17 2897321915.5952106 55478682.356264077 6.5000000000000009 3.5000000000000004 34923081267916088 1.976478067387158 0.2141337946512589 4.995000000000001 7.4360792429993344e+17 21.467048876417898 52.500000000000007 2.9827088038210736e+19 4.9050000000000011 4.5000000000000009 11787570423789154 1.2260600071864889 26.500000000000004 4.6950000000000012 6.5000000000000009 4.7750000000000012 11.500000000000002 7.9478834514727879e+19 5.0600000000000014 8564218692479511 0.95332935051933387 113.45000000000002 44.500000000000007 6.035000000000001 4.8950000000000005 0.93540349948392765 35.500000000000007 4.705000000000001 4.6400892857142866 1.5000000000000002 7526740963821673 0.32953565816160169 6.5500000000000007 1.2106313607869836 -0.20637356084236655 253.66859616057994 4.4350000000000014 14045889.913667817 5.9350000000000014 -0.15833333333333274 83.500000000000014 11269852347.58779 6.4050000000000011 5.5000000000000009 2.5000000000000004 6796102009684863 3.2799837922054483e+17 18839071.39189044 4.6950000000000012 60.850000000000001 4.7750000000000012 8.5000000000000018 4.6500542299349252 4.3668787878787896 15092809.000000002 8.5000000000000018
decision_type=2 2 2 2 2 2 2 2 2 2 2 2 2 2 2 2 2 2 2 2 2 2 2 2 2 2 2 2 2 2 2 2 2 2 2 2 2 2 2 2 2 2 2 2 2 2 2 2 2 2 2 2 2 2 2 2 2 2 2 2 2 2
left_child=1 6 4 11 10 13 7 14 15 16 35 17 22 28 25 56 42 43 20 32 34 41 54 24 -7 -1 -20 39 36 -11 -24 -14 37 57 -6 45 -4 -17 55 -28 -34 53 -8 -3 -23 -2 61 -48 52 -18 -35 -15 -21 -13 -10 -9 -5 -12 -59 -41 -16 -26
right_child=2 3 5 8 18 23 9 38 12 29 33 21 31 51 60 19 49 -19 26 48 -22 44 30 -25 46 -27 27 -29 -30 -31 -32 -33 40 50 -36 -37 -38 -39 -40 59 -42 -43 -44 -45 -46 -47 47 -49 -50 -51 -52 -53 -54 -55 -56 -57 -58 58 -60 -61 -62 -63
leaf_value=-0.045326319220881456 0.019982291064588022 -0.003650587997530689 0.087426537216308831 -0.010206682449481492 0.070772482720649663 0.050756671667753328 -0.017605725706826468 0.096543522955038291 0.030514334635815113 0.023932992659588131 0.046298847095918721 0.021270035544708021 0.10822663597505605 0.13222551078509978 -0.0067957411233712326 0.0485219580548997 0.021525744609076497 0.1193843484975427 0.15610922738022592 0.043307436514720958 0.13567317525300501 0.048430967930780666 0.065979918221596282 0.17308224429928254 0.15143776867739139 -0.02746687870707859 0.15881949396632788 0.004901956348709418 0.1534881343799101 0.089382782247082682 0.088470153275916896 0.055377999400598947 0.017452980621072443 0.083350915020247343 0.11227065211956144 0.072494336140385196 0.11974788604159659 0.023350588599945897 0.017850786441289315 -0.035574831544938464 0.0647309319404311 0.005994903075225046 -0.00077029793495938636 0.020526263567360856 0.10190905188231709 0.053923430702667578 0.15171545546781998 0.0089623066392236495 0.1438613059314312 0.099213267491768009 0.11063549326890865 0.15322630914131685 0.067581971106524905 0.041069135998772988 0.059557652665601292 -0.0073550864528560038 0.028191185403882792 0.058419899736272318 0.089293097472559924 0.10132900098821339 -0.024797610677616821 0.16781450318703106
leaf_weight=5137.2085173428059 686.92884565889835 2023.9659185111523 843.66198210418224 374.95049557089806 582.44496336579323 66.897466346621513 3752.8141456097364 263.54635716974735 741.50761398673058 1861.6978217363358 394.12593396008015 1537.8632981330156 1573.5844167917967 1250.5735614299774 1999.0554925203323 1437.7955737113953 699.67156261205673 84.121479377150536 1158.1760869473219 840.96703398227692 902.31939473748207 2278.6739104837179 4247.0311642438173 9729.8726876974106 2018.9416496753693 3920.7375578582287 176.76201295852661 59.821145817637444 385.12633843719959 175.17231780290604 1910.1511977761984 260.85379037261009 274.81458343565464 1025.7799092084169 811.78360502421856 760.09802728891373 1441.7876869142056 2067.7046222537756 212.42426414787769 24.48015171289444 1382.7206679731607 821.82262904942036 3135.454397007823 1323.7845053076744 172.82988946139812 881.26403370499611 97.020352572202682 45.278608292341232 61.752297312021255 75.35647064447403 1031.9771713316441 2730.2595212310553 2502.8845347762108 2419.8232998549938 1054.0539133697748 38.857877388596535 729.25052398443222 610.59835946559906 1291.6508669108152 71.211899548768997 2107.8346455991268 3043.1878350675106
leaf_count=27172 2839 9245 2568 1722 1910 240 18047 797 2953 7674 1441 6394 4276 2890 9344 5385 2906 231 2270 3195 2068 8518 14470 16018 4025 19567 348 251 785 540 5897 934 1149 3233 2153 2522 3610 8469 880 118 4834 3589 14245 5533 517 3217 194 197 146 220 2831 5441 8607 9396 3760 172 2939 2141 3938 195 10367 5298
internal_value=0.0637474 0.0204575 0.135851 0.0483921 0.0912726 0.157406 -0.015534 -0.0275917 0.0597582 0.00147054 0.0726199 0.0276487 0.0735005 0.13369 -0.0308698 0.0458535 -0.00599598 0.00869102 0.124187 0.0498097 0.110941 0.0366461 0.0672238 0.167922 0.158396 -0.0375958 0.144596 0.104466 0.114403 0.0295617 0.0729571 0.100712 0.0411285 0.0847304 0.0949346 0.0499723 0.107817 0.0336747 0.056232 0.126327 0.0568924 0.0286676 -0.00994245 0.00590955 0.0522011 0.0390559 0.159779 0.106292 0.0629708 0.0290794 0.0970343 0.146629 0.061477 0.0333757 0.0475637 0.0831929 0.0151525 0.0737049 0.0793832 0.066306 -0.0160351 0.161283
internal_weight=85624.8 53502.7 32122 30122.9 10469.4 21652.6 23379.8 13679.7 19460 9700.17 6682.42 10662.9 9787.18 6651.41 13164.8 9672.84 7663.3 3431.87 3787 8568.64 2296.55 7231.01 7952.74 15001.2 5271.33 9057.95 1490.45 332.275 2670.58 2036.87 6157.18 1834.44 5163.04 4354.13 1394.23 2328.29 2285.45 3505.5 514.828 272.454 1657.54 4779.51 6888.27 3347.75 2451.5 1568.19 5204.43 142.299 3405.6 775.028 2057.76 3980.83 3343.85 3957.69 1795.56 302.404 1104.2 2296.38 1902.25 95.6921 4106.89 5062.13
internal_count=296831 224090 72741 112159 31475 41266 111931 68299 68736 43632 22162 43423 32290 15294 66450 36446 35418 15009 9313 31785 6131 28414 27080 25972 9954 46739 3182 912 6963 8214 20367 5210 19837 13584 4063 8578 6178 13854 1849 661 5983 19379 32292 14778 9035 6056 9714 391 11948 3126 6064 8331 11802 15790 6713 969 4661 7520 6079 313 19711 9323
is_linear=0
shrinkage=0.05


Tree=2
num_leaves=63
num_cat=0
split_feature=29 48 39 48 21 39 10 63 62 1 48 40 1 48 47 18 63 48 40 1 63 10 33 48 18 40 31 31 1 59 47 39 9 31 33 47 45 62 1 1 31 0 62 1 31 13 47 26 1 63 33 29 61 14 1 1 4 17 10 9 33 31
split_gain=87689.4 18828.8 9727.73 2311.49 2084.99 2070.18 1672.5 1359.14 1245.94 803.265 558.738 556.981 496.971 465.195 442.653 427.116 401.526 384.875 383.965 454.222 351.134 331.445 273.667 272.413 263.723 249.49 233.847 211.557 211.421 187.799 195.383 184.927 183.597 177.584 176.254 172.566 172.052 216.393 170.779 161.211 158.378 156.154 155.64 154.993 154.854 155.036 148.178 139.544 134.397 134.062 132.78 131.732 130.211 129.925 128.86 128.192 127.297 160.696 123.779 123.163 121.461 119.999
threshold=1.1575419178640243e+17 146832115.69885865 3.6475121856909481e+18 27740389.494676415 0.78571428571428581 37849931255660864 2.5000000000000004 1.976478067387158 0.24169220990228898 4.6550000000000011 750621859.10567415 12.500000000000002 4.9050000000000011 12301494904.492456 26.983093938437808 10369976.88598053 1.3261744236624622 32072638573.705318 4.5000000000000009 4.6950000000000012 1.1861983471074382 8.5000000000000018 4.4101724137931049 6802800.715789956 7635374.2564883111 35.500000000000007 0.95000000000000007 0.88333333333333341 4.8050000000000006 239.44153967647517 54.140385527974622 8564218692479511 57451204.000000007 0.11666666666666667 4.7800684931506865 11.500154828833358 1.2347588210974823 -1.0000000180025095e-35 4.5950000000000006 5.955000000000001 1.6166666666666669 111.65000000000002 -0.20637356084236655 7.0950000000000006 1.2833333333333334 4.7972953216374279 39.131682857213796 19.201923076923084 4.7750000000000012 -0.79999999999999927 4.6001063829787254 42074461307498680 1.0627549979893351 1.0000000180025095e-35 4.7750000000000012 4.8950000000000005 0.73410000000000009 4.1872793838470672 8.5000000000000018 15092809.000000002 4.7250231910946212 0.55000000000000016
decision_type=2 2 2 2 2 2 2 2 2 2 2 2 2 2 2 2 2 2 2 2 2 2 2 2 2 2 2 2 2 2 2 2 2 2 2 2 2 2 2 2 2 2 2 2 2 2 2 2 2 2 2 2 2 2 2 2 2 2 2 2 2 2
left_child=1 3 4 7 10 14 13 12 18 24 33 46 23 40 20 26 31 28 54 25 49 22 -8 -1 35 29 47 34 51 30 -20 -11 43 55 58 -5 -29 -38 -16 -21 -4 48 -27 -9 45 -15 -10 -6 -12 -3 -35 -13 -39 -33 -7 -2 57 -23 -17 -14 -46 -19
right_child=2 5 6 9 15 8 21 32 11 16 41 17 59 44 38 27 -18 61 19 39 -22 56 -24 -25 -26 42 -28 36 -30 -31 -32 53 -34 50 -36 -37 37 52 -40 -41 -42 -43 -44 -45 60 -47 -48 -49 -50 -51 -52 -53 -54 -55 -56 -57 -58 -59 -60 -61 -62 -63
leaf_value=-0.04415070407870219 0.017008966360718785 -0.035703816518801494 0.08839173183885117 -0.025552135266078108 0.024862060345647204 -0.010230615918231606 0.016437722080437849 0.04924369175227699 0.03205385770647242 -0.00012242971761811133 0.071234597594029975 0.05669947024721983 -0.0064794214457291957 0.10283031856015108 0.021857773377892062 0.086278667924882868 0.077153325482623575 0.079290720221114316 0.026245734636450548 0.056004983058785353 0.10718522989565134 0.13046562258516034 0.13892444979419932 -0.026484925023318423 0.021288601706563187 0.0228837989293601 0.11618814650292571 0.13873921337013961 0.082288584295733894 0.008707538259744135 0.049027515655353092 0.019643542475369535 0.014191254913709761 0.034150398548124683 0.12481753203943818 -0.0058517804154175302 0.14472841919496915 0.12672803883573594 0.044022198065055577 0.098220343243571706 0.1441747466928924 0.053739612458510611 0.058471716493258011 0.12081497144891154 0.12206310454406147 0.1288678376896906 0.057554782129420251 0.077488513956804728 0.092361124271123987 0.0068708673937065623 0.066819987403254719 0.075591055837831822 -0.06196287993358171 0.060133316909082607 0.026694302673764721 0.049964933517466253 0.15289658972331965 -0.051233945501031899 0.11995334538645924 -0.023873645976090568 0.14843402895644697 0.1083504369333444
leaf_weight=5013.4718180000782 611.40174624323845 199.28130942583084 1446.3377336263657 1455.1547917574644 156.09401381015778 350.3808791488409 45.957487091422081 210.6658243983984 1106.7879337221384 1285.7083805501461 1475.194039568305 3217.0273911505938 1992.0003442764282 1074.4181952625513 1661.451131105423 927.4988875836134 284.45954288542271 604.84719681739807 2256.6532807350159 4253.2717907875776 84.644136816263199 44.244018658995628 5895.3415138721466 3864.2605606168509 729.53863270580769 374.46326084434986 351.29861111938953 1164.7629420310259 1824.6909997463226 769.8684324324131 1614.4240244925022 2990.573760509491 200.05528062582016 419.19319687783718 909.56324416399002 4708.2291711121798 45.281485110521317 12.656084731221197 1822.311720252037 238.84855295717716 139.51631776988506 582.72355984151363 1710.9922489076853 118.02259023487568 803.31141445040703 1221.8723771721125 1173.7981575876474 652.55334906280041 1537.2406070828438 2562.6388615965843 1205.2403896301985 1293.924424752593 32.937068745493889 212.18407027423382 725.52365486323833 570.32778611779213 11472.608137667179 16.784919604659081 386.63974039256573 2080.6474347412586 956.61262150108814 860.87390971183777
leaf_count=27172 2480 1000 3938 7217 592 1610 165 728 4214 5727 4576 10841 9344 2627 6767 2592 881 1791 8919 14607 223 100 10626 19567 2980 1515 790 2146 5379 3235 5845 12463 827 1569 1955 21883 84 29 6707 661 252 1944 5828 294 1687 2440 4037 1948 4233 11220 3935 3969 174 749 2880 2026 17765 79 847 10367 1649 2136
internal_value=0.0588228 0.0190741 0.121489 -0.0125158 0.0828792 0.0467445 0.139929 -0.026619 0.0538861 0.00377953 0.0643815 0.066915 -0.0298271 0.116261 0.0215001 0.108402 0.0195466 0.0732691 0.0432019 0.0459384 0.00687322 0.147571 0.137977 -0.0364612 -0.00713819 0.0377165 0.0821271 0.117162 0.0679275 0.0312614 0.0357468 0.0158957 0.0519569 0.0476613 0.107897 -0.010503 0.133569 0.0673073 0.0334517 0.0582496 0.0932993 0.0774323 0.0520816 0.0749429 0.125238 0.116685 0.045179 0.06733 0.0820154 0.00379897 0.0583894 0.0621183 -0.00958466 0.022326 0.0146693 0.0329142 0.152513 0.0804924 0.0961863 -0.0153658 0.136397 0.0963586
internal_weight=88009.3 53851.7 34157.6 25145 11040.6 28706.7 23117 13479.1 22376.4 11665.8 6401.32 10082 12950.4 5642.07 6330.33 4639.29 4772.93 7801.36 12294.4 11218.5 2846.56 17474.9 5941.3 8877.73 6892.92 6726.4 1159.95 3479.34 6335.64 4640.95 3871.08 4488.47 528.744 2806.16 2223.7 6163.38 1255.64 90.8746 3483.76 4492.12 1585.85 3595.16 2085.46 328.688 4056.21 2296.29 2280.59 808.647 3012.43 2761.92 1624.43 4510.95 45.5932 3202.76 1075.9 1181.73 11533.6 61.0289 1314.14 4072.65 1759.92 1465.72
internal_count=296831 223583 73248 120199 31920 103384 41328 68299 77467 51900 20763 32367 66450 12593 25917 11157 19820 24116 45100 40610 12443 28735 10791 46739 32080 25342 3330 7827 20189 17999 14764 18939 1849 10010 5394 29100 2433 287 13474 15268 4190 10753 7343 1022 8403 5067 8251 2540 8809 12220 5504 14810 203 13212 4490 4506 17944 179 3439 19711 3336 3927
is_linear=0
shrinkage=0.05


Tree=3
num_leaves=63
num_cat=0
split_feature=28 48 39 62 20 48 10 63 40 40 63 43 48 43 48 43 63 43 47 18 40 30 40 63 59 63 48 47 63 18 30 9 9 25 18 61 63 10 45 0 63 61 54 20 46 40 30 39 43 63 26 43 63 59 47 46 44 43 18 30 48 10
split_gain=73527.2 16628.9 7910.13 2125 1729.4 1618.53 1367.78 1230.95 963.305 715.852 627.106 563.2 522.897 520.568 495.779 441.459 440.974 319.437 315.744 306.717 288.523 275.516 246.784 239.316 230.104 229.011 228.844 228.385 214.882 207.869 190.59 186.829 183.008 179.413 175.934 174.925 173.979 173.278 170.463 168.979 172.982 165.835 161.421 157.977 152.25 146.003 138.029 136.271 135.467 133.363 132.542 132.284 126.107 121.43 120.554 115.15 113.169 108.92 108.041 107.973 107.308 106.893
threshold=91946822.823629394 117127079.70090716 3.6475121856909481e+18 0.095219829368226941 6.5000000000000009 27740389.494676415 4.5000000000000009 1.976478067387158 19.500000000000004 4.5000000000000009 0.28571428571428609 4.7885895117540693 590668769.83615589 4.7920227272727294 23692498188.357643 4.6375216262975796 0.32605697522966454 4.7466919191919201 37.621924778461882 6802800.715789956 9.5000000000000018 27.500000000000004 50.500000000000007 -0.020822758037224883 268.777959470658 1.3861983471074379 7934640.6708218632 24.466833416227235 1.3261744236624622 10369976.88598053 26.500000000000004 167822.00000000003 28894.000000000004 0.94411843892011371 242640907.25654778 10.120098695014986 0.91601652892562024 5.5000000000000009 0.93063103264982605 93.050000000000011 2.4743801652892565 9.2142984707090729 0.98906394552047716 24.500000000000004 32.816441441441448 10.500000000000002 44.500000000000007 10011872336272718 4.66670396896449 0.82615521505700651 400.67500000000001 4.6786880122950825 1.4361415289256196 373.14419493819605 1.0000000180025095e-35 33.000694444444456 0.60394517809633508 4.4889649923896515 4819360.1677394193 8.5000000000000018 266295571.90843767 3.5000000000000004
decision_type=2 2 2 2 2 2 2 2 2 2 2 2 2 2 2 2 2 2 2 2 2 2 2 2 2 2 2 2 2 2 2 2 2 2 2 2 2 2 2 2 2 2 2 2 2 2 2 2 2 2 2 2 2 2 2 2 2 2 2 2 2 2
left_child=1 5 4 9 12 7 14 16 11 23 19 25 32 18 31 22 26 21 36 44 49 37 -10 -3 -20 27 -1 38 -12 35 -17 46 55 -23 -35 48 -11 60 -5 40 -9 -34 -24 51 -7 -15 -4 -29 -14 -13 58 -8 -25 -46 -31 -2 -49 -48 -16 -50 -6 -21
right_child=2 3 6 8 17 10 43 39 15 13 28 20 29 45 50 30 -18 -19 24 61 -22 33 42 52 -26 -27 -28 47 -30 54 -32 -33 41 34 -36 -37 -38 -39 -40 -41 -42 -43 -44 -45 53 -47 57 56 59 -51 -52 -53 -54 -55 -56 -57 -58 -59 -60 -61 -62 -63
leaf_value=-0.043348181064410213 0.041063398531045167 -0.0066995173018182313 0.095143921187354097 0.0082262336112766503 0.0084097694357780882 -0.025078204092406815 0.11149217148805578 0.032527267125769456 0.046569363292572788 0.011251129649335532 0.018456795531714535 0.036317259911866039 0.045384761587713734 0.047389995703830984 0.10865575357107456 0.071500325765978714 -0.016891789457524665 0.12100652541227293 0.039791592624144376 0.014118502783629484 0.065447381250350198 0.12455162534872573 0.0016407099955278695 0.020200336262183857 0.011844365879277056 0.1000748008588051 -0.026145311225572482 0.005186365912391527 0.067870984163555304 0.04687709261475316 0.10100694045882611 0.064331189132047481 0.045099396250564437 0.093726611384985947 -0.022948920857134694 0.028353235547698998 0.066537999495855135 0.09666624931507789 0.1046880182087397 -0.037927409846237513 0.09297956589251008 0.0094154938627453166 0.074597275101571131 0.13854243864830249 -0.0034910476804519003 0.078940351680207202 0.060515962815270767 0.040536660639136642 0.064737190001180431 0.098170048964215162 0.037686072785243059 0.13203733616898566 0.10715618143559202 -0.02982195590932743 0.084232736904134034 0.072492105194202183 0.0013460233531270771 0.13318199590196725 0.12507824320646976 0.095708210152515169 0.068896954217580936 0.062784161809435232
leaf_weight=4570.2735904455185 566.70350033044815 1878.0539581030607 2447.7166185379028 1354.8568317443132 80.694979414343834 1308.9992507398129 1008.3445863574743 289.38061599433422 3431.2263935506344 2923.5383806824684 2116.5848040729761 1737.8785357624292 550.3141872137785 1472.7042575627565 1349.4988075792789 3472.5372987687588 4820.9649724364281 1408.2433960288763 3875.629799798131 773.87584502995014 2546.6003085076809 760.39848884940147 80.026061967015266 889.87486062943935 909.33461067080498 114.81812505424023 3350.4168196320534 343.46883626282215 245.52871835231781 238.30748216807842 649.6563236862421 420.5423246473074 776.0084340274334 401.34257926046848 35.13833375275135 369.68149457871914 149.57590147852898 700.78821404278278 47.401758313179016 51.546488493680954 200.20497477054596 560.94717061519623 1441.771036863327 11102.80823302269 4644.7249759435654 488.25342264771461 58.686194002628326 3160.7105905860662 840.44011078774929 91.748554602265358 48.36026419699192 3513.3204780369997 43.744279161095619 483.43310295045376 2304.9176375567913 600.01425194740295 195.60626482963562 425.20125041902065 3883.7528365105391 423.07618322968483 802.70531459152699 132.09449119865894
leaf_count=25380 1993 8536 5729 5628 306 6526 1909 1060 11818 12119 8728 6381 1836 5172 2800 10336 23848 2695 14123 3219 7940 1346 314 3622 3710 294 17222 1446 747 780 1539 1225 2695 939 147 1323 468 1621 127 244 545 2289 4176 16298 21505 1473 159 11328 2535 248 145 5539 108 2415 6179 1834 808 714 6810 1079 2323 430
internal_value=0.0545973 0.0179528 0.110355 0.0416686 0.0760417 -0.0143372 0.126508 -0.0256778 0.052385 0.0258298 0.00118388 0.0413379 0.0612308 0.0321995 0.110537 0.0640625 -0.0288146 0.101604 0.0264484 -0.00602466 0.0545653 0.0917792 0.0540021 0.00358548 0.0344805 0.0302418 -0.0360714 0.0286703 0.0235931 0.0710168 0.0761506 0.095497 0.0427556 0.109885 0.0843338 0.0597007 0.0139421 0.0781 0.011487 0.0481818 0.0572479 0.0301275 0.0707607 0.135334 -0.00985827 0.0552456 0.0999678 0.0351829 0.0660897 0.0394189 0.120082 0.127456 0.0242746 -0.00597327 0.0807324 0.0572264 0.0382526 0.124369 0.120843 0.0751075 0.0633717 0.0212142
internal_weight=89965 54287 35678 31299 11419.7 22988 24258.2 13282.8 18668.3 12630.7 9705.24 9593.09 7230.41 9819.04 8633.76 9075.22 12741.7 4189.31 7858.08 7343.13 4376.23 2781.07 4953.02 2811.67 4784.96 5216.86 7920.69 5102.04 2362.11 4726.74 4122.19 3352.15 2503.67 1196.88 436.481 2183.51 3073.11 1584.19 1402.26 541.132 489.586 1336.96 1521.8 15624.5 6437.16 1960.96 2931.6 3699.79 1813.83 1829.63 5281.61 4521.67 933.619 5128.16 2543.23 1166.72 3356.32 483.887 5233.25 1263.52 883.4 905.97
internal_count=296831 223583 73248 111714 31920 111869 41328 68299 62383 49331 43570 34200 22543 37065 17582 28183 66450 9377 30420 34095 14569 6682 16308 12266 17833 19631 42602 19337 9475 13732 11875 7827 8811 2432 1086 6773 12587 4250 5755 1849 1605 4984 4490 23746 30446 6645 6602 13582 5450 6629 9755 7448 3730 23920 6959 3827 12136 873 9610 3614 2629 3649
is_linear=0
shrinkage=0.05


Tree=4
num_leaves=63
num_cat=0
split_feature=28 48 38 38 10 48 10 1 48 45 1 40 31 46 1 43 48 48 10 48 47 62 18 47 6 1 61 43 59 7 1 63 1 40 38 61 40 46 1 1 31 36 10 43 58 14 58 0 47 31 0 44 1 59 63 43 40 45 1 38 59 36
split_gain=62913.9 13592.1 7989.81 1628.55 1578.11 1389.4 1260.99 1117.16 941.56 924.613 605.512 584.117 483.391 451.227 440.414 361.243 350.589 256.578 255.982 253.387 252.087 248.046 234.006 226.911 211.206 207.484 206.485 212.686 205.924 196.577 187.413 184.569 181.705 181.539 172.467 165.798 165.257 159.107 158.804 134.005 130.336 123.802 121.464 151.575 119.368 118.326 113.305 112.129 110.996 110.827 105.75 103.277 102.701 99.6466 97.0323 96.1041 94.6599 94.6297 94.3235 93.8872 92.6142 108.2
threshold=63097256.284170322 117127079.70090716 2897321915.5952106 22276438.465284955 2.5000000000000004 27740389.494676415 2.5000000000000004 6.495000000000001 606406790.69893837 0.90262562678108538 4.995000000000001 21.500000000000004 0.81666666666666676 36.288750000000007 4.9050000000000011 4.8143398268398281 12301494904.492456 63132282318.027382 10.500000000000002 6802800.715789956 34.082945041451296 0.31667305972112075 10785252.804535801 25.743262294608673 5.0600000000000014 4.8050000000000006 12.381080750417047 4.8480131578947381 225.90149813208021 6.5500000000000007 6.3850000000000007 0.89090909090909121 5.1250000000000009 5.5000000000000009 514972211.54294413 8.5642771930957782 7.5000000000000009 29.800173010380625 4.7750000000000012 4.4850000000000012 0.24999999999999997 100.39615384615387 6.5000000000000009 4.4600420168067236 10108445.161979947 0.05000000000000001 15434628.720544891 519.55000000000007 4.0259093893013418 1.6166666666666669 93.050000000000011 0.21999999999999983 4.4050000000000011 127.78107266316873 -0.24444444444444399 4.425137362637364 3.5000000000000004 0.64277231498083276 6.8550000000000013 152245530.47491413 214.54981517367165 510.45267857142863
decision_type=2 2 2 2 2 2 2 2 2 2 2 2 2 2 2 2 2 2 2 2 2 2 2 2 2 2 2 2 2 2 2 2 2 2 2 2 2 2 2 2 2 2 2 2 2 2 2 2 2 2 2 2 2 2 2 2 2 2 2 2 2 2
left_child=1 5 4 13 8 7 16 14 25 11 22 15 26 32 19 23 49 24 34 -1 31 53 37 -5 48 35 27 -10 44 50 -12 52 -3 54 46 -2 -17 -7 -35 -39 -29 55 43 -26 -22 -21 -6 -30 -8 -4 -9 -20 -11 -13 -15 -18 -54 -14 -34 -23 -25 -62
right_child=2 3 6 9 18 10 17 29 12 20 30 21 57 33 -16 36 41 -19 51 45 28 59 -24 60 42 -27 -28 40 47 -31 -32 -33 58 38 -36 -37 -38 39 -40 -41 -42 -43 -44 -45 -46 -47 -48 -49 -50 -51 -52 -53 56 -55 -56 -57 -58 -59 -60 -61 61 -63
leaf_value=-0.0419514979532708 0.037660388411342685 -0.019269287299280544 0.073304797727111251 0.013715225850776731 0.074402037246929925 -0.026603014916252311 0.070919421377052427 0.076876286169284783 0.056432624223731846 0.0083455865999444694 0.020990839821468751 0.058955211088701644 0.12190530685276407 -0.011992917911737622 -0.014163812402484127 0.033168162582539157 0.021431930422771708 0.1262753893898218 0.027731159285662301 -0.026113963178062322 0.044519475315590445 0.057140527746195574 0.022537115332475627 0.042808476267438389 0.04366087296881524 0.051627341062732007 0.033663556335380922 0.069639297739917866 0.011951889453147596 0.0092126452683881453 0.088842286766932885 0.072493983215306299 0.01049178759385103 0.020450044699166375 0.095932765228652558 0.0091411366063020496 0.060588288873126908 -0.012888568912345327 0.044040394045971619 0.002499001333195007 0.097580113500937246 0.065897282608035637 0.1201118860319723 0.10870600083295208 -0.0017692443590025522 0.027332130494295993 -0.047760165382267981 0.042603362379684734 -0.058769192522626947 0.11717004795849875 -0.021126243185170188 0.11861668417181577 0.0075259054675382662 0.040828106046486345 0.018327516914066654 0.10588264835712179 0.031563745658488351 0.088920587584217961 0.096110783401303149 0.077927948435536215 0.010047680398556641 0.066127968258360245
leaf_weight=4780.0596753507853 1175.7699506282806 1153.4319852143526 1604.8337288349867 1144.9077989459038 1311.7808468937874 1076.7381498515606 57.821877554059029 303.77722078561783 2665.2893294990063 1460.9301823973656 1925.0914542675018 2382.5198513567448 350.32031241059303 482.92056792974472 3973.5366121530533 699.05578446388245 33.949331134557724 12122.5800434798 32.322151675820351 3649.7406563907862 4184.9362093359232 717.69347283244133 645.15017332136631 2990.5617654323578 93.109493285417557 1170.3275126218796 565.69777798652649 1385.0239260196686 1002.1816056519747 247.66514503955841 107.45070612430573 166.09190972149372 499.97236166894436 2111.697619125247 1969.8708123415709 899.47691929340363 2568.3054673969746 3003.3920876085758 1077.3663190305233 2675.1119663417339 597.40367245674133 209.53619967401028 4429.5103380084038 2352.5312751680613 144.07169057428837 106.58357553184032 19.259532675147057 424.86101996898651 23.085499227046967 158.18775288760662 30.269042938947678 949.07676514983177 547.9063663482666 1111.9693739563227 581.7165597230196 4376.4859573841095 1621.9831879585981 573.25911599397659 34.379612416028976 2233.8814710080624 454.44445544481277 106.08756448328495
leaf_count=27172 4082 5500 4108 4507 3512 5483 150 866 7948 6024 7677 7379 605 2221 19552 2497 110 17274 109 19087 14374 2176 2532 10168 262 3831 1892 3838 3989 1002 262 485 2140 8370 4278 3613 7790 14535 3722 12001 1355 525 6809 4230 600 480 85 1479 105 268 140 1600 2316 3746 2348 8283 5989 1310 89 5844 1782 325
internal_value=0.0509157 0.0151098 0.0988946 0.0372048 0.0680526 -0.0142238 0.115447 -0.0247648 0.0565733 0.043015 0.000405651 0.051012 0.068092 0.0137719 -0.0279144 0.0419548 0.0962098 0.121883 0.0932037 -0.0343151 0.0309524 0.0622012 -0.00623331 0.0330719 0.114229 0.0347929 0.0621856 0.0656572 0.0375491 0.0429688 0.0245778 0.0209519 -0.00810291 0.0224514 0.0865381 0.0252993 0.0547217 -0.008981 0.0284196 -0.00563957 0.0780593 0.103449 0.115174 0.10623 0.042979 -0.0245975 0.0726344 0.0210775 0.0339151 0.0772406 0.067996 0.115623 0.0185941 0.053187 0.00457413 0.105233 0.0254941 0.101432 0.0160004 0.0728734 0.0393126 0.0206616
internal_weight=91555 52428.4 39126.5 29903.9 13664.9 22524.6 25461.6 13091.6 9382.57 23962.4 9432.93 14409.4 6136.99 5941.49 12509.9 7963.36 6382.99 19078.6 4282.31 8536.38 9552.96 6446.06 7400.39 4696 6956.06 3245.57 5213.41 4647.72 5756.05 581.711 2032.54 3796.91 1687.78 4253.7 3300.91 2075.25 3267.36 6755.24 3189.06 5678.5 1982.43 4619.97 6875.15 2445.64 4329.01 3756.32 1331.04 1427.04 80.9074 1763.02 334.046 981.399 3630.82 3494.49 1064.64 4410.44 2169.89 923.579 534.352 2951.57 3551.09 560.532
internal_count=296831 216649 80182 105860 38058 110789 42124 68299 28474 81470 42490 46214 16948 24390 66291 27069 13294 28830 9584 46739 35256 19145 34551 16782 11556 11526 15033 13141 20442 2008 7939 14814 7729 16661 7875 7695 10287 32019 12092 26536 5193 8918 11301 4492 14974 19567 3597 5468 255 4376 1006 1709 14329 11125 4569 8393 8305 1915 2229 8020 12275 2107
is_linear=0
shrinkage=0.05


Tree=5
num_leaves=63
num_cat=0
split_feature=28 48 38 21 41 48 10 43 48 30 43 43 2 21 48 59 45 41 46 43 30 46 43 18 41 59 43 48 59 38 10 60 30 41 47 59 43 33 43 59 47 0 48 34 43 9 41 10 48 9 56 38 43 30 14 46 47 34 59 47 14 60
split_gain=54518.9 11189 8049.03 1971.93 1299.93 1173.78 945.22 925.429 698.959 534.597 423.999 412.163 369.938 308.792 302.086 284.757 258.548 249.236 246.286 224.739 247.391 200.137 175.301 174.986 172.498 163.993 190.374 162.538 155.908 153.706 151.493 163.656 146.538 136.062 135.569 134.978 127.568 116.409 114.959 111.245 108.512 107.4 106.939 105.46 105.347 103.313 102.802 100.826 103.256 98.6439 98.4682 222.292 95.7719 94.911 94.1689 93.7566 93.6197 92.8688 91.5436 90.3767 90.0606 87.7218
threshold=44680321.334957771 117127079.70090716 4120975412.130218 0.78571428571428581 0.07222222222222216 27740389.494676415 5.5000000000000009 4.7187739769820984 433974679.3229 8.5000000000000018 4.7501111111111127 4.3764705882352963 1.5000000000000002 4.9285714285714297 45903774432.835686 393.88566249663955 1.3985754501969134 0.11666666666666667 38.589587411534417 4.5727486128894599 3.5000000000000004 10.231385927505332 4.5600751879699262 5978702.8630194198 0.47222222222222227 342.2143492731139 4.2751562500000011 6802800.715789956 326.37629440846257 7931000.9060230451 8.5000000000000018 0.72776280310209163 20.500000000000004 0.13888888888888887 1.0000000180025095e-35 278.55189666055003 4.8561828874976296 4.699913941480208 4.4600420168067236 179.82692951672109 20.000281246045034 7.0035000000000007 22751352802.89983 0.32691742076555069 4.9200946372239764 335768928.00000006 0.083333333333333259 2.5000000000000004 260538373.55868104 42919.500000000007 83.500000000000014 11269852347.58779 4.6833333333333353 39.500000000000007 0.047140452079103203 15.000759878419455 2.2508330249197726 0.050617376914899107 441.9246103158444 1.0000000180025095e-35 1.0000000180025095e-35 3.4285714263673479
decision_type=2 2 2 2 2 2 2 2 2 2 2 2 2 2 2 2 2 2 2 2 2 2 2 2 2 2 2 2 2 2 2 2 2 2 2 2 2 2 2 2 2 2 2 2 2 2 2 2 2 2 2 2 2 2 2 2 2 2 2 2 2 2
left_child=1 5 3 8 21 12 14 9 35 18 13 -11 45 16 23 27 30 40 60 -10 49 -3 58 46 -13 26 -7 -14 37 -28 31 -5 -12 -24 -15 47 -22 -23 -25 -26 -9 43 50 -33 57 -1 -4 48 -2 59 -8 -52 -16 -40 -29 -50 -18 -19 -20 -21 -6 -32
right_child=2 4 6 10 7 25 42 17 19 11 32 24 15 34 52 -17 56 44 22 20 36 28 33 38 39 -27 29 54 -30 -31 61 41 -34 -35 -36 -37 -38 -39 53 -41 -42 -43 -44 -45 -46 -47 -48 -49 55 -51 51 -53 -54 -55 -56 -57 -58 -59 -60 -61 -62 -63
leaf_value=-0.0047569024419461398 0.021762980046479856 -0.024403839928523973 0.036604941599527256 0.09637085123583175 0.0020281093896442597 -0.020877052864399497 0.10856872697420417 0.020641985547295488 0.037332399960977702 0.0159341096209661 0.091635983436316723 0.04040070361702134 -0.030818407427935336 -0.011728668072280809 0.092146406058589092 -0.045106292053874411 0.070534621802081823 0.024879555416978085 0.02024756205175442 0.030022354202640697 0.060650881068596445 0.0061743584906829739 0.022046208384192113 0.040369638903216633 0.065779368897800283 -0.020286421761662645 -0.0063050639746649265 -0.017956711242936619 -0.018043278386645087 0.0092796273865098765 0.015573537070272918 0.091736062058439885 0.11797650575021464 0.041584503140888553 0.11304688460797548 0.0023303741246959091 0.077429203219368095 0.023357293060583498 0.08969442101266735 0.04068317507228951 0.044773989149299052 0.065960577103880522 0.11750416482315887 -0.025791136534782044 0.06848913208628693 -0.034938672115161912 0.076853612794521187 0.058122022565375908 -0.010217018026215037 0.032793288402284952 0.10800122565489959 -0.037320539322017975 0.10780407026701622 0.1102140221090524 0.027497766418840799 0.046609714116835399 -0.0091705533105088388 0.055543073184362718 -0.025040259109391807 0.067430874547776243 0.058912120799211702 0.099278952420075117
leaf_weight=2563.6639109551907 1429.7022370398045 400.79135318100452 182.7716231495142 460.41964371502399 1464.5798969268799 829.66439017653465 2532.941997513175 600.6639756411314 1080.1679851561785 1272.1491985619068 1268.5079401284456 3337.5073341578245 4269.6965372264385 22.588304758071899 1297.7295843809843 2037.2109473794699 50.888970747590065 265.93006263673306 3460.5034206211567 220.4290115237236 2603.481732904911 1825.2651466280222 1430.4112523496151 101.62711018323898 1533.3035901486874 934.22993165254593 2305.4384405016899 3598.2624265998602 380.70934301614761 5042.5566584318876 32.930146619677544 27.547631233930588 904.50762230157852 2363.1315572857857 600.25095176696777 375.96931245923042 2005.5943442136049 2142.8164390921593 2463.9788759499788 620.18210029602051 2075.3115127682686 2568.0299225747585 12424.948682442307 62.152882501482964 1663.0307726711035 318.79257468879223 1202.0983007103205 381.6205956786871 78.412245854735374 802.50339010357857 84.405655860900879 38.235483929514885 3946.8577820658684 730.63476045429707 117.67096468806267 976.39957596361637 133.46012020111084 3455.2140361070633 115.30284850299358 603.4959575086832 73.0522490888834 632.17370022833347
leaf_count=12125 5430 1920 540 913 6153 4088 3925 2287 3498 4927 2588 11112 23777 89 2427 11667 140 976 13172 735 7280 7777 5392 285 4270 4536 10667 18572 1742 21943 101 59 1376 7874 938 1524 4961 8171 4886 2016 6862 6685 17078 250 4568 1639 2811 1142 325 2648 133 156 6427 1187 519 3182 521 10275 524 1628 245 1167
internal_value=0.0476708 0.0125883 0.0895245 0.0633267 0.0332823 -0.01418 0.107671 0.0380613 0.0498238 0.0309798 0.0844046 0.0415781 -0.0238806 0.0757913 0.0956888 -0.0284204 0.0706532 0.0518288 0.0229324 0.0583882 0.0620357 0.00940507 0.0267302 0.086456 0.0475193 -0.000440745 0.00182646 -0.0241637 0.0125209 0.00438992 0.0734707 0.0688498 0.1026 0.0342173 0.108522 0.0304987 0.0679518 0.0154534 0.092722 0.0585519 0.0393572 0.0640821 0.115558 0.0103023 0.0580273 -0.00809493 0.0715417 0.0341937 0.0305183 0.0452702 0.10645 0.0626947 0.10393 0.0943874 -0.0165173 0.0423853 0.0128318 0.0533517 0.0187872 0.0574228 0.00473064 0.0951346
internal_weight=92824.5 50497 42327.5 17321.2 28479.9 22017.2 25006.2 23730.3 10557.8 15670.1 6763.46 6763.14 12905.3 4590.44 9925.7 10022.8 3967.6 8060.15 8906.98 7315.67 6235.5 4749.58 7369.35 4681.11 5490.99 9111.89 8177.66 7985.63 4348.79 7348 3783.25 3118.15 2173.02 3793.54 622.839 3242.1 4609.08 3968.08 3296.24 2153.49 2675.98 2657.73 15080.5 89.7005 5384.17 2882.46 1384.87 2866.13 2484.51 1626.43 2655.58 122.641 5244.59 3194.61 3715.93 1054.81 184.349 3721.14 3575.81 823.925 1537.63 665.104
internal_count=296831 209796 87035 47180 100263 109533 39855 80653 32353 55685 14827 22325 68299 10863 18563 54535 9836 24968 33360 20750 17252 19610 26962 9709 17398 41234 36698 42868 17690 32610 9175 7907 3964 13266 1027 11603 12241 15948 6358 6286 9149 6994 21292 309 15819 13764 3351 10079 8937 5011 4214 289 8854 6073 19091 3507 661 11251 13696 2363 6398 1268
is_linear=0
shrinkage=0.05


Tree=6
num_leaves=63
num_cat=0
split_feature=29 48 20 48 48 41 63 1 18 1 18 38 48 1 45 1 29 48 1 1 30 48 1 20 43 1 46 1 41 43 18 47 11 48 7 41 41 43 30 30 56 1 45 43 41 43 43 14 47 48 17 59 0 25 59 46 30 59 41 0 1 1
split_gain=47687.8 10057.7 7105.46 1930.14 1328.4 1069.93 1014.62 746.212 724.501 536.953 533.682 488.692 467.775 413.723 336.855 272.755 255.867 236.006 230.868 225.376 225.129 207.793 206.404 202.782 268.196 202.091 191.549 186.873 175.625 169.603 164.177 159.441 156.402 151.054 142.709 137.687 135.733 134.193 132.443 127.638 125.274 120.881 114.503 109.117 107.301 103.77 103.666 100.525 100.183 100.054 97.6724 94.154 91.4564 91.369 89.8249 100.076 89.4403 88.9755 88.0072 82.5601 96.879 81.2101
threshold=58062935577858344 139779534.96574333 8.5000000000000018 2526325039.0286708 27740389.494676415 0.07222222222222216 1.976478067387158 4.8950000000000005 49461351.124960564 4.995000000000001 11296214591.046471 51659626.536162287 272027708.2921471 4.9050000000000011 0.68124624612274831 4.7750000000000012 15578786189261326 6802800.715789956 4.6950000000000012 6.3350000000000009 66.500000000000014 367065762881.72784 6.9050000000000011 33.500000000000007 4.6833333333333353 6.495000000000001 33.181864722308418 4.4350000000000014 0.061111111111111054 4.7856282271944925 3009975.86020101 49.598729659827058 2.5000000000000004 32072638573.705318 6.5500000000000007 0.094444444444444414 0.038888888888888855 4.8715000000000019 6.5000000000000009 1.5000000000000002 15.500000000000002 5.6750000000000007 1.384372926143292 4.8428685714285722 0.038888888888888855 4.8561828874976296 4.5833892617449674 0.05000000000000001 12.186523798955495 33261411691.198246 1.0000000180025095e-35 1131.3816962159628 60.850000000000001 1.1207599532987127 111.29931973072065 24.504166666666674 22.500000000000004 393.88566249663955 0.2388888888888889 80.050000000000011 5.8950000000000005 4.6950000000000012
decision_type=2 2 2 2 2 2 2 2 2 2 2 2 2 2 2 2 2 2 2 2 2 2 2 2 2 2 2 2 2 2 2 2 2 2 2 2 2 2 2 2 2 2 2 2 2 2 2 2 2 2 2 2 2 2 2 2 2 2 2 2 2 2
left_child=1 4 3 12 6 15 13 11 14 27 21 26 32 17 56 44 31 57 35 29 43 30 36 24 42 -11 -7 48 50 58 38 49 41 54 52 -14 -17 -37 -5 -29 -28 -2 -10 51 -3 -38 -33 -19 -6 -13 -20 -16 -8 -22 55 -18 -4 -1 -9 60 -30 -32
right_child=2 5 8 10 9 7 34 19 23 25 -12 16 18 -15 20 22 33 47 28 -21 53 -23 -24 -25 -26 -27 40 39 59 -31 61 46 -34 -35 -36 37 45 -39 -40 -41 -42 -43 -44 -45 -46 -47 -48 -49 -50 -51 -52 -53 -54 -55 -56 -57 -58 -59 -60 -61 -62 -63
leaf_value=-0.035814447409541025 0.015416734075713196 -0.02603979684170812 0.077434122136154651 0.039183639331897682 -0.02541311443160606 -0.0036938985132685151 0.073015272832668163 0.034440241169197319 0.087117975496291619 0.019189992535282398 0.098648595590316468 0.020937452557558751 0.020743239596231634 -0.012702137470545233 0.06031944431447285 0.0044827135697798918 0.0015489850707613197 -0.024403597330594409 0.029798090655177484 0.099767891041760315 0.098767091616197608 0.095222051825507123 0.10079496592995874 0.11039072889777327 0.10598905141489515 0.090139145703705167 0.024803483722796272 -0.0080937508263994075 0.066067893332701993 0.0585998349863057 0.065085830407563994 0.029290512249511066 0.052141239781755166 0.070783921737220964 0.011899790268456778 0.042442070356134058 0.0043148223984439743 0.075615654841958105 0.064804003514939826 0.010363313037522352 -0.011111504587318093 0.068187403249279507 -0.0041506257872821811 0.10119306645802165 0.0018198852304650637 0.036068212477103373 0.047301388734589535 0.024259258067278314 -0.0077592837974096319 0.050106435800767284 0.081722548198189235 -0.041273939237113894 -0.0082990299779519879 0.064597321466478078 0.034440582781743577 0.051292251736294328 0.10263822453013222 -0.051653946657019646 0.051105343077860244 0.050335633556178462 0.10486049177100941 0.080531428060487298
leaf_weight=3368.1835908889771 1714.882517144084 484.7967790812254 419.74329853057861 730.18795557320118 1055.8425925076008 796.76639603078365 296.13965435326099 1800.4381009787321 2320.825297743082 2170.8845635652542 2202.6964141577482 3246.4073379635811 638.33121882379055 3937.6783427745104 1605.7487739771605 1135.8544443249702 105.74483448266983 3553.4890807121992 631.67519307136536 232.62111274898052 888.620705768466 737.61494554579258 76.140710547566414 11052.221355885267 5393.0054743587971 105.23283141851425 4416.9673539251089 1554.4375465512276 2293.2723111510277 2803.161277025938 1480.99217261374 1492.1661192029715 433.97416891157627 542.70792259275913 222.89774160087109 2564.7732445299625 345.88601553440094 345.97274880111217 1631.5099236965179 2356.9583539515734 256.92350342869759 115.8515937179327 34.88125079870224 168.05629995465279 1203.8192032575607 1004.5491378903389 1719.6346596479416 109.3922174423933 3364.3130240887403 323.26497027277946 105.72486943006516 23.13450676202774 39.151222914457321 250.87040907144547 1837.0738863795996 2307.8973285704851 2180.6518313288689 1203.3571455329657 1414.697137594223 803.45361417531967 173.09052412211895 2000.6592814475298
leaf_count=19776 6578 2374 886 2106 5377 3487 797 6055 4240 8539 3549 11654 2202 19711 3924 4860 397 19087 2089 507 1445 1336 179 14952 7892 237 16239 7248 5904 7939 3483 5177 1269 1331 880 7789 1382 832 4009 10091 1104 337 124 293 5055 3538 5253 480 15941 921 249 96 172 577 6070 6942 3465 7396 4171 2313 354 4171
internal_value=0.0447761 0.0120304 0.0835787 0.0603164 -0.0121204 0.0324907 -0.0230096 0.0367 0.101361 0.000947674 0.0773456 0.0312809 0.0450859 -0.0260324 0.0854645 0.00942305 0.0371012 -0.0324069 0.0510599 0.0514771 0.0738588 0.0702153 0.0197044 0.106043 0.0998412 0.0224702 0.0189663 -0.00493212 0.0592848 0.0496105 0.0670587 0.0308512 0.0251536 0.0459433 0.0429071 0.0417732 0.017221 0.0463851 0.0568827 0.00302825 0.0228292 0.0187561 0.0857665 0.0628341 -0.00617855 0.0279352 0.0389337 -0.0229503 -0.0119763 0.023579 0.0372428 0.0588765 0.0635204 0.0912443 0.0427718 0.0491129 0.0985699 -0.0399838 0.0417731 0.0642557 0.0687904 0.0739613
internal_weight=93827.9 50885.5 42942.4 18604.7 23338 27547.5 12730.3 23296.5 24337.8 10607.7 8783.66 17045.6 9821 12172.1 5536.83 4251.05 11574.9 8234.42 7556.29 6250.92 2936.43 6580.96 2562.43 18800.9 7748.71 2276.12 5470.66 8331.55 4007.22 6018.3 5843.35 6781.47 2264.71 4793.42 558.189 3549.08 2486.29 2910.75 2361.7 3911.4 4673.89 1830.73 2355.71 1796.94 1688.62 1350.44 3211.8 3662.88 4420.16 3569.67 737.4 1628.88 335.291 1139.49 4250.72 2413.64 2600.4 4571.54 3215.14 3269.82 2466.36 3481.65
internal_count=296831 210367 86464 48570 115732 94635 68299 77247 37894 47433 18654 58575 29916 66450 10686 17388 37745 46739 21732 18672 6335 15105 9959 27208 12256 8776 20830 38657 10909 18165 13769 23005 8184 14740 1849 10823 9780 8621 6115 17339 17343 6915 4364 4313 7429 4920 10430 19567 21318 12575 2338 4020 969 2022 13409 7339 4351 27172 10226 8571 6258 7654
is_linear=0
shrinkage=0.05


Tree=7
num_leaves=63
num_cat=0
split_feature=38 48 14 38 48 1 48 21 48 1 63 47 1 22 18 40 10 1 40 21 1 9 59 40 43 43 1 23 1 21 14 9 9 2 1 59 43 40 53 38 43 30 9 32 38 63 10 38 40 32 9 47 59 43 22 47 59 1 44 33 18 1
split_gain=42220.8 10225.4 5124.59 1473.01 1120.55 950.471 998.828 717.997 717.618 405.999 405.5 454.91 375.27 357.704 355.72 300.151 276.386 268.073 262.217 254.425 246.735 205.166 200.18 194.794 189.375 172.251 159.013 155.86 148.708 143.629 143.412 140.869 140.728 137.519 137.197 134.781 133.327 155.484 129.462 127.181 123.735 217.994 123.693 112.988 120.276 112.665 105.745 103.791 99.216 97.8532 95.3996 95.2477 94.95 91.7111 91.641 91.5071 98.9177 87.5918 85.9638 84.7729 83.285 82.8429
threshold=548273254.83659637 89127170.092246622 1.0000000180025095e-35 55478682.356264077 12301494904.492456 6.495000000000001 15848844.984281095 2.5000000000000004 260538373.55868104 4.9050000000000011 0.66835686777920345 25.39916542250155 4.4850000000000012 6.8050000000000006 9609211.4196398631 7.5000000000000009 3.5000000000000004 4.6950000000000012 10.500000000000002 0.5 4.7750000000000012 17942721.500000004 248.67454791952983 52.500000000000007 4.66670396896449 4.5700467289719642 6.5450000000000008 4.3201694915254256 5.9050000000000011 1.3571428571428574 0.050927248643506708 230766.00000000003 256872.00000000003 12.500000000000002 5.9350000000000014 441.9246103158444 4.825049019607845 177.50000000000003 8.5000000000000018 31621753.51953828 4.6400304878048795 72.500000000000014 19746.500000000004 5.5050000000000008 252624659.54191512 -0.30000000000000021 17.500000000000004 11219434.441211445 5.5000000000000009 5.4050000000000011 15092809.000000002 12.865644252351197 160.66422946579024 4.333615819209041 4.8900000000000015 1.0000000180025095e-35 118.51773684415902 4.4850000000000012 0.37722815142765515 4.385839598997495 1437357.3595397372 4.6950000000000012
decision_type=2 2 2 2 2 2 2 2 2 2 2 2 2 2 2 2 2 2 2 2 2 2 2 2 2 2 2 2 2 2 2 2 2 2 2 2 2 2 2 2 2 2 2 2 2 2 2 2 2 2 2 2 2 2 2 2 2 2 2 2 2 2
left_child=1 5 4 10 15 6 9 13 16 35 11 39 30 24 17 32 28 18 -10 42 23 -7 38 25 59 -17 43 54 45 55 -8 -14 -2 49 -12 60 37 52 47 61 41 46 -6 44 -19 -5 -29 -13 -26 -20 -11 -33 -21 -47 -9 -16 -57 -24 -22 -4 -1 -3
right_child=2 3 7 8 19 21 12 27 14 50 34 22 31 -15 29 20 -18 26 33 36 58 -23 57 -25 48 -27 -28 40 -30 -31 -32 51 -34 -35 -36 -37 -38 -39 -40 -41 -42 -43 -44 -45 -46 53 -48 -49 -50 -51 -52 -53 -54 -55 -56 56 -58 -59 -60 -61 -62 -63
leaf_value=-0.033311631419249831 0.037721853968650021 -0.010912388495329828 0.009374704106950741 0.0031959778661042452 0.08297768004757515 0.076804619064731836 -0.018925873049340736 0.1066420527627702 0.005339110628630267 -0.0046781774027609474 0.033454181152960137 0.015271466732296289 0.016608221497727695 0.097412822598426346 0.02271470355373606 0.018270238879659333 0.060599858454161826 0.045165086097881432 0.041430024699705949 0.070331211369200994 0.082227306510135267 0.020753669715582641 -0.0090692444614106603 0.066384968978875483 0.060794713713076987 0.04367841689940978 0.11010491861110219 0.065997303796457754 0.071145654660587102 0.079178843159504464 0.024615954578443438 -0.0098035498015259723 0.0065714722669593401 0.0026449670517697151 0.071081426987929616 -0.049673703315587514 0.09497048870079583 0.093852305092238575 -0.016389800998264124 0.016906820702627015 0.1040634320786035 0.10187000327414027 0.054378786664479817 0.032253382659057327 0.065010909341477879 -0.0036696673303834473 0.092112059116429931 0.030264126615987225 0.085231293243865011 0.026686012505206049 -0.02147557038582092 0.0053926622150018014 0.0338571264515245 0.023926343377716097 -0.017880539809364337 0.060151219781862268 0.04093061810716709 0.016720293085158343 0.057384290399515141 0.065833465689150106 -0.0045864749067492426 0.0048762199192757053
leaf_weight=4623.2599426209927 835.10665565729141 1752.0924389064312 68.926728695631027 1108.518204703927 486.00490580499172 277.09325057268143 3869.3989865928888 22.337917059659958 798.33700975775719 1493.5306627303362 718.17857640981674 1542.7811659574509 1444.0139685720205 3159.8440399467945 244.64216643571854 929.99592846632004 425.98207680881023 3685.2297635376453 4248.3383069634438 1080.660124450922 419.58231455087662 397.40726365149021 658.4656804651022 653.32772502303123 465.34417323768139 2359.1715344339609 97.445016324520111 772.61473108828068 131.02832727134228 575.15580025315285 198.82594801485538 1891.254823461175 640.76801715791225 297.12185613811016 365.57496060431004 1334.0635049343109 1326.8982323110104 678.96498057246208 181.23617628216743 999.88191547989845 11662.785571083426 3263.1410467922688 1702.619244620204 1233.4246812611818 962.9332636743784 331.30632105469704 777.96682152152061 4585.0916135758162 3868.2918008416891 1530.844409763813 1947.4963273406029 2267.3807535916567 213.71639204025269 3299.0315628051758 43.641337603330612 2252.7343715578318 952.39070115983486 658.50542271137238 2047.2130876034498 1878.0753153264523 266.90538127720356 1580.0743380486965
leaf_count=27112 2454 8096 229 4523 910 703 19783 38 3088 7278 2463 6021 5971 4663 816 3182 1075 10879 13037 2274 890 1474 2895 1571 1099 6752 187 1554 350 1139 778 9038 2455 1137 957 8330 2196 1157 814 3864 15671 4524 4391 3971 2471 1386 1205 16166 7006 5047 10172 10013 574 11956 159 5963 2807 2525 5287 4156 1399 6750
internal_value=0.0421774 0.0139767 0.0817495 0.0301945 0.0566016 -0.0145648 -0.0166 0.0946937 0.0380368 -0.0279673 0.0168606 0.0142065 -0.00523931 0.0836912 0.0430752 0.0445265 0.0219789 0.0390134 0.0322794 0.0739484 0.0492077 0.0437801 0.0215566 0.0414477 0.0767878 0.0364944 0.0467561 0.100973 0.0186006 0.0560467 -0.0167979 0.00315363 0.0241976 0.0358189 0.0461467 -0.0355868 0.0827148 0.0744739 0.0252578 0.00126732 0.10128 0.0945353 0.0607294 0.0457065 0.0492764 0.0171478 0.0790998 0.0264895 0.0826073 0.0375245 -0.0141849 -0.00151824 0.0643089 0.0214079 0.0242778 0.0521901 0.0544399 0.00382591 0.0616099 0.0638347 -0.0317438 -0.00342562
internal_weight=94584 55227 39357 35216.3 13374 20010.6 19336.1 25983 22174.5 9665.26 13041.9 11958.1 9670.87 9440.48 16878.6 7885.17 5295.87 12853.7 6874.64 5488.86 6409.29 674.501 7626.08 3942.5 6280.64 3289.17 5979.03 16542.5 4869.88 4024.92 4068.22 5602.65 1475.87 6076.3 1083.75 6224.23 3300.24 1973.34 6309.11 4332.05 16476.5 4813.72 2188.62 5881.59 4648.16 4738.86 1550.58 6127.87 4333.64 5779.18 3441.03 4158.64 1294.38 3630.34 65.9793 3449.77 3205.13 1316.97 2466.8 1947 4890.17 3332.17
internal_count=296831 222434 74397 120383 34093 102051 99874 40304 69832 54291 50551 47131 45583 17153 50542 22591 19290 39817 22309 11502 17682 2177 28421 11505 12490 9934 17508 23151 18215 10725 20561 25022 4909 19221 3420 36841 6201 4005 23001 18710 22954 7283 5301 17321 13350 17865 2759 22187 8105 18084 17450 19051 2848 13342 197 9586 8770 5420 6177 4385 28511 14846
is_linear=0
shrinkage=0.05


Tree=8
num_leaves=63
num_cat=0
split_feature=38 49 21 28 18 49 63 46 18 10 63 40 49 63 38 49 55 63 45 38 40 45 43 21 45 18 40 49 43 63 43 63 44 44 63 63 49 0 63 40 44 43 30 43 40 60 10 44 43 26 49 0 30 63 58 30 43 54 33 36 14 21
split_gain=37584 9416.42 4433.55 1286.21 1073.42 877.666 819.427 630.361 532.389 423.565 391.35 388.84 379.005 351.708 332.993 331.637 241.298 226.245 202.377 189.725 185.812 185.659 181.021 174.089 173.464 171.957 170.971 169.141 161.047 155.144 144.736 144.626 135.877 134.512 133.401 130.861 127.203 125.317 129.307 125.233 124.828 120.336 120.001 113.373 136.356 106.711 122.571 103.102 102.773 102.712 98.1171 95.0825 94.7909 92.057 95.7726 87.0745 84.8792 82.1892 81.0245 80.7189 80.3647 80.1411
threshold=629310439.96096146 1.2529882743989946e+17 1.0714285714285716 14745244.425149115 14153538.347559856 29840952058532464 1.976478067387158 36.288750000000007 36625724.721994855 2.5000000000000004 0.36666666666666675 52.500000000000007 3.2799837922054483e+17 0.32605697522966454 22432160661.166283 2.8505807344636854e+17 6712091.3834202606 -0.033333333333332764 0.80177442812908062 22388468.962413989 10.500000000000002 0.68124624612274831 4.6735347788750543 3.3571428571428572 0.89421789473568747 12639067.29055115 52.500000000000007 4978130357378951 4.6928230765777901 0.41867732558139498 4.7213059619201649 1.4361415289256196 0.45334946688794447 0.42656248728123719 0.66835686777920345 -0.19614239926739915 8.0500351964326131e+17 93.050000000000011 2.4743801652892565 21.500000000000004 0.39070645068696785 4.36224318658281 66.500000000000014 4.9200946372239764 16.500000000000004 12.857142847689076 7.5000000000000009 0.38436094147732203 4.8001315789473704 10.001271186440681 4.0377059723727593e+19 64.050000000000011 30.500000000000004 0.2500000000000005 12379983.556431379 4.5000000000000009 4.2751562500000011 0.98321821436898305 4.3334368530020724 14.28331195350542 0.047140452079103203 0.92857142857142871
decision_type=2 2 2 2 2 2 2 2 2 2 2 2 2 2 2 2 2 2 2 2 2 2 2 2 2 2 2 2 2 2 2 2 2 2 2 2 2 2 2 2 2 2 2 2 2 2 2 2 2 2 2 2 2 2 2 2 2 2 2 2 2 2
left_child=1 5 4 7 11 6 13 19 21 12 25 18 53 27 49 34 45 20 43 29 32 52 -22 28 26 35 33 -1 -10 -3 -19 61 -17 48 47 -7 -35 38 -8 59 41 -26 58 44 -2 46 -11 -9 -14 -6 -20 -36 -4 54 -5 -27 -37 -13 -23 -21 -29 -12
right_child=2 3 8 9 14 10 37 15 23 16 31 57 24 -15 -16 17 -18 30 50 39 22 42 -24 -25 40 55 -28 60 -30 -31 -32 -33 -34 36 51 56 -38 -39 -40 -41 -42 -43 -44 -45 -46 -47 -48 -49 -50 -51 -52 -53 -54 -55 -56 -57 -58 -59 -60 -61 -62 -63
leaf_value=-0.040272766882669793 0.019542892825010393 -0.014911108779208282 0.069534909702731559 0.01770633222844226 0.040561811707650712 -0.018609086504171476 0.022963418044674246 0.015066857695327686 0.074259045640516497 0.056950241966759289 0.013059917355197268 0.0030666752094129124 0.043143574905178353 -0.014041614483074977 0.08709583960114492 0.023802252099647342 -0.060020532585304834 0.030375942702699485 0.021736034352278645 -0.02357897117963028 0.021435137249489769 -0.016012997317532158 0.042355422578058473 0.097487939407681759 0.0022972472732126349 0.0065276927650092633 0.065353188385781247 -0.025688678113584353 0.092366536102363853 0.027840785631275951 0.047541076545998991 0.0592357435589142 -0.0019473197662134623 0.012982710911834998 0.058366154027044828 -0.020872490409830871 0.039859949916897633 -0.039321011739130836 0.073752099959111264 0.027236224543575646 0.016715635618568436 0.041271528126437786 0.079766932414867028 0.055358058691726497 0.045211093964221398 -0.020260208373024585 0.084335216741231386 -0.0049936457080258225 0.061929814167521781 0.065400809200008278 0.05377831970211519 0.0094792458405958541 0.091566965014357515 0.036592492534892433 -0.047153383945591154 0.046655222895767429 -0.00075220824145056276 0.068049624756425522 0.05925125572063529 0.009038509067851563 0.021988766523736051 0.10832508014818028
leaf_weight=3285.5984993726015 724.29438489675522 1554.4616374522448 666.6278151422739 2203.6862331628799 465.12685856223106 2325.8293407410383 302.72648346424103 3421.9842301756144 1704.9036773443222 1631.3044971078634 1630.3925557136536 50.35066394507885 2146.9808048307896 4452.4087985157967 2067.8122684210539 1050.7600936889648 41.029902011156082 2818.9730296730995 1995.3040211349726 238.74223183095455 2684.3592872023582 36.656951546669006 1681.9143779873848 13448.561549216509 216.68730130791664 527.99090984463692 959.31465657055378 3376.4153958261013 4389.1828303188086 245.75945287942886 2176.0495654940605 201.31855158507824 999.80125631392002 550.00309890508652 273.11957581341267 616.63896852731705 2205.3976255059242 49.461756959557533 213.85210298001766 893.09694014489651 957.95842701196671 2303.0104660242796 1002.0331301093102 1462.940393269062 1811.2437805384398 38.411954253911972 545.1544254720211 787.99966949224472 1101.5243438184261 3955.8529750853777 271.4095760434866 156.42770613729954 1823.9565163254738 716.88751371204853 58.42451585829258 181.71905381977558 3495.5325282216072 1447.5449907928705 1458.9156448841095 922.93094693124294 90.761028289794922 22.37936107814312
leaf_count=20623 2347 7392 1331 8195 1203 11797 1052 13336 3096 4126 6621 170 6247 23115 3281 3793 180 9268 6732 1079 9466 136 5048 18139 805 2152 2234 19098 6453 880 6380 556 4071 1914 804 3189 6348 239 539 3023 3300 6933 1759 3685 4929 137 967 3347 2790 8649 687 570 2807 2346 282 575 16097 3210 3257 3593 401 52
internal_value=0.0398213 0.0137509 0.0777041 0.0293673 0.0555249 -0.0129983 -0.0219858 0.0209315 0.0905898 0.0400798 -0.00124583 0.0429795 0.03671 -0.0249509 0.070534 0.0252919 0.0601259 0.0298744 0.037508 0.00277578 0.023663 0.0760101 0.0294938 0.0943112 0.0411984 -0.00655553 0.0457529 -0.0321438 0.0873007 -0.00907478 0.0378538 0.0192236 0.0112474 0.0426211 0.0140202 -0.00913043 0.034495 0.036709 0.0439888 0.0131583 0.0320789 0.0379198 0.0663775 0.044274 0.0378788 0.0623516 0.0638096 0.0113121 0.0495137 0.0627875 0.0255727 0.0405631 0.0856699 0.0209792 0.0160312 0.0168022 -0.00376934 0.0658653 0.0574065 0.0023351 -0.0244406 0.0143499
internal_weight=95137.9 56355.2 38782.7 35582.2 14251.9 20773 11771.2 19906.4 24530.8 15675.8 9001.8 7763.09 13419.9 11205.2 6488.79 16051.4 2255.9 11411.9 6265.19 3854.99 6416.84 4988.19 4366.27 19542.6 10440.9 7147.71 6963.22 6752.77 6094.09 1800.22 4995.02 1854.09 2050.56 6003.91 4639.53 6438 2755.4 566.04 516.579 2054.77 3477.66 2519.7 2497.61 3998.48 2535.54 2214.87 2176.46 4209.98 3248.51 4420.98 2266.71 429.547 2490.58 2979 2262.11 709.71 4112.17 1497.9 1495.57 1161.67 3467.18 1652.77
internal_count=296831 224960 71871 118854 34893 106106 65067 72050 36978 46804 41039 21760 41394 63237 13133 56083 5410 38026 18380 15967 22378 9290 14514 27688 30571 33810 19533 40122 9549 8272 15648 7229 7864 17299 18057 31083 8262 1830 1591 7695 11038 7738 5152 10961 7276 5230 5093 16683 9037 9852 7419 1374 4138 10823 8477 2727 19286 3380 3393 4672 19499 6673
is_linear=0
shrinkage=0.05


Tree=9
num_leaves=63
num_cat=0
split_feature=29 48 38 62 30 48 63 10 10 40 1 47 1 1 63 43 1 40 10 43 43 1 48 40 1 26 1 40 38 1 40 0 40 16 45 26 10 18 9 1 44 48 43 54 9 48 43 44 43 40 1 30 43 21 43 48 56 38 47 9 30 1
split_gain=33685.2 8317.21 4078 1155.05 1074.66 808.188 742.786 613.36 532.975 495.427 423.786 417.736 375.569 340.5 294.113 239.809 234.975 243.906 225.203 203.025 194.349 189.559 189.181 185.044 178.747 163.252 158.961 155.585 155.231 155.017 153.599 128.897 128.316 127.581 126.79 142.071 124.914 120.118 112.464 111.808 109.239 106.591 100.586 99.6256 98.6246 93.7255 93.2357 116.371 91.2764 90.4967 90.1923 88.6637 87.7138 83.7034 83.5871 81.8083 101.891 166.114 81.7986 81.0278 80.6845 79.2054
threshold=1.1925991111549221e+17 99528396.413357928 4991429223.2918406 0.095219829368226941 17.500000000000004 15848844.984281095 1.976478067387158 5.5000000000000009 2.5000000000000004 19.500000000000004 4.9050000000000011 30.344459107330653 4.9050000000000011 4.8950000000000005 0.89090909090909121 4.6786880122950825 4.8050000000000006 8.5000000000000018 3.5000000000000004 4.7571605374823216 4.5154946628926114 6.1050000000000013 65168305571.740456 9.5000000000000018 5.9050000000000011 113.36500000000001 4.5950000000000006 42.500000000000007 19259100.626718305 4.4350000000000014 37.500000000000007 500.05000000000007 3.5000000000000004 10.039077412513256 1.4476482730108382 9.9663841807909623 3.5000000000000004 10369976.88598053 57451204.000000007 4.6550000000000011 0.37903868696907456 484076989611.0094 4.7600366300366312 0.98906394552047716 178220.50000000003 50063323.334285207 4.9142857142857164 0.4791659420284376 4.8800255754475712 61.500000000000007 7.0950000000000006 8.5000000000000018 4.4600420168067236 5.0714285714285721 4.8334733893557438 33261411691.198246 83.500000000000014 11269852347.58779 3.6000000000000014 127206812.00000001 154.50000000000003 4.995000000000001
decision_type=2 2 2 2 2 2 2 2 2 2 2 2 2 2 2 2 2 2 2 2 2 2 2 2 2 2 2 2 2 2 2 2 2 2 2 2 2 2 2 2 2 2 2 2 2 2 2 2 2 2 2 2 2 2 2 2 2 2 2 2 2 2
left_child=1 5 4 11 8 6 12 22 16 13 18 14 44 23 28 27 17 -2 29 25 -19 -12 37 46 54 34 30 -11 -3 -7 40 36 -18 -10 53 -36 42 58 50 -30 -13 -17 -25 -29 -1 -31 47 -5 -34 61 -8 -45 -39 60 -15 56 -9 -58 -4 -14 -6 -35
right_child=2 3 7 9 19 10 38 55 33 15 21 26 59 24 -16 41 32 20 -20 -21 -22 -23 -24 31 -26 -27 -28 43 39 45 -32 -33 48 49 35 -37 -38 52 -40 -41 -42 -43 -44 51 -46 -47 -48 -49 -50 -51 -52 -53 -54 -55 -56 -57 57 -59 -60 -61 -62 -63
leaf_value=-0.011853481489450795 0.0084710672002902259 -0.0066729178018630157 0.026600770582291357 0.013965186686583822 0.066585262234355722 -0.015909691619219467 0.031142140382938045 0.086563652828692161 0.042428651047985627 0.030457257967899189 0.011652206060639943 0.018707994517072665 -0.0095522280045243213 0.028049440862767241 0.054055868953568169 0.050312981437327875 0.028227456338732849 0.010028279682507127 0.050130297787638778 0.089811363616119425 0.041485960181359756 0.063612709600698938 0.08281065276800971 0.017516861569726611 0.073815507063903885 0.01548488056211908 0.030952459723407058 -3.9875360377803906e-06 0.0021018933308041996 -0.009593920108598367 0.035525508395516464 0.05922484150203098 0.042000407902820246 0.062084912882532609 0.10245360385627303 -0.039868838358786539 0.090246966087232566 0.01789589692054968 0.0049776951872371189 0.019414115390250588 -8.6056469582082898e-05 0.080735245606284742 0.033552325656014029 0.014087754217285029 -0.035544616838911317 0.006019642981077474 0.025857048176469551 -0.013413721991792802 0.061898892646782069 -0.018579396619211881 0.084080505546072076 0.050950120165671624 0.075012449880287935 0.085378620259696225 0.043451396176633017 0.093671884581485676 0.082889316483071962 -0.039939627783757141 0.0613688109098844 -0.030761360781681873 -0.024371863288267445 0.08254687517505177
leaf_weight=477.47554606199265 1094.2277656048536 2095.7773606926203 194.42112459242344 922.16281081736088 2067.7265405654907 4292.1700475811958 213.34616070985794 3341.1972115784883 685.1285308599472 3768.060139760375 2139.0335180163383 2339.6920956373215 2883.3531856536865 1714.1450968533754 311.88387061655521 3487.7732842862606 696.03374235332012 600.98161689937115 162.16658996045589 1288.5261710435152 2682.5796720087528 191.21515423059464 4557.8045456111431 2771.300876006484 342.17107412219048 151.23922981321812 4093.7492264211178 111.13437823951244 1963.4042376726866 2000.329346999526 913.3847771435976 280.61900816857815 1071.1268571466208 1590.6538840830326 26.036952495574951 53.697843760251999 70.562580436468124 68.605404496192932 215.11898051202297 1776.4543532133102 1154.7831641286612 313.83123043179512 1511.2338553369045 175.38398441672325 5493.2857342362404 1850.1489408165216 580.01867331564426 670.1515411734581 1247.5479149371386 30.469101279973984 129.17152798175812 2333.6633916646242 3323.3022097945213 710.2087589353323 1812.1889534890652 11812.221402272582 78.543414860963821 42.377563923597336 1302.5759705603123 533.67805297672749 24.672218427062035 673.04334589838982
leaf_count=2660 3876 9534 519 3517 4141 22092 685 4891 1697 11800 8784 8700 14675 5561 863 9008 2168 2041 488 1962 7229 497 7135 9842 785 462 13448 391 7997 9841 2948 753 2880 3408 39 220 152 186 827 6427 4597 586 4548 608 34181 8103 1990 2833 2893 99 282 6026 5805 1094 5129 15670 121 158 2749 2932 90 1208
internal_value=0.037674 0.0127831 0.0730978 0.0274396 0.0522371 -0.0125081 -0.0227542 0.0854971 0.0435083 0.0349954 -0.00292647 0.0166782 -0.0260845 0.0274676 0.00674896 0.0428812 0.0363128 0.0289154 -0.00821348 0.0731838 0.0357283 0.015916 0.0754825 0.0207351 0.0393125 0.0661212 0.023858 0.0369641 0.00422065 -0.00937543 0.0172692 0.02638 0.0470549 0.0613622 0.0687781 0.00660576 0.0242627 0.0686506 0.0333114 0.0103253 0.0124973 0.0528244 0.0231755 0.0463215 -0.0336501 -0.00209163 0.00869412 0.00244233 0.0527067 0.0670166 0.0511065 0.0483734 0.0738572 0.070547 0.0359645 0.0916908 0.0849318 0.0398431 0.0568533 -0.0128647 0.0655128 0.0681687
internal_weight=95509 56094 39414.9 35513.5 14693.9 20580.5 9945.43 24721 10371.8 20864.4 10635.1 14649.1 9387.79 10674.6 6147.52 10189.8 7392.5 4377.79 8304.81 4322.11 3283.56 2330.25 9446.71 6806.05 3868.51 3033.58 8501.61 6388.24 5835.64 8142.65 4407.86 4633.72 3014.71 2979.29 2882.34 79.7348 4353.1 4888.9 557.637 3739.86 3494.48 3801.6 4282.53 2620.18 5970.76 3850.48 2172.33 1592.31 2318.67 2294.17 342.518 2509.05 3391.91 2802.61 3526.33 15274.3 3462.12 120.921 1497 3417.03 2092.4 2263.7
internal_count=296831 224090 72741 118043 35507 106047 56242 37234 27499 63529 49805 54514 54448 35110 24821 28419 21087 13146 40524 8008 9270 9281 16394 23635 11475 6046 29693 18825 23958 40036 16245 15295 7941 6412 5584 259 14542 9259 1794 14424 13297 9594 14390 7025 36841 17944 8340 6350 5773 4715 967 6634 5991 5325 10690 20840 5170 279 3268 17607 4231 4616
is_linear=0
shrinkage=0.05


Tree=10
num_leaves=63
num_cat=0
split_feature=38 48 20 38 18 1 48 48 18 34 40 46 1 1 14 59 23 18 28 1 20 33 7 30 1 1 35 27 63 40 59 1 40 32 38 9 14 1 30 40 62 9 0 63 25 46 46 59 9 59 55 18 1 1 52 45 57 18 1 38 44 9
split_gain=30459.6 7529.9 3894.15 1109.66 898.858 710.423 806.877 533.223 497.68 409.029 361.131 360.863 348.759 292.358 254.754 237.905 211.073 194.055 179.901 179.81 172.161 186.782 168.573 164.821 153.719 141.686 138.772 174.3 138.093 138.069 136.089 130.957 125.098 122.799 121.457 117.556 113.95 113.81 113.766 109.115 107.751 92.3286 91.082 89.7347 96.75 88.5942 88.5191 86.7673 86.3375 85.5793 82.7241 82.0427 81.4156 78.8451 78.8228 78.2984 74.2717 73.6241 72.7392 72.078 71.6282 69.8312
threshold=629310439.96096146 89127170.092246622 7.5000000000000009 55478682.356264077 1015884274.1461791 6.495000000000001 15848844.984281095 260538373.55868104 36625724.721994855 0.45552167895721501 52.500000000000007 36.288750000000007 4.9050000000000011 4.4850000000000012 0.047140452079103203 248.67454791952983 4.6800510204081656 21824967.722786549 31656980512.409153 5.995000000000001 33.500000000000007 4.7291787090558772 6.5500000000000007 39.500000000000007 4.6950000000000012 4.6950000000000012 1.0532244697402697 1.2106313607869836 0.37777777777777871 7.5000000000000009 441.9246103158444 4.285000000000001 8.5000000000000018 5.3650000000000011 14924342.829948062 230766.00000000003 0.050927248643506708 5.1450000000000005 2.5000000000000004 5.5000000000000009 0.0013587111665030462 8150.0000000000009 119.15000000000002 0.26000000000000029 1.0030574137502635 28.675809822361554 516.04800000000012 172.21797235552251 15092809.000000002 351.73630410521577 6253264.137855419 7309896.0205069082 4.705000000000001 6.6950000000000012 1039339.8477795724 1.1088369750721339 0.91452103774393989 1437357.3595397372 6.2950000000000008 252624659.54191512 0.36878255727045589 34596382.000000007
decision_type=2 2 2 2 2 2 2 2 2 2 2 2 2 2 2 2 2 2 2 2 2 2 2 2 2 2 2 2 2 2 2 2 2 2 2 2 2 2 2 2 2 2 2 2 2 2 2 2 2 2 2 2 2 2 2 2 2 2 2 2 2 2
left_child=1 5 4 11 10 6 12 17 23 14 16 28 30 36 24 19 40 33 41 31 21 60 61 54 32 51 -25 -28 34 52 57 -13 -9 -5 -3 -15 -8 -31 -26 -33 -2 -6 50 44 -19 -37 -17 55 -14 -47 -16 -11 -18 59 -4 -34 -12 -1 -27 -40 -10 -7
right_child=2 3 8 7 18 22 13 9 20 25 56 15 48 35 42 46 29 43 -20 -21 -22 -23 -24 26 38 58 27 -29 -30 37 -32 39 47 -35 -36 45 -38 -39 53 -41 -42 -43 -44 -45 -46 49 -48 -49 -50 -51 -52 -53 -54 -55 -56 -57 -58 -59 -60 -61 -62 -63
leaf_value=-0.030265931673948983 0.010018810877711897 -0.01625986815530903 0.060251711921284312 0.017388697238204655 0.067594931367320032 0.068932198286846755 -0.016926608415522269 0.0045029803323046137 0.019743329908830834 0.0033165975614616533 0.012627868640049937 0.0077254369449338573 -0.0033758941451468394 0.014967358168291181 0.059366264542774362 -0.0046698553305588482 0.005939608670572174 0.018920868031862145 0.08281054444940264 0.060850160637690026 0.089419130469059513 0.084803385076710272 0.0043937221114527126 0.077487157157296233 0.027372839538956972 0.02965183103400101 0.077709275041318512 -0.028650577044934778 0.024442834768945883 0.04340558904859404 -0.047387160301315089 0.0092730473452302693 0.038534983030966835 -0.0035140704978735577 0.0065615934961479527 -0.017457514460867334 0.021530545493921222 0.064465916703120379 0.04016686075222059 0.026069715624509573 0.031775240435998657 0.048243193176576035 0.023941814628280617 0.058230660124222289 0.055561234019378639 0.0045123631136823085 0.025394538858196692 0.022837677979258595 -0.019525004397127708 -0.021378455401534366 -0.018559093652062906 0.027176462523279949 0.036515029675000421 0.10054509695619213 0.02965857542238878 0.016124912688286926 0.062222196650122331 -0.0029493043879704819 0.094213668701298769 0.052346824264880701 0.069705892395565794 0.026323591394693119
leaf_weight=4346.0560186505318 708.06987856328487 1382.50572681427 1722.9854190647602 3213.7975269705057 1835.7097897827625 300.98538865149021 3762.5306786447763 409.56970307230949 74.024595305323601 1266.6174951940775 78.581047967076302 1701.1076738089323 1471.0750528872013 1462.2288642525673 2014.6116010844707 1353.7534221112728 304.67672234773636 762.90525481104851 1456.8105399310589 280.17501416802406 11388.628637030721 5700.8787140995264 256.87893158197403 2929.8890669196844 1092.9283140450716 1237.0718368440866 84.049954637885094 71.108069330453873 420.25693200528622 2789.3039644062519 1238.1244283765554 1164.3013781756163 4214.0451090037823 899.22723545134068 1008.1578892171383 720.4679898917675 203.01239483058453 833.08251352608204 3493.9915560632944 5702.5109211355448 2899.4902690798044 927.92442190647125 216.41287037730217 313.65533846616745 235.86714649200439 3077.9372533261776 298.89037890732288 1561.5272233188152 1892.2284885644913 356.09113393723965 34.643294051289558 503.50150959193707 762.86848416924477 63.271512031555176 239.85386736690998 429.49298940598965 1920.2046069800854 261.5059048384428 45.221986755728722 1861.9291585683823 2319.8430084735155 141.3048143684864
leaf_count=27112 2604 6705 3509 11716 3531 705 19783 1564 191 4570 243 6649 7278 5971 4534 5649 996 2598 2175 712 15279 8226 1003 4760 3452 3658 148 258 1472 6975 8330 4696 12048 3596 4106 3590 778 1739 9681 19508 8512 2057 647 818 562 13678 1054 4974 10172 1783 129 1495 2011 106 615 1468 4050 1399 85 4657 3992 469
internal_value=0.0357057 0.0122934 0.0696851 0.0254889 0.0491592 -0.0128795 -0.0147209 0.0319393 0.0818316 0.0359922 0.0411936 0.0139221 -0.0252896 -0.00456382 0.039308 0.0181814 0.0365976 0.0181603 0.0685923 0.021434 0.0854566 0.0798817 0.036609 0.0678402 0.0366356 0.019272 0.0750468 0.0289651 -0.00198937 0.0435918 -0.0326702 0.0201451 0.031267 0.0128187 -0.00663591 0.00277461 -0.0149578 0.0482491 0.0420887 0.0232218 0.027505 0.0610973 0.0547911 0.0349004 0.0275737 -0.00151679 0.000767468 0.0330336 -0.0124615 0.00182762 0.0580489 0.0101034 0.0277888 0.0450566 0.0565133 0.0364622 0.0602724 -0.0287156 0.0319287 0.0444011 0.0681609 0.0553194
internal_weight=95720.4 56672.4 39048 37181.9 14516.7 19490.4 18791.3 23870.3 24531.3 18444.8 10296.3 13311.7 9208.99 9582.27 15392.4 10500.7 8297.49 5425.45 4220.44 8848.09 19483.4 8094.75 699.169 5047.89 13126.8 3052.41 3085.05 155.158 2810.92 4689.93 5845.69 8567.92 6614.64 4113.02 2390.66 5616.73 3965.54 3622.39 6512.12 6866.81 3607.56 2763.63 2265.67 1312.43 998.772 4154.5 1652.64 6205.07 3363.3 3434.03 2049.25 1770.12 1067.55 5419.19 1962.84 4643.54 1998.79 4607.56 1282.29 5355.92 2393.87 442.29
internal_count=296831 224960 71871 122909 34893 102051 99874 72358 36978 53068 27130 50551 54291 45583 43260 38268 22837 19290 7763 31565 27688 12409 2177 9290 37950 9808 5166 406 12283 11721 36841 30853 20054 15312 10811 25022 20561 8714 17896 24204 11116 5588 5310 3978 3160 19051 6703 18490 17450 15461 4663 6065 3007 14444 4124 13516 4293 28511 3743 14338 4183 1174
is_linear=0
shrinkage=0.05


Tree=11
num_leaves=63
num_cat=0
split_feature=38 38 10 40 31 45 43 28 10 59 10 31 43 43 38 59 47 40 43 2 0 44 55 43 31 43 46 43 18 43 46 43 9 40 9 9 43 59 24 34 18 2 46 40 35 43 46 23 9 43 44 46 40 40 40 43 40 43 18 2 59 27
split_gain=27587.2 6267.92 3733.14 962.898 831.974 830.482 512.238 494.509 431.72 357.811 356.833 353.135 298.167 254.2 212.873 197.498 211.802 197.092 243.628 184.735 165.337 164.294 161.409 157.257 145.185 135.583 131.53 130.724 129.28 126.188 109.048 99.5577 106.368 99.526 93.9137 92.0398 92.0074 101.739 86.767 85.8284 80.2998 79.5534 76.6032 75.5181 75.4266 75.0137 74.0836 91.2743 73.457 72.4993 71.9044 70.8485 71.4612 69.6026 77.7417 69.4928 83.6227 69.1991 67.6918 67.4912 62.5856 62.3076
threshold=629310439.96096146 22388468.962413989 2.5000000000000004 4.5000000000000009 0.81666666666666676 0.90262562678108538 4.5130693581780559 5703628097.8238611 2.5000000000000004 248.67454791952983 11.500000000000002 0.28333333333333338 4.6430384615384623 4.6786880122950825 8748300798.5021763 273.80206532576489 38.358824813214945 7.5000000000000009 4.9467708333333347 1.5000000000000002 11.412500000000003 0.42817441928883782 6801931.9904746125 4.3571841453344362 0.65000000000000002 4.6750494071146269 43.683014354066991 4.425137362637364 1437357.3595397372 4.6230962504831865 38.589587411534417 4.5632727111163769 212866.50000000003 15.500000000000002 189548.00000000003 79303.000000000015 4.2502631578947385 361.63901593217065 0.081649658092772456 0.51371856291019025 5398335.7123591248 1.5000000000000002 516.04800000000012 1.5000000000000002 1.042306756567805 4.7885895117540693 1.0000000180025095e-35 4.2753787878787888 21686167.000000004 4.7856282271944925 0.44891448935097072 31.380384615384617 51.500000000000007 58.500000000000007 8.5000000000000018 4.7706594202898565 25.500000000000004 4.8500871080139385 1044642866.2919484 2.5000000000000004 194.22821351962406 1.5003905233276871
decision_type=2 2 2 2 2 2 2 2 2 2 2 2 2 2 2 2 2 2 2 2 2 2 2 2 2 2 2 2 2 2 2 2 2 2 2 2 2 2 2 2 2 2 2 2 2 2 2 2 2 2 2 2 2 2 2 2 2 2 2 2 2 2
left_child=1 3 4 9 7 11 26 17 15 20 14 12 60 38 39 16 28 35 31 -11 34 -14 46 -18 25 -13 -5 -16 50 41 -8 51 -33 -23 -1 -2 -28 -38 -6 45 61 48 -17 -43 -40 -4 -10 -48 -22 -32 -7 -19 -53 54 -49 56 -25 -15 -41 -31 -3 -9
right_child=2 5 10 6 13 8 30 40 22 19 -12 24 21 57 27 42 23 18 -20 -21 29 33 -24 55 -26 -27 36 -29 -30 59 49 32 -34 -35 -36 -37 37 -39 44 58 -42 43 -44 -45 -46 -47 47 53 -50 -51 -52 52 -54 -55 -56 -57 -58 -59 -60 -61 -62 -63
leaf_value=0.0023357415753715552 0.032911573304159045 0.019236001181023248 0.061841305956538639 -0.01783499480265462 0.012495926587893155 0.0092069672563710563 0.0023037995974940777 0.024348813006096426 0.1037940865943241 -0.0063226616262614492 0.085253949548235786 0.033944525478285699 0.0409069407631725 0.067473904992274111 -0.0056110575047427823 -0.002959785150478842 0.0033960558139444412 -0.0077668696863534758 0.054144642805248756 -0.035282865393455612 0.0087409742798563693 0.019937788332930736 -0.049337850581394387 0.018441161056518895 0.061349515652028314 0.05258566092862748 -0.019910431569879827 0.078395136902211518 0.022220086092086911 0.016222449465643728 0.016289720422361698 0.043492378702970326 0.026682178764035683 0.03609655210612573 -0.023964863909758143 0.0094627721985563497 0.0066125326839754656 -0.027509875206729331 0.057448103880904225 0.040766709618587492 0.067077898435855279 -0.024150865367530278 0.021100310518439688 -0.0091216570807946644 0.024573206782346355 0.081236086016306636 -0.010246238186142191 0.033072872279927654 -0.012228450161002317 0.031971279334728785 -0.010550162054280755 0.019727469121068739 0.052389267754941043 -0.010890997810688835 0.060478558881830159 0.037695455025491521 0.033120018211823879 0.08307438531944053 0.061840710024795888 -0.0029525260446611901 0.0014346945783656497 0.056534110745840027
leaf_weight=384.0928933173418 736.45163893699646 2799.9714937061071 1173.0332446545362 1693.3980792909861 131.26355251669884 4271.0907023996115 968.64545649290085 214.102912530303 56.520446285605431 679.75406841933727 11955.863492950797 2932.7234388738871 4014.8890924304724 1584.5486014932394 46.616778343915939 1807.9493039697409 779.01342508196831 183.66027070581913 1845.4044473767281 2899.6351549178362 726.82085944712162 2332.7765526324511 44.207908853888512 2447.1287456154823 988.87033620476723 1461.5711709558964 507.77716200053692 7033.8261411190033 1997.4122968763113 599.91636827588081 2291.2627522945404 2423.5867183059454 1538.3432408422232 1611.0238274484873 2918.3011233508587 969.23735104501247 2314.4079308509827 241.21623781323433 1888.0911301374435 566.2676500082016 1594.7037544697523 1657.1333146542311 404.91122727096081 1686.4484229534864 192.24062594771385 867.06498372554779 69.903686001896858 395.61491763591766 981.77724972367287 1086.5734684020281 516.17459756135941 907.97467677295208 205.34039700031281 47.307538941502571 748.09017840027809 1262.2505519539118 1607.6401353776455 1289.1325999200344 1164.9869091510773 1952.2632265090942 599.46570712327957 505.16801629960537
leaf_count=1947 1983 9353 2202 8580 413 16748 4195 554 80 3330 16319 8291 11209 2807 142 7416 3114 647 4164 17915 3293 7365 192 8779 2088 3442 2686 10493 6982 2415 8648 5963 4419 4403 16899 3408 9934 1234 3823 1285 2795 10149 1377 9079 545 1346 260 1163 4890 3510 2148 2859 499 162 1672 3811 4830 1973 2187 9130 2241 1045
internal_value=0.0338884 0.0116481 0.0662573 -0.00805796 0.0479114 0.0256512 0.00468526 0.0402524 0.0176743 -0.016066 0.0792956 0.0334917 0.0284924 0.0646653 0.0727311 0.0152418 0.0176124 0.0348496 0.0385141 -0.0297831 -0.0115643 0.0337869 0.0446382 0.0243765 0.0440399 0.0401447 -0.00665228 0.0778421 0.0115349 -0.00750739 0.0170931 0.0330291 0.0369653 0.0265386 -0.0209059 0.0195871 -0.000470651 0.00339184 0.0519225 0.0631358 0.0608225 -0.0120853 0.00144275 -0.0165704 0.0544102 0.0700843 0.0477917 0.0452814 -0.00330826 0.0213341 0.00707671 0.0210052 0.0257516 0.0485405 0.0509988 0.0274504 0.0242611 0.0744723 0.0549477 0.00155475 0.0160969 0.0469536
internal_weight=95802.8 56785.9 39016.9 23589.4 16209.2 33196.5 9103.28 11124 16455.2 14486.1 22807.7 16741.3 11358.1 5085.28 10851.8 15093.6 12880.7 8810 7104.31 3579.39 10906.8 7958.69 1361.64 6096.03 5383.16 4394.29 4756.8 7080.44 6784.68 7604.36 4346.48 5258.91 3961.93 3943.8 3302.39 1705.69 3063.4 2555.62 2211.6 3771.35 2313.97 5052.18 2212.86 3343.58 2080.33 2040.1 1317.44 1260.92 1708.6 3377.84 4787.27 1296.98 1113.32 1191.01 1143.71 5317.02 4054.77 2873.68 1731.25 2552.18 3399.44 719.271
internal_count=296831 224960 71871 117834 37897 107126 38787 28336 58734 79047 33974 48392 34571 9561 17655 55205 46412 23942 18551 21245 57802 22977 3529 20534 13821 11733 22434 10635 25878 38956 16353 14387 10382 11768 18846 5391 13854 11168 4781 7020 4394 27411 8793 19228 4368 3548 3337 3257 8183 12158 18896 4005 3358 2997 2835 17420 13609 4780 3472 11545 11594 1599
is_linear=0
shrinkage=0.05


Tree=12
num_leaves=63
num_cat=0
split_feature=28 48 20 28 48 48 1 46 18 1 48 40 1 10 63 18 48 43 40 43 1 43 61 1 30 48 1 18 30 7 40 43 1 14 43 30 40 43 13 32 1 40 1 1 1 46 40 30 0 26 26 40 46 53 1 46 63 44 1 40 40 18
split_gain=25232.1 6441.49 2919.92 977.744 937.167 663.781 642.123 487.788 364.064 349.312 346.076 324.613 317.678 310.377 270.011 251.13 239.252 217.507 206.176 183.099 165.221 163.851 146.807 140.353 159.318 139.845 130.015 124.442 122.544 121.682 117.942 112.446 104.332 100.562 98.8864 108.901 97.6128 112.644 95.1558 93.8857 88.5402 88.4406 88.392 87.7279 87.5163 87.419 86.8155 83.1637 76.4579 75.9333 70.1025 68.1964 97.8891 67.9242 66.3313 65.9464 65.3808 64.8382 64.1469 62.97 61.9692 61.548
threshold=135528065.52262321 102159417.93688719 10.500000000000002 14745244.425149115 4427907797.0913639 34519592.8594772 6.495000000000001 28.922401433691761 28017300.942899626 4.8950000000000005 29461618077.40765 9.5000000000000018 4.9050000000000011 1.5000000000000002 0.28571428571428609 31623276601.683796 3954269.4990041857 4.5755389718076289 6.5000000000000009 4.311200716845879 5.205000000000001 4.6375216262975796 12.381080750417047 4.6950000000000012 4.5000000000000009 33261411691.198246 6.6950000000000012 1437357.3595397372 84.500000000000014 6.5500000000000007 21.500000000000004 4.7375247035573134 4.6950000000000012 0.047140452079103203 4.6999340369393154 78.500000000000014 44.500000000000007 4.311200716845879 4.7666666666666684 5.0050000000000008 6.7950000000000008 177.50000000000003 4.705000000000001 6.0850000000000009 4.3950000000000005 43.001333333333342 7.5000000000000009 26.500000000000004 93.050000000000011 33.406929510155322 -1.0000000180025095e-35 17.500000000000004 74.507179487179499 66.500000000000014 6.9650000000000007 9.9983333333333348 1.3861983471074379 0.44529057901244185 4.3650000000000011 27.500000000000004 23.500000000000004 11226529.745928399
decision_type=2 2 2 2 2 2 2 2 2 2 2 2 2 2 2 2 2 2 2 2 2 2 2 2 2 2 2 2 2 2 2 2 2 2 2 2 2 2 2 2 2 2 2 2 2 2 2 2 2 2 2 2 2 2 2 2 2 2 2 2 2 2
left_child=1 5 4 7 13 6 12 20 21 11 19 44 16 22 27 38 -1 36 40 -5 30 28 32 24 -21 34 31 45 49 48 -3 60 -2 55 35 -10 37 -13 47 56 -11 -12 -15 61 -9 -7 -25 58 -8 -4 -29 52 -19 -37 -22 -18 -14 -46 -6 -39 -20 -16
right_child=2 3 8 10 15 14 29 9 25 18 41 17 39 42 43 -17 33 51 26 23 54 -23 -24 46 -26 -27 -28 50 -30 -31 -32 -33 -34 -35 -36 53 -38 59 -40 -41 -42 -43 -44 -45 57 -47 -48 -49 -50 -51 -52 -53 -54 -55 -56 -57 -58 -59 -60 -61 -62 -63
leaf_value=-0.036301230404297981 0.02249746191159762 -0.021458078794313839 0.028176993977862077 -0.0048460073313224983 0.022445136423034206 -0.017203095503689786 0.05596649266139915 -0.0088320974442844206 0.059810679176250596 0.013085268297235123 0.047139483480194505 -0.013312573504262749 0.00065649317218477313 0.040173201465774563 0.010997536152259929 0.076336584951486458 -0.046937022299579453 0.012398131236757958 0.019800084910378879 0.011173520873052515 0.013866254913751694 0.071073986813734988 0.0088999839399856642 0.023917452853102723 0.030785376575207753 0.082031109956316794 0.090782264220220482 0.12442609634701601 0.067559240376488625 0.0046370091938501981 0.0045938571340865212 0.041133596028013399 0.039394644159771168 0.018693794474430907 0.079309129024825842 0.082638631048899402 0.029355417883019964 0.0092437376757206393 0.060765941217010393 -0.012551193501529202 0.07066106757742284 0.071241479303203556 0.056855468077264708 0.053070222888335045 0.014474327879109787 -0.0027357234432288709 0.040272093551359724 0.063151057810054145 -0.024958183969291895 0.058396461374006385 0.0094482061329473899 0.033658918542035995 0.031896264519310172 0.015957493565604518 0.079698570478017358 -0.019008833736057832 0.04102801877239079 -0.0018098956504707228 0.046608391932212945 0.022245494333373375 0.037856522860250152 0.042260670877710758
leaf_weight=3272.4675243347883 1694.3664505332708 1103.6617861837149 641.9351359307766 345.68544778227806 344.28721912205219 1667.6033717393875 348.98532944917679 1121.0764425247908 2044.5042488723993 1756.0287103354931 1272.5983630418777 443.65826988220215 715.01867325603962 1813.3443724513054 1545.0172160863876 1868.9777462333441 221.39257733523846 1309.3948746621609 1489.2306023836136 1271.965456366539 626.02779649198055 1856.3066910505295 882.62505170702934 968.13217189908028 5571.2725315988064 12520.026927307248 102.36271151900291 13.426787063479422 553.74477572739124 256.29577893018723 716.46102122962475 2466.856210231781 1982.3808871507645 171.37286314368248 2910.1010160595179 955.94481332600117 819.70209397375584 3135.9490815401077 3149.8168269842863 3177.967923745513 69.412365034222603 543.02500742673874 1412.6012471169233 158.38572907447815 1522.4390718340874 2792.9405285865068 5013.458507925272 616.79084880650043 31.851663008332253 307.42409439384937 1048.248324483633 2431.4633168578148 1266.1579154878855 39.780013278126717 40.753986611962318 4669.5658978223801 116.64636041224003 1021.3623255491257 1358.2624042034149 1324.6185486465693 697.83193181455135 175.29191245138645
leaf_count=22340 5009 5165 1577 1340 886 8521 896 4801 3675 6493 2887 1906 3372 4377 6174 2788 1408 4510 4851 4517 2402 3049 2920 3136 16095 17262 179 19 929 1003 2628 6593 5063 732 4227 1337 2550 11715 5753 16752 161 961 2948 399 5725 13185 13260 1097 144 602 4292 6917 3831 99 87 26828 466 4114 3005 4375 1936 562
internal_value=0.0321993 0.0118612 0.0645795 0.0239068 0.0476934 -0.0108624 -0.0176753 0.0175349 0.076278 0.020017 0.0338836 0.0156544 -0.0202016 0.0356095 0.00108783 0.0605137 -0.0257649 0.0200422 0.0295592 0.0310625 -0.0034028 0.0611375 0.027212 0.0320304 0.0271401 0.0790318 0.0350416 -0.00448261 0.0488661 0.0312729 -0.0112032 0.0338156 0.0316079 -0.0189539 0.0727209 0.0664147 0.0133844 0.0107149 0.0551066 -0.00863723 0.0152746 0.054348 0.0474782 0.0174615 0.00280671 -0.00814444 0.0376251 0.0474208 0.0491983 0.0379627 0.0109023 0.0276532 0.0219835 0.0799747 0.01789 -0.020273 0.00631886 0.00793605 0.0417221 0.0131048 0.0255614 0.0141831
internal_weight=95786.3 58833.1 36953.2 38450.6 15123.5 20382.5 12981.6 23464.4 21829.8 20977.5 14986.1 14395.8 12344.4 7785.32 7400.91 7338.14 8334.8 10730.9 6581.72 13170.5 2486.9 3359.41 4559.37 12824.8 6843.24 18470.4 4756.28 5522.22 1503.1 637.133 1820.12 4653.92 3676.75 5062.33 5950.33 3040.23 5723.93 4904.23 5469.16 4009.63 1825.44 1815.62 3225.95 1878.69 3664.88 4460.54 5981.59 2319.34 380.837 949.359 1061.68 5007.02 2575.55 995.725 666.782 4890.96 831.665 2543.8 1702.55 4460.57 2187.06 1720.31
internal_count=296831 230228 66603 123135 33846 107093 73941 80939 32757 70657 42196 50444 71898 20317 33152 13529 51308 35804 20213 38348 10282 6157 12992 37008 20612 26600 13559 26017 3108 2043 7793 13380 10072 28968 9338 5111 20546 17996 10741 20590 6654 3848 7325 7135 14640 21706 16396 4988 1040 2179 4311 15258 8341 1436 2489 28236 3838 9839 3891 16090 6787 6736
is_linear=0
shrinkage=0.05


Tree=13
num_leaves=63
num_cat=0
split_feature=20 48 38 18 48 1 40 43 43 10 1 1 1 59 31 46 59 40 43 45 20 63 43 43 1 48 18 40 40 1 9 37 42 7 40 20 46 35 1 47 47 48 50 48 15 59 46 43 42 6 42 57 40 43 47 6 26 38 42 27 14 18
split_gain=23108.1 6781.46 1871.49 1048.44 860.853 598.322 585.103 829.336 467.19 410.633 330.772 318.093 281.156 263.389 254.905 240.353 239.861 230.476 188.972 182.086 171.336 169.257 166.991 157.949 153.19 149.844 143.831 138.544 137.736 133.363 132.676 129.657 133.502 111.772 111.561 101.458 99.3297 95.9832 94.1515 90.2728 87.9916 87.5519 98.3604 89.3462 106.566 85.2951 83.3515 93.86 82.2089 81.6254 79.2405 78.3649 78.1491 85.0409 77.5787 76.4405 75.1683 73.5674 72.8591 72.4942 71.5833 70.4972
threshold=4.5000000000000009 146832115.69885865 4991429223.2918406 718553651.35045826 37849893.910312466 6.495000000000001 7.5000000000000009 4.8001315789473704 4.4923419649657284 5.5000000000000009 4.6050000000000013 4.9050000000000011 4.6950000000000012 222.04092397882437 0.88333333333333341 30.259761904761913 393.88566249663955 44.500000000000007 4.6750494071146269 1.3985754501969134 9.5000000000000018 1.4361415289256196 4.5541766347687416 4.7250274725274739 5.9250000000000007 7952712.8791563809 31623276601.683796 16.500000000000004 121.50000000000001 5.6150000000000011 15092809.000000002 2.5004912590213855 5.1050000000000013 6.5500000000000007 37.500000000000007 1.5000000000000002 33.889699918897001 1.2273539705961494 5.8950000000000005 11.963142630952953 0.37282548461146886 63132282318.027382 22.500000000000004 16771531282.1355 0.61151507734257315 333.98830153008242 60.500000000000014 4.9824135839902981 6.3850000000000007 8.2250000000000032 6.5950000000000006 0.9692470930610857 4.5000000000000009 4.7706594202898565 50.975106094770794 5.0600000000000014 75.216666666666683 21473235.472659554 5.3950000000000005 4.9538690558054794 0.047140452079103203 2462906475.6587548
decision_type=2 2 2 2 2 2 2 2 2 2 2 2 2 2 2 2 2 2 2 2 2 2 2 2 2 2 2 2 2 2 2 2 2 2 2 2 2 2 2 2 2 2 2 2 2 2 2 2 2 2 2 2 2 2 2 2 2 2 2 2 2 2
left_child=1 4 8 6 5 11 12 13 19 18 36 16 52 15 23 57 25 22 28 20 -2 35 51 49 54 -1 39 38 37 34 -13 32 -21 -7 46 40 -6 -4 48 -5 -14 42 55 -44 -45 -38 47 -9 -24 -10 -22 -17 -3 -54 -12 -11 -41 -8 -19 -33 -27 -52
right_child=2 3 9 26 10 33 7 29 14 41 24 30 21 -15 -16 17 -18 58 -20 31 50 -23 27 -25 -26 60 -28 -29 -30 -31 -32 59 -34 -35 -36 -37 45 -39 -40 56 -42 -43 43 44 -46 -47 -48 -49 -50 -51 61 -53 53 -55 -56 -57 -58 -59 -60 -61 -62 -63
leaf_value=-0.028639000058766708 0.025145187860020558 -0.014136433514413838 0.044394837479690502 0.036013980358582103 -0.017288112272507407 0.046867210027625089 -0.019814758498279923 0.021406727315291189 -0.055776963314629981 0.009580560294893771 0.0064778067436449373 0.0004422810904381627 0.0012591563305383794 0.0079780539354281556 0.066780650985870035 -0.010721995328597881 -0.042141100623468958 0.010862065643182177 0.069106683559704299 0.086729349660989413 0.057267162732021676 0.077329958033151097 0.020198836184254075 0.056926896401772599 0.048558624940355441 -0.015259382547046785 0.071363481688938482 0.032763540825091274 0.066964436104153952 0.060857492586322143 -0.017701285934522092 -0.063034047671141569 -0.028434178081161377 0.0043963276421347388 0.056308523516836198 0.031721387410928802 0.00061440186983329327 -0.047755581241334943 0.058763890006846231 0.061468386781479679 0.017420839099464347 0.080446865618163887 0.057977522154237675 0.073663667933482835 -0.083823993704353186 -0.022553201042988476 0.040249885667482145 0.040377183374431615 -0.016579517275600607 0.040420008322176293 -0.044725684139827089 0.017237698926162243 -0.01055939166542688 0.013797245858181007 0.022431153795753941 0.074130502572262447 0.023708934051874162 0.0094186117226651919 0.04437497706453275 0.00020347065482696614 0.020786589088038182 0.0761247743534266
leaf_weight=3200.2340176254511 1321.2219249904156 966.33122864365578 1469.6213725209236 996.61309476196766 1355.4708020538092 390.45988044142723 260.5132924169302 1624.9120637625456 22.222463473677635 46.363169953227043 3146.923635840416 2225.0825261026621 1170.543907687068 3251.1173843592405 2561.0984935462475 264.42450386285782 1611.5772252231836 178.39981560409069 4847.3141407519579 82.8898955732584 840.68518128991127 115.50904975831509 3662.0542970299721 2454.0816293656826 279.87884147465229 3555.9951315075159 847.26972126960754 4918.4684357345104 949.36500011384487 684.32449473440647 1841.4969219714403 50.89247228205204 36.135775417089462 256.79740986227989 737.61740230023861 862.91085128486156 3863.2053264826536 28.811930820345879 152.28158678114414 1008.30800960958 3002.2609615772963 10235.3667396456 103.65513087809086 17.028942912817001 29.092144623398781 442.82408069074154 4222.2945038229227 1089.0135198831558 158.51777671277523 2870.2209579497576 36.607492923736572 4796.6326710283756 595.19016970694065 900.68451516330242 1005.5381833314896 4259.6312712877989 151.621961414814 1237.6335272938013 1783.9001707732677 413.93080146610737 143.28277194499969 18.00153149664402
leaf_count=21445 3823 4312 3071 2315 6849 1047 1257 4748 86 119 12757 10709 4657 11284 4318 1035 11160 590 7813 192 1687 236 11806 4796 726 19721 1312 13655 1563 1451 10172 239 134 1003 1527 2390 17424 112 347 1920 10259 14102 185 26 115 2262 10847 2772 587 6861 128 15990 2476 3209 3729 6312 375 4107 4485 1578 591 27
internal_value=0.0306333 0.0129235 0.0647365 0.0255097 -0.00847168 -0.0168646 0.0231813 0.0264177 0.047595 0.073085 0.00252471 -0.0192772 0.0108443 0.0210422 0.0538101 0.0234814 -0.0247735 0.0252837 0.0633881 0.030045 0.0365885 0.0174873 0.0230272 0.0475969 0.0127542 -0.0207167 0.0539081 0.0271541 0.0520637 0.0397076 -0.00777379 0.00520299 0.0517661 0.030017 0.0378215 0.0161146 -0.00548389 0.042623 0.0202096 0.0470502 0.0128872 0.0779001 0.07205 0.0322178 -0.025676 -0.00176811 0.0358556 0.029019 0.0186729 0.0396809 0.053476 0.0157769 -0.0030535 0.00410604 0.010341 0.0734355 0.0565326 0.00433521 0.0413282 -0.00672027 -0.0138632 -0.00488807
internal_weight=95652.4 62958.1 32694.2 39639.3 23318.8 13224.9 36635.5 29022.1 10708 21986.2 10093.8 12577.7 7613.43 20663.9 7907.62 17412.8 8511.09 15914.7 7295.11 2800.37 2216.52 5151.22 13952.4 5346.53 4432.34 6899.51 3003.81 8891.32 2447.8 8358.16 4066.58 583.849 119.026 647.257 7673.84 5035.72 5661.5 1498.43 3972.85 2156.54 4172.8 14691.1 4455.77 149.776 46.1211 4306.03 6936.22 2713.93 3820.57 2892.44 895.294 5061.06 2462.21 1495.87 4152.46 4305.99 1159.93 1498.15 1962.3 464.823 3699.28 54.609
internal_count=296831 239544 57287 119949 119595 75848 114027 86488 23869 33418 43747 73798 27539 65143 16061 53859 52917 48495 12559 7808 5665 17542 43420 11743 17212 41757 5922 26395 4746 21345 20881 2143 326 2050 19894 17306 26535 3183 12740 4610 14916 20859 6757 326 141 19686 18367 7520 12393 6947 1842 17025 9997 5685 16486 6431 2295 5364 5075 1817 20312 155
is_linear=0
shrinkage=0.05


Tree=14
num_leaves=63
num_cat=0
split_feature=28 48 20 28 48 1 48 41 41 1 18 63 9 9 2 47 1 1 10 1 45 48 9 20 23 45 47 59 41 1 38 10 59 59 58 30 1 41 55 1 1 18 41 9 5 44 63 63 9 1 16 23 18 55 62 17 5 48 45 32 59 51
split_gain=21244.3 5498.37 2374 984.765 704.589 542.876 610.628 407.67 393.136 413.979 333.31 330.823 295.749 247.158 237.893 204.948 204.796 182.62 165.857 158.993 152.962 145.317 142.113 130.071 171.94 128.3 124.913 123.358 121.827 118.957 120.981 121.536 117.081 112.413 109.607 107.921 107.384 105.804 104.148 103.911 101.382 99.0187 94.6841 78.4188 76.757 76.7479 76.6681 71.8152 69.5999 73.1124 69.5766 66.7105 65.7545 65.2523 64.5678 63.4648 62.7976 60.5396 60.3818 59.9978 59.5588 58.6672
threshold=187080373.87400869 89127170.092246622 10.500000000000002 12759296.435991699 13239306167.9065 4.9050000000000011 12223183.666937871 0.82777777777777783 0.049999999999999954 4.995000000000001 28017300.942899626 2.4743801652892565 27159.500000000004 5439680.0000000009 12.500000000000002 20.000281246045034 4.4050000000000011 4.7750000000000012 3.5000000000000004 6.6950000000000012 0.89167807452379366 231907811.0913054 13935.500000000002 33.500000000000007 4.7382923497267768 0.70358108360822769 1.0000000180025095e-35 441.9246103158444 0.10555555555555557 6.1650000000000009 211699858.18731302 2.5000000000000004 148.576123743392 373.14419493819605 7495286.7758558532 4.5000000000000009 6.9050000000000011 1.2833333333333334 3558212.6751245474 4.6950000000000012 4.4350000000000014 1132370764.4532464 0.22777777777777777 71332671.000000015 0.89500000000000013 0.48680549331869888 1.3861983471074379 0.20000000000000065 335768928.00000006 6.4850000000000012 250.15000000000003 5.2966091954022998 9363200.0064165853 5128610.6276152683 -0.078066875964085389 2.5499999999999985 0.84500000000000008 538218161385.24695 1.2145523646446865 5.1950000000000012 441.9246103158444 1.0567025038729925
decision_type=2 2 2 2 2 2 2 2 2 2 2 2 2 2 2 2 2 2 2 2 2 2 2 2 2 2 2 2 2 2 2 2 2 2 2 2 2 2 2 2 2 2 2 2 2 2 2 2 2 2 2 2 2 2 2 2 2 2 2 2 2 2
left_child=1 5 4 8 12 6 27 16 17 14 25 13 26 46 15 42 34 -3 33 44 -9 -17 -6 24 -12 -4 -2 -1 47 30 31 51 -23 40 35 -5 -19 -27 41 -30 -8 45 -10 -13 -11 50 56 -14 49 -15 -28 -18 -37 -35 -44 -20 -7 -24 -25 -22 -47 -40
right_child=2 3 10 7 22 11 18 20 9 19 23 43 28 48 -16 21 29 36 55 -21 59 32 57 58 -26 37 38 -29 39 -31 -32 -33 -34 53 -36 52 -38 -39 61 -41 -42 -43 54 -45 -46 60 -48 -49 -50 -51 -52 -53 -54 -55 -56 -57 -58 -59 -60 -61 -62 -63
leaf_value=-0.026437430441572832 0.024250864369061202 -0.01832495588347725 0.065521289232039939 0.0063342850023030157 0.067249526674481724 -0.015010443374472963 -0.012866336694895715 0.055276471132235154 -0.0027171941576600704 0.012955342295480333 0.056589276781136601 0.07111531891178742 0.007644293579412354 -0.01086507448486025 -0.0094894991860522762 0.0086759952788418634 0.025928536274162119 0.0048485201126490145 0.058941906772774888 0.081813029558481562 0.047407527675343925 0.025257246099640265 0.045549881516219907 0.077241400290719367 0.073741684737093791 0.035998941160125336 0.051061648837256959 -0.045698880456395793 0.02255325368745455 0.066620234431350997 0.037731714093787165 0.049516889899391382 0.012899188484543257 -0.027777645531464681 -0.0065873630759805974 0.020993910996702999 0.0657593109710395 0.064674335825495907 -0.036428034001247347 0.042220305917767764 -0.00072508611652023595 0.057447037904231384 -0.015104970826661271 0.012714594017369379 0.031158687508447164 0.032806400612639008 0.032300116879391876 0.038081835589690943 -0.032927149284371578 0.015395516402988191 -0.0076662606606831456 0.0061704795948142079 0.03461644116410028 0.10815644018288234 0.021042065454550091 -0.024094873956272932 0.010045640745636394 0.067459452367044787 0.014870865589825481 0.0035300360592276851 -0.031677373047191169 0.054714755378573045
leaf_weight=3907.5415186583996 675.58413130044937 1093.047125428915 1673.3329356014729 949.87147004902363 2709.1283926665783 286.33635607361794 3591.3097578436136 1964.2719950079918 2043.6154475063086 677.23113617300987 2158.8863993138075 200.3245452940464 1061.2118997722864 2550.5473480820656 1060.0401905477047 3092.0619328171015 5166.971740052104 1880.4346287846565 123.98758079111576 144.27783772349358 120.37351405620575 5955.2444894164801 1641.8508781194687 11093.937128707767 4520.0595432817936 994.38200168311596 1363.8912886828184 1055.8526346832514 1421.2263559699059 237.04657062888145 3852.6781994998455 521.87846106290817 2826.0887411385775 838.95344305038452 369.59452643990517 3043.1291486024857 75.254298061132431 475.50615811347961 56.941560760140419 1273.3564780503511 3298.6442782729864 1770.6003436893225 143.84350185096264 80.611534342169762 3996.6770770996809 835.9620186239481 341.16813157498837 237.08833715319633 314.38399639725685 295.78350289165974 52.369395911693573 465.72099034488201 1249.5669742673635 8.9222269058227521 875.28604786098003 28.25459112226963 1974.2287864983082 390.22832967340946 38.941150993108749 220.85315005481243 37.410924032330513 25.590940907597542
leaf_count=26149 1821 5337 2757 3457 4331 1333 19154 3802 8387 2154 3808 420 3331 13578 4397 11831 15468 7573 325 253 315 18170 3309 15710 6682 2220 2944 7942 3861 481 9597 1212 9439 4806 1388 9197 167 784 193 2917 15582 3320 625 281 11473 2047 1161 621 1788 1038 164 1575 3348 30 2725 112 8352 637 106 660 131 55
internal_value=0.0291722 0.0114172 0.060518 0.0214898 0.0442105 -0.0109834 -0.0167945 0.0302631 0.0148125 0.0172686 0.0710648 0.00137593 0.0358476 -0.00120709 0.0133986 0.015023 0.0274067 -0.00195624 -0.00815084 0.0301169 0.0499086 0.0179977 0.0597524 0.0737138 0.0681974 0.0560535 0.0441865 -0.0305349 0.0257848 0.0316125 0.0307833 0.0264336 0.0212801 -0.00916768 0.0197294 0.0215847 0.00719235 0.0452754 0.0474375 0.0318471 -0.00705357 0.0485678 0.00349104 0.0543579 0.0285211 0.0417014 0.0102063 0.0132026 -0.010602 -0.00813614 0.0488901 0.0242949 0.0249593 -0.0263472 0.0159401 0.0435311 0.00687189 0.0497573 0.0770232 0.0190086 0.0300442 -0.00816729
internal_weight=95429.4 60921.9 34507.5 42025.1 13552.4 18896.9 12853.5 18162 23863.1 20814.4 20955 6043.38 8811.23 5762.45 15996.2 14936.1 15856.5 3048.74 7890.07 4818.19 2305.5 11873.4 4741.21 17811.8 6678.95 3143.22 4818.35 4963.39 3992.88 10244.3 10007.2 6154.57 8781.33 7737.83 5612.16 5242.57 1955.69 1469.89 4142.77 2694.58 6889.95 4060.23 3062.74 280.936 4673.91 2289.63 2601.73 1298.3 3160.71 2846.33 1416.26 5632.69 4292.7 847.876 1019.13 152.242 2260.57 2032.08 11132.9 341.227 873.373 82.5325
internal_count=296831 235082 61749 133031 29682 102051 74100 50500 82531 69454 32067 27951 21405 27250 55574 51177 45723 13077 40009 13880 4777 39440 8277 26306 10490 5761 10675 34091 10730 28333 27852 18255 27609 39572 17390 16002 7740 3004 8854 6778 34736 8606 11737 701 13627 5286 10846 3952 16404 14616 3108 17043 12545 4836 3350 437 9685 3946 15816 975 2178 248
is_linear=0
shrinkage=0.05


Tree=15
num_leaves=63
num_cat=0
split_feature=20 48 39 12 48 1 40 43 10 43 63 63 1 59 59 10 46 40 20 43 43 18 45 16 40 63 63 48 40 43 9 43 43 30 42 0 1 47 26 48 56 39 35 46 40 59 2 47 43 40 40 43 40 47 18 9 30 43 59 18 46 9
split_gain=19622.2 5465.69 1793.16 881.229 730.338 514.936 498.794 705.187 420.097 400.108 285.992 282.182 246.824 220.367 212.376 205.788 195.628 189.721 187.422 174.177 168.873 160.096 158.568 168.268 144.775 140.356 137.886 132.471 123.542 119.822 118.966 117.428 111.259 108.638 105.15 101.136 97.1076 90.4556 93.5191 90.3901 96.8117 140.395 84.0555 83.7432 82.9667 81.4116 80.7293 79.5983 79.3802 76.1142 75.8947 79.8894 75.7347 71.835 69.2486 65.9706 65.0493 91.0261 64.8948 64.6276 78.1139 64.592
threshold=4.5000000000000009 146832115.69885865 6.283837090374103e+18 5.7550000000000008 37849893.910312466 4.9050000000000011 7.5000000000000009 4.7213059619201649 5.5000000000000009 4.5105457131772928 -0.049999999999999371 2.4743801652892565 4.6950000000000012 393.88566249663955 222.04092397882437 7.5000000000000009 30.259761904761913 21.500000000000004 9.5000000000000018 4.6750494071146269 4.9142857142857164 31623276601.683796 1.4476482730108382 2.0100000000000002 16.500000000000004 0.57606000718648975 1.2764780673871583 7952712.8791563809 121.50000000000001 4.7920227272727294 15092809.000000002 4.2751562500000011 4.5785853251806579 20.500000000000004 5.535000000000001 74.050000000000011 5.7250000000000005 12.865644252351197 75.216666666666683 63132282318.027382 83.500000000000014 1.418790350754635e+19 1.2273539705961494 7.623193277310925 3.5000000000000004 560.78595961157146 2.5000000000000004 54.140385527974622 4.8384891424365124 44.500000000000007 4.5000000000000009 4.7571605374823216 110.50000000000001 12.41652192773652 3009975.86020101 250194.00000000003 40.500000000000007 4.9581959810340948 185.34377659491963 1017571.0833396717 24.504166666666674 157431.00000000003
decision_type=2 2 2 2 2 2 2 2 2 2 2 2 2 2 2 2 2 2 2 2 2 2 2 2 2 2 2 2 2 2 2 2 2 2 2 2 2 2 2 2 2 2 2 2 2 2 2 2 2 2 2 2 2 2 2 2 2 2 2 2 2 2
left_child=1 4 9 6 5 13 12 14 19 18 45 30 50 27 16 29 -8 47 -2 28 24 37 -20 -24 34 44 31 -1 42 43 36 -12 49 -31 -9 -13 58 -5 -39 40 -10 -42 -4 -11 55 53 -22 -18 -46 -19 -3 -52 61 -6 -33 -14 57 -21 -7 60 -29 -45
right_child=2 3 8 21 10 11 7 20 39 15 26 35 25 -15 -16 -17 17 32 22 56 46 -23 23 -25 -26 -27 -28 59 -30 33 -32 54 -34 -35 -36 -37 -38 38 -40 -41 41 -43 -44 52 48 -47 -48 -49 -50 -51 51 -53 -54 -55 -56 -57 -58 -59 -60 -61 -62 -63
leaf_value=-0.026909289820507803 0.018736215943004134 -0.015718563015050393 0.040009479717689839 0.030915837926359102 -0.014610518356025219 0.0020689692105183163 0.000696660961603175 0.030136473403360217 0.0682352883633809 -0.041166446833275347 -0.018867285086128109 0.057998586526850297 0.019860544393550894 -0.040333038078718651 0.0044720757810274873 0.065042356037431193 0.010053398754802483 0.018243471606182504 0.049790515518548371 0.047055909408910801 0.054135410698653845 0.066052570318662449 0.089047438142117005 -0.037448384488469662 0.035404098638653909 0.036641493522412631 0.042384854077696904 -0.030641233382848271 0.061535928459719662 0.047325257253573692 -0.01411535721295259 0.0075648207311974462 0.035156486506033674 0.073244947099937854 0.013439713022422348 -0.046037025322547609 0.020336748170146662 0.054741304552636497 0.017693267803907394 0.075646703606930307 0.064080772047151693 -0.048349990953073185 -0.046624853899681733 0.039714114416978023 0.00099231119497652132 -0.037844351928344885 0.037081203487098979 0.021745486253024127 0.022042202484855847 0.033235462608538491 -0.012426814499258372 0.011656718559454531 0.054077007477084826 -0.0010105541659363219 0.024059828865522648 -0.0022734520019220424 0.069478975294045744 0.066830042320568689 -0.020017716701160031 0.0034270211573522585 -0.011408196620657377 0.017674301923048523
leaf_weight=3084.3818618804216 1989.6173366010189 906.91541121900082 1466.5121202021837 1223.1395870745182 1445.9931790977716 1333.5871058404446 1269.5694276541471 1768.4510804116726 4207.0823981314898 31.565904334187508 375.81826603412628 238.10043147206306 455.26302202045918 1525.1922837346792 2842.1103047132492 1625.8070765286684 3609.9940998256207 3312.4856988489628 1110.048755005002 1072.1927229911089 845.5437064319849 829.52784909307957 34.857866451144218 106.95778760313988 3438.4357484132051 662.41202399134636 309.88075350224972 673.10317744314671 933.80880972743034 1329.4284466058016 2082.8538874983788 4054.7972579598427 2560.9073364138603 580.90372498333454 2020.0087957978249 25.901886731386185 566.36256112158298 1206.8110934048891 198.33108867704868 9850.0930252373219 75.147261038422585 44.038418233394623 28.542864754796028 2703.2276537567377 570.34281434118748 203.26167832314968 3869.656501725316 2439.2285339087248 2085.6989777088165 1137.2890472859144 549.35303802788258 922.70104096829891 822.95816965401173 2955.5690328925848 754.70480254292488 1292.0474843531847 2416.2595462948084 1272.9263713657856 443.0680298358202 523.55329681932926 2447.6735279560089 379.04583621025085
leaf_count=21445 6046 4162 3071 2929 7140 6395 4664 5062 6478 114 1869 551 1386 11160 9973 2647 12273 10469 2246 2051 1804 1312 51 426 8571 1867 810 4090 1563 2708 11232 16573 6608 884 6168 121 2340 2369 504 14102 121 158 112 6188 2075 1111 9637 7551 6518 3142 2313 3281 1528 13587 2657 5311 3715 2047 2292 2579 13643 1031
internal_value=0.0278012 0.0116053 0.0596368 0.0227758 -0.00779271 -0.0156557 0.0204939 0.0234472 0.0680077 0.0429436 0.00228412 -0.0024255 0.00894445 -0.0231731 0.0169578 0.0493072 0.0194342 0.0212557 0.028273 0.0581633 0.0327784 0.0469021 0.04343 -0.00635609 0.0279758 0.0151834 0.00998607 -0.0192834 0.0472675 0.044932 -0.00542092 0.00804988 0.0268536 0.0552071 0.0212338 0.0477914 0.0023081 0.0408578 0.0495121 0.0730007 0.0669764 0.0225383 0.0383555 0.039946 0.0119554 -0.00690706 0.0401394 0.014768 0.0175221 0.0220752 -0.00434072 0.00266903 0.0406016 -0.00547839 0.0101532 0.00349358 0.0637215 0.0577893 -0.00343908 -0.0128293 -0.0155565 0.0370037
internal_weight=95141 63060 32081 40016.2 23043.8 12943.8 36558.4 29113.7 21366.6 10714.4 10100 4689.87 7444.73 8253.9 17171.6 7472.94 14329.5 13059.9 3241.48 7190.24 11942.1 3457.81 1251.86 141.816 7226.9 5065.76 5495.2 6728.71 2428.86 5847.13 4425.87 5185.32 7010.68 1910.33 3788.46 264.002 2343.02 2628.28 1405.14 14176.4 4326.27 119.186 1495.05 3936.8 4403.35 4604.82 4715.2 6049.22 2656.04 4449.77 2378.97 1472.05 3905.23 4401.56 4809.5 1747.31 4761.38 2345.12 1776.66 3644.33 3120.78 3082.27
internal_count=296831 239544 57287 119949 119595 75848 112835 85922 33418 23869 43747 22931 26913 52917 54680 15100 44707 40043 8769 12559 31242 7114 2723 477 19801 17157 21909 41757 4746 12453 22259 21099 20219 3592 11230 672 11027 5802 2873 20859 6757 279 3183 8861 15290 21838 11441 19824 8593 13611 9756 5594 8747 20727 19230 6697 7813 4098 8687 20312 17733 7219
is_linear=0
shrinkage=0.05


Tree=16
num_leaves=63
num_cat=0
split_feature=28 48 20 38 28 18 1 40 46 1 18 1 59 46 20 43 59 63 1 45 1 1 40 43 47 9 63 40 43 40 58 11 20 43 16 46 43 61 11 9 30 45 62 40 48 28 47 50 59 43 40 60 1 40 46 43 40 43 38 30 33 43
split_gain=18139.1 4744.9 1917.32 785.722 768.3 611.462 541.479 354.761 335.333 251.82 237.158 236.087 218.151 248.383 207.361 248.587 204.873 177.789 176.051 163.616 135.252 123.695 122.278 118.619 109.084 108.665 106.784 106.724 106.642 105.403 104.461 108.212 102.605 203.526 102.503 104.633 98.2588 115.245 94.8191 93.2382 85.6002 112.42 91.9081 84.7116 82.8291 80.8101 78.5695 75.5781 75.3983 80.8851 72.7728 71.7595 71.3144 68.8359 67.6211 67.4907 71.8026 66.4153 66.3337 66.0556 63.4871 62.4381
threshold=273582827.60821819 146832115.69885865 12.500000000000002 7931000.9060230451 15849263.983685344 5667677209.79214 4.9050000000000011 74.500000000000014 33.526222462983036 6.6950000000000012 24886821.341418948 4.4350000000000014 172.21797235552251 465.43784836679646 3.5000000000000004 4.6054217359353329 393.88566249663955 0.66835686777920345 4.8050000000000006 0.88833905653204537 5.205000000000001 5.5950000000000006 11.500000000000002 4.5600751879699262 11.500154828833358 15092809.000000002 -0.028571428571428911 6.5000000000000009 4.7090956637504773 20.500000000000004 7595245.8606462674 5.5000000000000009 69.500000000000014 4.7213059619201649 12.849242424242425 29.800173010380625 5.0668333333333342 12.695272321983373 2.5000000000000004 17942721.500000004 93.500000000000014 0.77289695931934632 0.093646298636693229 29.500000000000004 52058041.279764526 44744283065.176628 1.0000000180025095e-35 3.5000000000000004 111.29931973072065 4.7326566968830308 42.500000000000007 11.938775505635673 6.9050000000000011 5.5000000000000009 18.404761904761909 4.6706499829758261 4.5000000000000009 4.5916882556131275 2823492273.4341512 2.5000000000000004 4.1804761904761927 4.3179029304029317
decision_type=2 2 2 2 2 2 2 2 2 2 2 2 2 2 2 2 2 2 2 2 2 2 2 2 2 2 2 2 2 2 2 2 2 2 2 2 2 2 2 2 2 2 2 2 2 2 2 2 2 2 2 2 2 2 2 2 2 2 2 2 2 2
left_child=1 3 5 6 8 14 16 18 20 25 40 34 17 -14 26 -16 24 22 27 -9 29 38 28 43 -1 -8 59 -6 -10 54 31 48 33 46 -5 -36 37 -17 44 -11 41 -4 -43 -24 -13 47 -12 -7 50 -50 57 -33 -19 -30 -3 -15 -57 -29 -39 -2 -31 -26
right_child=2 4 10 11 7 45 9 19 12 39 32 21 13 55 15 36 -18 52 -20 -21 -22 -23 23 -25 61 -27 -28 30 53 60 -32 51 -34 -35 35 -37 -38 58 -40 -41 -42 42 -44 -45 -46 -47 -48 -49 49 -51 -52 -53 -54 -55 -56 56 -58 -59 -60 -61 -62 -63
leaf_value=-0.024182014295619263 0.0088980463761825276 -0.026422618449455117 0.056380153883637263 0.018661540531378577 0.0020035352632183103 0.054771044159163021 0.001288671014326518 0.051200696151713937 -0.0013654534055325804 0.060750880920123852 0.019573289330701557 -0.0027579624361355999 0.0014375370455154293 0.016667175753345451 0.022077128253076155 0.047360851025213035 -0.040624551493945539 0.036565018717781471 0.034579353824181418 0.015099129343086654 0.01873473534313725 0.031029837249187672 0.0089145567455343796 0.027943307314551975 -0.02232677212577977 -0.014677877984809859 0.038036402903994598 0.01645955842139021 0.0075280705456034535 -0.037500700914728152 -0.0017633952505711624 0.061199096025553582 0.074827374313028702 0.072215160014705598 -0.026943209189906933 -0.0046564017434016875 0.060872602652871803 -0.0025138608352603814 0.035530991687327027 0.015474251028291384 0.066784118778979426 0.036183851690599206 -0.02547998520648272 0.02571177342120845 0.010171176148623947 0.068097005924513787 0.058668303563067063 -0.0074281193220037921 0.013328011365036606 0.030260507160291324 0.03999422734543373 -0.010630749853032421 0.086555736232040589 0.022084516935772975 -0.0047282173191982102 -0.040789154072352951 0.042184963626424009 0.029446026206982195 0.034759991430372859 0.026478946620196661 0.010452268155025155 -0.0048046242513015867
leaf_weight=4288.5351859778166 812.81658405065536 542.83524018526077 1038.4515622854233 390.22382973134518 584.40311010181904 1876.2307738363743 2410.509542286396 2299.9343422651291 1001.5356501787901 179.41395097970963 133.50246351957321 1901.3079430162907 3326.0255417227745 788.98361530900002 1222.672210931778 2855.3242342472076 1387.3727703318 1119.8482225984335 4564.6299647092819 363.43754129111767 885.103619530797 597.27898752689362 1889.8092062175274 5103.5438909232616 763.409697920084 1910.0127982646227 1358.0141024440527 1505.2793651223183 1237.6246288865805 73.522844478487968 377.23362942039967 298.82346311211586 6459.5297295004129 6143.5248245745897 626.39441330730915 3307.0138924717903 1053.6875686049461 181.77757290005684 279.37616966664791 310.47561338543892 770.26526883244514 511.1264143884182 68.528963685035706 1245.1519287526608 3554.7782149761915 1705.1339211314917 3439.4434797018766 50.144299283623695 2435.7403430342674 992.74501331150532 986.52901346981525 39.348960161209106 76.194999739527702 2362.5175210833549 1061.7449049651623 27.249667897820473 603.93485173583031 2845.8275381326675 347.62600474059582 1559.1007920056581 1127.7885607033968 1522.0728110074997
leaf_count=28443 2425 2618 1827 1567 2112 3299 11145 4376 3779 383 305 9197 12037 2529 3069 5683 10440 2953 11459 1014 3094 1882 6560 14111 4603 10649 3207 4559 4765 362 1295 547 9357 9110 3549 16071 1835 522 800 1032 1208 1119 205 3760 13926 2622 5793 135 7428 2596 2323 118 123 7220 4430 129 1545 7531 735 3957 3752 7606
internal_value=0.0265157 0.0110516 0.0574545 -0.00679823 0.0215675 0.0427464 -0.0151622 0.02949 0.015471 -0.00191764 0.0677719 0.00322613 0.0181785 0.00891175 0.0360089 0.0420398 -0.0231648 0.0213119 0.0264345 0.0462744 0.00169322 0.00937549 0.0195944 0.0232411 -0.0194802 -0.00576981 0.0268557 0.022741 0.0130658 -0.00368243 0.0240192 0.0250875 0.0699434 0.0666965 -0.00578071 -0.00820557 0.047539 0.0433882 0.00712045 0.0320561 0.0530646 0.0465337 0.0288937 0.0155861 0.0056657 0.0601692 0.0572075 0.053152 0.0240168 0.0182309 0.0277333 0.0528411 0.0397497 0.0170804 -0.0120675 0.0264163 0.0386028 0.0249533 0.0219615 0.0204543 0.00751744 -0.0106575
internal_weight=94782.4 63195.5 31586.9 23428.2 39767.3 13022.5 12771.8 17293.9 22473.4 4810.41 18564.4 10656.4 18782.4 4746.19 9391.02 5661.09 7961.39 14036.2 14630.6 2663.37 3691 6332.74 12840.2 8238.51 6574.02 4320.52 3729.93 10065.9 4601.68 2805.89 9481.53 9104.29 16176 9716.47 4323.63 3933.41 4438.42 3384.73 5735.46 489.89 2388.37 1618.11 579.655 3134.96 5456.09 3631.51 3572.95 1926.38 8766.12 3428.49 5337.64 338.172 1196.04 3600.14 1604.58 1420.17 631.185 4351.11 529.404 2371.92 1201.31 2285.48
internal_count=296831 240418 56413 121293 119125 27489 74301 45358 73767 23209 28924 46992 59511 16240 21433 11844 51092 43271 39968 5390 14256 25805 40195 24431 40652 21794 9589 28509 15764 11162 26397 25102 24565 15208 21187 19620 8775 6940 23923 1415 4359 3151 1324 10320 23123 6056 6098 3434 24437 10024 14413 665 3076 11985 7048 4203 1674 12090 1257 6382 4114 12209
is_linear=0
shrinkage=0.05


Tree=17
num_leaves=63
num_cat=0
split_feature=29 48 10 29 48 38 63 30 48 46 59 40 43 45 30 63 58 9 61 63 40 10 48 63 29 26 43 63 9 48 30 43 18 36 58 8 59 43 36 40 10 43 59 46 13 63 63 48 54 9 63 63 10 6 62 40 43 60 25 59 7 9
split_gain=16787 4267.72 1882.32 756.243 636.822 564.76 440.542 346.471 334.616 330.142 241.457 217.896 247.775 173.025 167.528 166.903 150.983 143.493 135.844 134.146 134.888 133.573 119.252 114.78 108.675 106.09 99.2951 99.1091 97.7389 95.281 94.9875 141.721 94.3914 103.211 90.6524 87.3743 86.2399 121.946 95.8645 84.3841 84.3674 84.7589 83.1543 82.6754 80.6752 80.2731 77.3106 77.1389 76.7666 74.4372 72.0999 71.485 69.2095 67.4251 99.7922 67.3389 66.0576 65.0571 75.6157 64.8299 64.6026 64.4144
threshold=3.4442037390648928e+17 120762244.88035192 3.5000000000000004 19953041187295480 5152010260.7568655 7391240.4076421726 1.5000000000000007 23.500000000000004 22751352802.89983 30.000304878048787 268.777959470658 5.5000000000000009 4.8071825396825405 0.89167807452379366 39.500000000000007 0.0080178571428573004 15434628.720544891 57451204.000000007 12.381080750417047 1.976478067387158 19.500000000000004 5.5000000000000009 260538373.55868104 0.29999999999999943 2.3255098181953143e+20 165.31666666666669 4.5785853251806579 2.4743801652892565 178220.50000000003 13573371.904459001 67.500000000000014 4.66670396896449 1437357.3595397372 32.11396194306932 797709.70303708466 0.19950000000000004 207.4341324427983 4.7666666666666684 17.667261904761908 21.500000000000004 2.5000000000000004 4.2751562500000011 182.41965550642871 38.324264705882364 4.7972953216374279 1.065821566110398 0.55887944531424749 16849822.220756065 0.60450837510835453 178220.50000000003 1.976478067387158 -0.23999999999999974 10.500000000000002 3.8250000000000006 -0.050980812289695858 10.500000000000002 4.4333333333333353 3.4285714263673479 1.0218693691841214 622.81633298656391 6.5500000000000007 72751.500000000015
decision_type=2 2 2 2 2 2 2 2 2 2 2 2 2 2 2 2 2 2 2 2 2 2 2 2 2 2 2 2 2 2 2 2 2 2 2 2 2 2 2 2 2 2 2 2 2 2 2 2 2 2 2 2 2 2 2 2 2 2 2 2 2 2
left_child=1 5 4 9 18 6 10 16 30 35 23 42 19 -9 24 32 21 27 25 20 34 22 -5 47 44 28 48 60 -2 -25 31 53 33 -7 43 39 38 -38 -24 50 41 -17 46 -13 -6 -43 -11 -1 -22 -40 -3 -45 -10 54 -4 -39 -16 58 -55 -15 -8 -20
right_child=2 3 8 7 14 15 17 13 52 11 -12 12 -14 59 56 40 -18 -19 61 -21 26 -23 36 29 -26 -27 -28 -29 -30 -31 -32 -33 -34 -35 -36 -37 37 55 49 -41 -42 45 -44 51 -46 -47 -48 -49 -50 -51 -52 -53 -54 57 -56 -57 -58 -59 -60 -61 -62 -63
leaf_value=-0.024219359692086606 0.037886387622876751 -0.016507542923746791 0.072145971473302151 0.014543103067609128 0.034046089757982255 -0.026139234931387052 0.028345464902420195 0.047735665397693437 0.06424177030985119 0.004206484191238054 -0.031249175202815917 -0.0066565263019348515 0.027541440359367803 0.021941422753983253 -0.014592014957300845 -0.012978490056174989 -0.030086645137407844 -0.0094381905356770626 0.019775979309703193 0.07573755789767489 -0.034722719136637728 0.052233850507394652 -0.00010921897568510768 -0.011633615676494484 0.064498133707426561 0.0019350540844192195 0.027479623308682539 0.059749614053375304 0.016554994771507948 0.0075584866023206271 0.068246273360800344 0.0589977549929733 0.0071091447631889074 -0.0047913940578512282 -0.0040119382988575278 0.015761450960939342 0.005804249879181018 0.0081923345226336715 0.032302071800727528 0.00500098762539734 0.0387454793365484 0.0070130995007627915 -0.01317194530142648 0.0045043419109909331 0.04793983234736577 0.03153669642903139 0.037249211257407017 -0.011581075295818314 0.015593974289085006 0.022966543286224328 0.092939932795507038 0.017256379981300942 0.072160024563945407 0.028151845251538091 -0.056710094945963865 0.042286191272358914 0.061991276160852198 0.046926273092152637 -0.065853245033761845 -0.067906136516638835 -0.0060583109329903143 -0.0044602018741167881
leaf_weight=2783.4038884937763 2809.2791409641504 1272.2436120063066 23.913826078176498 2782.3432302772999 1914.5453004539013 726.69193947315216 412.21056745946407 2663.0014045387506 3996.2397593706846 1747.6898671537638 2609.853325471282 558.7246637493372 4894.0015343725681 637.86195288598537 28.521410495042801 477.4049206674099 127.0808222591877 433.92701095342636 971.72943951189518 88.727409139275551 77.136453181505203 426.04197268188 293.8991075605154 2590.2448701858521 592.47132903337479 282.27973780035973 2318.2966210246086 173.37720240652561 663.89772911369801 861.88080337643623 1180.3028846979141 3088.3379441946745 1154.7301963269711 2563.3737224340439 1096.7139232903719 518.43124464154243 1112.1207584440708 203.95483212172985 5856.9769907593727 861.93728390336037 218.41003048419952 3499.4662609547377 644.33269940316677 1547.827912196517 2299.9831508994102 368.8612565100193 196.97336143255234 2132.2855245471001 4386.0219598412514 3360.3415548652411 15.227569490671156 3789.9465616047382 8917.7830678373575 199.98064967989922 40.425254210829735 499.5812941044569 2207.0457336306572 1550.7253413796425 23.954286947846413 20.729655638337135 203.97047357261181 381.89919708669186
leaf_count=19491 6360 5812 38 9081 4175 4167 1538 5154 6370 6955 17967 2241 13466 1711 82 2467 522 2055 2594 154 337 826 927 14857 948 836 6225 360 1827 3776 1833 5244 4927 12829 4113 1920 3478 631 14835 3025 632 14866 2807 5517 4305 1131 563 11223 14234 9120 24 12235 13321 449 138 1151 3597 2951 87 87 981 1258
internal_value=0.0253022 0.0104935 0.0553289 0.0197264 0.0399569 -0.00778857 -0.0147994 0.0274795 0.0651491 0.0139201 -0.0179712 0.0159927 0.0178695 0.0420606 0.0497061 0.00170642 0.0241763 0.0136596 0.0265183 0.0144551 0.0140603 0.0246507 0.0238178 -0.0138299 0.044447 0.0314131 0.0190848 0.0263537 0.0338089 -0.00684199 0.0555061 0.0524543 -0.00518993 -0.00950659 0.00918799 -0.00266305 0.0260961 0.0161106 0.0280023 -0.00710699 0.00842243 0.00689844 0.00239538 0.0116431 0.0416283 0.00935153 0.00755336 -0.0187372 0.0147244 0.0288986 -0.0152131 0.0135586 0.0697097 0.0414654 -0.00881632 0.0324024 0.0610142 0.0432884 0.0180961 0.0191134 0.016957 0.0129382
internal_weight=94381.6 63208.3 31173.3 41998.2 12151.7 21210.1 12201.2 17983.9 19021.7 24014.2 10977.7 21346.4 18757.4 3321.59 7042.57 9008.94 14662.3 1223.49 5109.09 13863.4 13774.7 14535.3 14109.2 8367.82 4807 3755.46 6781.46 789.558 3473.18 3452.13 6107.64 4927.34 4444.8 3290.07 6993.21 2667.84 11326.9 1815.66 9511.22 2149.41 4564.14 4345.73 2589 5896.5 4214.53 3868.33 1944.66 4915.69 4463.16 9217.32 1287.47 5337.77 12914 1839 64.3391 703.536 2235.57 1774.66 223.935 658.592 616.181 1353.63
internal_count=296831 240418 56413 127151 25982 113267 72248 47523 30431 79628 67314 68847 58522 6952 13107 41019 40571 4934 12875 45056 44902 40049 39223 49347 9428 9023 20796 2879 8187 18633 10740 8907 21923 16996 24106 10781 30142 5260 24882 8861 19096 18464 10325 19993 8480 15997 7518 30714 14571 23955 5836 17752 19691 3663 176 1782 3679 3487 536 1798 2519 3852
is_linear=0
shrinkage=0.05


Tree=18
num_leaves=63
num_cat=0
split_feature=20 48 38 12 38 1 41 33 10 1 10 1 1 59 48 28 41 33 41 1 63 41 47 58 47 1 1 9 45 47 47 45 45 57 59 44 48 48 56 38 9 7 0 34 41 1 0 16 13 59 55 30 58 9 26 59 44 32 47 30 33 33
split_gain=15703.9 4327.88 1214.03 863.452 583.402 476.33 418.377 390.012 365.915 266.582 260.495 210.767 205.62 192.324 177.604 168.465 153.423 152.784 151.783 144.599 141.029 135.325 125.49 121.173 113.692 117.415 106.886 105.945 100.446 100.063 99.5766 93.721 91.6939 91.0486 88.7275 85.3818 83.734 82.5862 87.3698 139.899 82.0255 80.0889 79.9526 76.4379 79.3214 75.6422 71.5213 71.1229 82.0329 71.0081 70.0883 66.926 66.8435 66.6278 66.2867 66.0959 64.9079 80.6737 62.1389 61.9847 102.225 58.3213
threshold=5.5000000000000009 146832115.69885865 4991429223.2918406 5.7550000000000008 7931000.9060230451 4.9050000000000011 0.094444444444444414 4.6500542299349252 6.5000000000000009 4.5550000000000006 6.5000000000000009 6.9450000000000012 4.4350000000000014 393.88566249663955 856015160.98628032 31656980512.409153 0.39444444444444454 4.7291787090558772 1.3611111111111114 5.6050000000000013 1.1861983471074382 0.41666666666666669 42.240979888479281 8230482.1759099504 54.140385527974622 5.8350000000000009 6.2950000000000008 15092809.000000002 1.1980537431813867 0.37282548461146886 12.41652192773652 1.3511383881434533 0.6681453567742347 0.73769020236990934 222.04092397882437 0.42143178354890803 52058041.279764526 33261411691.198246 83.500000000000014 11604968356.913292 9603.5000000000018 31.550000000000004 65.450000000000017 0.44369423012888182 0.91666666666666685 5.7250000000000005 131.95000000000002 2.0100000000000002 4.5559837092731845 535.17466620435641 1667253.5022669353 19.500000000000004 14269511.387028115 1011552483.0999991 529.05500000000006 278.55189666055003 0.37722815142765515 6.7950000000000008 1.0000000180025095e-35 37.500000000000007 4.9995689655172439 5.3251470588235312
decision_type=2 2 2 2 2 2 2 2 2 2 2 2 2 2 2 2 2 2 2 2 2 2 2 2 2 2 2 2 2 2 2 2 2 2 2 2 2 2 2 2 2 2 2 2 2 2 2 2 2 2 2 2 2 2 2 2 2 2 2 2 2 2
left_child=1 4 10 6 5 13 9 21 17 55 14 27 49 30 23 40 19 18 43 22 29 24 50 33 25 52 36 45 -23 -11 -1 41 51 -2 -26 -31 -14 38 -10 -40 58 -12 53 44 -4 -7 -21 -33 -49 -6 56 -16 -8 -13 -34 -3 -9 -58 -5 60 -19 -37
right_child=2 3 8 15 12 11 7 16 37 20 31 42 26 -15 32 -17 -18 59 -20 46 -22 28 -24 -25 34 -27 -28 -29 -30 35 -32 47 54 -35 -36 61 -38 -39 39 -41 -42 -43 -44 -45 -46 -47 -48 48 -50 -51 -52 -53 -54 -55 -56 -57 57 -59 -60 -61 -62 -63
leaf_value=-0.022578267589188059 0.091313364998612603 -0.0024517681305025094 0.038515595506707599 0.021700160010657565 -0.0050520843700235379 -0.0023909748846318271 0.0078862562702576647 0.026526900426532298 0.061852117273964495 0.00070050793154372969 0.056757943301870312 0.05484091946839692 -0.0012785235577008973 -0.039045327604563723 0.037319129665357859 0.059978370251196261 0.039566509975163699 0.040163713152801164 0.057083161861507303 0.051438909043492478 0.051726929220578068 0.02581225857011173 0.027811872042367514 -0.021851369123170542 0.021268369118830163 0.049702069036696134 0.04955549184740677 -0.012963035314763128 0.0034259075847317719 0.021525071945058247 -0.0094500363363166119 0.082156826078204181 0.035332835101322561 0.022634761191157499 0.0041528329058188387 0.0040596953570434975 0.011051796081622286 0.069829178389700625 0.059574971530589708 -0.058371645740288469 0.024868291056701065 -0.017839854102040267 -0.035509418494875523 0.036873229708658466 -0.0607250985355599 0.018077274719406587 0.004838017329732075 -0.04372103215972431 0.049903116815953538 -0.034085589091003891 -0.027357086894465067 0.058228952774972635 -0.024684760238735184 -0.023140979542731636 -0.012501449902750515 -0.026096023091376343 0.011520266099095088 0.038567332817614298 0.045925479434223787 0.065841379245955123 0.062970425224685836 0.022978925125281661
leaf_weight=4221.5786481946707 49.811048448085785 2028.8645935207605 38.741646617650986 313.20955485105515 3879.552457883954 1873.7348623871803 6142.7185545563698 1523.135914683342 2707.7947013378143 1461.4643250405788 2325.8359740227461 253.12224040925503 2110.969395622611 1319.6518994048238 669.81312294304371 997.53642928600311 2014.0470008254051 842.2425280213356 1352.7845624685287 670.40257346630096 233.99450421333313 3800.4968546926975 6473.3691712915897 152.64861510694027 4144.8397840559483 165.60210879147053 149.52469439804554 1990.9338605254889 577.17613166570663 2736.7561921477318 2195.607117459178 27.862369164824486 2563.8848293572664 1547.926591321826 926.46506863832474 1759.4815422445536 3959.3255585581064 9626.9452463239431 68.004312738776207 39.887418195605278 1035.159785926342 36.545266732573509 33.284072712063789 1534.1292062401772 41.923706591129303 594.62456920742989 93.863358199596405 61.725029975175858 37.678350359201431 222.68345847725868 86.709999457001686 892.69360786676407 161.66595961153507 30.714693337678909 74.530201807618141 345.9746805280447 2968.6974364966154 303.92115050554276 1709.3445544987917 2027.2504794150591 1179.2552875727415 530.05872069299221
leaf_count=28779 76 8012 87 792 19196 8941 20812 4223 4419 5580 4035 573 10000 10440 1400 1642 4416 1646 2299 1395 515 10280 16842 609 12216 372 331 11069 2062 8491 11873 42 5681 4118 3213 6133 15082 14833 113 146 2441 103 147 3143 151 2357 259 240 72 1341 313 1518 712 122 231 1573 8608 684 3419 3188 1914 1511
internal_value=0.0241558 0.0108683 0.055608 0.0201738 -0.00673794 -0.0139965 0.0178989 0.0207426 0.0624775 0.00850392 0.0397719 -0.00158081 0.00206145 -0.0216614 0.0340908 0.0421361 0.0267875 0.0533468 0.0447287 0.0246639 0.0135916 0.0153755 0.0232471 0.0207096 0.0125363 0.0081427 0.00779259 -0.00438173 0.0228607 0.0122162 -0.0180865 0.0533523 0.0396663 0.0247759 0.0181416 0.0155645 0.00676388 0.0676262 0.060094 0.0159703 0.0363153 0.0556039 0.0378051 0.0343788 -0.0130622 0.0025398 0.0457156 0.0115559 -0.00823327 -0.00662812 0.0171949 0.0492654 0.00705102 0.0464023 0.0339816 -0.00589634 0.0180004 0.0140321 0.042174 0.0596636 0.0534682 0.00843975
internal_weight=93940.2 66040.3 27899.9 43205 22835.3 12513.3 39149.7 30053.1 19459 9096.59 8440.96 4776.41 10322.1 7736.84 5951.31 4055.25 14134.1 7016.33 2967.58 12120.1 6721.76 15919 11355.8 1750.39 11541.3 6469.99 6219.82 4459.29 4377.67 6487.76 6417.19 2489.65 4200.92 1597.74 5071.3 5026.3 6070.29 12442.6 2815.69 107.892 3057.71 2362.38 317.121 1614.79 80.6654 2468.36 764.266 127.266 99.4034 4102.24 4882.46 1562.51 6304.38 283.837 2638.42 2374.84 4795.75 3272.62 2022.55 4048.75 2021.5 2289.54
internal_count=296831 246767 50064 126516 120251 74301 118222 86407 31939 31815 18125 23209 45950 51092 13633 8294 36740 12428 5680 32324 22230 49667 30670 4803 37325 21896 25413 22367 12342 21715 40652 4492 8830 4194 15429 16135 25082 19511 4678 259 6652 4138 842 3381 238 11298 1654 354 312 20537 13828 2918 21524 695 5912 9585 13515 9292 4211 6748 3560 7644
is_linear=0
shrinkage=0.05


Tree=19
num_leaves=63
num_cat=0
split_feature=20 48 20 28 43 48 1 1 40 43 40 35 1 63 48 43 1 43 10 43 40 47 13 40 46 1 16 43 59 59 55 30 0 46 0 14 47 1 46 33 43 5 0 37 30 63 2 28 43 59 40 13 59 59 30 39 46 47 27 28 50 60
split_gain=14608.9 3893.37 1222.19 748.388 588.035 542.168 397.734 386.559 370.898 253.158 251.347 231.85 207.229 195.311 193.591 169.094 151.062 145.412 139.137 128.617 127.198 141.444 118.883 114.05 110.053 108.057 93.0911 92.7263 91.7964 91.5847 90.589 88.3056 85.3872 84.2093 81.2184 80.3317 135.23 83.6956 78.582 78.4445 78.2987 76.4897 76.3004 75.5852 74.3704 73.252 72.6712 72.4952 71.8685 68.273 68.1747 100.525 67.7357 67.0031 65.0766 64.0357 63.3975 61.4346 105.65 128.199 77.3598 60.9327
threshold=5.5000000000000009 146832115.69885865 17.500000000000004 2147767338.5022635 4.6833333333333353 37849893.910312466 4.8950000000000005 4.9050000000000011 8.5000000000000018 4.5833892617449674 6.5000000000000009 0.94097137745704629 5.1950000000000012 2.4743801652892565 3954269.4990041857 4.4636602870813418 6.6950000000000012 4.8561828874976296 7.5000000000000009 5.0273205741626814 35.500000000000007 37.982061132686347 5.1989361702127672 29.500000000000004 29.133549783549789 6.9050000000000011 15.454729729729731 4.7434035395641372 333.98830153008242 326.37629440846257 7463832.6792456573 79.500000000000014 142.05000000000004 9.9983333333333348 74.050000000000011 1.0000000180025095e-35 2.6466787174673585 4.205000000000001 366.49719298245623 4.84983870967742 4.2751562500000011 0.10015000000000002 56.95000000000001 5.8105819143802897 1.0000000180025095e-35 -0.31709972034408324 12.500000000000002 31656980512.409153 4.36224318658281 441.9246103158444 165.50000000000003 4.750120772946862 118.51773684415902 297.26712396989052 10.500000000000002 9984538581554978 25.003181818181826 1.0000000180025095e-35 1.2106313607869836 298974101.87215501 1.0000000180025095e-35 3.8104648972218258
decision_type=2 2 2 2 2 2 2 2 2 2 2 2 2 2 2 2 2 2 2 2 2 2 2 2 2 2 2 2 2 2 2 2 2 2 2 2 2 2 2 2 2 2 2 2 2 2 2 2 2 2 2 2 2 2 2 2 2 2 2 2 2 2
left_child=1 5 4 6 15 7 8 14 29 23 25 18 24 32 49 30 17 52 27 50 21 61 -5 46 -7 39 -16 31 40 35 43 -4 44 -28 -15 36 -3 -38 -23 -8 -26 -13 56 -2 -9 -42 -10 -24 -25 -1 51 -6 -12 -35 -19 -47 -14 60 -59 -60 -43 -11
right_child=2 3 11 22 19 12 10 13 9 20 16 41 42 34 26 -17 -18 54 -20 -21 -22 38 47 48 28 -27 33 -29 -30 -31 -32 -33 -34 53 -36 -37 37 -39 -40 -41 45 57 -44 -45 -46 55 -48 -49 -50 -51 -52 -53 -54 -55 -56 -57 -58 58 59 -61 -62 -63
leaf_value=-0.026322655665826578 0.041274742362626987 -0.022078783172958208 0.03848302673089115 0.027101387145003909 0.034745398130417986 -0.014432944457657595 0.0011425425704682853 -0.0063256703468660249 0.0069547953615436602 0.0094625119764332917 0.026294341097276238 -0.052877740864222783 0.0037184250626904531 0.048285082004239421 0.010195504689752801 0.034806142417779677 0.070830390505059335 0.032083893598107371 0.067564858552928986 0.063181640710544218 0.032287800156341535 0.021375549004201917 0.040508728904107547 0.0026381304548399134 -0.015882287173253021 0.061905596498117714 -0.050534740312326271 0.064712062409243584 -0.016140249537930234 -0.02091377368571265 -0.019038007041049691 0.058511860212773825 -0.033826961157703977 -0.011946471132609096 -0.045481850810436944 0.023322715481193218 -0.01226424015922362 0.0086029964643687465 0.038631836916862977 0.016861659635494214 -0.0062932701801867753 0.034791463211754151 0.0015319290171493082 0.012597206632290704 0.010145134379516854 -0.0037315795196142861 -0.015575271573016537 0.058188362311666256 0.019020441048570952 -0.044566467557293467 0.062370576209022012 0.05125834592746209 0.015014446644048366 -0.027622104287241503 0.050445225067706982 0.010276778153562025 0.032294555197254396 0.06936215372364124 -0.026258229418969988 0.042176193616295467 -0.068779291150819155 0.034611048423840503
leaf_weight=2154.9432358592749 302.22403989732265 558.8683116286993 970.05480498075485 1004.3612233549356 1494.7032815665007 1286.0165605545044 1244.923429146409 3265.9352812319994 4805.3022500872612 3513.2319193035364 3728.1888444274664 22.035434111952782 250.41971525549889 243.19837176799774 359.92754177749157 4016.8148005753756 203.69182671606541 3437.0491167753935 10446.331165194511 1812.7927795052528 2124.2291036993265 5369.3752793520689 1452.2785156816244 814.4476518034935 498.31829887628555 108.22782887518406 171.95926978439093 1971.0334803760052 676.32591216266155 444.78345777094364 173.75608232617378 1271.8627107590437 235.42642273008823 3642.3642733842134 25.516822561621666 433.70214673876762 593.5171282440424 2523.976301163435 752.14968711137772 2189.6696488857269 1214.9870822578669 52.927186980843544 453.26227667927742 958.42827816307545 867.35943919420242 1027.0106227695942 386.71653200685978 965.19386018812656 3760.7872201800346 672.9547281563282 654.14802676439285 2403.9113965779543 2069.7892183661461 838.64239990711212 561.38530088961124 3967.0040009170771 862.86415678262711 297.74565680325031 79.573896422982216 488.87018901109695 27.343974560499191 258.58855654299259
leaf_count=16375 702 2584 1918 2333 3131 6377 4847 17206 16486 10885 9845 82 932 551 1825 8659 343 8312 16604 2953 4972 14817 2899 2973 2502 222 1269 3149 3443 1922 643 2134 1268 21773 121 1190 2458 9041 1866 6745 5835 111 1653 2798 3796 4780 1561 1615 10948 5965 1061 4324 5940 5791 1083 16052 2737 470 257 957 111 629
internal_value=0.0230714 0.0103261 0.0537309 0.01912 0.0415967 -0.00643933 0.0171947 -0.0134358 0.0136143 0.0163273 0.0241581 0.062906 0.00208957 -0.00199274 -0.0202038 0.0295438 0.0282125 0.0273263 0.0644714 0.0519184 0.0211866 0.018803 0.0415603 0.0103486 -0.000934535 0.0127141 -0.0143029 0.0568009 0.0014165 0.000638573 0.0148073 0.0498456 -0.0045376 -0.0161979 0.0393811 0.00297093 0.000570017 0.00463023 0.0234958 0.011164 0.00318681 0.0392124 0.0188257 0.0194723 -0.00286932 0.00471725 0.00527669 0.0475675 0.0161042 -0.0306641 0.0474337 0.0449274 0.0222676 -0.0148802 0.0346618 0.00739598 0.0258667 0.0413564 0.0452343 0.0325964 -0.000489403 0.0111866
internal_weight=93463.4 66018.9 27444.6 43304.4 11816.8 22714.4 39882.6 12478.2 26339.7 21784.8 13542.9 15627.8 10236.2 4637.44 7840.79 5451.22 10000.1 9796.41 14659.3 6365.56 12017.6 9893.35 3421.83 9767.25 8669.66 3542.82 5012.89 4212.95 7383.65 4554.85 1434.41 2241.92 4368.72 4652.97 268.715 4110.06 3676.36 3117.49 6121.52 3434.59 6707.32 968.496 1566.55 1260.65 4133.29 6209 5192.02 2417.47 4575.23 2827.9 4552.76 3898.61 5797.98 4481.01 3998.43 4994.01 1113.28 946.461 866.19 568.444 80.2712 3771.82
internal_count=296831 246767 50064 126516 24271 120251 119669 75940 82332 65137 37337 25793 44311 22942 52998 12802 25523 25180 23805 11469 33169 28197 6847 31968 38989 11814 30658 7201 32612 17195 4143 4052 22270 28833 672 15273 14083 11499 16683 11592 29169 1988 5322 3500 21002 26667 18047 4514 13921 22340 8516 7455 15785 27564 9395 20832 3669 1906 1684 1214 222 11514
is_linear=0
shrinkage=0.05


Tree=20
num_leaves=63
num_cat=0
split_feature=20 48 20 18 43 48 1 1 40 43 18 40 63 48 43 43 7 0 18 9 28 44 63 43 63 1 25 30 18 37 40 61 55 1 43 20 1 30 63 43 46 35 9 32 40 40 44 20 9 63 18 44 46 43 34 3 16 2 18 6 60 37
split_gain=13602 3504.9 1214.93 755.569 560.175 495.74 358.734 347.5 351.439 250.03 239.029 218.413 192.087 175.781 160.126 141.726 136.257 136.371 134.856 130.854 130.198 116.793 112.726 100.252 99.7356 95.8311 92.9833 88.0402 86.0231 85.4001 84.4851 83.6153 81.6473 81.1644 79.2799 149.826 78.5219 78.4474 77.6349 77.1405 75.15 77.3948 70.0242 69.3032 68.4259 68.4051 94.8419 68.2094 62.1932 61.2821 63.2448 60.8243 59.9673 59.6593 58.1225 58.1072 56.1717 55.5866 55.3701 80.1117 67.7642 76.1526
threshold=5.5000000000000009 146832115.69885865 17.500000000000004 718553651.35045826 4.6928230765777901 37849893.910312466 5.5950000000000006 4.8950000000000005 10.500000000000002 4.6928230765777901 81753272.656293467 7.5000000000000009 -0.049999999999999371 12223183.666937871 4.4636602870813418 4.9200946372239764 6.2150000000000007 55.150000000000013 3078837331.5960732 178220.50000000003 31656980512.409153 0.48680549331869888 1.976478067387158 4.2751562500000011 1.4361415289256196 6.495000000000001 1.08573620475813 25.500000000000004 1081907557.2760799 57.900466121227893 4.5000000000000009 10.276269321117175 7463832.6792456573 5.9250000000000007 4.6463525498891363 68.500000000000014 4.7750000000000012 45.500000000000007 0.40000000000000085 4.7571605374823216 9.9983333333333348 1.2273539705961494 7516.5000000000009 5.7950000000000008 41.500000000000007 22.500000000000004 0.37416573867739428 1.5000000000000002 8150.0000000000009 0.06033770304930109 6802800.715789956 0.38436094147732203 43.001333333333342 4.5632727111163769 0.33665016461206942 69.15000000000002 23.003500000000006 12.500000000000002 90066662164.69487 2.9750000000000005 12.857142850105371 1.0000000180025095e-35
decision_type=2 2 2 2 2 2 2 2 2 2 2 2 2 2 2 2 2 2 2 2 2 2 2 2 2 2 2 2 2 2 2 2 2 2 2 2 2 2 2 2 2 2 2 2 2 2 2 2 2 2 2 2 2 2 2 2 2 2 2 2 2 2
left_child=1 5 4 7 14 6 13 8 21 19 26 24 52 38 32 22 17 25 27 57 48 30 44 -14 47 55 37 36 31 -21 -3 -16 42 51 35 58 -6 -4 56 -32 54 -42 -2 -23 53 46 -11 -9 -5 50 -15 -25 -7 -13 -28 -8 -1 -10 59 -12 -61 -62
right_child=2 3 10 20 18 12 16 11 9 45 34 15 23 49 28 -17 -18 -19 -20 29 -22 43 -24 33 -26 -27 40 -29 -30 -31 39 -33 -34 -35 -36 -37 -38 -39 -40 -41 41 -43 -44 -45 -46 -47 -48 -49 -50 -51 -52 -53 -54 -55 -56 -57 -58 -59 -60 60 61 -63
leaf_value=0.0032048300357926333 0.035744536256824742 -0.0078925628918649123 0.040553086861476739 0.0403391634200089 0.030483765691495981 -0.012643958626051201 0.05087479584718535 0.0090044792693218349 0.018742083052787763 0.03217970804792359 -0.017277966424956454 0.0096129173051597537 -0.015936879460546827 -0.017341025056894579 0.033732376059427846 0.03625674228687524 -0.0093071749722780563 -0.024794207143605973 0.060530313929220148 0.0038351064982692635 0.056160773872172901 -0.011756198420810226 0.065339356873646087 0.010465314486260764 0.058123858622795621 0.043439803033922204 0.072650540048228227 0.055263381561228855 0.048193704381047482 0.015595991070287529 0.0019112390306415873 0.013708202929499667 -0.018183229716905665 0.035940796784840794 0.06729619541236341 0.067967497921635367 0.047774838764402333 0.058045090121324472 -0.013838732801323504 0.018137343456797787 0.025596335300472846 -0.042790454447653364 0.010441835058264638 0.005495507689092423 0.03523530135724718 0.030789461574492766 0.015178239327690725 0.025790067232020826 0.02397180130604213 -0.0019431698663168444 0.011020630227112782 -0.0073754111529641415 -0.00097884610534967648 0.022476522034954267 -0.00013048527163179047 0.0074856362382548286 -0.027251370378998874 0.0012881975153156682 0.070290529794473464 0.047234379784923036 -0.091063638744478037 0.045939018486839456
leaf_weight=157.26393995434046 400.18903717398643 672.58247590065002 893.52454751729965 1629.2096463441849 1247.1699792295694 1820.0159363746643 86.257601961493492 3416.3109617084265 5919.915565893054 1159.2262853085995 53.910014554858208 1131.7747600972652 400.19608950614929 1939.9868115782738 2738.2346028238535 2835.0384751856327 998.7519955933094 185.23774692416191 2116.7086492627859 4878.3912386149168 956.73856541514397 1663.4659305214882 152.623386323452 4405.5875612348318 120.4900981336832 346.30743093788624 125.32223400473595 1357.0871765017509 795.49663898348808 2257.9716631919146 1216.5624095201492 643.93354994058609 172.85157236456871 285.68884260952473 8422.1567484438419 1744.2978194653988 1386.5185433626175 2267.7498822212219 1855.1838618963957 1840.8007234930992 251.6962955892086 49.510233789682388 863.29266536235809 895.54487586021423 831.61232677102089 2440.1435491740704 2805.5448677241802 735.5170903801918 901.58099447190762 1783.8425234407187 218.72433218359947 535.84812712669373 2791.6233356446028 4427.1238851994276 35.118361443281174 731.82647763192654 4055.3553013280034 494.25473609566689 206.43879497051239 1165.9756434559822 19.118805125355721 21.605027958750725
leaf_count=958 950 2930 1747 3306 2662 9221 348 11679 17277 3005 151 3428 2007 11710 5942 6391 5159 922 3543 16522 1633 6880 269 17208 237 840 193 2336 1457 6872 4463 1604 643 712 13600 2810 2584 3846 10809 5724 552 192 2550 2962 1906 5749 7805 1886 2065 9195 1008 2247 12916 11740 99 3648 31343 1787 324 2158 80 41
internal_value=0.0220434 0.00981339 0.0519544 0.0181306 0.039849 -0.00615372 -0.0128944 0.0161796 0.0128141 0.0160623 0.0612549 0.02265 0.00198252 -0.0170204 0.0284482 0.0269189 0.0046933 0.0150539 0.0503286 0.0122145 0.0404483 0.00250748 0.0228729 0.00818218 0.0132796 0.0213932 0.05004 0.0449177 0.0333996 0.00755629 0.00815132 0.02992 0.0140468 0.0100288 0.0647474 0.058063 0.0395867 0.053101 -0.0223612 0.0116808 0.0290787 0.0143554 0.0184561 -0.00571884 0.0218587 0.0242029 0.0201492 0.0119781 0.0345084 -0.00880069 -0.0144674 0.00853067 -0.00558256 0.0198575 0.0567197 0.0120605 -0.0261144 0.0173971 0.0462867 0.0423558 0.04502 -0.0183802
internal_weight=92958 65980.1 26977.9 43382.4 11721.5 22597.7 12358.7 39894.9 26244.4 19955.4 15256.4 13650.5 10239 10010.4 5614 9378.17 2348.38 1349.63 6107.48 13550.5 3487.53 6288.96 6543.13 5627.32 4272.32 1164.39 3622.92 3990.78 4177.66 7136.36 3729.95 3382.17 1436.33 5227.12 11633.5 3211.35 2633.69 3161.27 6067.8 3057.36 461.647 301.207 1263.48 2559.01 6390.51 6404.91 3964.77 4151.83 2530.79 3942.55 2158.71 4941.44 4611.64 5558.9 160.441 818.084 4212.62 6414.17 1467.05 1260.61 1206.7 40.7238
internal_count=296831 246767 50064 126516 24271 120251 75940 119512 81976 59017 25793 37536 44311 65023 13146 23734 10917 5758 11125 42458 7004 22959 17343 22174 13802 4836 6629 7582 9003 23394 13117 7546 4143 20167 19164 5564 5246 5593 43110 10187 1036 744 3500 9842 17074 16559 10810 13565 5371 21913 12718 19455 22137 15168 292 3996 32301 19064 2754 2430 2279 121
is_linear=0
shrinkage=0.05


Tree=21
num_leaves=63
num_cat=0
split_feature=20 48 10 19 39 39 63 40 33 19 59 48 45 33 46 59 63 46 40 63 9 33 40 63 33 63 47 60 46 59 0 59 48 36 30 63 20 19 48 44 63 59 0 57 0 0 19 56 39 58 8 56 34 58 0 58 59 47 48 6 59 62
split_gain=12681.6 3156.22 1207.63 709.504 488.141 464.613 335.23 305.552 278.035 272.848 203.588 195.949 152.236 151.342 148.914 153.923 133.96 132.612 147.147 122.353 120.447 111.863 139.193 103.766 93.5894 91.6332 90.1902 126.961 87.9534 87.058 86.6286 83.9397 83.6167 82.272 80.5478 77.5598 77.3115 76.0493 75.9778 75.9725 72.5239 72.2358 71.3588 71.3329 67.4787 66.1488 66.0783 65.2103 125.416 62.2937 62.106 61.2578 59.4861 59.4022 59.261 58.511 58.3074 57.3717 57.2262 57.1405 72.8959 68.5041
threshold=5.5000000000000009 146832115.69885865 7.5000000000000009 14133363583412342 6.283837090374103e+18 8564218692479511 1.5000000000000007 10.500000000000002 4.7002336448598143 1.4221091605748388e+19 441.9246103158444 22751352802.89983 0.6681453567742347 4.4101724137931049 10.231385927505332 287.81716656981069 -0.049999999999999371 30.000304878048787 47.500000000000007 0.6960363309058174 57451204.000000007 4.8568927203065142 42.500000000000007 0.29999999999999943 4.6647393048128363 0.39999999999999997 1.0000000180025095e-35 12.857142850105371 45.620918367346945 160.66422946579024 59.250000000000007 592.41317732307311 359453317564.0509 30.825251677852354 29.500000000000004 1.1000000000000012 1.5000000000000002 4968820892034426 13573371.904459001 0.52952801918925163 2.4743801652892565 384.44102295350791 52.250000000000007 1.8311480786680974 534.55000000000007 204.05000000000004 4.5452146850150067e+17 83.500000000000014 1.4609789567585276e+19 6708931.5447880914 0.19950000000000004 77.500000000000014 0.51371856291019025 251472.59094740567 74.050000000000011 987560.36557052576 560.78595961157146 25.074582781617536 67841186.284943983 5.0600000000000014 283.30967910500294 -0.017500992601462841
decision_type=2 2 2 2 2 2 2 2 2 2 2 2 2 2 2 2 2 2 2 2 2 2 2 2 2 2 2 2 2 2 2 2 2 2 2 2 2 2 2 2 2 2 2 2 2 2 2 2 2 2 2 2 2 2 2 2 2 2 2 2 2 2
left_child=1 5 4 7 12 6 10 14 17 25 23 26 34 33 -3 19 41 -9 29 24 30 22 46 28 39 36 27 55 -1 49 40 47 -10 -6 -2 43 -5 -14 -25 -16 50 -7 -37 58 -31 -11 -15 59 -49 -19 -8 -39 -24 57 -21 -4 -22 -26 -18 60 61 -28
right_child=2 3 11 9 13 16 20 8 32 45 -12 -13 37 21 15 -17 35 18 -20 54 56 -23 52 38 53 -27 31 -29 -30 44 -32 -33 -34 -35 -36 42 -38 51 -40 -41 -42 -43 -44 -45 -46 -47 -48 48 -50 -51 -52 -53 -54 -55 -56 -57 -58 -59 -60 -61 -62 -63
leaf_value=-0.021535916110016332 0.034054126499018268 -0.019666277039437852 0.043492646601288133 0.014017952354629657 -0.053033055430208191 -0.0026984602838709903 0.040364836566051464 -0.0017795268046420848 0.023361326252259333 0.05190632284672797 -0.032298128950604202 0.065242733755789942 0.015739055875432492 0.018547372003226092 0.0060205311837731278 -0.011083989096343495 0.00098561582875558175 0.015803759691625469 0.02685936057456062 0.037434783780497125 -0.016103565032656777 0.057391181196407903 0.054301067245198065 -0.01049034988689119 0.0074030076579787944 0.039200271984858405 0.032605216822837228 -0.082808625434730235 -0.0080411363764348945 0.0017598807614866618 -0.022407511272608718 -0.0097092268645003754 0.049541716384891986 0.031389294586364372 0.056395669052358682 0.039421691102290768 0.026796192996612095 0.030765100942902995 0.0057019912465978645 -0.012519330736822166 0.059753586033304967 -0.024466415093904906 -0.0047377977198907323 -0.025713882365397914 0.018294484541825633 -0.023990940612701926 0.048405213328850373 0.047942712594399445 -0.057866052405208805 -0.0091767889707576582 0.0065040831745193668 -0.0091833420832568534 0.041143488273290035 -0.012365981120241985 -0.00051046440737116336 -0.02651730194489112 0.040142599260047124 0.017970368166031161 0.011302902233162992 0.057719070042769043 0.052993923460642724 -0.10207897140121494
leaf_weight=3632.6922959536314 1083.5909919291735 506.00300861895084 250.80124299228191 1556.0432541817427 54.118344470858574 4116.5540398657322 237.15463078022003 1370.0785083472729 8126.6444040387869 1337.3247304707766 1538.7157546058297 9144.2664269059896 1505.0304335653782 644.11532315611839 2088.8651217669249 942.4692408144474 2710.1353952214122 8455.8308203071356 2061.6869957894087 559.49694825708866 377.13802245259285 2807.5651845037937 2167.220279186964 2752.381362080574 2261.3850788325071 1123.8498933017254 18.664118558168411 24.793026208877563 1808.5508942306042 2617.5683612376451 90.682741075754166 51.026026397943497 316.87866914272308 61.829409301280975 642.71785601973534 318.05527266860008 4946.7541651725769 2958.001041084528 983.24607387185097 751.30797120928764 154.75852817296982 420.00049475580454 128.42064435780048 182.14045996963978 807.37348462641239 29.338258653879166 260.14179371297359 121.61838273704052 36.384280070662498 257.15270245075226 315.67462149262428 99.180157482624054 1423.0908102840185 233.58237819373608 126.08224385976791 33.874993771314621 52.489114224910736 2973.0188194960356 2666.2810799479485 3027.3393721580505 60.537509471178055 19.105498149991035
leaf_count=25438 2249 2314 483 4388 196 19835 778 4906 20788 2368 11976 15346 4076 1466 7842 3730 12681 25180 5321 1393 1844 4814 3806 16318 7569 2477 39 105 10093 8888 402 148 595 146 1098 884 12011 6680 4299 3159 289 2460 435 901 2400 82 474 228 131 975 1412 315 2759 873 383 100 211 8874 9995 5218 110 77
internal_value=0.021068 0.00932763 0.0502844 0.0171973 0.0399734 -0.00587927 -0.0126316 0.013933 0.017038 0.0297036 -0.0154673 0.0613356 0.0297252 0.0486612 0.00679279 0.00814023 0.00177107 0.013076 0.0145093 0.0101548 0.0121143 0.0495611 0.04467 -0.0126452 0.0084795 0.0260169 0.0515315 0.0257107 -0.0170505 0.0124116 0.0236026 0.0539277 0.0243439 -0.00801464 0.0423721 0.0066701 0.0237385 0.0249397 -0.0062284 0.0011162 0.0294992 -0.00471377 0.02672 0.00505965 0.00565764 0.050277 0.027137 0.0549166 0.0235775 0.0150665 0.0210298 0.0294691 0.0490858 0.0123041 0.0304564 0.0351618 -0.00923177 0.013405 0.00610218 0.0565008 0.0189854 -0.0355238
internal_weight=92428.8 65933.8 26495 43448.7 13706.6 22485.1 11943.5 34455.4 24013.2 8993.31 10715.6 12788.4 6288.52 7418.08 10442.2 9936.21 10541.6 15569.7 14199.6 8993.74 1227.9 7302.13 4494.57 9176.87 8308.16 7626.65 3644.14 309.469 5441.24 12137.9 798.271 3334.68 8443.52 115.948 1726.31 6005.03 6502.8 4562.21 3735.63 2840.17 707.588 4536.55 446.476 5558.56 3424.94 1366.66 904.257 3283.65 158.003 8712.98 552.829 3057.18 3590.31 5467.99 685.579 284.676 429.627 5234.4 5376.42 3125.65 98.3071 37.7696
internal_count=296831 246767 50064 126516 28079 120251 73060 105190 69053 21326 68124 21985 14418 13661 36137 33823 47191 47670 42764 30093 4936 13319 8505 56148 28317 18876 6639 688 35531 37443 2881 5951 21383 342 3347 24896 16399 11071 20617 11001 2479 22295 1319 23577 11288 2450 1940 5803 359 26155 2190 6995 6565 17316 1776 583 2055 16443 22676 5444 226 116
is_linear=0
shrinkage=0.05


Tree=22
num_leaves=63
num_cat=0
split_feature=20 49 10 18 49 45 1 1 40 30 49 1 20 23 28 49 1 33 45 1 1 40 20 46 59 40 14 44 49 47 60 46 9 6 47 59 30 26 27 23 47 26 57 40 30 59 37 59 13 9 36 47 42 46 60 27 1 30 1 44 63 33
split_gain=11850.1 3066.08 942.435 722.335 588.781 405.845 322.988 310.48 278.196 195.714 193.565 166.716 163.644 195.11 163.372 160.037 158.875 133.851 122.236 118.82 114.913 123.723 109.508 108.042 136.672 105.085 101.008 96.6285 88.2127 86.7814 110.265 86.1764 85.1368 84.5427 82.5908 79.7305 78.7605 96.9919 108.759 88.0151 78.3221 81.7562 77.9722 73.1813 73.044 71.6782 68.5904 67.3323 67.0778 66.8036 65.7284 65.041 63.6874 63.3562 62.7977 63.7827 61.0728 60.9434 60.7532 60.2114 59.2256 59.0302
threshold=6.5000000000000009 2.5866726235424304e+17 8.5000000000000018 498370625.75599509 56234208555276256 0.68124624612274831 4.9050000000000011 4.7750000000000012 10.500000000000002 5.5000000000000009 4978130357378951 5.7950000000000008 35.500000000000007 4.9401754385964924 31656980512.409153 2.8642256196265021e+19 6.8750000000000009 4.7291787090558772 1.2214532303528987 4.4350000000000014 6.9050000000000011 3.5000000000000004 14.500000000000002 20.000200000000003 333.98830153008242 35.500000000000007 0.047140452079103203 0.41279534881100599 8.2042035927831101e+19 1.0000000180025095e-35 12.857142850105371 33.889699918897001 15092809.000000002 5.0600000000000014 53.68239516394415 222.04092397882437 104.50000000000001 33.751000000000012 1.0600383789232364 4.6250725338491305 1.0000000180025095e-35 75.216666666666683 0.70282196284110643 34.500000000000007 1.5000000000000002 263.96902072500785 14.017459323730376 441.9246103158444 5.1006024096385554 57451204.000000007 9.9985714285714291 4.0259093893013418 5.3550000000000013 30.857738095238098 12.455357140771984 1.0600383789232364 4.995000000000001 25.500000000000004 6.3250000000000011 0.37243892110931393 0.36666666666666675 4.5867785793562712
decision_type=2 2 2 2 2 2 2 2 2 2 2 2 2 2 2 2 2 2 2 2 2 2 2 2 2 2 2 2 2 2 2 2 2 2 2 2 2 2 2 2 2 2 2 2 2 2 2 2 2 2 2 2 2 2 2 2 2 2 2 2 2 2
left_child=1 4 5 7 6 22 10 8 23 20 47 19 13 18 40 29 32 25 54 31 21 -9 48 -3 27 34 45 -25 58 30 -4 -6 -8 51 52 -36 37 38 -14 -40 -5 42 -42 46 53 -12 -19 -1 57 -18 -27 -31 -10 -21 -7 -56 -44 -2 61 -23 -20 -11
right_child=2 3 15 14 11 12 16 9 17 28 26 -13 36 -15 -16 -17 49 43 60 44 -22 59 -24 24 -26 50 -28 -29 -30 33 -32 -33 -34 -35 35 -37 -38 -39 39 -41 41 -43 56 -45 -46 -47 -48 -49 -50 -51 -52 -53 -54 -55 55 -57 -58 -59 -60 -61 -62 -63
leaf_value=-0.024040980393010392 0.03023513790287026 -0.022837879571813172 0.03369141258349069 0.013926921367740312 -0.015886048971249216 0.028706494408905506 0.0023291410060531691 0.0024406661556132451 0.018194346787685622 0.016551299926536849 -0.010473943609277971 0.030816347650914951 0.057200476768959965 0.054285867190673423 0.05363434133562503 0.064290556740502533 0.046949996542074074 0.0071573229572311761 -0.0052956310902619813 -0.016479976339230856 0.05864252833852332 0.024352510015346964 0.056564949020051047 0.017568617211108889 -0.031986339307829841 -0.038437830900461878 0.020554007643697598 -0.00019709343299865252 0.043497472867584902 0.032467002618801158 -0.079003805837694105 -6.452340633405556e-05 -0.011613798119404278 0.055116376065944161 0.017378378773202027 -0.0019179799001545384 0.061478155708093556 0.069024474385095222 -0.023655232488067668 0.051208554411413088 -0.035392406994592028 0.0079939990050052721 0.032186212376428568 0.03500645644259924 0.0097416480914767293 -0.0246490948786867 0.022512437930838125 -0.042821884568797285 0.05547848629335006 0.0025867474692000472 0.018348794604841966 -0.060602369765516639 0.0011361972280695275 0.0033222871813368619 0.019781477745069498 -0.052093117756611955 0.047862356016898075 0.047317230137775113 0.056847420146371078 0.014809065037497305 0.042654173392395786 0.027911909028202744
leaf_weight=2047.1701033785939 1095.6894461512566 453.09030047059059 231.47102843225002 538.21655687689781 1104.1251855492592 3906.6286328732967 2548.3291826993227 1504.7026993334293 642.98462165892124 1598.6003124415874 4257.2702183350921 539.74308432638645 116.28800675272942 631.27251687645912 1093.1250676512718 8441.9081972688437 230.88589882850647 957.7857871055603 440.67651730775833 504.24001130461693 156.99652227759361 2564.8339477628469 3131.607346072793 1139.4361084699631 259.45235162973404 51.511931344866753 227.71414791047573 2331.5231944024563 773.78314952552319 68.689201712608337 23.951314032077789 3903.1389971673489 1919.5143053680658 2780.1914669573307 2978.7358597517014 652.60228683054447 610.77149827778339 137.62047146260738 146.54046486318111 53.628011927008629 36.349305063486099 260.92116415500641 1580.845859259367 846.4967152774334 5179.0126366317272 1128.1271886974573 3021.8205199539661 622.3031607568264 789.52208495140076 134.16975346207619 4727.048170492053 25.831691607832909 3672.3103618472815 2030.3274287432432 85.674060940742493 48.250714957714081 1023.6198388338089 997.46884383261204 150.6971600651741 4647.6663957387209 75.42003308236599 4015.8717643767595
leaf_count=16375 2303 2021 476 1378 5685 8597 11885 5534 2014 4406 25563 1437 204 1111 1932 14588 508 2776 1451 2402 300 6898 5472 3668 1177 201 926 8538 1530 143 102 17212 10967 4945 8576 2263 1027 215 420 98 112 655 3403 1838 18713 7850 7820 5965 1383 479 13092 101 12438 8338 205 166 1923 1830 278 13230 180 9508
internal_value=0.0201374 0.00951092 0.0504745 0.0179532 -0.00383011 0.0408187 -0.0113417 0.0156539 0.0118046 0.021082 -0.0173353 0.00359927 0.0318993 0.0282347 0.0367958 0.0607101 -0.00106981 0.0145663 0.0246256 0.00244446 0.0162456 0.0154821 0.0500918 0.000218056 0.0030184 0.0118773 -0.0120641 0.00563498 0.0276457 0.0510537 0.0231238 -0.00355324 -0.00366115 0.0535354 0.00835386 0.0139106 0.0497534 0.0339825 0.0187435 -0.00359815 0.031445 0.0346943 0.0373323 0.0216565 0.00633786 -0.0134433 0.0188169 -0.0284192 0.0430597 0.0306451 0.0177366 0.007032 0.00367788 -0.000617278 0.0275524 -0.00611366 0.0383473 0.0383754 0.0255181 0.0182028 0.00171154 0.0246772
internal_weight=91896.2 68057.1 23839.1 41681 26376.1 12267.1 13115.5 37148 21734.8 15413.2 8282.58 13260.6 6252.77 5187.92 4533.08 11572 4832.9 17551.3 4556.65 12720.8 8874.2 8717.2 6014.29 4183.5 3730.41 12725.2 5613.11 3470.96 6538.95 3130.13 255.422 5007.26 4467.84 2874.71 7946.63 3631.34 1064.85 454.077 316.456 200.168 3439.95 2901.74 2640.82 4826.1 7713.58 5385.4 3979.61 2669.47 2882.68 365.056 4778.56 94.5209 4315.29 2534.57 4040.55 133.925 2604.47 2093.16 5765.17 7212.5 516.097 5614.47
internal_count=296831 251814 45017 117509 134305 24662 80518 108106 66422 41684 56679 53787 13674 11710 9403 20355 23839 51018 10599 52350 25962 25662 10988 15404 13383 38584 34339 12206 15722 5767 578 22897 22852 5189 25291 10839 1964 937 722 518 7471 6093 5438 12434 29453 33413 10596 22340 5516 987 13293 244 14452 10740 8968 371 5326 4133 14192 20128 1631 13914
is_linear=0
shrinkage=0.05


Tree=23
num_leaves=63
num_cat=0
split_feature=25 48 11 19 48 30 23 1 40 43 59 48 1 1 48 40 1 59 11 1 9 19 47 0 1 43 40 47 30 1 47 9 45 40 63 37 46 1 47 24 43 43 43 9 30 9 59 1 29 44 46 2 59 40 46 59 50 40 44 17 42 62
split_gain=11078.7 2817.29 889.846 670.011 565.087 350.968 342.262 288.865 249.775 317.785 208.436 202.885 172.207 162.785 148.108 138.547 117.846 114.773 113.344 103.438 103.776 100.932 97.5369 94.3212 90.2886 88.4236 97.1744 87.1787 86.3016 83.4232 82.5549 79.5737 78.9015 76.6583 76.1653 74.6966 73.5863 69.5945 86.7628 67.1292 92.885 66.5237 65.2366 64.4834 63.8111 63.7675 63.083 62.0064 61.98 61.1303 59.2884 72.9904 70.3588 57.5075 56.8616 55.0648 100.486 55.0197 54.2857 53.3734 88.8257 75.4252
threshold=0.99990731729870819 205466709.88680819 7.5000000000000009 10631804200048170 37849893.910312466 27.500000000000004 5.0002702702702715 5.5950000000000006 10.500000000000002 4.7885895117540693 283.30967910500294 29461618077.40765 4.6950000000000012 4.4350000000000014 22751352802.89983 46.500000000000007 5.9250000000000007 210.83786226944562 2.5000000000000004 7.5950000000000006 40056753.000000007 1281046095123230.8 53.68239516394415 142.05000000000004 4.705000000000001 4.7434035395641372 83.500000000000014 0.37282548461146886 16.500000000000004 4.4850000000000012 1.0000000180025095e-35 22554.500000000004 1.1581186184086731 5.5000000000000009 1.3861983471074379 33.905394587078497 37.000117370892021 6.9050000000000011 1.0253942301229526 0.4019721264339588 4.66670396896449 4.4789736842105272 4.7375247035573134 278754.00000000006 8.5000000000000018 10352542.000000002 287.81716656981069 6.6950000000000012 1.2842807688743698e+18 0.42817441928883782 1.0000000180025095e-35 12.500000000000002 292.50362589469142 441.50000000000006 27.876299376299382 779.82269281538936 1.0000000180025095e-35 12.500000000000002 0.50290880349234424 1.6500000000000015 6.7950000000000008 0.042442761367628153
decision_type=2 2 2 2 2 2 2 2 2 2 2 2 2 2 2 2 2 2 2 2 2 2 2 2 2 2 2 2 2 2 2 2 2 2 2 2 2 2 2 2 2 2 2 2 2 2 2 2 2 2 2 2 2 2 2 2 2 2 2 2 2 2
left_child=2 4 5 8 7 6 31 10 12 15 21 24 36 33 30 17 18 22 35 20 23 29 34 47 -5 26 -7 -26 58 -2 41 -1 44 -6 -10 43 -3 38 -14 -32 53 -4 -13 -15 -17 54 -38 -9 -29 -45 -35 52 -52 59 -31 -16 -57 -33 -11 -41 61 -61
right_child=1 3 14 11 13 25 -8 19 9 28 -12 42 37 16 55 32 -18 -19 -20 -21 -22 -23 -24 -25 27 -27 -28 48 -30 45 39 57 -34 50 -36 -37 46 -39 -40 40 -42 -43 -44 49 -46 -47 -48 -49 -50 -51 51 -53 -54 -55 -56 56 -58 -59 -60 60 -62 -63
leaf_value=0.029513810750762995 -0.020110658287935568 -0.017252151977207721 -0.055073268165995351 0.0202624617216004 -0.014828730549418526 0.030304689063580394 0.047801835016768025 0.0091603846179677539 0.0076466009772522513 0.028053801945573033 -0.028626294217459537 0.028886637692705504 -0.0024916268394320172 0.0098617380320007008 0.063452736267787288 0.0020250251213187317 0.033875821866024274 0.00079369524528125057 0.034448591996980936 0.058842365599088411 -0.011438736679552827 0.006116178994424566 0.01778665731079623 -0.041405828846042249 0.012189631420082682 0.057023572346518336 0.050088592817292638 0.029212450545338903 0.04245496214151892 -0.016838342579222038 0.063010514187589864 -0.0085749671961676596 0.0036146442907106164 0.082009793269987377 0.047560532873191452 0.013234274523145623 0.0041902817606029336 0.049685852288312987 0.013685026567758204 0.053105147245769938 0.055860868315405265 0.030081799813152055 0.049042806754295093 0.00060867115557180595 0.026407193955649718 -0.017930683522701742 -0.02265171042443349 0.038519923940115941 0.044011310161185688 -0.021238392293257212 0.0047741276421984545 -0.015042181702863956 -0.016633918695864745 -0.044535275377326704 -0.00044200906430799392 -0.067881269216401169 0.057377080621088372 0.018169068577486597 0.017518808557814052 0.036805354188818924 -0.05464356418522829 -0.049163992651461853
leaf_weight=1938.9768462926149 2624.2699680402875 725.88754126429558 26.702910661697388 4611.3422364145517 1177.3112645149231 924.0172553807497 2054.3690537661314 1107.2032467126846 5901.8462167978287 3289.4586855322123 2224.8833992704749 572.52634201943874 1015.1976493299007 1917.5055163353682 8401.7169549316168 294.34875623881817 401.63302238285542 2421.652508109808 340.18413308262825 84.080156698822975 849.12116175889969 756.63337583839893 5232.4763517677784 81.774616658687592 557.08007217943668 2171.1043008118868 1890.6991686820984 2433.8481903523207 733.06239978969097 703.38123836368322 942.57651710510254 218.18131992220879 537.85661838948727 21.695711672306061 121.99260152876377 2063.6053769439459 1924.3088460564613 116.99103082716465 4516.6012915968895 259.82956065237522 1067.4662974923849 162.52940943837166 1343.3325470089912 3912.5293754935265 3037.3621542304754 1287.8480759337544 246.98248153924942 214.71080237627029 997.47824190557003 348.73148111999035 3115.1501297652721 748.62173688411713 437.72959926724434 23.382800087332726 2130.0047847703099 22.500663638114929 55.518271535634995 1621.8911490440369 1946.3193216323853 372.94828577339649 32.815063297748566 27.387001797556877
leaf_count=4208 18529 3315 88 11755 6186 1928 3830 5219 18562 7939 17362 1237 3944 6984 14938 918 978 8081 856 182 4579 3809 14569 436 1484 3820 3459 5671 1450 4371 1597 639 1776 30 255 7192 6840 238 13674 465 1916 339 2482 16141 7276 8917 1105 501 1911 1593 13216 3716 2151 77 12114 79 103 3898 4954 751 111 87
internal_value=0.0192538 0.0093824 0.0499711 0.017353 -0.00340066 0.0397011 0.0313755 -0.0113938 0.013761 0.0164214 -0.0151861 0.0283052 0.00644032 0.00325661 0.059722 0.0130315 0.00740409 0.0106684 0.0061653 0.00439118 0.00235894 -0.0112002 0.0127928 0.0107054 0.0250271 0.0494419 0.0435939 0.0305359 0.0263872 -0.0131425 0.0500008 0.0224458 0.0213844 -0.00351762 0.00845492 0.00499798 -0.00347038 0.0115234 0.0107163 0.0522173 0.0465142 0.0180654 0.0430194 0.00224719 0.0242531 -0.00870546 0.00113703 0.0139291 0.0335144 -0.00117924 -0.000437333 -0.000853176 0.00213657 0.0325866 -0.00451236 0.0630645 0.0212526 0.014998 0.0241376 0.0351889 0.0244416 0.0309242
internal_weight=91341.2 69126.6 22214.6 42578 26548.6 10819.2 5833.42 12063.9 32062.3 23516.4 9727.02 10515.6 8545.97 14484.7 11395.4 17547.5 8984.19 13678 8582.56 2336.89 2252.81 7502.14 11256.3 1403.69 8599.75 4985.82 2814.72 3988.41 5968.84 6745.5 2915.64 3779.05 3869.57 5500.51 6023.84 8242.37 2897.18 5648.79 5531.8 2726.41 1783.83 189.232 1915.86 6178.77 3331.71 4121.23 2171.29 1321.91 3431.33 4261.26 4323.2 4301.5 3552.88 716.363 2833.39 8479.74 78.0189 1840.07 5235.78 692.98 433.15 400.335
internal_count=296831 254498 42333 119436 135062 21782 12575 76019 94896 65780 65102 24540 29116 59043 20551 51437 33744 41467 32766 10917 10735 47740 33386 6156 20821 9207 5387 9066 14343 43931 5431 8745 9970 25299 18817 31910 11260 17856 17618 5004 3407 427 3719 24718 8194 25402 7945 5720 7582 17734 19113 19083 15367 1491 16485 15120 182 4537 12893 1414 949 838
is_linear=0
shrinkage=0.05


Tree=24
num_leaves=63
num_cat=0
split_feature=20 49 10 18 43 49 24 63 40 1 43 47 1 49 63 43 30 59 49 18 1 44 23 20 1 1 34 56 40 36 43 47 53 18 25 52 59 0 3 61 0 16 47 47 59 50 0 61 9 63 43 47 16 36 16 54 61 7 0 0 37 59
split_gain=10418.5 2491.22 942.024 672.321 459.286 384.521 308.663 295.452 261.976 254.948 204.198 200.71 198.335 167.142 146.249 139.01 128.711 125.623 122.846 121.356 103.826 101.987 101.487 92.5419 88.481 87.1597 85.1489 84.5418 83.8729 81.2216 79.4019 79.2625 88.0703 78.6507 74.4338 89.3947 73.0135 70.0155 68.4783 68.0072 65.3436 65.3172 72.6759 64.5969 68.823 62.1526 61.8873 61.6983 61.0759 60.9714 60.3695 112.73 60.0289 68.88 58.1121 63.9466 80.7857 58.0647 67.3475 58.056 56.9689 56.9585
threshold=6.5000000000000009 1.9438909343582419e+17 8.5000000000000018 1015884274.1461791 4.7213059619201649 19952513698297940 1.0000000180025095e-35 0.96666666666666645 117.50000000000001 4.3650000000000011 4.5571521577380976 25.39916542250155 4.6950000000000012 2.8642256196265021e+19 1.1861983471074382 4.6430384615384623 24.500000000000004 441.9246103158444 4.6210841669141732e+20 44946296964.442772 6.6950000000000012 0.52952801918925163 5.0910427807486647 34.500000000000007 7.0950000000000006 5.6250000000000009 0.047140452079103203 28.500000000000004 12.500000000000002 29.557518796992486 4.2834408602150553 1.0000000180025095e-35 1.5000000000000002 6802800.715789956 0.9734186663348755 945161.02411832963 592.41317732307311 9.9975000000000005 30.850000000000005 0.98540684359932362 75.050000000000011 70.125000000000014 11.747875536649369 20.588545224084196 86.787871088087329 9.5000000000000018 27.042500000000004 11.351306221745039 860412.50000000012 -0.50000000000000033 4.999744897959185 0.74579828516494751 26.007500000000004 32.11396194306932 9.8575187969924816 0.59221974804988953 12.232398288767316 17.950000000000003 55.150000000000013 65.450000000000017 32.281998561573765 326.37629440846257
decision_type=2 2 2 2 2 2 2 2 2 2 2 2 2 2 2 2 2 2 2 2 2 2 2 2 2 2 2 2 2 2 2 2 2 2 2 2 2 2 2 2 2 2 2 2 2 2 2 2 2 2 2 2 2 2 2 2 2 2 2 2 2 2
left_child=1 5 4 6 8 7 9 17 27 28 -8 14 26 31 50 -13 22 -1 25 41 43 -17 -6 34 38 29 46 33 -3 -12 -28 32 -4 37 -10 39 54 -2 -9 -36 -27 42 -5 48 -45 -35 -7 -34 -14 -30 -11 -52 -32 -54 -33 56 -56 58 -40 -26 -29 -23
right_child=2 3 13 19 16 12 10 24 23 11 18 15 20 -15 -16 21 -18 -19 -20 -21 -22 61 -24 -25 59 40 30 60 49 -31 52 36 47 45 35 -37 -38 -39 57 -41 -42 -43 -44 44 -46 -47 -48 -49 -50 -51 51 -53 53 -55 55 -57 -58 -59 -60 -61 -62 -63
leaf_value=-0.015837940784142603 -0.04360716394509289 -0.0088066535546593976 0.034710649696820021 0.024459179477647353 0.031748974368720005 -0.025779391554033044 0.011266975307382476 0.059953402191030326 0.045821025378659452 -0.00072050163976584254 0.0090695761371979485 0.0074899984531597817 0.0079516985433636354 0.062021006802601392 0.045047384833326681 0.022616494484995003 0.055714668324328726 -0.034472974248120312 0.046049489078452265 0.054044766605054195 0.055347846945698997 0.010971145955561527 0.052641471532260758 0.057601269415378721 0.040361107022083592 0.044211658689276102 -0.013819391311536314 0.00483810553386794 0.015502513994849554 0.021779977754299781 0.02034787127989765 0.023527005102289941 0.041627225091176223 0.027836771621134116 0.034832277762181937 -0.027528010331181959 -0.0199562659882613 0.016905462710147368 0.0060910709500278234 -0.045771653346953677 -0.0019940912644119445 0.00010266835215144231 0.041461086106986227 0.01966736593259277 0.0045709280652607666 0.071114334182500683 -0.0081197689436404413 -0.086028147220001336 -0.0059654331227060658 0.0001925954323613432 -0.0020098170350688477 0.017751875104220199 -0.017504371011769423 0.0022143448038808374 -0.061148089853219435 0.054863643710692328 0.046545491915375374 -0.017071976775821462 -0.026428407912337193 -0.042409494497249622 -0.062359689148780262 -0.034986526282300312
leaf_weight=4920.5019104778767 49.453285336494446 1823.3310367912054 209.28093615174294 1182.6340008229017 1442.6821182072163 649.96071178466082 6502.9079030901194 44.454760983586311 752.32840511202812 3248.100203409791 1449.2506118416786 3161.3621480166912 1530.5802919790149 7912.6852833479643 224.62955288589001 6677.4516534209251 2963.9310222119093 1108.0240959599614 518.93180550634861 773.09952680766582 107.62108504772186 1715.9897667765617 973.47325918078423 765.93946178257465 200.54693721234798 605.74257588386536 1049.0974399968982 274.55553165078163 919.56210780143738 9468.7899914681911 385.36014875024557 173.01323994994164 14.115880906581877 2647.7412748932838 431.26264871656895 79.364583924412727 36.15585857629776 1431.2340873926878 1331.708516612649 27.85921236872673 87.578474462032318 155.46131573617458 1341.5433464944363 1307.4589522331953 1786.578706882894 85.644482880830765 2095.8944119066 28.730050683021545 1625.6158282309771 2220.9638592302799 1275.4875047951937 1661.9880568236113 508.41938588768244 3434.996403850615 26.998044088482857 2469.8435404896736 49.053623139858246 526.78537335991859 180.83045327663422 23.687602087855339 35.634026795625687 70.176196366548538
leaf_count=35145 170 7339 425 2625 2991 3986 19506 167 1408 11190 4015 9917 5935 14588 477 17947 5330 9896 970 1395 199 4948 1765 1364 456 1232 5746 794 2615 23821 1479 384 28 5798 873 233 113 3561 6481 97 238 396 2600 4676 6964 135 11440 125 7606 7634 4997 5141 2766 15485 99 4498 95 2980 1001 115 143 288
internal_value=0.0184102 0.0085778 0.0475896 0.0153911 0.0378959 -0.00488413 0.0136327 -0.0134388 0.0290371 0.00975757 0.0184158 0.0125194 4.05141e-05 0.0582075 0.00541615 0.0164362 0.0487321 -0.019263 0.0222482 0.036593 0.00665482 0.0197778 0.0401666 0.0438329 0.00177388 0.0211845 -0.00513603 0.0223109 -0.000276836 0.0200928 -0.00147827 0.0481733 0.0213396 0.0241653 0.0356631 0.0214712 0.0506289 0.0148844 -0.00143757 0.0299413 0.0383751 0.031558 0.0334953 0.00581639 0.0109503 0.0291928 -0.0122999 -0.0439712 0.000783605 0.00467542 0.00397694 0.00917111 0.00151266 -0.000327963 0.0515675 0.0534731 0.00831469 -0.00277582 0.00220323 0.0316174 -0.00288146 0.00916553
internal_weight=90784.1 67903.1 22881 45085 11961.1 22818.1 41632.2 8336.54 6581.02 22999 18633.2 18035.2 14481.6 10919.9 6410.21 11625 5380.09 6028.53 12130.3 3452.74 6357.85 8463.62 2416.16 2056.75 2308.01 11611.4 8123.73 4524.26 4963.86 10918 5377.87 3007.19 252.127 4214.07 1290.81 538.486 2755.06 1480.69 2083.78 459.122 693.321 2679.64 2524.18 6250.23 3094.04 2733.39 2745.86 42.8459 3156.2 3140.53 6185.58 2937.48 4328.78 3943.42 2718.91 2545.9 76.0517 2039.32 1512.54 224.235 310.19 1786.17
internal_count=296831 251814 45017 129291 24662 122523 122275 56241 14576 72493 49782 54905 66282 20355 21805 33100 10086 45041 30276 7016 25380 23183 4756 3975 11200 29306 40902 10601 17588 27836 25476 5767 578 9664 2611 1203 5189 3731 10629 970 1470 5621 5225 25181 11640 5933 15426 153 13541 10249 21328 10138 19730 18251 5076 4692 194 10462 7482 571 937 5236
is_linear=0
shrinkage=0.05


Tree=25
num_leaves=63
num_cat=0
split_feature=20 48 18 18 48 9 1 30 48 1 46 48 1 1 28 48 40 43 5 40 43 43 24 61 1 9 46 9 1 43 63 43 25 40 9 1 36 40 43 1 14 20 43 10 58 1 40 46 1 57 1 62 36 13 46 20 61 30 54 32 36 35
split_gain=9781.9 2497.88 779.149 649.069 452.882 318.839 251.535 233.854 217.027 185.589 183.169 166.259 152.582 139.917 136.325 129.26 115.147 100.055 96.8633 92.5748 98.2222 87.5588 102.494 116.783 84.5313 82.8072 80.3293 80.063 79.6562 79.1709 78.2949 75.6908 73.865 72.9292 70.8907 67.6104 66.8625 65.3633 104.427 64.3446 63.4196 61.856 60.0245 59.0881 56.5511 56.2476 56.1817 77.1931 55.9383 54.5736 53.102 52.2387 51.6214 51.2938 50.5315 49.9305 81.813 53.5103 52.6823 82.0632 50.2947 53.0573
threshold=8.5000000000000018 205466709.88680819 1015884274.1461791 81753272.656293467 34519592.8594772 189548.00000000003 5.5950000000000006 44.500000000000007 22751352802.89983 4.705000000000001 33.526222462983036 65168305571.740456 5.1950000000000012 4.6550000000000011 31656980512.409153 3954269.4990041857 7.5000000000000009 4.7400772200772217 0.92500000000000016 3.5000000000000004 4.2834408602150553 4.7001182033096951 0.40620192023179819 12.857142857142833 6.6950000000000012 1011552483.0999991 30.259761904761913 13935.500000000002 7.5950000000000006 4.8667288557213935 0.40000000000000085 4.6400304878048795 0.9734186663348755 35.500000000000007 8150.0000000000009 6.7950000000000008 10.001250000000001 5.5000000000000009 4.9142857142857164 4.4850000000000012 0.05000000000000001 3.5000000000000004 4.3889756944444454 18.500000000000004 39298645.295996703 4.2250000000000005 21.500000000000004 529.89117647058845 6.5450000000000008 5.0667689555379694 4.6950000000000012 -0.50670642658865617 539.60555555555572 4.6846500346500362 30.55043859649123 34.500000000000007 0.80578696734281241 105.50000000000001 2.0208450130261588 6.6950000000000012 9.9985714285714291 1.0482970252837118
decision_type=2 2 2 2 2 2 2 2 2 2 2 2 2 2 2 2 2 2 2 2 2 2 2 2 2 2 2 2 2 2 2 2 2 2 2 2 2 2 2 2 2 2 2 2 2 2 2 2 2 2 2 2 2 2 2 2 2 2 2 2 2 2
left_child=1 4 5 7 6 11 15 31 21 10 33 13 19 26 34 30 48 32 25 -6 52 22 23 53 29 28 -3 -22 -8 -18 -1 -2 -9 -7 -4 -14 -15 -12 46 40 -17 -38 -28 -10 -24 -29 47 -39 -11 -44 -36 -48 -21 -5 -55 56 58 60 -34 -60 -57 -62
right_child=3 2 14 8 12 9 18 17 43 16 37 -13 35 36 -16 39 24 -19 -20 20 27 -23 44 -25 -26 -27 42 45 -30 -31 -32 -33 55 -35 50 -37 41 38 -40 -41 -42 -43 49 -45 -46 -47 51 -49 -50 -51 -52 -53 -54 54 -56 57 -58 -59 59 -61 61 -63
leaf_value=-0.027023543229825427 0.017364877191143251 0.0016044528457934701 0.036357056984603224 0.06082776876110401 -0.0093562444801087441 -0.015717901565211356 -0.00017664734218121074 0.045809219604498047 0.054883083426833637 0.0052714188099485491 -0.0074630607077367534 0.034746487477579413 0.012719982181392709 6.9103202338399486e-05 0.050335543653181151 -0.01711355458403635 0.013511762580794666 0.057119063327705881 0.02388553725567372 -0.01352240992047128 0.017455675357214141 0.053436186746498394 0.031003325362178258 -0.024099228470351352 0.061494900974694927 -0.036403664389337301 0.0017791947227861604 -0.0049401588078477193 0.057488536714949426 0.0246791825442263 -0.012004413283618282 0.033740705769908438 0.030677941246512137 0.0056951389809251837 0.004241334418868644 0.058967071200205473 0.02021824588617754 0.0022262711247256124 0.022835096942403238 -0.004517482506699289 0.024772548562046828 0.029956679161112235 0.016005019205486994 0.062986603031834024 -0.047240001041799887 0.0045908453075744924 -0.02889708216715961 0.033743671892378417 0.033577236988580471 0.049172376000953956 0.02859625888167058 0.012692160248871319 0.10023157699931824 0.048263943770339525 -0.022119607661506235 0.057710464800353405 -0.038546539043713246 0.058299822481035823 0.042494977811048711 -0.073870445691221351 0.034719768576193702 -0.054013746319838629
leaf_weight=2390.6850873753428 1500.1910228282213 1254.1694857478142 1897.7829718589783 733.34127667546272 2054.7846937328577 1230.930419370532 1610.028768196702 1392.3650623112917 3934.2744959294796 2841.392152056098 609.29154740273952 1516.8387768268585 2212.7962260991335 318.72316972911358 1286.9288718849421 2342.437581397593 3930.7267087548971 1078.9375517815351 484.74304980039597 1019.7188035771251 970.46541438996792 1911.2074493467808 1236.2639758139849 48.13744355738163 113.74291105568409 153.50484085083008 755.97938160598278 2039.7540632709861 62.200603246688843 2661.8347230553627 1362.1303570941091 1332.2810675948858 450.37635791301727 587.37995907664299 352.16386467218399 81.955654889345169 4895.3460122793913 4335.662883028388 1261.4171855300665 2949.4216534793377 93.996180333197117 2444.9803359657526 7259.9496329575777 5253.2113919705153 23.532909572124481 6420.703982129693 77.051144659519196 203.38885213434696 185.96444396674633 126.17822349071503 614.05766649544239 3760.3524548113346 10.071753159165381 76.877428367733955 38.158962905406952 42.5199835896492 56.653987303376198 205.9392449259758 28.711687430739403 32.078672796487808 32.196888878941536 35.334965020418167
leaf_count=21177 3652 3937 3829 1290 9939 5230 7901 2683 7565 9732 2623 3172 7354 953 2419 16149 10828 1942 1922 5167 3283 3541 2607 153 191 887 2508 9479 131 6374 8378 2721 954 1771 878 144 12572 14263 3355 17006 381 5456 19889 9932 80 25490 313 523 465 274 1313 10785 29 145 107 74 185 363 57 112 65 133
internal_value=0.0176052 0.00897663 0.0161902 0.0490177 -0.0032538 0.0140692 -0.010722 0.0356466 0.0552595 0.00996786 0.00582413 0.0188833 0.00251952 0.0174724 0.0368181 -0.0144484 0.0151043 0.0445778 0.00401719 0.000346392 0.00225227 0.045644 0.0387376 0.0516598 0.0187581 -0.00125797 0.0133837 0.00385327 0.00196828 0.0180208 -0.0215722 0.0250674 0.0386331 -0.00880072 0.0307441 0.0143717 0.0224885 0.00841924 0.00942329 -0.00948463 -0.0154976 0.023462 0.0151982 0.0595165 0.0295417 0.00229299 0.0074036 0.00363852 0.00701019 0.0165716 0.0197195 0.0118571 -0.0124099 0.0559584 0.0249169 0.0273278 0.0184622 0.0432587 0.0247807 -0.0189103 0.0151124 -0.0117086
internal_weight=90224.2 70781.6 44522.2 19442.6 26259.4 40371.3 11449.1 6187.59 13255 21799.1 12065.5 18572.2 14810.3 17055.3 4150.93 9138.67 9733.66 3355.11 2310.48 12515.5 10460.7 4067.52 2156.31 896.515 6706.3 1825.73 9396.28 9430.92 1672.23 6592.56 3752.82 2832.47 2276.18 1818.31 2864 2294.75 7659.05 10247.2 9637.87 5385.86 2436.43 7340.33 8142.11 9187.49 1259.8 8460.46 8376.46 4539.05 3027.36 7386.13 966.222 3837.4 1029.79 848.378 115.036 883.812 567.821 315.991 511.167 60.7904 110.052 67.5319
internal_count=296831 258470 123653 38361 134817 115214 73932 12941 25420 66453 38863 48761 60885 45589 8439 63091 27590 6568 10841 53387 43448 7923 4382 1695 17393 8919 26608 38252 8032 17202 29555 6373 4626 7001 6020 7498 18981 31862 29239 33536 16530 18028 22671 17497 2687 34969 25884 14786 10197 20163 2191 11098 5196 1542 252 1943 1308 635 1123 169 272 198
is_linear=0
shrinkage=0.05


Tree=26
num_leaves=63
num_cat=0
split_feature=20 38 18 18 48 48 30 48 63 9 46 59 36 28 45 63 45 0 63 48 59 44 46 59 7 48 45 0 45 24 58 25 46 40 36 52 55 55 58 46 0 28 61 10 59 40 40 59 58 48 58 45 10 8 0 42 45 16 59 32 7 16
split_gain=9189.58 2255.98 707.406 646.852 448.091 276.272 225.631 222.843 220.384 212.717 183.828 163.928 144.502 133.447 115.175 110.376 107.812 105.261 118.038 101.71 98.9507 97.231 92.5142 91.8792 90.9221 88.8547 83.8681 81.7308 76.162 87.8666 74.6469 70.4097 69.3967 67.3018 66.7427 73.7958 65.6132 65.5139 63.6458 68.0023 64.4486 62.282 103.29 61.1092 65.3553 61.0375 60.4403 59.4064 56.4706 56.427 55.1059 53.8741 53.6487 53.6096 53.0919 52.2724 59.0367 52.0086 51.1265 50.7254 50.3941 49.289
threshold=8.5000000000000018 41193836.742394902 1015884274.1461791 81753272.656293467 37849893.910312466 367065762881.72784 45.500000000000007 22751352802.89983 0.6960363309058174 189548.00000000003 27.876299376299382 735.44328314882227 12.460434782608697 31656980512.409153 0.84446149258965575 1.1861983471074382 0.77052246789286583 59.250000000000007 2.4743801652892565 12223183.666937871 105.73398684815521 0.3807886552931955 522.81168478260872 107.98316070541593 24.950000000000003 677609160.74117601 0.59715491261697151 73.050000000000011 0.61668771196851668 0.40620192023179819 7696016.7891858136 0.9734186663348755 29.133549783549789 5.5000000000000009 12.84481053910738 1002472.1708944392 9857846.4906519912 2567888.8523909529 178039.06431532057 45.968333333333341 138.65000000000001 708445784.38414037 12.712086479343997 18.500000000000004 779.82269281538936 5.5000000000000009 9.5000000000000018 1267.9153214682294 39298645.295996703 354852392809.20172 7157341.0591035588 1.3028834457097551 2.5000000000000004 0.19950000000000004 36.050000000000004 5.995000000000001 1.0297704210077139 100.05000000000001 592.41317732307311 4.9150000000000009 29.250000000000004 22.510000000000002
decision_type=2 2 2 2 2 2 2 2 2 2 2 2 2 2 2 2 2 2 2 2 2 2 2 2 2 2 2 2 2 2 2 2 2 2 2 2 2 2 2 2 2 2 2 2 2 2 2 2 2 2 2 2 2 2 2 2 2 2 2 2 2 2
left_child=1 4 5 6 8 9 36 28 11 14 52 19 -11 33 32 20 46 18 24 61 38 -18 45 30 -10 -23 -8 -17 -5 41 34 -28 -3 -4 35 59 47 -13 39 -12 -41 42 -30 44 -9 -22 -14 49 55 -2 58 -38 53 -6 -34 56 -31 -15 -47 -16 -57 -1
right_child=3 2 13 7 10 -7 26 43 17 12 15 37 16 57 23 27 21 -19 -20 -21 22 25 -24 -25 -26 -27 31 -29 29 48 -32 -33 54 -35 -36 -37 51 -39 -40 40 -42 -43 -44 -45 -46 50 -48 -49 -50 -51 -52 -53 -54 -55 -56 60 -58 -59 -60 -61 -62 -63
leaf_value=0.0095839002717246578 0.024152446532756802 0.0076217457577717924 0.017402988112724609 0.055056609232092373 -0.017428003696151429 0.03972279158395936 0.055762115849054827 0.054340147453362742 0.0049037987938229215 -0.013103293510601289 0.0026070821489000526 -0.038442492082378474 0.0048334818433596769 0.0512145082594768 0.052154276555199136 0.040461708066626162 0.010398744918426534 -0.023148031365204672 0.037510694762058143 -0.005900446239321391 -0.010513901070159055 -0.0090932844765613773 0.022908587935097327 0.0066085298074296597 -0.018951575136552948 0.0064309878520572147 0.045107167370829954 -0.006229482240115449 0.045840611102419611 0.01890687128715253 -0.0091013381633346779 0.027124025778768143 0.02527316192789715 0.034341706319293626 0.020548347508730292 0.079532652161305104 0.014830493790949861 0.11886652543743598 -0.00034223414950975046 0.018126236128644096 0.001334118859658691 0.060784658527407637 -0.018007334547303383 0.062081832224393896 -0.013952889529089777 0.0032368483886685666 0.016514513645383606 -0.046164871777671299 -0.044968213484657259 0.051020779746231183 -0.021069714200548258 -0.061162817747191026 0.042396914448573582 0.0063343114024008752 0.01762318461322563 0.038372167331277796 -0.07206494942780764 0.0027005286046406958 -0.031528631517101766 -0.0027207023836683221 -0.032406011613977562 -0.018656398156887573
leaf_weight=160.7574967071414 2520.6794716715813 973.46622011065483 826.74384571611881 1158.1694674491882 1464.5379420816898 985.68447022140026 957.1196194589138 3786.8102565854788 2353.2461001053452 701.76428087055683 1706.7017139643431 728.72222884744406 1338.8021203279495 1199.2748344987631 45.018415123224258 358.12909600138664 6652.1890171021223 414.47869569808245 238.06785699725151 3416.5505217686296 1570.780578494072 1499.5992370545864 396.11830493807793 3793.6204162240028 481.08293232321739 2391.8531667590141 1405.2794432491064 126.94841447472572 549.86991876363754 213.43709045648575 264.09351278841496 888.41015037894249 4811.8848052620888 2017.3117978572845 4289.5170603692532 31.105597734451294 56.544533863663673 6.6792693734168997 1689.7436645328999 2840.807716935873 715.27342428267002 631.13296602666378 71.590905070304871 5067.9796410948038 35.359332174062729 4100.193240121007 6406.9530052542686 28.629922896623611 23.48680454492569 211.83110301196575 267.35368032753468 39.694435745477676 43.883351057767868 283.26810888946056 4290.1294040083885 1294.8613076657057 19.459997728466988 57.911123707890511 108.55197267234325 652.53052236139774 25.647129133343697 3974.6353827565908
leaf_count=975 5655 2584 1918 2176 7468 1971 1773 7465 11711 2818 7080 6796 4222 2274 112 823 21613 2253 537 19659 7267 5628 1275 11785 2844 7225 2750 388 1043 477 988 1961 11398 4102 11944 68 138 27 6699 9727 2675 1157 213 9932 100 15607 16521 106 80 383 1271 175 138 1151 10829 2629 70 145 549 2198 78 31207
internal_value=0.0168367 0.00854017 0.0156581 0.0477206 -0.00267093 0.0135874 0.0343201 0.0540767 -0.0100416 0.012912 0.00286651 -0.0144788 0.00916234 0.0354143 0.0166303 0.00481204 0.0100167 0.00050426 0.00369505 -0.0122844 0.00396358 0.00672634 -0.000500447 0.0125448 0.000854723 0.000448598 0.0433297 0.0282423 0.044256 0.0398351 0.0168082 0.0381418 0.0203104 0.0294178 0.0181717 0.00418096 0.0240701 -0.0370137 0.00810046 0.0108112 0.0147487 0.0497212 0.0384855 0.0584818 0.0537084 -0.00203392 0.0144955 0.0254846 0.0319821 0.0262353 0.000941924 -0.0165135 -0.0122059 -0.0135768 0.0216674 0.0331456 0.0113056 0.0489798 0.00234018 0.000820819 0.0369975 -0.0175586
internal_weight=89662 70676 43229.5 18986 27446.5 39128.2 6108.19 12877.8 11774.2 38142.5 15672.3 8287.34 18991.2 4101.24 19151.4 13880.6 18289.4 3486.88 3072.4 7551.94 13395.5 10543.6 6443 9075.89 2834.33 3891.45 3250.81 485.078 3987.66 2829.49 5282.27 2293.69 10075.5 2844.06 5018.17 728.655 2857.38 735.401 6952.53 5262.78 3556.08 1252.59 621.461 8890.15 3822.17 6046.88 7745.76 2761.14 1576.89 2732.51 4476.1 96.239 1791.69 1747.81 9102.01 1553.41 232.897 1257.19 4208.75 697.549 1320.51 4135.39
internal_count=296831 258470 120343 38361 138127 111904 12941 25420 76009 109933 62118 58664 58027 8439 51906 53361 55209 17345 15092 51841 52150 34466 25969 27095 14555 12853 6484 1211 7923 5747 15310 4711 24811 6020 14322 2378 6457 6823 26181 19482 12402 2413 1256 17497 7565 24694 20743 6144 3334 6038 17427 313 8757 8619 22227 3254 547 2419 16156 2310 2707 32182
is_linear=0
shrinkage=0.05


Tree=27
num_leaves=63
num_cat=0
split_feature=20 48 19 20 43 38 9 63 59 46 48 28 19 43 40 63 45 43 44 19 31 58 33 43 9 59 37 27 46 43 59 61 63 2 40 40 47 63 0 9 31 10 0 46 59 59 51 51 40 31 58 44 48 59 44 46 47 0 59 59 0 27
split_gain=8633.91 2059.76 671.359 648.105 483.812 384.963 260.91 216.944 165.523 154.621 146.336 130.479 129.599 124.97 137.22 123.634 113.831 105.379 123.402 104.065 96.1898 92.7615 91.1251 88.9839 87.6157 82.7271 80.2275 159.092 80.16 97.4809 76.3927 71.965 70.7183 70.5373 75.1795 70.4591 76.6396 69.3954 67.372 65.885 65.5975 63.1828 63.1752 62.9794 74.9309 79.2042 62.6382 75.4336 62.4195 60.0652 58.9197 58.0546 57.2401 53.8339 53.7814 54.0257 53.7481 53.2596 52.8583 51.9476 51.8076 63.157
threshold=8.5000000000000018 205466709.88680819 1.2789225281647012e+18 33.500000000000007 4.7213059619201649 6802800.715789956 189548.00000000003 1.5000000000000007 441.9246103158444 26.289117647058827 65168305571.740456 31656980512.409153 2.7264254350177459e+18 4.6430384615384623 9.5000000000000018 -0.31709972034408324 0.81942355076085283 4.5176759884281594 0.57542314320894261 3.6652479085987169e+18 2.8166666666666669 9314642.9478992131 4.3201226993865047 4.9142857142857164 57451204.000000007 297.26712396989052 20.669005663556323 3.4005411373184242 49.349000000000011 4.3179029304029317 185.34377659491963 12.857142857142833 0.26000000000000029 2.5000000000000004 22.500000000000004 88.500000000000014 6.0187972508578689 2.1672619047619057 56.95000000000001 8150.0000000000009 0.31666666666666671 2.5000000000000004 127.25000000000001 18.404761904761909 118.51773684415902 1017.2002665187262 2.0920164802077701 3.2572086142743841 69.500000000000014 0.81666666666666676 9499422.7789874133 0.60394517809633508 74639415.524148956 560.78595961157146 0.22334208018559518 23.802083333333339 0.37282548461146886 121.75000000000001 56.726820395509499 424.12239505809316 10.002500000000003 2.0089820328749757
decision_type=2 2 2 2 2 2 2 2 2 2 2 2 2 2 2 2 2 2 2 2 2 2 2 2 2 2 2 2 2 2 2 2 2 2 2 2 2 2 2 2 2 2 2 2 2 2 2 2 2 2 2 2 2 2 2 2 2 2 2 2 2 2
left_child=1 5 6 4 12 7 10 8 28 33 17 39 22 40 30 -7 -5 -3 43 49 26 25 50 51 38 37 27 60 32 -30 -15 46 -1 -8 -35 36 -29 41 -9 -4 59 52 -31 58 57 48 -24 -48 -46 -6 -2 -16 -17 -26 -54 -56 -14 -45 -19 -11 -18 -62
right_child=3 2 11 16 19 15 9 24 -10 13 -12 -13 56 14 23 21 20 18 -20 -21 -22 -23 31 -25 53 -27 -28 35 29 42 -32 -33 -34 34 -36 -37 -38 -39 -40 -41 -42 -43 -44 44 45 -47 47 -49 -50 -51 -52 -53 54 -55 55 -57 -58 -59 -60 -61 61 -63
leaf_value=-0.017159223617741051 0.0026683409105271632 0.0089296435890811338 0.033624631117317894 0.058844068651816975 0.035029141932725029 -0.0083435058649073707 0.0084111161943752587 0.02508158890315363 -0.027907878549205352 0.0018583959016835565 0.032058062592872187 0.047681998792058269 -0.026507066676812699 0.0097094205646228449 0.015353623880518606 0.0011839415361681617 0.048750201194881292 -0.0076966119990613301 0.0059141908814598423 0.057395275520445127 0.053910155163308507 -0.015361142576898058 0.026172291104419022 0.025013845880929138 -0.014997163443604924 -0.0063239446341571137 0.062405123969986487 -0.065431537421826877 -0.020428626104141145 0.0079528191820596086 -0.005629838510139107 -0.012520776025764933 -0.0067418332346299865 -0.022153261054898909 0.0024629699831259259 -0.12895205212106187 0.017371806465769243 0.05973184144481597 -0.02009995838195619 0.017488031984174656 0.011352173274850939 0.024944439838601153 -0.011489566752853106 0.025421519353052716 0.011473399364874093 0.062801018125801911 -0.10553135732359631 0.019107970726139133 0.042777512442519622 0.049495991065478667 -0.068161139764602349 -0.0013665505592299245 0.018963604389144954 0.039173549848612876 -0.016937527508454009 0.0079154011879410072 0.044248780462506902 0.012568951840219679 0.020086758479117006 -0.032661254883330035 0.03568604607043431 -0.075576678471003786
leaf_weight=3631.5424900129437 121.92249411344528 4241.4928348362446 1866.6928378343582 7377.2318676710129 1359.8706743121147 2202.6643660366535 693.4703953564167 715.47796988487244 1408.0929862931371 4086.3198464661837 1498.6144841462374 1227.6226925253868 27.572206646203995 4022.9724286794662 5224.8566031605005 3890.7340220138431 211.05584046244621 364.66735941171646 1809.0228409618139 2053.4661760628223 767.22111430764198 557.92726720869541 3566.1289779394865 2476.4164435565472 368.57797671854496 1305.9855645298958 116.68991100788116 47.013273343443871 579.64091538637877 1549.0002247169614 1016.8333123475313 129.69856609404087 2954.5404008030891 712.64095997810364 549.19877664744854 15.741117313504217 68.896511405706406 62.12182205915451 93.263239949941635 956.78476120531559 2363.063926756382 454.21941089630127 572.1454494446516 6297.3092458546162 2879.2263981699944 82.682801440358162 19.939579904079437 31.031403869390488 168.56476236879826 1518.8640858978033 38.674676552414894 576.42734554409981 1103.3403990119696 52.381488367915154 230.18523073196411 4370.2717808932066 1010.360243588686 924.35941460728645 322.66735765337944 111.97300288081169 34.08726578950882 20.380118042230606
leaf_count=26624 367 12677 3829 14808 2790 10410 2345 2478 12107 13511 3172 2419 81 13037 13983 18433 429 1134 4991 4095 1530 2792 7797 5823 1844 6231 208 162 3960 7390 3806 368 17192 3260 1765 68 164 108 418 2191 6767 1290 2999 15189 7838 142 80 74 331 2955 186 1682 3823 211 994 15513 2044 2436 851 474 72 83
internal_value=0.0161001 0.00812414 0.014668 0.046469 0.0377155 -0.00302559 0.0127232 -0.00964651 -0.0119333 0.00901681 0.0170768 0.0340734 0.0266644 0.0103364 0.0131191 0.00254326 0.056455 0.0157631 0.018019 0.0487961 0.0426975 0.00454579 0.0224927 0.0170793 0.0102424 0.00551862 0.0259565 0.0152478 -0.00951123 -0.00225714 0.00661457 0.0240735 -0.0124859 -0.0043992 -0.0114394 -0.0296933 -0.0162134 0.00704828 0.0198713 0.0281565 0.00468847 0.00672259 0.00270854 0.0200026 0.0209757 0.0145147 0.0253857 -0.0296503 0.0132047 0.0426621 -0.0143887 0.0136923 0.00585994 -0.00825651 0.00904958 0.00667188 0.0423692 0.0237764 0.00534621 0.00093772 0.0375304 -0.00594524
internal_weight=89111.8 70576 44473.9 18535.8 9877.53 26102.1 40422.8 11924.7 10695 21834.2 18588.6 4051.1 4945.33 19878.9 13317.5 14177.4 8658.32 17090 12848.5 4932.2 1281.09 11974.8 3907.4 8277.7 1229.7 11416.9 513.864 397.174 9286.87 2700.79 5039.81 3746.8 6586.08 1955.31 1261.84 131.651 115.91 10110.9 808.741 2823.48 6561.36 10048.8 2121.15 11039.5 10352.1 3130.47 3617.1 50.971 3047.79 2878.73 160.597 5801.28 9594.53 420.959 5703.8 4600.46 1037.93 7221.67 687.335 4198.29 265.523 54.4674
internal_count=296831 258470 123653 38361 20837 134817 115214 75223 70272 66453 48761 8439 10997 59083 38331 59594 17524 45589 32912 9840 2716 49184 8872 21488 4951 46392 1186 978 58165 14349 16843 8319 43816 7370 5025 394 326 40161 2896 6020 20752 40053 10389 27921 25936 8311 7951 154 8169 5745 553 15665 38763 2055 20330 16507 2125 17625 1985 13985 584 155
is_linear=0
shrinkage=0.05


Tree=28
num_leaves=63
num_cat=0
split_feature=20 48 10 38 43 38 9 1 46 40 40 1 59 48 1 9 1 20 47 1 1 40 30 59 14 6 59 59 34 33 26 40 1 9 62 51 47 9 1 14 47 43 24 59 40 16 43 51 30 40 43 55 3 7 23 59 16 59 43 9 1 9
split_gain=8111.17 1859.45 657.357 637.007 352.695 350.255 338.835 244.26 214.466 205.767 190.69 176.863 145.417 123.819 120.431 118.912 111.531 102.761 102.496 97.9134 97.0985 118.306 92.4587 86.564 81.7753 79.9983 76.8291 75.3011 75.1748 73.3272 72.1588 70.4416 69.3296 68.8171 65.896 74.6786 65.3489 63.5535 63.0478 62.251 68.6443 61.5922 60.98 60.0857 59.4315 55.674 55.2443 53.675 53.5232 52.1818 57.8165 51.6649 51.5285 50.6391 50.4001 50.1603 77.3303 68.2703 57.2873 49.9796 49.9188 49.8991
threshold=8.5000000000000018 205466709.88680819 10.500000000000002 22432160661.166283 4.728601953601955 6802800.715789956 27159.500000000004 4.9050000000000011 28.315701754385969 115.50000000000001 85.500000000000014 4.7750000000000012 393.88566249663955 22751352802.89983 4.3950000000000005 2395.5000000000005 6.9050000000000011 34.500000000000007 53.68239516394415 6.5150000000000006 5.0450000000000008 253.50000000000003 25.500000000000004 342.2143492731139 1.0000000180025095e-35 3.2550000000000003 263.96902072500785 225.90149813208021 0.20463381929681126 5.0201123595505637 400.67500000000001 3.5000000000000004 6.3850000000000007 127206812.00000001 -0.00098059242903120159 0.65906327010502752 11.500154828833358 1011552483.0999991 4.995000000000001 1.0000000180025095e-35 24.768920932137277 4.8561828874976296 0.3500000000000002 107.98316070541593 21.500000000000004 15.001500000000002 4.2502631578947385 0.75398347552647915 5.5000000000000009 5.5000000000000009 4.9142857142857164 29831852.690225221 150.65000000000001 1.8550000000000002 4.9315428983417453 384.44102295350791 9.2059285714285704 839.60587267989297 4.2834408602150553 1355030.0000000002 7.5950000000000006 22554.500000000004
decision_type=2 2 2 2 2 2 2 2 2 2 2 2 2 2 2 2 2 2 2 2 2 2 2 2 2 2 2 2 2 2 2 2 2 2 2 2 2 2 2 2 2 2 2 2 2 2 2 2 2 2 2 2 2 2 2 2 2 2 2 2 2 2
left_child=1 5 4 6 9 7 24 12 20 34 11 18 36 25 -7 -5 31 26 47 33 21 44 29 32 -3 -4 -11 -20 -27 -6 53 -13 39 -9 35 -2 -1 60 -26 40 -16 -33 -28 -22 -8 -25 -38 -10 -43 -49 52 -30 -51 -17 -32 56 -37 -57 -58 -55 -21 -60
right_child=2 3 13 15 22 14 8 19 10 17 -12 16 -14 -15 23 30 -18 -19 27 37 43 -23 -24 45 38 28 42 -29 51 -31 54 41 -34 -35 -36 55 46 -39 -40 -41 -42 48 -44 -45 -46 -47 -48 49 -50 50 -52 -53 -54 59 -56 57 58 -59 61 -61 -62 -63
leaf_value=-0.016144833258853547 -0.025812242974306111 0.015919509339624497 -0.011285962695387959 0.051291394975526629 0.028613439008315079 -0.0045212118903340225 -0.020594853520642595 -0.0010381156632799874 -0.038399416589157631 0.034018009327458687 0.032067081380524241 -9.850142020199009e-05 -0.032045168379852378 0.058923478971203813 -0.00015812950144901408 -0.038025199595407275 0.060492080811802074 0.053557014023333287 0.01368498504833832 0.017162746191631325 -0.00013152339997031992 0.048693013156846571 0.053038596110795866 0.031138604463080657 0.021980248011727162 -0.034655521915149555 -0.045555932180466802 0.00087761782350975347 0.048711575449272605 0.049869063715844437 0.004788582357843605 0.012233420898834247 0.040499535595750639 -0.021877265391141765 0.013461210184456451 -0.04318518155591123 -0.021961200447701331 -0.030195522868839027 0.035082044016915788 0.019881898133346964 0.0090859034531994964 0.016627315357945562 0.061549422099134422 0.02390860187970241 -0.0025761975986427223 -0.014812188543540022 -0.0016647472920521768 -0.0098324360424261598 0.028381401521127194 0.001695894460275095 0.015923998357966214 -0.021919963129520787 0.01396911761542691 0.032535605394279139 -0.098936661484261501 0.06797307488843983 -0.034183186158755124 -0.013605300676178506 0.03734348710540205 -0.029211719096258894 0.059534575692860019 0.017819771454933932
leaf_weight=3739.8216566890478 63.60033518075943 4137.6909693479538 61.095723807811737 851.02097161114216 931.81409764289856 4342.4683183804154 981.58540186285973 3706.1518834531307 75.662491276860237 1009.6880798041821 1056.8156098425388 755.89925302565098 1077.5647816956043 6320.5071645975113 3600.8186245188117 26.371242523193359 134.25346428155899 867.77286458015442 6355.9139999896288 478.64231473207474 678.76673150062561 83.397668436169624 2566.2543449252844 72.70676726847887 3306.9271017462015 27.990742415189743 54.469958260655403 1400.5854584574699 2073.1093645244837 718.69937121868134 38.18091057240963 5843.2416252046824 150.5324375629425 443.58125421404839 1713.8369717597961 38.951803043484688 409.93209632486105 61.588588416576385 1271.1916364133358 768.79583705961704 4540.7628095895052 3535.0254800617695 17.577994778752327 421.21287700533867 857.32096552848816 706.01033668220043 1840.6270662769675 642.97367207705975 1333.9910841286182 6277.3722556680441 1049.1829285621643 26.217813849449158 990.09233430027962 2292.4190220832825 16.892729297280312 151.29500184953213 35.842895686626434 30.880760207772255 851.7995942980051 33.246823936700821 81.319928929209709 531.4676678776741
leaf_count=28666 200 10921 172 1647 2007 21047 4244 18900 317 2091 2275 2769 10450 13348 15576 87 231 1720 17704 1453 2297 161 5102 270 7802 103 186 4546 4183 1413 100 15886 311 2898 4160 125 2910 282 2633 2348 16576 9390 29 1244 2821 3466 9505 2784 2934 19937 2863 81 2926 4951 66 243 136 88 1743 117 159 1231
internal_value=0.0153967 0.00772937 0.0452597 0.0139439 0.0362796 -0.00288568 0.0122604 -0.00923469 0.00991095 0.0277778 0.0112126 0.0104364 -0.0151354 0.0553744 0.00241448 0.0352266 0.0151838 0.0407402 0.00715624 -0.00049364 -0.0027734 -0.00955278 0.047101 0.00547537 0.0210139 0.0451241 0.0304585 0.0113724 0.0467442 0.037869 0.029547 0.0146533 0.00685021 -0.00326569 0.0203837 0.0273469 -0.0120937 0.0180138 0.0256182 0.00628174 0.0049975 0.0156943 -0.0194248 0.00907411 -0.0121943 -0.0105219 -0.00536168 0.00353683 0.0198476 0.00389098 0.00495196 0.0478295 0.00336795 0.0308717 -0.027027 0.0294081 0.0263174 0.0541447 0.0282251 0.0316529 0.0233162 0.0298422
internal_weight=88561.4 70468.6 18092.9 44447.2 9583.95 26021.3 41189.1 11839.2 32473.3 5367.18 29451 28394.2 7067.95 8508.92 14182.1 3258.13 11602.4 1949.51 16791.8 4771.28 3022.28 1922.3 4216.77 9839.63 8715.81 2188.41 1081.74 7756.5 2127.32 1650.51 2407.11 11468.2 9060.91 4149.73 3417.68 1703.84 5990.38 621.551 4578.12 8910.38 8141.58 10712.3 72.048 1099.98 1838.91 778.717 2250.56 9035.28 4869.02 8959.62 8316.65 2099.33 7267.46 2352.04 55.0736 1640.24 1458.06 182.176 1419.11 2325.67 559.962 1383.27
internal_count=296831 258470 38361 123653 20474 134817 116685 75223 95329 11952 84562 82287 51531 17887 59594 6968 31210 4026 51077 23692 10767 7226 8522 38547 21356 4539 2306 22250 4367 3420 5321 30979 34811 21798 7926 3766 41081 1894 10435 34500 32152 28210 215 3541 7065 3736 12415 28827 12324 28510 25726 4264 22863 5155 166 3566 3235 331 3110 5068 1612 2974
is_linear=0
shrinkage=0.05


Tree=29
num_leaves=63
num_cat=0
split_feature=11 48 38 31 48 1 21 1 28 46 28 45 59 59 11 1 40 52 45 1 9 0 1 46 46 59 46 38 9 47 27 23 18 47 59 31 59 0 53 28 23 0 9 47 46 44 59 59 25 37 9 0 1 28 55 9 9 46 60 40 56 48
split_gain=7635.76 1737.62 832.598 683.856 296.27 295.629 242.86 216.67 209.161 206.194 165.031 153.508 152.972 145.341 138.305 135.633 142.521 123.015 114.609 108.861 94.3689 91.1506 108.951 88.2473 86.9155 83.2905 78.0016 76.7546 75.5301 75.2681 130.035 120.35 73.5248 70.9971 93.5135 99.7666 65.5318 71.9976 65.397 97.8748 64.9089 62.4907 61.9692 57.1343 56.9556 56.9316 57.9603 55.2816 55.124 58.1056 54.5285 54.5026 60.1785 53.4192 52.4979 51.3027 50.583 49.9845 49.0144 48.3465 47.4244 57.0867
threshold=2.5000000000000004 205466709.88680819 17253870753.113544 0.75000000000000011 44668419.612829708 4.7750000000000012 2.785714285714286 4.9050000000000011 16417834532.854723 30.000304878048787 5025238979.7750559 0.64557287850483336 207.4341324427983 278.55189666055003 13.500000000000002 6.495000000000001 3.5000000000000004 303760.38344830321 0.86858896380650452 5.0850000000000009 206914.50000000003 142.05000000000004 6.8750000000000009 492.75403225806457 38.589587411534417 200.70331572705484 54.682738095238101 669382282.25667882 1157541.0000000002 1.0000000180025095e-35 1.1472315808458509 4.3337398373983751 1017571.0833396717 29.668047302589681 283.30967910500294 1.216666666666667 105.73398684815521 534.55000000000007 66.500000000000014 8355271571.5209703 4.3955050505050517 63.350000000000001 4962907.0000000009 11.500154828833358 14.091559748427676 0.35653816864669691 342.2143492731139 1017.2002665187262 0.80177442812907929 72.829967732634074 138011.50000000003 55.850000000000001 6.035000000000001 139738422.32546076 6801931.9904746125 8150.0000000000009 45231.000000000007 40.810263157894745 11.344537808691125 5.5000000000000009 7.5000000000000009 360441114.68404049
decision_type=2 2 2 2 2 2 2 2 2 2 2 2 2 2 2 2 2 2 2 2 2 2 2 2 2 2 2 2 2 2 2 2 2 2 2 2 2 2 2 2 2 2 2 2 2 2 2 2 2 2 2 2 2 2 2 2 2 2 2 2 2 2
left_child=1 4 6 5 7 9 17 13 18 50 15 -5 20 32 25 16 -7 27 38 24 -11 22 28 -14 -6 53 -22 55 -9 40 -31 -32 43 34 35 -33 44 47 -8 -40 -20 -17 -15 -1 -18 -26 -47 -38 49 -13 -3 52 57 -4 60 -2 -46 -21 -10 -43 -19 -62
right_child=2 3 14 11 19 10 8 21 58 12 -12 48 23 42 -16 41 36 54 29 51 26 -23 -24 -25 45 -27 -28 -29 -30 30 31 33 -34 -35 -36 -37 37 -39 39 -41 -42 59 -44 -45 56 46 -48 -49 -50 -51 -52 -53 -54 -55 -56 -57 -58 -59 -60 -61 61 -63
leaf_value=-0.016072847707605569 0.028163290749530463 0.00053316698843382585 0.001639847474054517 0.03931534365267858 -0.0080283797943698949 -0.00066475142751597606 0.053274911753562776 0.014406634942028804 -0.16166219902911574 0.014643616615859063 0.03241792233718941 0.03941098864862539 -0.0062717289628380305 -0.018867218203950716 0.058758641622732401 0.048427026575753464 -0.0091256796891159338 0.0035562437678167483 0.035584373750215378 0.0029284468454964063 0.0001456683727953209 -0.02933190404825621 0.028537755491310785 0.010001802158149558 0.004466187811342043 0.027969913351645687 0.010428514038772428 0.034707225031245792 -0.0039567211049184332 0.062376633913257179 -0.067904149042694886 0.026221586784803765 0.0055868921903052321 0.057731415921597251 0.056019632659194067 -0.056154163654823452 0.0075113401116170923 0.025007058313545001 -0.087685435351288685 0.065880851409990934 -0.0821119899915074 -0.067806199936503109 -0.038147208689482445 -0.0051399437103898001 0.026835853392831316 -0.003319475528509858 -0.037777681330053617 0.045459455820146655 0.019525966185837042 -0.039146603764900645 -0.015092266279828929 0.00046498727294205788 0.040460868272424969 0.049997995222864598 -0.022519413471161723 0.011743142395496108 0.01666055904741896 0.02101761443688531 -0.028836599837427146 0.021683026255905694 0.062905892134770117 0.017049253628176563
leaf_weight=3442.9608601555228 1302.3470361381769 1090.643208578229 57.954828336834908 2301.0095341801643 2695.2725456133485 1601.2063642889261 1953.7246342748404 667.89064165949821 13.17460571229458 7737.8591957688332 1366.5156080722809 579.00020471215248 2403.4992715418339 1007.1704569458961 5302.864658460021 403.66421537101269 189.00209194421768 468.72260254621506 20.218175381422043 712.62803490459919 2784.6375666111708 257.82402919977903 337.9651318192482 1274.9746788442135 6281.2780017703772 517.81367433071136 5461.0186986327171 3009.1519772410393 3465.0686213225126 224.22232532501221 39.989810362458229 73.775857701897621 646.5328775793314 105.29511258006096 68.198415145277977 73.249406293034554 4351.5453154742718 759.2620856910944 20.549882590770721 20.957058012485504 27.851317420601845 19.42122308909893 710.98925503343344 1830.2423604056239 1519.0615065097809 1330.6363561600447 134.35738176107407 98.135393276810646 2741.7556952685118 24.536133274435997 1143.9951618611813 809.87735669314861 222.22206489741802 3909.2621725052595 108.68001347780228 749.4264715462923 6232.664566770196 822.84172114729881 14.689535498619078 67.715280279517174 86.692108705639839 312.57498033344746
leaf_count=26657 3094 3372 145 4690 13044 5729 3994 2769 65 20750 2882 1150 8396 7864 11585 832 643 1208 44 2631 9232 1447 860 3713 25322 1202 16133 6239 18722 385 169 162 3409 196 129 246 12112 1840 82 37 121 76 7570 10841 3471 5456 723 207 6596 75 4807 2800 486 8213 372 1950 16190 2580 45 153 182 736
internal_value=0.0147253 0.00713213 0.0432909 0.0131247 -0.00329422 0.0107418 0.0320302 -0.00883539 0.0446304 0.00692619 0.0157723 0.0293748 0.00856191 -0.0140429 0.0532926 0.0142799 0.0134195 0.0264874 0.0460752 0.0019733 0.0106776 -0.000424205 0.00124281 -0.000631254 -0.000294787 0.0468299 0.0069559 0.0296227 -0.000989183 0.0275345 0.0324787 0.0138834 -0.0103271 0.0240877 0.00762793 -0.0148188 0.0151345 0.0107765 0.0519555 -0.0101491 -0.0326085 0.0401378 -0.0268454 -0.0122782 0.0179933 0.00239607 -0.0064797 0.00834827 0.0225373 0.0362173 -0.00746608 0.011197 0.0161418 0.0492916 0.010241 0.0221657 0.0186546 0.0126222 -0.0916386 0.00173742 0.0143429 0.027006
internal_weight=88008.3 69526.9 18481.4 44151.1 25375.8 38504.8 8693.49 12366.6 2655.9 21896.6 16608.2 5646.3 19662 7637.9 9787.9 15241.7 14750.9 6037.6 2628.03 13009.1 15983.5 4728.75 4470.92 3678.47 10441.5 4485.03 8245.66 5060.93 4132.96 632.8 584.731 360.509 5919.74 320.519 215.224 147.025 13149.7 5208.94 1995.23 41.5069 48.0695 490.801 1718.16 5273.2 7940.73 7746.27 1464.99 4449.68 3345.29 603.536 2234.64 2567.57 1757.69 3967.22 976.67 2051.77 7751.73 1535.47 27.8641 87.1365 867.99 399.267
internal_count=296831 256230 40601 123049 133181 110538 19456 80139 5675 66403 44135 12511 58224 56341 21145 41253 40192 13781 5565 53042 46115 23798 22351 12109 44545 9560 25365 11283 21491 1452 1287 902 40907 733 537 408 34463 14159 4113 119 165 1061 15434 37498 20304 31501 6179 12319 7821 1225 8179 8497 5697 8358 2498 5044 19661 5211 110 229 2126 918
is_linear=0
shrinkage=0.05


Tree=30
num_leaves=63
num_cat=0
split_feature=20 38 11 38 43 43 40 46 30 63 12 40 59 59 43 9 40 63 48 6 43 42 9 20 57 63 30 35 32 47 59 33 59 36 12 2 45 40 43 13 47 63 40 9 59 50 22 13 52 52 54 30 0 9 38 47 12 48 46 0 36 51
split_gain=7181.25 1544.91 664.874 591.847 352.369 278.287 267.864 264.256 197.209 193.97 179.681 148.825 140.45 139.057 122.86 115.7 115.037 112.963 111.87 124.119 103.564 110.889 99.6389 95.6723 94.8765 94.5942 94.2065 83.088 98.6723 76.9619 73.626 73.4296 70.4896 70.1795 69.6005 67.2647 64.4493 63.2022 63.1912 69.4154 63.0075 62.5225 61.9387 60.9373 60.1752 59.3341 71.5316 104.821 57.6219 102.872 57.2447 62.6118 56.6473 55.4234 54.4606 53.7386 53.4288 52.5366 50.6897 49.8956 49.6717 49.0849
threshold=8.5000000000000018 22388468.962413989 11.500000000000002 22432160661.166283 4.728601953601955 4.6400304878048795 4.5000000000000009 45.251452380952394 70.500000000000014 0.26000000000000029 5.7550000000000008 27.500000000000004 273.80206532576489 361.63901593217065 4.2502631578947385 2395.5000000000005 17.500000000000004 0.2500000000000005 65168305571.740456 2.9750000000000005 4.9200946372239764 5.5150000000000006 38405.500000000007 34.500000000000007 0.55612420187212253 1.976478067387158 25.500000000000004 1.0683550764012215 5.1950000000000012 1.2572830495136293 1017.2002665187262 5.0201123595505637 441.9246103158444 293.53333333333336 6.0650000000000004 1.0000000180025095e-35 1.7882713960722165 8.5000000000000018 4.763678646934463 4.4670289855072474 4.0259093893013418 0.85477784540474799 84.500000000000014 34425.000000000007 351.73630410521577 22.500000000000004 6.495000000000001 4.8126329787234052 501020.45119656267 2418861.062360141 1.0423067565678061 40.500000000000007 156.35000000000005 17942721.500000004 3035647219.2535701 17.230681497454409 6.2550000000000008 367065762881.72784 10.231385927505332 21.931500000000003 7.9502051282051296 0.65906327010502752
decision_type=2 2 2 2 2 2 2 2 2 2 2 2 2 2 2 2 2 2 2 2 2 2 2 2 2 2 2 2 2 2 2 2 2 2 2 2 2 2 2 2 2 2 2 2 2 2 2 2 2 2 2 2 2 2 2 2 2 2 2 2 2 2
left_child=1 7 4 5 8 11 17 9 34 12 16 22 43 14 -9 -5 20 56 19 40 21 -8 -3 27 -13 38 31 -10 -29 48 57 -6 60 -17 61 -16 37 52 39 -11 -4 58 44 -1 50 -31 -47 -48 -21 -50 51 -26 -37 -27 -46 -23 -7 -18 -22 -45 -24 -2
right_child=2 3 18 15 26 6 10 13 23 25 -12 24 -14 -15 35 33 30 -19 -20 29 41 55 32 -25 42 53 -28 28 -30 45 -32 -33 -34 -35 -36 36 -38 -39 -40 -41 -42 -43 -44 59 54 46 47 -49 49 -51 -52 -53 -54 -55 -56 -57 -58 -59 -60 -61 -62 -63
leaf_value=0.0056042881459971525 -0.021446348058046193 0.010692491660623396 0.011954634285124492 0.049058362442514908 0.027097313298900139 -0.003034556467296487 0.013637134544904015 -0.017326014095699453 0.030266228672593959 0.024890802561211452 0.030401271360791283 -0.02619315158562719 -0.029866083112510655 -0.01746040123770019 0.042091270294863842 0.028674449515458434 0.017892553581860107 0.019449229349625785 0.058838059910653884 0.034836491253338694 -0.017666555917518933 -0.011073228141859709 -0.053815539096741388 0.048584222923317565 0.013491105534620577 0.036114234706874714 0.051257212891656606 0.054226678089573425 -0.085307417958342499 0.051863281328616062 0.059960357200705451 0.047892394632660817 -0.024502710739774308 -0.023028832449691013 0.037514263770955611 0.0032623055072298979 0.025619400345235983 0.009971045197724817 0.013588376711219855 -0.0072876545012529803 -0.099191892232832757 0.046576355337212487 0.024653291736357073 -0.018569135351646837 -0.012369408727220929 0.052954014351832494 -0.082347396208197754 0.0609764591935704 -0.097210807242065489 0.035941283670025352 -0.0012795047037478214 -0.046601123700536401 -0.011050425387111703 0.005041078121147481 0.056851098073887135 0.004609478449446004 0.01685192420486939 0.034866530341765602 0.017352758448526528 -0.008699961901714957 0.00066939549260181452 0.017312506699037323
leaf_weight=496.91152233630419 83.972683653235435 2612.5918731540442 35.604062288999557 813.33249779045582 977.89550651609898 3292.6753423660994 4154.0544975847006 615.55815625190735 788.42054808139801 174.64666743576527 2015.5874460488558 168.08463323116302 1209.8112042099237 813.86027350276709 126.13641963899136 2299.146769836545 6712.7643215358257 828.22024343907833 4742.9126053601503 158.86399817466736 105.90198844671249 682.45321482419968 42.046907961368561 1088.4923664480448 6081.4070508629084 230.57641392946243 2540.4646938294172 20.116823136806488 34.226233646273613 2383.5700055062771 111.65691357851028 750.16474436223507 294.65507057309151 67.560322716832161 440.01868192851543 3554.8209762424231 370.72889092564583 2910.0305105745792 455.59861947596073 4151.8297747075558 19.865203320980072 179.95623534917831 835.83021429181099 2155.7098063081503 411.68950575590134 58.459690272808075 32.999625563621521 20.796714156866074 26.065491959452629 32.70862939953804 784.87774729728699 43.658206686377525 858.20963075757027 380.00888115167618 30.522021427750587 2736.7945937663317 376.35924287140369 489.07682175934315 4261.8846015483141 3155.0661013051867 8137.4612949043512 2999.2062240839005
leaf_count=2492 271 7841 83 1647 2160 12690 12194 3996 1704 813 4228 700 11104 5172 374 5118 16292 2457 10774 343 344 2257 221 2314 16880 530 5342 37 145 5109 194 1553 1397 203 928 15987 1572 10115 1664 24196 86 350 1961 15427 1392 114 132 40 123 72 2621 151 4195 1295 66 7791 857 993 10910 18898 28885 7031
internal_value=0.0140822 0.00698489 0.0430031 0.0119371 0.0343711 0.0104762 0.0138652 -0.0041202 0.0259507 -0.00888808 0.0161913 0.00595345 -0.0143678 0.00227702 0.0041813 0.0327894 0.0147176 0.00277032 0.0541759 0.0461901 0.0117295 0.00814805 0.0021557 0.038792 0.0109923 -0.00175728 0.045131 0.0261445 -0.0336544 0.0477036 0.0196699 0.0361246 -0.000476206 0.0271985 0.0189118 0.00587428 0.00528052 0.00425087 -0.00412356 -0.00598871 -0.0278503 0.0176937 0.0117556 -0.0111393 0.0102894 0.0501902 0.014666 -0.0269409 0.0191878 -0.0231098 0.0114337 0.0130628 0.000478884 0.0167753 -0.00759172 0.00147934 -0.000994657 0.0190453 0.0165037 -0.012706 0.000389315 0.0162569
internal_weight=87464.6 70229.8 17234.8 48570.2 9722.98 45390.2 25947.4 21659.5 5454.45 12410.2 21450.1 19442.8 7017.5 9249.34 8435.48 3180.04 19434.5 4497.25 7511.85 2768.93 12121 7573.3 11086.8 1931.26 8356.07 5392.66 4268.52 842.764 54.3431 2713.46 7313.5 1728.06 8474.16 2366.71 3523.2 7819.93 7693.79 7323.06 4782.08 4326.48 55.4693 4547.74 8187.98 5807.69 7352.15 2495.83 112.256 53.7963 217.638 58.7741 6909.94 6125.07 4413.03 610.585 442.212 3419.25 3669.03 7201.84 4367.79 5310.78 8179.51 3083.18
internal_count=296831 258470 38361 140640 21485 133672 71557 117830 12430 76419 55553 62115 47921 41411 36239 6968 51325 16004 16876 6102 33846 22242 38344 4200 23771 28498 9055 1886 182 5933 17479 3713 30503 5321 8230 32243 31869 30297 26673 25009 169 11604 23071 36817 21110 5395 286 172 538 195 19652 17031 20182 1825 1458 10048 13547 17285 11254 34325 29106 7302
is_linear=0
shrinkage=0.05


Tree=31
num_leaves=63
num_cat=0
split_feature=11 48 38 30 48 20 33 43 46 11 9 43 46 48 40 61 28 44 20 47 0 60 23 22 61 47 43 43 55 38 8 43 40 46 55 58 22 5 9 43 44 43 30 26 2 2 56 16 46 46 47 46 0 44 2 44 0 58 32 46 5 61
split_gain=6752.84 1422.45 826.161 588.124 252.866 235.534 219.049 193.977 146.416 145.88 145.023 143.505 112.151 109.661 95.5661 94.5965 93.7571 93.5929 91.2726 84.5857 84.102 111.605 77.6696 75.6175 106.501 72.5975 68.4256 67.7044 67.3017 66.9647 65.0324 64.1053 63.3795 60.7825 74.8087 59.0804 86.121 71.5005 58.5975 56.9966 56.7708 55.5264 55.3731 55.1446 54.4544 73.8548 53.8789 50.6475 50.6281 52.0153 49.2886 52.9948 52.5856 60.5203 49.115 49.0686 48.0377 47.7466 45.6285 45.6033 43.8067 43.7039
threshold=2.5000000000000004 205466709.88680819 17253870753.113544 22.500000000000004 15848844.984281095 36.500000000000007 4.6833333333333353 4.8071825396825405 27.876299376299382 13.500000000000002 167822.00000000003 4.66670396896449 24.504166666666674 63132282318.027382 120.50000000000001 4.3385145129545739 16006611704.25831 0.63035882061011939 10.500000000000002 25.39916542250155 10.002500000000003 11.999999998500003 4.4403125000000019 6.7950000000000008 12.763817074595394 1.2572830495136293 4.8600373134328372 4.3571841453344362 1667253.5022669353 295746033815.01532 0.29100000000000004 4.9467708333333347 28.500000000000004 13.503125000000002 1764059.1498027511 39298645.295996703 6.3850000000000007 0.13050000000000003 127206812.00000001 4.5833892617449674 0.52460243705322196 4.6375216262975796 5.5000000000000009 82.341666666666683 2.5000000000000004 6.5000000000000009 120.50000000000001 58.636666666666677 418.04354838709685 189.19722222222228 49.598729659827058 146.09511904761908 149.65000000000001 0.3031130151989414 5.5000000000000009 0.45865560785435072 95.550000000000011 4598370.7942658653 4.4750000000000005 554.83477905073653 0.8650000000000001 11.351306221745039
decision_type=2 2 2 2 2 2 2 2 2 2 2 2 2 2 2 2 2 2 2 2 2 2 2 2 2 2 2 2 2 2 2 2 2 2 2 2 2 2 2 2 2 2 2 2 2 2 2 2 2 2 2 2 2 2 2 2 2 2 2 2 2 2
left_child=1 4 5 6 30 11 8 14 55 22 13 20 15 25 -5 -6 35 27 33 31 46 23 -4 -22 -25 -8 -27 -10 44 47 38 -12 39 -13 -35 37 -37 -7 60 -29 41 -21 -33 -34 56 -46 -2 -24 49 -41 51 -47 -52 59 -28 58 -14 -53 -3 -54 -1 -60
right_child=2 3 9 7 12 16 10 -9 17 -11 19 18 28 -15 -16 -17 -18 -19 -20 40 21 -23 29 24 -26 26 54 32 -30 -31 -32 42 43 34 -36 36 -38 -39 -40 48 -42 -43 -44 -45 45 50 -48 -49 -50 -51 52 57 53 -55 -56 -57 -58 -59 61 -61 -62 -63
leaf_value=-0.019231355273034136 0.029496425053827491 -0.048703267471176814 0.0086584134476978981 0.016175338246345337 -0.017295111321653057 -0.039323662410833245 0.0030122933029035773 0.043583685519641403 -0.0061329792145533267 0.057335979527004734 -0.0041004105371729603 0.010280647079581769 0.019290014895831736 0.034851976134258923 0.03193270541804568 0.0044672306407754448 -0.047769573505522002 -0.0087069875270066131 0.044064727039236695 0.00042354299437417291 0.015279724048473227 -0.06289150678146653 0.042475019232187793 -0.1428007667625025 0.0070829679073705883 0.013021594972214615 0.03414001818088596 0.0014210415629574572 -0.011264585088105031 0.054220552131970905 0.0039135877135402239 0.0050018861929748684 0.01763568123889914 0.032268811067344499 -0.038168920359864106 0.063728248640793669 -0.09050217971114706 0.05268764687238793 -0.027622881793245797 0.0090498306962132572 0.0047681724341747007 0.016611575614922141 0.024835672304155034 0.0077849174092280904 -0.033567676819254905 0.0012082200720937341 -0.021679938296162049 0.0069543050075334054 0.028127514907189073 -0.021132125950380207 0.010852594586034362 -0.016484983526360918 0.0038470207908317075 -0.015572156905146789 0.019761190792576627 -0.017854840003934443 -0.012942808151888995 0.084841125920889271 0.0042589284493097356 0.056640376087590719 -0.0086879953362364575 -0.076722434613428162
leaf_weight=1206.8471585437655 1389.9782717674971 46.057271465659142 144.45394133031368 2705.2729218900204 1506.690026037395 21.439777433872223 925.305853292346 1347.4284081459045 807.7672673612833 4917.9732677638531 1625.8602736145258 432.60796719789505 779.95459883660078 872.30930930376053 1493.4067468047142 746.88002590835094 25.116280943155289 889.31747671961784 1211.1528716087341 589.91605947911739 1797.0405142307281 48.998275652527809 2472.0460590273142 18.347716808319092 33.475584000349045 3573.0401183515787 755.24918836355209 3750.1613897383213 915.89370214194059 1536.763125911355 711.90727251023054 1737.1531422138214 2942.7000360041857 1983.5965147614479 38.424976527690887 18.100035607814789 18.105016514658928 1388.6893292814493 549.37664454430342 4990.1068583875895 1789.2239227741957 5191.7769532501698 441.30474980175495 2746.8520793914795 145.1153172776103 8352.6216906756163 53.40649701654911 104.60037532448769 339.32314568758011 146.95385687053204 2741.5100889578462 568.74948414415121 972.57710285484791 473.92946518212557 2779.7755077034235 769.80239717662334 135.70286194235086 11.868877217173575 768.0869704335928 42.701048038899899 5364.2105422466993 17.029962733387947
leaf_count=9908 3214 249 370 6589 8635 75 2638 2737 2861 11585 5224 1091 2540 1844 3185 3127 86 3132 2580 1803 4436 182 5546 84 88 9093 1597 12152 4416 3377 3509 5639 7663 4178 117 35 76 3043 4184 15243 5055 13486 1010 7679 822 37249 171 267 886 534 10625 2761 4183 1991 6644 3118 515 35 2917 125 38556 71
internal_value=0.0134677 0.00643201 0.0410728 0.0118548 -0.00303524 0.0298205 0.00966166 0.0270772 0.00568172 0.0514699 0.013236 0.0260015 0.000323912 0.0180145 0.02178 -0.0100826 0.0480063 0.00707335 0.0328329 0.00949494 0.0185067 0.0115887 0.0446944 0.0135626 -0.0459824 0.0161862 0.0179012 0.00796586 0.00187285 0.0459599 -0.0104953 0.00341256 0.00872937 0.0272909 0.0309303 0.0496695 -0.0133976 0.0512887 -0.0119359 0.00616998 0.0125513 0.0149599 0.00901975 0.0128798 0.00271873 0.00190729 0.0276029 0.041033 0.009422 0.00818643 0.00229836 0.000192869 0.00674413 -0.000819212 0.0228332 -0.00875915 0.014513 -0.0144137 -0.000335059 0.00606743 -0.0106244 0.00250236
internal_weight=86922 69267.7 17654.3 44041.2 25226.5 8478.48 38495.1 5546.11 18214.2 9175.84 20280.9 7007.03 17394.2 8905.68 4198.68 2253.57 1471.45 16613.2 3665.78 11375.2 3341.25 1897.86 4257.86 1848.86 51.8233 8033.37 7108.06 15723.9 15140.6 4113.41 7832.34 3804.32 14916.1 2454.63 2022.02 1446.33 36.2051 1410.13 7120.43 9226.55 7570.92 5781.69 2178.46 5689.55 14224.7 13309.1 1443.38 2576.65 5476.38 5137.06 13164 8933.24 4230.72 1489.21 3535.02 1600.98 915.657 580.618 831.174 1015.28 6571.06 785.117
internal_count=296831 256230 40601 123049 133181 19456 110538 12511 56505 21145 54033 16141 77024 21816 9774 11762 3315 50150 7966 32217 8175 4790 9560 4608 172 19972 17334 47018 65262 9190 56157 11873 44157 5386 4295 3229 111 3118 52648 28815 20344 15289 6649 15342 60846 57791 3385 5813 16663 15777 56969 40045 16924 6299 8241 6355 3055 2796 3237 4308 48464 2988
is_linear=0
shrinkage=0.05


Tree=32
num_leaves=63
num_cat=0
split_feature=20 49 10 18 43 1 30 1 40 40 43 18 43 49 6 1 9 1 20 59 30 47 59 59 47 16 47 25 27 33 16 47 9 46 53 52 53 52 40 7 40 17 46 33 4 9 50 22 13 43 18 30 50 46 27 42 16 1 0 28 35 33
split_gain=6352.17 1250.26 669.754 562.013 336.704 263.773 207.631 186.706 185.348 175.063 135.046 119.806 118.385 117.249 116.625 112.064 112.058 109.995 106.505 105.76 94.5959 88.9461 88.3797 81.9186 76.3472 76.2837 88.8609 74.259 87.0234 71.7312 70.398 68.8907 67.1599 88.0728 64.7206 63.5545 60.5036 109.79 60.0465 59.5924 59.1214 58.4959 56.659 113.657 57.4524 56.3795 54.2484 65.2592 92.0746 54.0006 51.5369 51.3751 50.933 50.4418 51.5131 52.2771 49.7624 47.1397 46.9008 46.6771 45.7417 46.6895
threshold=8.5000000000000018 1.0684816799797242e+17 11.500000000000002 1015884274.1461791 4.728601953601955 4.6950000000000012 5.5000000000000009 4.4850000000000012 115.50000000000001 11.500000000000002 4.5105457131772928 44946296964.442772 4.8071825396825405 8.2042035927831101e+19 2.9750000000000005 6.495000000000001 15092809.000000002 6.5850000000000009 34.500000000000007 839.60587267989297 25.500000000000004 26.983093938437808 342.2143492731139 351.73630410521577 1.2572830495136293 22.00714285714286 11.500154828833358 0.89734127545017317 1.6693544747606557 5.0335144927536248 65.583333333333357 1.0000000180025095e-35 9603.5000000000018 37.267707133663038 56.500000000000007 351357.08180604386 1.5000000000000002 2418861.062360141 57.500000000000007 6.5500000000000007 40.500000000000007 4.1455967228215282 1.0000000180025095e-35 4.2921538461538473 1.1165000000000003 250194.00000000003 22.500000000000004 6.495000000000001 4.8126329787234052 4.9250850340136072 1544395101.792877 18.500000000000004 92.500000000000014 36.020106382978732 2.0999999999999996 4.9850000000000012 12.000787401574806 4.285000000000001 63.350000000000001 177877198.5562205 0.66473645189273289 4.9002857142857161
decision_type=2 2 2 2 2 2 2 2 2 2 2 2 2 2 2 2 2 2 2 2 2 2 2 2 2 2 2 2 2 2 2 2 2 2 2 2 2 2 2 2 2 2 2 2 2 2 2 2 2 2 2 2 2 2 2 2 2 2 2 2 2 2
left_child=1 7 4 5 8 9 17 19 42 22 34 30 40 14 41 16 23 21 27 25 29 45 32 -9 36 -1 -27 -10 59 -6 31 -5 -3 -34 53 -30 -16 -38 49 -17 -8 -4 -2 -44 -45 -7 -26 -48 -49 -12 -46 -14 -36 54 -11 -56 -25 -35 -19 -29 -33 -62
right_child=2 3 13 11 20 6 12 15 18 10 38 -13 51 -15 24 39 -18 58 -20 -21 -22 -23 -24 56 46 26 -28 28 35 -31 -32 60 33 57 52 -37 37 -39 -40 -41 -42 -43 43 44 50 -47 47 48 -50 -51 -52 -53 -54 -55 55 -57 -58 -59 -60 -61 61 -63
leaf_value=0.010760576986822984 0.064151826991188557 0.013928052477001261 0.0049732473991078614 0.0069731841809768623 0.025344930955764334 0.0098027967043951298 0.011106888472994431 0.0012259856812725763 0.039632861988550101 -0.01587917130096413 0.0085204715871621348 0.045603110857758603 0.022700901574762386 0.057563545735661838 0.032966164637942809 0.028052717472870276 -0.01335235465730515 0.042128654056740218 0.049985642546096339 -0.041540232145775201 0.049326279857400256 0.01135363592094283 -0.020556916068354927 0.039003125657277898 0.049996123194009305 -0.020245164549260477 -0.0067807127372293196 -0.0085722907587675399 0.036103327908988785 0.046495134238614122 -0.0059035176335552235 0.03777104556634836 -0.012681839033844218 -0.0067915863332986236 -0.036477787285411865 -0.0061455136801165759 -0.10834759797788365 0.033353042118795362 0.020234650687704595 -0.0019532676309295637 0.021931564691364647 -0.10881720580989003 -0.034583533902828971 -0.040906743917984503 0.016286905398372277 -0.00024425851060537549 0.051207616573712103 -0.077955957354190281 0.059155432521871332 0.022483520701290602 0.03587832935229418 0.038795368487450112 0.066172929829054858 0.0050002975948193265 -0.043105109165910496 0.0085014724215831117 -0.017564990732658721 0.0049802620227344697 -0.0088345070322765513 -0.085102601409691031 0.0081576020655047786 0.028730593074988077
leaf_weight=359.47722681611776 62.703073546290398 763.27444161474705 39.250474169850349 411.59608969092369 999.25771208107471 2154.3964678943157 4697.5047083050013 7185.245671749115 504.42063683271408 646.86941286176443 9025.6974123418331 808.08459016680717 2738.36613458395 4389.9322594553232 155.75834883749485 457.63145092129707 2163.2980902120471 326.84438881278038 827.10002724826336 309.64899765700102 2402.9911242127419 7751.5712750554085 568.84486144781113 40.767597079277039 2246.5549056529999 2308.8141534253955 2611.3363347351551 83.223098799586296 290.97349287569523 669.45918995141983 185.65547075867653 933.64667031168938 1413.7502558678389 1175.5425149202347 154.12188577651978 128.24645079672337 24.02931746840477 31.707078620791435 1533.1056128889322 259.18245969712734 1724.471768245101 15.856934025883673 106.77737447619438 41.114045053720474 2879.9303386956453 3968.2100994288921 56.104405671358109 32.602958112955093 19.608295023441315 749.97016301751137 379.96958488225937 605.47116039693356 13.112196907401083 5869.8706135004759 53.584217458963394 582.86530366539955 838.52672339975834 3074.9531643092632 52.379632592201233 26.195317223668098 366.47006474435329 1114.4215962737799
leaf_count=1831 108 2304 102 1021 2262 6218 12633 36687 1053 2687 25524 1763 6182 10774 346 1169 15482 686 1834 3380 5342 21943 2653 179 5109 18905 15473 229 596 1451 482 1910 6456 4643 703 339 120 72 3533 1003 4041 67 422 131 6785 14344 114 132 40 1758 829 1209 35 19386 286 1902 5793 10857 146 104 879 2384
internal_value=0.0128758 0.00631127 0.040871 0.0100273 0.0321492 0.00860532 0.0123698 -0.00570505 0.0238798 0.00507681 0.00760943 0.0285082 0.017986 0.0525671 0.0441999 -0.00190807 -0.00324749 0.00852183 0.0366146 -0.0131401 0.0429754 0.00779566 -0.00166679 -0.000536874 0.0457453 -0.0114745 -0.013099 0.0259094 0.0128146 0.03383 0.0239215 0.0258807 5.01706e-06 -0.00187115 0.00231823 0.0231787 0.0169686 -0.0277376 0.0110345 0.0172033 0.0140136 -0.0277695 0.017054 0.0161874 0.0178297 0.00329106 0.0483298 0.0137682 -0.0264628 0.00959169 0.0185705 0.0256151 -0.0284293 0.00303708 -0.00594263 0.00415659 -0.0149423 0.00172457 0.0350895 -0.026894 0.0291038 0.0236395
internal_weight=86412.3 69998.6 16413.8 53464.7 9402.36 49644.8 24019.2 16533.9 5330.65 25625.6 18629.2 3819.87 9765.81 7011.4 2621.47 10944.7 10227.8 14253.4 1860.16 5589.28 4071.71 13874.2 6996.37 8064.54 2566.37 5279.63 4920.15 1033.06 528.638 1668.72 3011.79 2826.13 6427.52 5664.25 7320.42 419.22 211.495 55.7364 11308.8 716.814 6421.98 55.1074 3470.49 3407.79 3301.01 6122.61 2354.87 108.316 52.2113 9775.67 3259.9 3343.84 167.234 7153.19 1283.32 636.45 879.294 4250.5 379.224 109.418 2414.54 1480.89
internal_count=296831 258470 38361 158568 21485 150129 67402 99902 12430 82727 55814 8439 24065 16876 6102 60313 58141 43337 4155 39589 9055 42505 26913 42659 5933 36209 34378 2321 1268 3713 6676 6194 24260 21956 24999 935 538 192 30815 2172 16674 169 8275 8167 7745 20562 5395 286 172 27282 7614 7391 738 24261 4875 2188 5972 15500 832 333 5173 3263
is_linear=0
shrinkage=0.05


Tree=33
num_leaves=63
num_cat=0
split_feature=20 38 18 28 48 28 1 1 30 40 20 46 1 33 1 20 60 9 40 59 52 33 33 56 9 40 1 59 1 9 36 59 3 9 36 30 45 20 30 26 27 33 4 40 44 13 59 5 18 26 47 13 45 11 47 27 20 44 28 26 46 56
split_gain=5972.73 1210.43 582.501 503.021 246.574 222.98 196.289 188.846 170.132 159.185 156.896 147.653 123.619 123.485 111.839 111.224 110.619 104.26 92.1072 87.4044 85.4825 82.8165 79.4023 73.5844 70.0641 69.5486 68.8288 68.2272 65.6777 64.6003 64.1381 60.6281 59.8552 58.8589 58.2581 57.243 56.7052 56.6654 56.6676 67.3615 107.166 56.5152 58.5174 55.6256 55.4891 55.0592 53.9257 53.012 52.6198 52.4562 89.2491 70.0197 52.0572 57.8785 51.531 49.9139 49.6984 49.5766 48.3377 47.8884 47.6875 47.4261
threshold=9.5000000000000018 41193836.742394902 81753272.656293467 5703628097.8238611 12223183.666937871 33602681659.183445 4.8950000000000005 5.1050000000000013 45.500000000000007 8.5000000000000018 69.500000000000014 27.876299376299382 4.995000000000001 4.7201265822784819 6.5150000000000006 2.5000000000000004 6.4285713975765315 8874.5000000000018 175.50000000000003 441.9246103158444 1415614.3804121297 4.5985290936621253 4.699913941480208 7.5000000000000009 335768928.00000006 8.5000000000000018 5.5250000000000012 105.73398684815521 6.8750000000000009 96597.500000000015 7.9502051282051296 283.30967910500294 120.05000000000001 30708.500000000004 12.460434782608697 22.500000000000004 1.3571702559476664 35.500000000000007 104.50000000000001 35.45025252525253 1.0600383789232364 4.3201226993865047 0.36595000000000005 3.5000000000000004 0.35653816864669691 5.131698564593302 234.73027989768534 0.28100000000000008 44946296964.442772 32.663132183908054 6.9359842530030855 4.5721111111111119 1.1517201730030979 2.5000000000000004 113.52883867545587 1.5003905233276871 25.500000000000004 0.72428632330585385 1412886400.3337529 29.946230158730163 165.45500000000001 30.500000000000004
decision_type=2 2 2 2 2 2 2 2 2 2 2 2 2 2 2 2 2 2 2 2 2 2 2 2 2 2 2 2 2 2 2 2 2 2 2 2 2 2 2 2 2 2 2 2 2 2 2 2 2 2 2 2 2 2 2 2 2 2 2 2 2 2
left_child=1 4 8 6 7 10 9 19 41 33 13 16 23 36 15 34 26 48 22 -1 -18 37 30 25 28 31 -6 60 -9 -24 -11 -13 46 -3 -8 45 49 -10 39 40 -39 42 -2 -35 -45 -17 58 -43 54 -4 51 -51 53 -48 -5 -19 -15 -31 61 -42 -14 -32
right_child=2 3 5 17 11 -7 14 24 21 18 -12 12 27 56 -16 35 20 55 -20 -21 -22 -23 29 -25 -26 -27 -28 -29 -30 57 32 -33 -34 43 -36 -37 -38 38 -40 -41 59 47 -44 44 -46 -47 52 -49 -50 50 -52 -53 -54 -55 -56 -57 -58 -59 -60 -61 -62 -63
leaf_value=-0.013393854251275362 0.058293351811593057 0.0074323385824337984 0.032574805259719737 0.033611320696668293 -0.016901769315840778 0.055110110639918136 -0.00552347380279511 -0.00049317504326419506 0.015107827444893605 -0.037461874103830284 0.05724389371847053 -0.00039186628376888604 0.017851101715057185 0.038475414682928116 0.042001388831026928 0.015279144380374761 0.011776455563107417 0.0069808812589969545 0.029410336916462498 -0.032131217150045042 0.12758175515893849 0.043523437886867675 0.018017870067525484 -0.012016677387774805 -0.024017339877646236 0.0052681068442641844 0.0065168142213539969 0.0029083412937079157 0.02500202406744343 0.0098658634419178728 0.0073397613094565717 -0.014732604262551841 0.011267097553413409 -0.017046799321905715 0.01204296363054615 0.035133281346816592 -0.045916517428966915 0.048718369847799897 0.048760153960598754 0.065703659181118798 -0.013551049476899413 -0.054398335760919597 -0.034557304401035403 0.0084287716557200458 -0.0068816865888711113 0.031700390378295043 -0.0023329156438985543 0.019633103400157229 0.049642109606942819 -0.10608894514698422 0.021237425117269629 0.0028113628573830881 -0.021658909332323145 0.040977428154322613 -0.036987212277618885 0.027173487422633091 0.055400882052136918 -0.020180757691781945 -0.022384251424566119 -0.10611721876571004 -0.0089863186203279471 -0.015344592777301958
leaf_weight=3523.5392723232508 20.797571837902069 1455.129662796855 1270.476923391223 1062.7356096953154 2106.1339666396379 5193.6175145208836 498.87022097408772 2413.0824048221111 608.88727101683617 83.293740138411522 1051.8048777878284 5063.6321335732937 2132.8942489326 1293.8175496459007 368.21779283881187 2570.1971175074577 301.61763405799866 464.33433854579926 549.34777970612049 755.89974761009216 16.824179567396641 1473.9727299064398 3229.4107652008533 1137.8239549770951 282.02286202460527 5667.2043678388 368.67585302889347 1861.7663507610559 282.139005869627 5279.4065890461206 6895.3023213148117 862.54834949225187 4472.1590764820576 709.36700840294361 8758.3082097768784 620.32017977535725 26.986862525343895 79.956248208880424 377.69781869649887 57.63379080593586 99.485223457217216 24.455481514334679 92.177470505237579 940.1545147895813 1597.1380092799664 636.95815415680408 1175.7974987626076 2157.7462247759104 677.34540300071239 25.64827586710453 457.85762119293213 34.771403670310974 335.44553010165691 82.555100709199905 26.491763472557068 897.71670423448086 652.4132341593504 140.95114168524742 146.99658687412739 16.255201369524002 179.45110486447811 238.37713943421841
leaf_count=28880 36 4378 2908 2276 12291 13069 1697 13132 1458 321 2551 24216 6813 2972 738 6272 1297 1169 1180 8542 36 3295 7703 5560 1768 20950 1393 6646 730 14339 19986 5238 12815 3410 23725 1288 98 166 839 99 289 84 362 3410 6002 1336 3748 4942 1493 103 1095 90 1341 170 81 1983 1506 434 424 65 656 937
internal_value=0.0123132 0.00624358 0.0409576 0.0113633 -0.00209682 0.0479247 0.00988109 -0.0099758 0.0270383 0.00744745 0.0401723 0.000805689 0.0025653 0.0353993 0.0148253 0.0140605 -0.00984385 0.0306846 0.00918683 -0.0167035 0.0178948 0.0355125 0.00868366 0.000117092 -0.000305472 0.00130795 -0.0134131 0.0100324 0.00217569 0.0124198 0.00627733 -0.00247914 0.0065503 -0.00092392 0.0110963 0.0212297 0.0260207 0.0259893 0.036489 0.0181936 0.00420167 0.0170182 -0.0174644 -0.00466914 -0.00120863 0.0185405 0.00417333 0.0188034 0.0386992 0.027106 0.0137001 -0.043417 -0.00415707 0.00050849 0.0318943 0.0202897 0.0441492 0.00908453 0.00599692 -0.0265515 0.0157684 0.00658175
internal_weight=85884 70867.6 15016.5 43912.3 26955.3 10007.4 40783.7 7256.68 5009.07 27330.8 4813.78 19698.6 16905.3 3761.97 13452.9 13084.7 2793.25 3128.62 22629 4279.44 318.442 2713.89 22079.7 12731.2 2977.24 11593.4 2474.81 4174.11 2695.22 8649.77 13429.9 5926.18 13346.6 4701.79 9257.18 3827.48 1815.74 1239.92 631.028 253.33 195.697 2295.18 112.975 3246.66 2537.29 3207.16 8874.47 2182.2 1766.57 1788.75 518.277 60.4197 1593.8 1258.35 1089.23 1362.05 1946.23 5420.36 7280.68 115.74 2312.35 7133.68
internal_count=296831 260804 36027 122656 138148 24392 115654 53052 11635 80598 11323 85096 70079 8772 35056 34318 15017 7002 63398 37422 1333 6211 62218 55964 15630 50404 13684 14115 13862 22476 39742 29454 39421 17200 25422 8896 4294 2916 1458 619 520 5424 398 12822 9412 7608 26606 5026 3850 4196 1288 193 5259 3918 2357 3152 4478 14773 21347 354 7469 20923
is_linear=0
shrinkage=0.05


Tree=34
num_leaves=63
num_cat=0
split_feature=10 38 38 48 47 1 20 48 43 12 1 40 43 10 1 18 47 1 56 43 23 44 0 60 48 26 43 20 0 38 16 57 36 18 45 9 36 22 48 10 26 56 9 44 40 0 50 56 44 52 36 26 61 7 1 40 58 44 45 9 40 54
split_gain=5620.18 1184.02 589.6 527.355 270.815 202.498 169.613 166.195 151.172 145.686 136.25 119.928 114.821 113.007 99.5083 98.1042 92.954 89.6219 85.3386 82.7923 82.1333 75.8859 72.6398 121.018 85.3596 72.6256 71.2457 70.9123 64.9038 63.7657 65.8978 63.5992 63.037 73.3871 61.5009 58.636 57.933 57.485 85.8184 67.3535 56.52 56.04 55.3474 62.6208 83.086 54.6831 54.5862 51.9007 50.8636 50.2438 49.4555 60.4106 112.372 48.048 47.7505 46.9074 47.6683 45.884 45.5208 45.4168 44.3309 44.2552
threshold=3.5000000000000004 55478682.356264077 17253870753.113544 12301494904.492456 12.41652192773652 4.7750000000000012 43.500000000000007 484076989611.0094 4.5130693581780559 4.8900000000000015 4.8050000000000006 21.500000000000004 4.66670396896449 17.500000000000004 6.5050000000000008 4248357.8319515651 53.217318633097442 6.4850000000000012 29.500000000000004 4.8216148309113143 4.4403125000000019 0.58943240117553408 10.002500000000003 11.999999998500003 8998042212.6060047 32.540270270270277 4.350125628140705 11.500000000000002 60.850000000000001 295746033815.01532 97.950000000000017 5.0667689555379694 10.001250000000001 21824967.722786549 1.1844394960997777 15092809.000000002 14.768333333333334 6.3850000000000007 16211875160.263414 12.500000000000002 7.5726153846153847 116.50000000000001 8874.5000000000018 0.35527766918597942 4.5000000000000009 9.9975000000000005 104.50000000000001 11.500000000000002 0.72428632330585385 303760.38344830321 28.907003973644887 32.924621212121217 0.13939233121876746 6.4050000000000011 5.5950000000000006 17.500000000000004 1961628.0282001407 0.3807886552931955 1.2214532303528987 71332671.000000015 8.5000000000000018 2.0208450130261588
decision_type=2 2 2 2 2 2 2 2 2 2 2 2 2 2 2 2 2 2 2 2 2 2 2 2 2 2 2 2 2 2 2 2 2 2 2 2 2 2 2 2 2 2 2 2 2 2 2 2 2 2 2 2 2 2 2 2 2 2 2 2 2 2
left_child=1 4 6 10 5 9 12 15 18 -1 11 16 22 20 32 26 40 35 36 31 25 -10 41 24 -24 -4 -5 -14 53 30 -22 34 -12 55 -13 -7 -6 58 -39 -40 -3 -2 -42 44 -44 -11 -36 -17 -28 -18 -26 52 -52 -19 -20 56 -34 -21 -8 -47 -38 -49
right_child=2 3 13 7 8 17 37 -9 21 45 14 19 27 -15 -16 47 49 28 54 57 29 -23 23 -25 50 -27 48 -29 -30 -31 -32 -33 33 -35 46 -37 60 38 39 -41 42 -43 43 -45 -46 59 -48 61 -50 -51 51 -53 -54 -55 -56 -57 -58 -59 -60 -61 -62 -63
leaf_value=0.0077068494177892147 0.028886662039363478 -0.032170900276321995 0.018679804685052294 -0.072890356757745342 -0.032581376427075322 0.00017135014336685348 0.055394317291422149 0.036554720982568671 0.008329242154425329 -0.034405270901031869 -0.0046398433150057969 0.010101513174150638 0.026753267662516813 0.056458567224159206 0.041838598967237885 0.027442546486078103 0.010502657190321091 0.030836091663419898 -0.021975488830988463 0.047279596669993637 0.041415359850730943 -0.0074892936995278811 0.01904957572515598 -0.069933812098583473 0.023705894834629652 -0.095295615650586141 0.016529912026615828 0.043899041942371514 -0.029817913361186527 0.053829459212495406 -0.025464414597930491 0.033496760270143998 0.0086007839365308415 0.020888317247132051 -0.0039212007674704254 -0.010623488882471995 -0.0059016642003172177 0.041129456312214707 0.030107096092054472 -0.093682414612359668 0.0098419116984122951 -0.031510331894139681 -0.014946773086189772 -0.004626375226810653 0.010688082908764234 -0.014101884840212082 0.089513057069851756 0.010253690378485673 -0.00083240963494135133 -0.021143813165266735 0.0061440256736478077 -0.007037835399435902 -0.133609396525812 0.0037038838785007442 0.060007178518165921 0.016281777626394912 -0.038580521193911615 0.018796339044347535 -0.01132711465406854 -0.040540122712188931 0.0025381726413642256 -0.05999075461271413
leaf_weight=707.82502362877131 1171.8406175971031 134.07466073334217 87.807548254728317 23.588143840432167 141.21858651190996 4248.2925303503871 833.4613284021616 1718.1465418636799 8624.85032261163 392.39816515147686 510.21458366513252 8048.598499968648 1616.2766039520502 3807.3648091629148 297.26049581170082 2920.2057661861181 3748.7453579753637 410.18781727552414 638.86489759385586 204.29104265570641 2235.1386937499046 831.24407184123993 1013.5130039453506 45.830220833420753 61.671268031001091 16.622707635164261 3254.8663554340601 961.95131674408913 72.18296805024147 1416.5051429793239 37.448757901787758 263.76209811866283 4925.0924856960773 2459.1714413464069 1072.9575534760952 1787.1851269453764 2318.2757649049163 154.26913042366505 20.037700682878494 24.331158444285393 1336.7279771417379 39.708201140165329 389.15506572276354 4506.2323617786169 1683.4438115730882 4738.9473879784346 15.862966999411581 185.32158389687538 484.63136133551598 129.76284316182137 26.410424947738647 111.34961022436619 31.586717426776886 270.95885638892651 18.269148960709572 2690.4274445325136 54.122339278459549 459.22004848718643 26.372281402349472 168.20530225336552 4731.1695000678301 25.508655577898026
leaf_count=3702 2667 525 228 104 875 20839 2003 3752 30127 3494 1667 21466 3584 10064 591 6603 10634 997 3529 404 5502 3031 2415 170 152 64 7785 2211 330 3497 116 606 13828 5780 3681 11966 13187 369 49 106 3757 131 1801 15089 5318 35473 30 461 1343 453 66 302 141 995 44 6571 197 1071 97 1948 18755 88
internal_value=0.011772 0.00615417 0.0410648 0.0116257 -0.00139718 -0.00691229 0.0295393 0.0226414 0.00268123 -0.0135987 0.00874469 0.00647669 0.0257456 0.050373 0.0133056 0.019174 0.00308509 -0.000995514 -0.00244876 0.0104962 0.0442653 0.0069387 0.0181148 0.00985942 0.0127978 0.000537744 0.0137334 0.0331505 0.0152654 0.0455031 0.0403133 0.00929148 0.0125084 0.0133722 0.00859276 -0.00302515 -0.000872556 0.0477473 0.0235045 -0.0377771 2.12816e-05 0.0269072 0.000566556 -0.00131807 0.00587483 -0.0164444 -0.00255996 0.0257128 0.0142798 0.00944386 -0.0146296 -0.0285903 -0.0699692 0.020043 -0.0196963 0.0109622 0.00808794 0.0275662 0.0533479 -0.0150081 -0.000237346 0.00175471
internal_weight=85381 71641.5 13739.5 41541.4 30100.1 12796.2 6138.61 8612.27 17303.9 6007.38 32929.1 21992.8 5080.14 7600.89 10936.3 6894.12 11928.1 6788.81 7847.8 10064.7 3793.52 9456.09 2501.91 1290.36 1244.53 104.43 3763.09 2578.23 753.33 3689.09 2272.59 9401.18 10639 10128.8 9137.42 6035.48 7190.66 1058.47 198.638 44.3689 8049.63 1211.55 7915.56 6578.83 2072.6 5299.55 1088.82 3131.04 3739.5 3878.51 231.018 169.347 57.9971 681.147 657.134 7669.64 4979.21 663.511 859.834 4907.15 7049.45 210.83
internal_count=296831 262897 33934 113605 149292 79744 14463 20136 69548 44617 93469 64835 11839 19471 28634 16384 37577 35127 36390 27258 9407 33158 6044 3246 3076 292 9232 5795 2322 9115 5618 25783 28043 26376 25177 32805 32817 2624 524 155 26490 2798 25965 22208 7119 40915 3711 7152 9128 11087 661 509 207 1992 3573 20596 14025 1475 2100 37421 31942 549
is_linear=0
shrinkage=0.05


Tree=35
num_leaves=63
num_cat=0
split_feature=20 48 20 28 43 48 20 1 47 43 43 45 1 44 9 45 1 30 47 12 48 1 12 1 59 48 59 47 27 44 3 9 32 48 1 40 10 60 9 1 59 57 30 51 40 7 1 9 36 59 44 23 62 28 12 59 25 27 25 43 22 62
split_gain=5293.96 968.698 582.776 452.228 382.601 199.406 181.369 166.783 132.608 137.911 129.202 123.442 120.472 101.275 98.6394 98.5418 96.6283 95.1275 92.7052 92.6195 88.2161 87.6844 86.2766 85.2099 81.2328 72.8182 69.8833 66.2496 146.111 64.8588 60.3161 59.9365 58.3242 97.1471 58.2211 57.7231 55.9986 55.2741 54.3969 64.1065 52.7455 58.4568 51.8211 51.7733 51.6511 51.5248 58.1936 51.1647 50.523 51.2672 49.4615 48.9234 48.2544 48.2196 47.6916 71.5658 90.7616 46.9625 44.9888 44.9601 62.2503 44.4742
threshold=9.5000000000000018 205466709.88680819 34.500000000000007 5703628097.8238611 4.728601953601955 12223183.666937871 2.5000000000000004 4.9050000000000011 25.39916542250155 4.7187739769820984 4.5176759884281594 0.81942355076085283 4.4350000000000014 0.38729833462074181 5362.5000000000009 1.4161776583801673 5.0450000000000008 88.500000000000014 134.6450131923261 5.705000000000001 367065762881.72784 5.9250000000000007 6.0650000000000004 4.705000000000001 441.9246103158444 8998042212.6060047 150.49535103226688 29.668047302589681 3.6542677770961629 0.3707162736589204 30.850000000000005 278754.00000000006 7.1750000000000007 11587686249.807207 5.745000000000001 32.500000000000007 5.5000000000000009 12.455357140771984 1011552483.0999991 7.5950000000000006 535.17466620435641 0.70942028368897703 57.500000000000007 2.0920164802077701 23.500000000000004 15.110000000000001 6.2750000000000012 4522264.0000000009 11.388362671344892 84.836879305338769 0.46216880033165381 4.9502873563218399 -0.029265994895308452 45684332774.82531 5.8950000000000005 273.80206532576489 0.84758584660750669 1.5974871919038065 0.93901509600703126 4.36224318658281 4.995000000000001 0.0349011513261085
decision_type=2 2 2 2 2 2 2 2 2 2 2 2 2 2 2 2 2 2 2 2 2 2 2 2 2 2 2 2 2 2 2 2 2 2 2 2 2 2 2 2 2 2 2 2 2 2 2 2 2 2 2 2 2 2 2 2 2 2 2 2 2 2
left_child=1 5 4 6 15 7 8 24 16 26 13 36 40 25 53 22 47 27 29 35 23 31 37 -12 -1 59 -10 28 -13 -11 -9 -14 33 42 44 51 -4 43 39 -32 -7 -42 -30 54 -31 46 -18 50 -33 -50 61 -6 -45 -5 -2 56 -56 -16 -35 60 -8 -3
right_child=2 3 11 14 19 12 10 30 9 18 20 17 21 -15 57 -17 45 -19 -20 -21 -22 -23 -24 -25 -26 -27 -28 -29 32 34 38 48 -34 58 -36 -37 -38 -39 -40 -41 41 -43 -44 52 -46 -47 -48 -49 49 -51 -52 -53 -54 -55 55 -57 -58 -59 -60 -61 -62 -63
leaf_value=-0.013254816676938947 0.020179557854482246 -0.0042392432137909027 0.041744379348417564 0.030446319400240642 0.011752646394733566 -0.0035948051400954218 0.0070104240655442969 0.048213443488299902 0.0072100530998994361 0.020508631719841013 0.011279291112194768 0.029944179788386052 0.0079368352577990978 -0.0039235615668664859 0.0078502732635949493 -0.022806458663056473 0.0080865349747387665 0.047311046069317089 -0.0043969743698858152 0.049772145203822685 0.034251430469008526 0.023761453802793497 0.034158624350203816 0.020880429566448991 -0.032837247783759738 0.071293211047107577 -0.0024595144050031533 0.051857576880504734 0.014690667245808781 0.0081283592863138614 -0.0017756640682778824 -0.01920662353462467 0.049460085850609875 -0.17106450070732368 0.031728421739049113 0.041607718344652739 0.055262667136728727 -0.018209056737572102 -0.028026660461992609 0.048050084537188592 0.092175913085360883 -0.0283994159456964 -0.075028507367231739 0.024426038923398938 0.02095041178633017 -0.0087456148322031142 0.029930795424967502 -0.036035825876678938 0.0058773843032840943 -0.0028450967871933948 -0.0061776955745330231 0.036407243977166714 -0.080838786986636268 0.048730939829192327 -0.0045244582276432943 0.064768761541783917 -0.11973540788547597 0.026165610788103658 -0.052815170667242423 0.014844077162102679 -0.034419618617006785 0.0083592525310832826
leaf_weight=3001.1735068410635 2814.1139556318521 1218.467742934823 920.14082224667072 897.07646222412586 413.961924508214 6703.7488420158625 445.90227702260017 60.126948803663254 6065.5971495658159 2845.794434979558 5908.828245818615 221.18342915177345 3756.0343338176608 1636.6910255849361 537.04271288216114 133.88683559000492 2457.8823773562908 587.56198184937239 718.22760346531868 1779.3309466764331 636.34517696499825 524.10967727005482 928.83857616782188 3795.2078029811382 643.06283058226109 51.070805624127388 2700.3912986218929 102.35817882418633 42.976376309990883 4851.3227291256189 3185.1036017984152 322.41275482624769 16.118614755570889 19.763560459017754 332.20221745967865 1029.1350819095969 4575.4449221864343 108.90698008239269 193.90798569470644 65.891128420829773 10.392326757311819 307.07152926921844 25.730359837412834 19.115513488650322 937.14806954562664 383.39690443873405 348.06338946521282 110.50602837651968 3043.1831173598766 3773.4983628466725 3004.3547607213259 391.52353084087372 25.291672810912132 602.90422664582729 72.501404464244843 24.118301093578339 22.36849445104599 1004.8851503878832 13.563871696591375 1770.1345829218626 113.80859342217445 1647.8766312748194
leaf_count=26149 6498 4569 2202 1990 1016 33762 1457 228 17531 7176 14859 569 13482 4838 1351 484 7393 1470 2137 4555 1336 1345 2252 8661 7942 89 8854 227 108 13488 17328 1746 37 99 721 2395 12338 308 1267 138 45 2175 94 42 2172 1344 853 632 12771 16562 10604 866 94 1395 194 41 93 2266 45 4723 415 5010
internal_value=0.0112522 0.00563576 0.0390084 0.010051 0.0297507 -0.00213214 0.00870204 -0.00922076 0.00633252 0.00877497 0.0132604 0.050023 0.000616078 0.00565114 0.0286669 0.0193912 0.00141845 0.0341317 0.0128876 0.0416443 0.0162169 0.00378503 0.0207983 0.0150343 -0.0167103 0.012233 0.00423131 0.0165998 0.0059646 0.0142721 -0.00143373 0.00282407 -0.0389255 -0.052888 0.0113725 0.0337614 0.0529993 0.0167776 -0.00230027 -0.000765796 -0.00453788 -0.0244523 -0.0189088 0.0180573 0.0102042 0.00844705 0.0107962 -0.00232938 0.000134125 0.0010489 -0.00169492 0.0237365 -0.0355265 0.0377957 0.0188685 -0.0121375 -0.031689 0.0197865 -0.122938 0.0109384 -0.00141374 0.0030037
internal_weight=84898.8 70610.8 14287.9 45021.1 7763.09 25589.7 41979.2 7149.27 27621.2 18450.7 14358 6524.84 18440.5 4017.61 3041.91 4149.14 9170.55 1029.26 9684.7 3613.95 10340.4 11419.2 4015.25 9704.04 3644.24 2380.92 8765.99 441.694 339.336 8966.47 3505.03 10895.1 118.153 102.034 6120.67 1834.62 5495.59 3086.42 3444.9 3250.99 7021.21 317.464 68.7067 2977.51 5788.47 3189.34 2805.95 5981.21 7139.09 6816.68 5870.7 805.485 44.4072 1499.98 2933.1 118.988 94.8699 1541.93 33.3274 2329.85 559.711 2866.34
internal_count=296831 260804 36027 125864 18838 134940 118862 53052 82484 52079 36378 17189 81888 11522 7002 10006 30405 2649 25694 8832 24856 45906 9522 23520 34091 6684 26385 1179 952 23557 18961 44561 383 346 16381 4277 14540 7270 18733 17466 35982 2220 202 6962 15660 9590 8246 20815 31079 29333 20183 1882 136 3385 6826 328 287 3617 144 6595 1872 9579
is_linear=0
shrinkage=0.05


Tree=36
num_leaves=63
num_cat=0
split_feature=10 38 48 31 38 1 1 20 33 29 29 46 59 40 59 59 36 23 1 1 40 55 31 25 1 9 46 9 37 36 33 59 40 1 59 10 36 9 16 47 27 60 32 25 44 56 53 51 7 9 1 59 33 31 59 0 47 26 13 46 59 59
split_gain=4983.39 975.614 590.801 474.478 234.558 206.315 171.073 155.054 151.233 135.703 130.92 117.341 102.46 100.903 100.526 95.4033 136.03 89.6611 89.1305 84.4306 83.6231 83.2892 82.9803 82.7553 81.9328 73.1914 72.6784 69.169 71.2533 67.8123 67.1718 66.9106 66.6082 65.1042 63.1177 61.8175 60.1153 58.0254 57.0295 55.0197 99.6937 58.7138 55.5054 77.559 66.963 54.7645 54.7326 69.764 54.4996 53.0655 52.9361 54.6762 51.0305 62.3597 50.9399 50.858 50.7949 58.9959 75.425 50.2846 55.1291 49.9924
threshold=3.5000000000000004 55478682.356264077 33261411691.198246 0.75000000000000011 7931000.9060230451 4.8050000000000006 4.4850000000000012 18.500000000000004 4.7291787090558772 6.3264010519774136e+18 1.8852073482753667e+18 28.315701754385969 263.96902072500785 300.50000000000006 207.4341324427983 779.82269281538936 11.170368421052633 4.7445299145299158 6.5150000000000006 6.495000000000001 171.50000000000003 3525753.5216385615 2.9833333333333338 1.3714562586418511 4.2550000000000008 8874.5000000000018 45.251452380952394 206914.50000000003 35.169165225818212 12.460434782608697 4.7201265822784819 86.787871088087329 21.500000000000004 6.0950000000000006 693.66653281436766 8.5000000000000018 32.999504950495059 120614.50000000001 107.62142857142858 0.37282548461146886 2.6130368610725916 12.857142850105371 5.6950000000000012 1.042306756567805 0.36191443145850455 36.500000000000007 66.500000000000014 1.3818460787830742 4.3050000000000006 986.50000000000011 5.1050000000000013 273.80206532576489 5.0003311258278158 1.1833333333333336 41.902546097604521 60.850000000000001 11.747875536649369 33.406929510155322 4.5334388185654024 492.75403225806457 839.60587267989297 46.339138758773366
decision_type=2 2 2 2 2 2 2 2 2 2 2 2 2 2 2 2 2 2 2 2 2 2 2 2 2 2 2 2 2 2 2 2 2 2 2 2 2 2 2 2 2 2 2 2 2 2 2 2 2 2 2 2 2 2 2 2 2 2 2 2 2 2
left_child=1 4 7 5 6 11 34 21 13 19 20 49 24 -5 27 38 -17 22 26 29 30 25 39 46 -6 56 37 -13 -29 -7 36 -31 -23 -26 -1 -34 -4 -8 -12 41 -41 -9 43 -42 -44 -22 -24 -48 -28 -3 51 -39 53 -10 -50 -20 61 -58 -59 60 -16 -2
right_child=2 3 10 8 12 9 18 17 52 -11 15 14 -14 -15 59 16 -18 -19 55 -21 45 32 23 -25 33 -27 48 28 -30 31 -32 -33 35 -35 -36 -37 -38 50 -40 40 42 -43 44 -45 -46 -47 47 -49 54 -51 -52 -53 -54 -55 -56 -57 57 58 -60 -61 -62 -63
leaf_value=-0.012711215404549316 0.0081590100252335353 0.017374467790120012 0.0040642965618078097 0.014289078865821212 -0.0029283067801818686 -0.0061409114983637745 0.020027227721202842 0.010118449995380453 0.015620590507585606 0.028213659186495384 0.052600464091106018 0.011202664966461592 -0.0071954220291165945 0.035592689510931579 -0.0069273648462937088 0.030122497628704815 -0.12824711970833355 0.05176533704796437 0.019272813617650441 0.035028092747297075 0.042510789974634727 0.019132472605971361 0.054098833021271955 -0.029168636437690923 0.0058188828419616185 0.013072334416978077 -0.02477860262013264 -0.00013455539143351726 0.009578904618820187 0.015456521140382521 0.026432826479817428 0.0073940527060573046 -0.021037724609581608 0.029838816080783322 -0.035358948536303766 -0.12516866334214619 -0.098967677148843372 -0.0092626745629727052 -0.00091961574830539327 0.048503069526442837 0.057995736404095201 -0.081056596280406401 -0.088474060289314302 -0.0465053123330453 0.0094993814250654875 -0.035840044452594276 0.059909267305327474 -0.086970768995483366 0.017163456480293601 -0.0080138473714496863 -0.0030518398941672105 -0.026908639215883035 0.048205754427430046 0.03673209135630278 0.00079798270189535079 -0.023854096587375653 0.041761421272055427 -0.023824634355290586 0.028468361325045891 0.0072791318424002818 0.026925441116385326 0.029895179912505062
leaf_weight=3820.2191668227315 497.2611903399229 229.18690210580826 25.577411115169525 3455.110148832202 2958.5594103038311 561.2614718079567 194.90915132313967 63.902245312929153 518.4888359606266 1376.5414495915174 6077.9851883873343 9079.9708041697741 2192.9101233407855 662.384731143713 2272.7157043963671 69.566391006112099 16.841653794050217 822.95026949048042 633.62075874209404 371.38976345956326 260.14547726511955 84.825833484530449 550.22946848720312 34.635042876005173 10496.299666941166 1116.6972960233688 169.98618268221617 3772.6882389634848 3779.2312240004539 5529.1012659072876 49.793510273098946 4813.7763690203428 65.280675962567329 289.89260044693947 334.58283762633801 18.233351022005081 31.707882180809975 2457.1867356151342 50.185374833643436 324.65475870668888 115.55241596698761 24.3995171636343 18.169952511787415 20.978990867733955 434.40454122424126 24.393704757094383 16.324161812663078 16.016214787960052 609.01565112173557 2018.569675296545 3046.8258620202541 534.46686988323927 497.57461477816105 1075.0525616705418 2168.7224595993757 76.627173990011215 962.37849067151546 77.459698900580406 628.06525783240795 1235.5018862783909 126.9821831882 565.21145744621754
leaf_count=27338 1276 646 66 8451 13256 1842 994 156 1225 3106 16751 24139 10287 1445 7741 193 79 2075 1806 774 644 207 1385 116 38736 2744 912 12131 10590 13995 133 12991 219 662 4040 84 125 17054 147 714 242 110 70 85 1162 82 34 70 2417 7152 16393 5216 1061 2486 9851 330 2034 233 1417 3489 341 1281
internal_value=0.0107551 0.00555742 0.0391469 0.0105343 -0.00131029 0.00828451 -0.00602099 0.0283922 0.0232774 0.0133934 0.0496596 0.00541363 0.00284134 0.0177162 0.00661573 0.0514265 -0.000745071 0.0383268 -0.00244472 0.0115841 0.02162 0.0223499 0.031497 0.0459192 0.00444266 0.0238563 -0.00376484 0.00826203 0.00472638 0.0107856 -0.0160435 0.0117041 -0.0120748 0.00646445 -0.014535 -0.0437723 -0.0529648 -0.00682403 0.0521622 0.0226139 0.026256 -0.015075 0.0139956 0.0419384 0.00556595 0.0357937 0.0503833 -0.0128315 0.00270425 -0.00542519 -0.00769073 -0.0124152 0.0342277 0.0298631 0.00438609 0.0146199 0.0282668 0.0337099 0.0227271 -0.000916455 -0.00513601 0.0197222
internal_weight=84423.2 71359.4 13063.8 41375.5 29983.8 35166.9 14046.2 6457.63 6208.61 12652.1 6606.2 22514.8 15937.7 4117.49 20267.1 6214.58 86.408 2442.22 9891.36 11275.5 391.618 4015.41 1619.27 617.205 13744.8 3847.07 9181.11 16631.9 7551.92 10904.1 107.079 10342.9 168.34 10786.2 4154.8 83.514 57.2853 6233.39 6128.17 1002.06 913.761 88.3018 589.106 136.531 452.574 284.539 582.57 32.3404 2947.72 2247.76 6038.48 2991.65 2091.12 1593.54 2777.74 710.248 2730.38 1667.9 705.525 3635.2 2399.7 1062.47
internal_count=296831 262897 33934 113605 149292 98937 86351 15714 14668 32708 18220 66229 62941 9896 58431 17170 272 6219 54973 29602 1050 9495 4144 1605 52654 8985 52837 46860 22721 28828 324 26986 510 39398 31378 303 191 39657 16898 2539 2273 266 1559 327 1232 726 1489 104 13180 7798 38663 22270 4772 3711 12268 2136 6241 3684 1650 11571 8082 2557
is_linear=0
shrinkage=0.05


Tree=37
num_leaves=63
num_cat=0
split_feature=20 38 10 18 43 1 30 30 1 43 18 40 49 1 6 40 25 1 46 20 40 43 45 47 16 47 43 44 54 46 0 47 1 9 0 10 36 62 44 1 50 60 40 36 9 9 53 52 47 60 25 2 26 35 16 30 3 46 36 9 3 58
split_gain=4688.08 860.699 520.032 483.857 269.026 200.179 158.379 140.888 140.608 134.9 122.981 119.721 119.144 117.79 98.725 98.3964 85.6958 81.5102 84.5524 81.2003 79.716 104.263 78.0342 71.7711 66.7753 71.7007 64.5509 64.505 63.421 62.8355 61.2622 60.1565 59.9708 60.626 63.4057 58.2977 58.196 88.301 71.714 55.5415 54.7035 61.133 52.1498 63.6824 51.4672 50.8028 49.9295 83.6986 49.103 47.9267 47.8615 46.7133 46.7019 99.5841 69.2528 59.4839 46.5659 45.8408 45.7255 45.6043 45.8592 44.4567
threshold=10.500000000000002 14924342.829948062 12.500000000000002 1015884274.1461791 4.6735347788750543 4.4350000000000014 8.5000000000000018 72.500000000000014 4.4850000000000012 4.7969848484848496 44946296964.442772 10.500000000000002 8.2042035927831101e+19 6.9650000000000007 2.9750000000000005 3.5000000000000004 1.0679372505817668 7.5950000000000006 45.251452380952394 33.500000000000007 2.5000000000000004 4.9200946372239764 1.504276122851085 1.2572830495136293 65.583333333333357 11.747875536649369 5.0002732240437178 0.57874063290018907 0.7506324378574728 10.231385927505332 59.250000000000007 4.0259093893013418 5.1050000000000013 335768928.00000006 54.850000000000001 2.5000000000000004 32.895445344129563 0.083156093759802832 0.48680549331869888 5.6350000000000007 22.500000000000004 12.455357140771984 85.500000000000014 7.9502051282051296 96597.500000000015 7516.5000000000009 1.5000000000000002 2418861.062360141 54.140385527974622 12.85714283969388 0.60318678042118379 1.0000000180025095e-35 33.406929510155322 1.0683550764012215 28.654692082111442 55.500000000000007 92.850000000000009 542.22777777777787 12.460434782608697 22554.500000000004 101.15500000000002 14542925.903760659
decision_type=2 2 2 2 2 2 2 2 2 2 2 2 2 2 2 2 2 2 2 2 2 2 2 2 2 2 2 2 2 2 2 2 2 2 2 2 2 2 2 2 2 2 2 2 2 2 2 2 2 2 2 2 2 2 2 2 2 2 2 2 2 2
left_child=1 8 4 5 7 11 13 52 15 -8 24 59 14 20 31 -1 36 18 32 26 -7 27 42 46 25 -5 49 35 -27 -23 39 -4 44 34 -34 57 -9 -38 -39 -20 -25 50 43 -13 -10 -37 -16 -48 61 -6 -42 -31 54 -54 55 -2 -17 -22 -21 -3 -61 -45
right_child=2 3 12 10 19 6 9 16 17 -11 -12 22 -14 -15 23 56 -18 -19 30 58 21 29 -24 40 -26 28 -28 -29 -30 51 -32 -33 33 -35 -36 45 37 38 -40 -41 41 -43 -44 48 -46 -47 47 -49 -50 -51 -52 -53 53 -55 -56 -57 -58 -59 -60 60 -62 -63
leaf_value=-0.018509837202845932 0.018599502398356584 0.0055712403842696706 0.011575936032156259 0.013825147067820924 0.030566566706912338 -0.0028224364632845212 0.011324004460388792 0.044465604466616099 0.010919462004276707 0.025039384786520891 0.04201857317847929 -0.054558214252877435 0.055261274464749481 0.050282355716758799 0.027494421076601536 -0.028497661265987125 0.0077224137022459116 0.043641791761110368 0.0067810668475487418 0.016407412966920859 0.005084899271638744 -0.013424590300609128 -0.0080455347076023621 0.046666814198039128 -0.0081591956798752457 -0.046830122403353686 0.04790891687204215 -0.0068255078812684547 0.030531384585639889 0.035273280883798323 -0.0021667245675460172 -0.10327299303411647 0.0033184339690860037 -0.023727067261604867 -0.019973934650903791 0.030814562509262372 0.038984947148735689 0.0058117214137903264 -0.1135872389396714 0.031063060016632213 0.045220001982760522 0.062854788949817691 0.017584647699567017 0.0031203434279941968 -0.011098230270935754 0.0014788521431446464 -0.1101284154119441 0.024496485605360788 0.0090186383778347364 -0.009006380756815922 -0.051786469168001309 0.013343108506386224 0.029275412297397149 -0.030768559515192768 -0.0082063279906825423 -0.022593173589397216 -0.0036090841854799697 0.020966095733974618 0.051615978294328319 -0.032826027940418251 -0.0062884874756172372 -0.023188241195362606
leaf_weight=2395.0065241605043 853.79021096229553 808.05902932584286 31.887273252010345 1357.5519893169403 1900.9766954556108 1945.4538546353579 6894.9374037384987 829.1221027597785 287.83283516764641 2422.7859029918909 842.28181958198547 44.462072551250458 3482.6141449660063 157.22244372963905 127.55985124409199 200.30957793444395 275.32413731515408 100.26548005640507 1970.7220195531845 100.22369512170553 12597.887521795928 211.74568535387516 1061.5259647071362 1786.2150921523571 190.4281757324934 26.925446271896362 582.45872705429792 989.99472181499004 1647.6429263651371 253.99797160923481 2127.7139504179358 17.747517660260201 3261.6639757826924 261.02793177962303 320.92090421915054 436.44420549273491 96.050184793770313 31.635932713747025 20.873824387788773 267.46019306778908 18.221744447946548 32.202281028032303 912.45675653219223 6111.4239949584007 3407.9761384055018 222.98387280106544 20.066834442317486 27.187647640705109 5144.1794916540384 79.719038277864456 42.07661247253418 5521.1353397667408 589.48601703345776 78.216943398118019 528.19826249033213 97.664326339960098 3042.1548330411315 471.3892914056778 1154.0145305469632 172.46000418066978 2905.4192159175873 164.90967673063278
leaf_count=21809 2035 2777 75 3279 4661 7624 17842 2005 1472 5372 2099 195 10402 285 310 1261 727 214 8305 301 39372 717 4832 4713 502 87 1411 3033 3608 554 9389 79 15641 1726 1721 996 239 85 92 751 45 69 2181 18804 24555 608 106 68 14750 226 156 14477 1293 248 1436 293 16225 1208 3021 903 12912 649
internal_value=0.0102788 0.00526716 0.0381319 0.00842455 0.0292673 0.00706146 0.00939761 0.0190394 -0.00430997 0.0148903 0.0250072 0.00272949 0.0495865 0.00715373 0.0401897 -0.0108238 0.0323629 -0.00125126 -0.00162934 0.0383778 0.00685437 0.00776358 0.00496454 0.0418739 0.0205609 0.0223646 0.0332767 0.00550073 0.0292875 0.0133268 0.00390792 -0.0294897 -0.00483583 -0.000463071 0.00123195 0.00638959 0.0393019 0.0104831 -0.0416521 0.00968274 0.0447252 0.00723298 0.00608032 0.00516473 -0.00938347 0.0208948 0.0112305 -0.0326726 0.00539724 0.0289738 -0.0224718 0.0143076 0.0112649 0.0222417 0.00631159 0.0143712 -0.00514662 0.00565771 0.0488025 -0.00500007 -0.00777544 0.00242909
internal_weight=83962.3 71158.8 12803.5 53515.7 7217.75 49450.9 32126 3400.36 17643.1 9317.72 4064.83 17324.9 5585.78 22808.3 2103.16 5637.47 1253.01 12005.6 11905.3 3817.39 22651 20705.6 13439 2053.53 3222.55 3032.12 2563.15 14718.7 1674.57 5986.88 4365.9 49.6348 7539.42 3843.61 3582.58 13728.7 977.682 148.56 52.5098 2238.18 1878.72 92.5006 12377.4 11465 3695.81 659.428 174.814 47.2545 11420.5 1980.7 60.2984 5775.13 2147.36 667.703 1479.65 951.455 3242.46 13069.3 1254.24 3885.94 3077.88 6276.33
internal_count=296831 262735 34096 159666 18073 150091 92088 8453 103069 23214 9575 58003 16023 68874 5621 39295 3148 63774 63560 9620 68589 60965 41411 5467 7476 6974 6298 45217 3695 15748 18445 154 45115 19088 17362 42184 2421 416 177 9056 4983 270 36579 34398 26027 1604 484 174 34203 4887 201 15031 5305 1541 3764 2328 17486 40580 3322 16592 13815 19453
is_linear=0
shrinkage=0.05


Tree=38
num_leaves=63
num_cat=0
split_feature=10 48 48 30 1 45 43 48 20 1 28 37 1 59 40 10 40 1 59 9 20 59 43 0 54 44 2 16 45 45 43 50 37 61 60 16 34 16 24 59 13 37 43 40 59 3 48 0 44 18 0 3 43 57 48 7 9 1 48 59 10 35
split_gain=4408.92 808.231 589.587 440.313 185.374 176.419 172.391 153.137 138.919 134.224 124.981 112.062 105.405 97.8956 89.2004 88.2889 82.7063 91.7716 82.2114 81.6148 78.4609 74.6803 70.5999 70.3168 69.5736 65.6048 64.5098 62.6079 61.2646 59.2513 59.0326 57.8802 72.9513 61.6629 69.9975 59.9817 59.6435 65.6637 81.7212 56.6341 54.0693 53.7823 53.3147 53.7452 53.2833 52.6876 51.9985 51.1089 49.6539 49.6332 59.0045 52.4931 49.5252 48.5826 48.0755 48.0231 47.3608 51.805 46.5209 46.0724 45.6262 79.8133
threshold=3.5000000000000004 226429676.27455905 63132282318.027382 22.500000000000004 4.8950000000000005 0.61367698529807357 4.8500871080139385 12223183.666937871 69.500000000000014 4.9050000000000011 5025238979.7750559 12.644645551025564 5.7950000000000008 207.4341324427983 120.50000000000001 12.500000000000002 3.5000000000000004 6.6250000000000009 292.50362589469142 986.50000000000011 21.500000000000004 441.9246103158444 4.2601136363636387 64.050000000000011 1.0726474458627162 0.41106355323689608 12.500000000000002 90.02500000000002 0.88833905653204537 1.9853462029862983 4.9200946372239764 18.500000000000004 19.486555862294423 12.854857596714638 3.4285714263673479 25.366666666666671 0.3344772040064915 9.6083333333333361 0.57398289675374181 273.80206532576489 5.1859340659340667 36.029933542458309 4.8600373134328372 11.500000000000002 167.28008845243571 30.850000000000005 16771531282.1355 526.85000000000002 0.18136306675690908 4248357.8319515651 28.010500000000004 92.15000000000002 5.4002083333333362 5.5837861958989565 403196113.58022732 4.6100000000000003 1011552483.0999991 6.5150000000000006 808295888.54968941 1017.2002665187262 7.5000000000000009 0.86609647122637268
decision_type=2 2 2 2 2 2 2 2 2 2 2 2 2 2 2 2 2 2 2 2 2 2 2 2 2 2 2 2 2 2 2 2 2 2 2 2 2 2 2 2 2 2 2 2 2 2 2 2 2 2 2 2 2 2 2 2 2 2 2 2 2 2
left_child=1 7 5 4 11 20 14 9 27 21 16 19 18 24 -5 44 55 30 22 -3 -2 -1 -9 -14 42 52 58 31 -29 41 -18 33 -33 34 46 -34 -36 38 -38 -40 -35 49 43 -13 -4 -11 60 -15 -12 50 -24 -52 59 -45 -49 -6 57 -47 -27 -21 -7 -62
right_child=2 3 15 6 10 8 -8 12 -10 45 48 13 23 47 -16 -17 17 -19 -20 25 -22 -23 29 -25 -26 26 -28 28 -30 -31 -32 32 35 40 36 -37 37 -39 39 -41 -42 -43 -44 53 -46 56 -48 54 -50 -51 51 -53 -54 -55 -56 -57 -58 -59 -60 -61 61 -63
leaf_value=-0.011836208015442561 0.032720378534713136 0.021745136323740668 0.04470900911043215 0.012559122321049174 0.020884254464810018 0.0071468122605138741 0.039449147487307885 -0.01131489096583483 0.048416055281306811 0.04472195120835859 0.0026379372790265921 -0.0030297374168128935 0.025746090218395364 -0.0053715453868806388 0.026478313224421651 0.054636217604683596 0.0081366321050147621 0.043854575764499797 -0.009320336650729991 0.0067542832487455162 0.053750862464137086 -0.031135320233651634 -0.0098768446649403329 -0.0099153031126830056 -0.013257782739501497 -0.011717553253693667 -0.039860913902986572 0.019371849228161628 -0.082928816005515216 0.017974548400174595 0.01575250273543137 0.0078892677178811609 -0.12789803499678681 -0.0016850308379380962 0.039470696650763762 0.011941949089450961 -0.067543373098689449 0.025587157857319312 -0.026760298510152339 0.052037774877841808 0.042705244482682918 0.0066470512823042357 0.015869989952418069 0.0083785216295471938 0.021324268753807062 -0.0033899183011054795 0.030154778258390059 0.030120188628559585 0.030174804265920053 0.0071118695143513782 -0.016831419017229912 0.001042431963577667 -0.018644256436352976 0.040127361210156337 0.002840923290666699 -0.0037114595926371671 -0.026537102850847739 0.014252190211812 -0.00086954082569784649 0.058835975627827289 0.0075279357634368523 -0.10529933145978113
leaf_weight=2919.1610241532326 1142.7124560698867 385.25050377845764 1752.1334343850613 3153.1261555403471 230.99310623109341 436.41444376111031 1108.3536982834339 1113.2231379151344 484.46702528744936 61.064755022525787 190.79438251256943 1067.2455863207579 635.53427647054195 2224.06690081954 1812.7210550010204 3384.8757051154971 6452.8597567528486 218.76830792427063 2272.4150388389826 1854.7095790803432 724.80791132152081 605.19089021533728 1897.1947701573372 176.65246208012104 358.03045943379402 1416.4874329790473 129.961561024189 29.666134655475616 28.884292185306549 541.403917491436 4200.9228794574738 170.78376118838787 19.887691929936409 417.50119358301163 781.86452398449183 12.480405405163763 42.679136574268341 2243.2519866451621 41.849094405770302 50.102680876851082 82.085823073983192 3385.6152923554182 2385.5650373250246 10374.241310998797 282.92831339687109 2747.2125516757369 227.02716262638569 199.14925590157509 1153.048293620348 1776.9712800383568 436.27177510410547 7029.3219942674041 192.90028893202543 121.90975289046764 854.54001580178738 1409.081354662776 187.91888467222452 490.39047101140022 3269.3736384660006 43.457946732640266 39.125056654214859 26.150789335370064
leaf_count=26137 2777 985 4806 7819 685 1113 2543 6309 1384 228 495 3437 1689 7296 4225 10536 16977 415 12296 5765 2009 7941 10005 583 1200 5657 574 68 108 2279 10425 463 92 1172 1767 35 155 5458 122 97 177 12236 6000 28470 819 15992 559 527 2610 6441 1953 31164 863 268 2430 4927 1267 1472 10226 86 110 107
internal_value=0.00982335 0.00502063 0.037307 0.0091034 0.00714059 0.0277229 0.0216196 -0.0019417 0.0229362 -0.0082691 0.0117753 0.00455904 0.000361022 0.00672008 0.0176402 0.0496881 0.0102191 0.0117979 -0.000414906 -0.000652215 0.0408826 -0.0151502 0.000835825 0.0179897 0.00850573 -0.00190149 -0.00511252 0.0202815 -0.0310955 0.00173359 0.0111397 0.0209366 -0.00515475 0.0221446 0.0242691 -0.0739789 0.0274907 0.0235517 -0.0103643 0.0161752 0.00560862 0.00112824 0.00906434 0.00766031 0.0414579 -0.00131348 0.0103 -0.00107408 0.0262652 -0.000549042 -0.00200301 -2.07393e-06 0.00549367 0.00874728 0.00799676 -0.000247324 -0.00213413 -0.000717719 -0.00414878 0.00794668 0.00131524 -0.0376729
internal_weight=83504.8 71083.1 12421.7 44807.6 38733.4 7001.74 6074.2 26275.5 5134.22 7010.94 13856.5 24876.9 19264.6 17584.7 4965.85 5419.94 12512.6 10872.6 18452.4 7292.14 1867.52 3524.35 16180 812.187 14307 6906.89 4815.82 4649.75 58.5504 15066.8 10653.8 4591.2 203.152 4388.05 3888.46 32.3681 3159.75 2377.88 134.631 91.9518 499.587 14525.4 13949 11563.4 2035.06 3486.59 728.717 3277.76 1343.84 11139.8 9362.79 7465.59 2091.07 10496.2 1053.69 1640.07 3425.52 3237.6 4685.86 1898.17 501.69 65.2758
internal_count=296831 262897 33934 124905 110318 17773 14587 137992 12987 53037 36534 73784 84955 49628 12044 16161 33429 27817 82683 24156 4786 34078 70387 2272 39375 23171 16457 11603 176 64078 27402 11427 590 10837 9488 127 7599 5832 374 219 1349 61799 38175 32175 5625 18959 1889 10253 3105 49563 43122 33117 6714 28738 2957 5612 18731 17464 15883 5851 1330 217
is_linear=0
shrinkage=0.05


Tree=39
num_leaves=63
num_cat=0
split_feature=20 18 40 18 38 43 1 20 33 45 40 54 20 1 40 47 52 30 62 9 47 63 1 45 59 5 59 26 30 59 46 26 0 0 2 4 0 36 0 35 59 63 26 29 56 46 46 38 36 61 47 22 42 20 44 48 2 37 9 1 3 37
split_gain=4148.63 857.028 468.475 365.152 315.619 223.596 214.889 147.357 255.89 111.323 111.015 103.742 102.349 93.4326 91.023 90.1834 87.1671 84.4625 104.468 81.2911 80.5607 69.2993 67.9716 67.7508 62.544 61.7822 59.964 59.0227 56.6753 56.1336 64.8918 55.2781 86.1844 54.7226 54.0654 54.0574 53.117 51.7693 51.7542 51.6548 49.7541 46.8174 46.8034 45.0898 47.666 44.9634 44.9415 44.4734 44.325 44.0383 44.0037 43.8763 71.974 88.0423 43.3456 44.1246 43.2368 42.9863 42.7594 46.2227 43.1287 42.7094
threshold=14.500000000000002 9609211.4196398631 7.5000000000000009 81753272.656293467 22432160661.166283 4.8600373134328372 4.4850000000000012 69.500000000000014 4.7201265822784819 0.71158549274339267 51.500000000000007 1.0097141977122124 2.5000000000000004 6.9450000000000012 1.5000000000000002 54.140385527974622 251043.90930740783 70.500000000000014 0.066033372251071989 2180.5000000000005 117.45955762148239 0.93333333333333413 4.9050000000000011 0.93540349948392765 913.99236238627816 0.8650000000000001 148.576123743392 489.05000000000007 17.500000000000004 141.46609392965144 22.361000000000004 33.265942028985513 17.4175 192.85000000000005 11.500000000000002 1.2130000000000003 60.850000000000001 181.80769230769235 93.050000000000011 0.86858896380650452 779.82269281538936 0.41867732558139498 566.5200000000001 3.7638609431519456e+17 28.500000000000004 30.000304878048787 516.04800000000012 19581195501.549858 13.85857142857143 7.5171098696045346 1.0000000180025095e-35 5.6950000000000012 6.0950000000000006 26.500000000000004 0.42491756644210099 63682806.412094794 7.5000000000000009 11.013885627412392 127206812.00000001 5.1950000000000012 102.35000000000001 28.375133373514597
decision_type=2 2 2 2 2 2 2 2 2 2 2 2 2 2 2 2 2 2 2 2 2 2 2 2 2 2 2 2 2 2 2 2 2 2 2 2 2 2 2 2 2 2 2 2 2 2 2 2 2 2 2 2 2 2 2 2 2 2 2 2 2 2
left_child=1 2 6 9 12 10 24 8 50 -2 11 15 41 14 33 21 22 18 31 40 26 35 47 45 34 54 -17 -21 48 30 -27 32 49 58 56 -4 -23 -13 -15 57 -6 -3 -31 44 -19 -12 -28 -14 -7 -11 -5 -52 53 -53 55 -16 -1 -20 59 60 -8 -25
right_child=3 4 5 7 19 28 13 -9 -10 17 23 37 16 38 25 20 -18 43 39 27 -22 36 -24 61 -26 29 46 -29 -30 42 -32 -33 -34 -35 -36 -37 -38 -39 -40 -41 -42 -43 -44 -45 -46 -47 -48 -49 -50 -51 51 52 -54 -55 -56 -57 -58 -59 -60 -61 -62 -63
leaf_value=-0.026059412881333923 0.035386300824739973 0.0050429770864818544 -0.053209519726972299 -0.007342763545124426 0.045366388164715533 -0.022511342445831875 -0.029407621478180018 0.055040614593217775 0.049621919221431339 -0.039217018706991548 0.0054006422726483906 -0.015497215082272267 0.01539692714208607 0.027739979265780181 -0.012398757974806142 0.012030187542198128 0.0034586337471021163 0.022689190721532179 -0.051039603054316984 0.025847096460491849 -0.0020449948236550409 0.024050538857085114 0.026106484198680082 -0.01119131938672612 -0.036269205117767843 -0.0074466028502404389 -0.0016520112857485135 -0.059773435599206427 0.030454642190011844 -0.0034725236339759949 0.0080344266874852917 0.037273652526526216 -0.023924747644427896 -0.032322484771541656 -0.03293626720360112 0.00042943938977207984 -0.0082955686201855051 0.019789236282727704 -0.034150626347016919 -0.047111178440309411 -0.023353333145068988 0.018304189653646 0.075205172934526499 0.036800050306765426 -0.034409164439820346 0.019975000756575767 0.012083889540556111 -0.058668692921613502 0.013835531623064314 0.025245971429749048 0.042752323780211189 0.005024472075700023 0.024917019405489058 -0.12194900795436191 -0.024375340357473532 0.0079004832507839334 -0.008338318703691297 0.031935781099714365 -0.018652709079663727 0.00042571384214127309 -0.0068299770237709653 0.0094617066146800224
leaf_weight=372.47006104141474 1468.4003529399633 4434.5459262430668 47.135932624340057 105.09472259879112 942.95509419590235 85.232244223356247 237.23847202956676 2737.8166268244386 2607.4677529111505 28.810371473431587 713.62465251982212 1011.8322217613459 5367.4114142656326 393.69916591048241 595.36901590228081 5917.0474688708782 1202.6414258033037 151.26625852286816 22.557561948895454 1370.7284045219421 1944.5083746165037 534.36043487489223 1904.5328474193811 415.03181123733521 254.24320399016142 779.32822691649199 1761.0484211295843 20.42808560281992 526.10234166681767 2521.565497405827 5150.7061434835196 200.95994402468204 161.54926447570324 193.68387155979872 263.3933661878109 13466.065091572702 166.45620162785053 115.84357152879238 36.948186233639717 117.67712303996086 27.096280708909035 783.07623963057995 19.045045018196106 527.46701414883137 48.19740816950798 2047.7349695712328 899.72651958465576 20.344639614224434 5284.272039398551 329.5479901432991 312.12432537227869 55.385286867618561 1042.7779869064689 18.118410646915436 313.90276233106852 486.43275083601475 4535.268833681941 50.671177178621292 539.63294960558414 2794.6749668940902 1951.0431826710701 630.74570833146572
leaf_count=3156 3673 13279 258 318 2400 276 2041 8659 7745 90 1854 4388 13241 927 3428 16563 3223 367 73 3476 6156 1357 4294 1386 3142 3738 6073 71 1146 10851 19144 420 472 1387 2098 46575 511 353 165 405 90 2025 49 1359 149 4726 2570 71 13076 743 754 140 2997 81 1335 1805 30468 106 4052 13823 15435 1798
internal_value=0.00938608 0.00525551 0.00238029 0.0396146 0.0154525 0.00589939 -0.00345791 0.0460405 0.04009 0.0253883 0.00413222 0.00295882 0.0125451 -0.000544147 -0.00117907 0.00363494 0.0159305 0.0164294 0.00629364 0.0323368 0.00714382 0.0010374 0.0179873 0.0121038 -0.012058 0.00172966 0.00922683 0.0245898 0.0147931 0.00333572 0.0059999 0.0150033 0.00639513 -0.00619957 -0.0108677 0.000242339 0.0163678 -0.0118723 0.02243 -0.0265943 0.0434469 0.00703326 -0.00288274 0.0291424 0.00889223 0.0162085 0.00299271 0.0151172 0.0132586 0.0200634 0.0238826 0.02618 0.0215462 -0.0262741 -0.00801765 -0.00327119 -0.00968325 0.00637584 -0.00528341 -0.00383557 -0.00927769 0.00126526
internal_weight=83065.1 73079.2 57005.4 9985.89 16073.8 35566.8 21438.6 6878.79 4140.97 3107.1 29671.2 25864 13712.6 16013.3 15582.6 24736.3 8494.93 1638.7 911.773 2361.21 10522.3 14214 7292.29 3807.14 5425.38 9866.35 8577.82 1391.16 5895.61 8470.64 5930.03 720.868 519.908 5716.27 5171.13 13513.2 700.817 1127.68 430.647 190.906 970.051 5217.62 2540.61 726.931 199.464 2761.36 2660.77 5387.76 5369.5 358.358 1533.5 1428.41 1116.28 73.5037 1395.7 1081.8 4907.74 73.2287 5522.59 4982.96 2188.28 1045.78
internal_count=296831 268280 226110 28551 42170 109066 117044 20694 12035 7857 94568 84804 36133 78180 77088 80063 20829 4184 2309 6037 31362 48701 17606 9764 38864 40350 25206 3547 14498 33782 22882 1725 1305 36738 35722 46833 1868 4741 1092 584 2490 15304 10900 1875 516 6580 8643 13312 13352 833 4290 3972 3218 221 6568 5233 33624 179 35351 31299 17476 3184
is_linear=0
shrinkage=0.05


Tree=40
num_leaves=63
num_cat=0
split_feature=20 9 28 10 40 43 1 48 43 43 30 43 59 9 46 30 20 43 59 1 59 47 47 9 1 0 47 47 50 43 44 26 0 1 30 59 18 50 46 62 32 59 40 28 17 20 26 12 30 9 16 34 37 47 0 46 59 46 46 40 44 22
split_gain=3901.69 784.699 416.035 366.988 310.472 200.725 192.435 157.305 152.101 138.247 129.053 121.898 115.159 104.102 95.7378 94.41 93.4159 91.4203 85.476 77.3083 76.7082 76.2393 75.8055 82.3383 74.7046 71.8887 69.4559 64.326 106.944 99.801 67.4812 61.9629 70.0521 61.5535 60.8466 60.7966 60.1579 71.5989 57.2435 56.9742 82.3398 57.8081 53.459 52.747 196.819 168.785 64.7572 91.7271 50.8802 49.7904 48.7215 47.7274 47.7023 47.6601 45.794 51.0469 57.3874 45.5379 46.1914 45.5178 74.5837 49.7717
threshold=14.500000000000002 189548.00000000003 5703628097.8238611 6.5000000000000009 4.5000000000000009 4.6400304878048795 4.9050000000000011 49525764906.738258 4.6375216262975796 4.5154946628926114 8.5000000000000018 4.6999340369393154 373.14419493819605 3171.5000000000005 418.04354838709685 71.500000000000014 87.500000000000014 4.8600373134328372 139.78673502612926 5.4750000000000005 441.9246103158444 25.39916542250155 12.623343330469149 16069.000000000002 4.3050000000000006 32.823 134.6450131923261 0.37282548461146886 2.5000000000000004 4.2994949494949504 0.45865560785435072 33.406929510155322 17.4175 7.5950000000000006 19.500000000000004 133.56639045023681 44946296964.442772 3.5000000000000004 40.810263157894745 0.083156093759802832 6.5850000000000009 80.116955377261789 56.500000000000007 16006611704.25831 4.0002614095090658 49.500000000000007 29.946230158730163 6.705000000000001 55.500000000000007 335768928.00000006 63.416666666666679 0.41899350299921789 15.147349801081141 0.37282548461146886 53.350000000000001 48.183602150537645 36.86033060866631 146.09511904761908 516.04800000000012 82.500000000000014 0.39070645068696785 4.8900000000000015
decision_type=2 2 2 2 2 2 2 2 2 2 2 2 2 2 2 2 2 2 2 2 2 2 2 2 2 2 2 2 2 2 2 2 2 2 2 2 2 2 2 2 2 2 2 2 2 2 2 2 2 2 2 2 2 2 2 2 2 2 2 2 2 2
left_child=1 2 9 8 6 20 12 11 15 27 22 16 25 36 18 31 39 -12 19 21 38 34 -11 50 -15 -3 -23 28 42 -29 59 32 48 49 -7 -25 37 -4 -6 43 52 -42 -1 53 -45 46 47 -46 -2 54 -24 -16 -41 -5 55 56 -8 -40 -59 -31 -61 -62
right_child=3 4 13 7 5 14 33 -9 -10 10 17 -13 -14 24 51 -17 -18 -19 -20 -21 -22 26 23 35 -26 -27 -28 29 -30 30 -32 -33 -34 -35 -36 -37 -38 -39 57 40 41 -43 -44 44 45 -47 -48 -49 -50 -51 -52 -53 -54 -55 -56 -57 -58 58 -60 60 61 -63
leaf_value=0.014819493395137689 0.01220662386439748 -0.016450949082169 0.031192924910325489 -0.0045228174729113248 -0.0061603043602956476 -0.0025905003974906683 -0.006992756798052985 0.052508603161573568 0.034870281947043939 0.0019805686337574751 0.013544997077335677 0.04921677426673933 -0.026744249852821353 -0.0018799601264581367 0.02713357155373098 0.027562459172322765 0.052565615730789585 0.027389316916338113 -0.0007129734076043294 0.020751330729635746 -0.019664321821998856 0.011472303592663432 0.021337949323493449 0.010588596948426328 0.023976701589456334 -0.0048707596903135343 -0.010787379417707963 -0.010775697894164028 0.085669983018153373 0.0057645465589876424 -0.0076208208081229543 0.023080439778736563 -0.031254459022317653 0.038214691942809159 0.022723866671752441 -0.0010459030750823608 0.048527464653112959 -0.046403604168537428 0.0034278858541330012 0.030811980984552748 -0.14972448025235227 -0.0044286377581828577 -0.087021408231652719 0.037019900684782052 -0.006920025375142436 -0.22321913397755033 0.024395412658873863 -0.17760675330199338 -0.046331121092552954 -0.021230003081125663 0.0037422326562744699 0.00063089273781003668 -0.062093944577569754 0.034177939242860403 -0.0083615038716010701 0.014937496929628445 0.0050160759191883635 -0.0091638065476902977 0.0082245732785631402 0.042058530032939814 0.018665616304141402 -0.056501284417075526
leaf_weight=561.00343057513237 338.35467003285885 2022.534979403019 891.00236351042986 89.463086359202862 2996.7433218359947 2351.0141310691833 1552.6289719194174 3743.3855644389987 1997.5152723789215 3774.7960515320301 6701.3104207962751 1041.1565084680915 1047.7334046699107 338.69767371565104 869.72284673154354 684.81640584766865 279.75313422083855 1450.5643841102719 3145.7342151328921 1180.706511259079 520.81702307611704 5851.692443549633 2064.4876034334302 3696.1862773299217 1594.1174111515284 3972.5366331785917 372.76125042140484 1239.7568395361304 54.66222095489502 5118.6276883408427 942.0208675339818 252.45144507288933 192.22418439388275 106.15312641859055 264.03877577185631 1612.8074283748865 643.30531018972397 30.753810994327068 7974.3068903535604 65.710304245352745 16.075273789465431 11.923469975590704 13.188887029886244 141.80634661018848 19.120170116424561 13.465195372700689 30.332209944725037 13.378745898604391 41.695146188139915 268.99007702618837 486.029077000916 211.10847026109695 17.49479454010725 718.1528245061636 1128.8520339727402 737.14148822426796 2769.2107833847404 1558.8784286752343 505.86837801337242 211.03620414435863 53.857409596443176 37.257390573620796
leaf_count=2595 813 16800 2122 261 13277 7810 7723 12457 5225 12260 16245 3056 11546 932 2083 1742 854 3289 9901 2835 2736 15695 5054 10007 3892 25515 1169 5935 133 16620 2923 572 573 231 594 4911 1753 103 28581 171 76 36 55 394 60 79 93 70 135 1869 1349 561 63 1821 5169 2639 12996 6165 1510 431 140 126
internal_value=0.0089678 0.00500362 0.0109489 0.0387452 0.00047883 0.00350746 -0.00571016 0.0460558 0.0258183 0.00891905 0.0111844 0.036228 -0.0114504 0.0272076 0.00765164 0.0138403 0.0266821 0.0160085 0.00647727 0.00873456 -0.000847709 0.00712947 0.0078043 0.0106013 0.0194457 -0.00877753 0.0101392 0.00347369 0.0188422 0.00220247 0.0047312 0.00244592 -0.00665674 0.000449722 -3.45389e-05 0.00705418 0.0367934 0.028604 -9.59317e-05 0.0203132 -0.0136805 -0.0878492 0.0124803 0.0239986 0.00218001 -0.0625743 -0.0281469 -0.0771862 0.00578447 -0.000171152 0.0179849 0.0219571 0.0112775 0.0298909 0.000744293 0.00277614 0.00070188 0.00171434 -0.00490361 0.00687773 0.0257357 -0.0120706
internal_weight=82632.9 72924.6 31515.5 9708.27 41409.2 27803.4 13605.8 6201.22 3507.06 28017.6 19786.2 2457.83 7042.81 3497.88 14246.8 1509.54 1416.68 8151.87 13165.9 10020.2 13556.6 8839.51 11634.3 7859.51 1932.82 5995.07 6224.45 8231.41 628.855 7602.56 6362.8 824.725 572.274 6562.98 2615.05 5308.99 1565.06 921.756 13035.8 1136.92 111.204 27.9987 574.192 1025.72 218.103 76.2963 62.8311 32.4989 380.05 6456.82 2550.52 1080.83 83.2051 807.616 6187.83 5058.98 4321.84 10039.1 2064.75 5420.78 302.151 91.1148
internal_count=296831 268280 90875 28551 177405 92917 84488 19491 9060 82073 53115 7034 53861 8802 40648 3835 3978 19534 38004 28103 52269 25268 33581 21321 4824 42315 16864 28958 2783 26175 20240 2093 1521 30627 8404 14918 3978 2225 49533 3124 346 112 2650 2778 696 302 223 130 948 30396 6403 2644 234 2082 28527 23358 20719 36256 7675 17317 697 266
is_linear=0
shrinkage=0.05


Tree=41
num_leaves=63
num_cat=0
split_feature=20 24 18 10 43 43 40 43 49 59 1 43 49 30 43 20 40 58 37 1 46 59 1 59 47 47 47 61 61 1 9 17 26 59 9 1 57 26 0 44 30 30 36 47 15 38 30 44 43 43 26 57 43 7 62 32 36 23 26 0 18 36
split_gain=3667.49 721.119 408.958 366.325 272.352 188.88 182.372 155.229 147.838 143.36 155.536 109.337 103.588 95.0981 92.6709 91.2439 89.006 106.616 83.426 81.6219 80.0766 115.552 96.9961 73.0729 99.5522 70.9962 74.2151 69.1534 68.9679 72.2169 67.5608 66.8055 83.2076 64.7591 62.4263 87.7065 61.8742 60.6831 80.0186 56.4609 68.3372 55.8912 69.0376 55.7498 55.2552 56.6034 90.7072 58.9742 56.2712 54.8633 54.2175 53.8908 52.8166 50.8995 49.4574 73.6591 49.2756 46.4648 57.6758 46.4282 46.1275 45.6697
threshold=14.500000000000002 1.0000000180025095e-35 4086646767.2006803 7.5000000000000009 4.6400304878048795 4.7920227272727294 3.5000000000000004 4.6375216262975796 6.2349243979636761e+19 441.9246103158444 6.0850000000000009 4.6999340369393154 4.4673269474346762e+20 70.500000000000014 4.4072949002217312 87.500000000000014 153.50000000000003 15146305.732158016 37.390781692142667 5.0450000000000008 418.04354838709685 150.49535103226688 5.7650000000000006 162.87352571587158 1.0000000180025095e-35 25.39916542250155 130.21022418268061 12.857142857142833 12.645621987831564 6.2950000000000008 4538.5000000000009 1.0000000180025095e-35 12.334666666666669 71.725868658268851 191207753.50000003 5.7950000000000008 0.83518169596779168 33.406929510155322 17.4175 0.4181788492586036 6.5000000000000009 106.50000000000001 31.56085858585859 117.45955762148239 1.3571702559476628 11604968356.913292 46.500000000000007 0.48680549331869888 4.2666666666666684 5.0769672855879762 17.903571428571436 1.1014847433598356 4.5916882556131275 15.950000000000001 0.090228074951816964 6.5850000000000009 40.001250000000006 4.4008620689655187 30.215476190476195 63.350000000000001 791325992.75530672 12.460434782608697
decision_type=2 2 2 2 2 2 2 2 2 2 2 2 2 2 2 2 2 2 2 2 2 2 2 2 2 2 2 2 2 2 2 2 2 2 2 2 2 2 2 2 2 2 2 2 2 2 2 2 2 2 2 2 2 2 2 2 2 2 2 2 2 2
left_child=1 4 5 7 9 16 19 13 11 18 -11 15 31 37 -4 54 17 23 34 -6 21 22 25 28 50 49 -27 36 29 41 59 32 33 60 35 -1 -26 38 -2 40 -34 44 -43 -20 45 46 47 48 -3 -8 -25 -30 -49 -37 -5 -56 -46 -15 -59 -16 -7 -9
right_child=3 2 14 8 6 12 20 61 -10 10 -12 -13 -14 57 30 -17 -18 -19 43 -21 -22 -23 -24 24 27 26 -28 -29 51 -31 -32 -33 39 -35 -36 53 -38 -39 -40 -41 -42 42 -44 -45 56 -47 -48 52 -50 -51 -52 -53 -54 -55 55 -57 -58 58 -60 -61 -62 -63
leaf_value=-0.0050081568230614382 0.0072112730458954513 -0.0084943401714778089 -0.073216792766877523 0.02302819905574751 -0.0088029372760640209 -0.013089862435033572 -0.0015952009425081509 0.012512585300384713 0.052400409363071991 -0.0220450587453184 0.036055284021902993 0.048786172526651517 0.037100557642921736 0.0022149342229899785 0.038978149747196933 0.052954390305149014 0.02183123146699497 -0.016355881593727997 0.005778138271847047 0.0031156699650720272 0.020210955968177902 -0.0021415499127945057 0.026293284867454848 0.047399772812812262 -0.035825982139093097 0.011618563247666705 -0.0081608370583092556 -0.059142695339157704 -0.0065877512446870547 0.04535698623746124 0.019675223523361429 0.023562458086271998 0.012464850432215034 0.016965539410992127 -0.025891447304458016 0.012187216328946463 0.0010509661074127612 0.022862805639301115 -0.031044738405033113 0.0093451129793173156 0.031869097427615165 -0.085521869999300823 0.01997877968698673 -0.0092776056360357306 0.047318088091734552 0.02269257469927477 -0.040179289087475006 -0.0097955546505504726 0.010428424806548757 0.014619912911414353 -0.0055069881361388216 -0.10366874680873038 0.0060755816255482322 -0.01093589604661932 0.010063792725368404 -0.096290823677187082 -0.014264032301602234 0.041403845388151977 0.00357458422496611 -0.0025162066310601555 -0.07731881726516425 0.037118784603660158
leaf_weight=12786.724726371467 408.66583190858364 409.52231011539698 21.482272550463676 937.56339109688997 2996.4147171452641 357.51934039592743 2747.4135175794363 209.10976181924343 3446.9272883310914 1521.8585679605603 124.62199075520039 944.0171527042985 530.14455398917198 148.53608171641827 1525.6687091961503 257.81320343911648 900.76573333144188 530.34912446141243 4024.1756483912468 2759.2267884016037 1118.0842463523149 3156.5052378997207 730.51227161288261 172.27174884825945 116.7089705914259 6793.9666060060263 509.83769510686398 49.766688078641891 534.22432895749807 134.43220250308514 847.19256742298603 1477.4599513411522 1094.6794084981084 199.13896836340427 322.84531393647194 1224.9945707544684 4481.6614134162664 269.85485126078129 205.38435758650303 2874.3787424117327 774.94516426324844 34.821249216794968 27.955795183777809 725.75391045212746 159.76236400008202 654.12394508719444 98.52988988161087 776.03348098695278 9666.3010369688272 643.91424525529146 67.356852062046528 14.688088685274122 1615.3115886151791 295.37698790431023 65.609187938272953 21.652822233736515 40.773773267865181 477.60151889175177 127.69747505337 70.529506221413612 30.324632182717323 1920.0516677349806
leaf_count=72095 1015 1964 79 2598 16062 1134 9510 596 12010 13953 481 2884 1213 412 3921 819 2080 2187 13959 9882 2791 10544 1677 442 484 18501 1612 227 1728 255 2211 3410 2835 515 2255 4748 13923 617 614 7135 1660 135 66 2744 314 1479 310 2323 27154 1849 247 61 4160 1528 187 88 114 1192 368 212 111 5151
internal_value=0.00856752 0.00476383 0.0106585 0.0378879 0.000561096 0.00892921 0.00452424 0.0258003 0.0459134 -0.00348301 -0.0176474 0.0358713 0.0158121 0.0142273 0.0301785 0.026366 0.00646352 0.00575671 -0.00227962 -0.00308921 0.00731531 0.00632653 0.00866597 0.00637218 0.00110076 0.00746197 0.0102379 -0.00051945 0.00819094 0.00889137 0.0310875 0.0141544 0.0115471 -0.0062115 -0.00414887 -0.00365824 0.00011501 0.00310049 -0.0055844 0.0137443 0.0205078 0.0085278 -0.0385405 0.00347773 0.00874797 0.00835282 0.00760635 0.00798401 0.00965933 0.00148358 0.0325283 -0.0091855 0.000925119 0.00769487 0.0196772 -0.0163266 0.034797 0.0272739 0.0334232 0.0371447 -0.0181118 0.0347022
internal_weight=82211.5 72771.1 30288.8 9440.48 42482.2 27824 21455.9 3766.9 5673.58 21026.4 1646.48 2226.66 7338.59 1637.74 2464.87 1282.64 20485.4 19584.6 19379.9 5755.64 15700.2 14582.1 11425.6 19054.2 4887.77 10695.1 7303.8 4648.14 14166.5 13617.6 2443.39 6808.45 5330.99 586.983 14629.9 14307.1 4598.37 883.905 614.05 4744 1869.62 13483.1 62.777 4749.93 13420.4 13219.8 12565.7 12467.2 10075.8 3391.33 239.629 548.912 2391.35 1520.37 1024.83 87.262 200.536 753.835 605.299 1596.2 387.844 2129.16
internal_count=296831 268280 84089 28551 184191 77666 72428 9965 18586 111763 14434 6576 18013 4218 6423 3692 59653 57573 97329 25944 46484 43693 33149 55386 15323 31472 20113 14634 40063 38274 6344 16800 13390 1760 80626 78371 14407 2246 1629 11630 4495 38019 201 16703 37818 37390 35911 35601 29118 11359 689 1789 6483 6276 2873 275 428 1972 1560 4133 1245 5747
is_linear=0
shrinkage=0.05


Tree=42
num_leaves=63
num_cat=0
split_feature=20 18 10 40 28 1 43 43 48 30 20 43 40 43 20 16 1 1 0 40 59 1 26 2 59 53 26 16 34 36 2 22 42 23 3 45 9 23 26 48 59 9 46 40 59 26 59 46 45 52 0 3 25 46 59 30 44 26 0 20 3 22
split_gain=3444.45 663.996 364.359 356.663 272.965 180.772 177.494 158.949 139.901 103.382 100.578 97.9686 97.6877 91.0485 88.2546 84.4899 79.4511 79.0484 79.3477 78.7566 72.6048 69.587 67.7844 59.1992 55.5162 55.0219 53.9379 87.5829 62.18 52.6928 50.6609 50.5369 61.0968 52.6233 56.9555 51.7726 50.5283 49.6778 51.7374 48.7766 54.4819 47.4562 47.4014 47.8343 54.6976 46.6304 46.4281 75.9309 49.5156 45.938 49.042 45.4225 45.2649 44.4088 43.6688 43.1609 42.5105 44.9053 41.9312 41.7235 41.2809 41.4465
threshold=14.500000000000002 9609211.4196398631 8.5000000000000018 7.5000000000000009 22387249247.425648 4.4850000000000012 4.9142857142857164 4.6400304878048795 49525764906.738258 71.500000000000014 2.5000000000000004 4.6866803840877926 85.500000000000014 4.8600373134328372 87.500000000000014 62.359440559440579 4.4850000000000012 6.2950000000000008 60.850000000000001 1.5000000000000002 779.82269281538936 6.8750000000000009 10.001271186440681 12.500000000000002 913.99236238627816 1.0000000180025095e-35 33.406929510155322 16.152272727272727 0.40000000000000008 12.460434782608697 11.500000000000002 5.6950000000000012 6.0950000000000006 4.4801282051282074 119.05000000000001 1.0022180351613514 40056753.000000007 4.4008620689655187 30.215476190476195 89902999506.429504 197.32541045815748 5859.5000000000009 33.889699918897001 12.500000000000002 172.21797235552251 32.996913580246925 141.46609392965144 22.361000000000004 1.2574268072728716 290709.01284506224 36.050000000000004 92.850000000000009 1.1207599532987127 20.000200000000003 560.78595961157146 25.500000000000004 0.471593044902064 78.71250000000002 192.85000000000005 33.500000000000007 137.05000000000004 5.205000000000001
decision_type=2 2 2 2 2 2 2 2 2 2 2 2 2 2 2 2 2 2 2 2 2 2 2 2 2 2 2 2 2 2 2 2 2 2 2 2 2 2 2 2 2 2 2 2 2 2 2 2 2 2 2 2 2 2 2 2 2 2 2 2 2 2
left_child=1 3 7 5 10 24 12 9 11 26 -3 14 16 49 31 20 23 19 36 58 41 -18 -15 42 30 46 27 -2 -29 -9 -1 33 45 34 -4 -34 -19 -11 -39 40 -17 -6 60 51 -45 -33 47 -21 -48 50 -12 -44 -28 -22 -38 -8 57 -53 -7 -31 -5 -62
right_child=2 4 8 6 15 17 55 29 -10 37 13 -13 -14 22 -16 39 21 18 -20 25 53 -23 -24 -25 -26 -27 52 28 -30 59 -32 32 35 -35 -36 -37 54 38 -40 -41 -42 -43 43 44 -46 -47 48 -49 -50 -51 -52 56 -54 -55 -56 -57 -58 -59 -60 -61 61 -63
leaf_value=-0.0088306914932774275 0.011910870175473865 0.0057964583872837103 0.028178265260249993 -0.011872701422009198 0.044078809032974536 -0.0057075101145039791 0.013390598130371155 0.01095555111303455 0.052239481896247136 0.0022154396997676675 0.016209057803445372 0.047824563040840637 0.01560489773429715 -0.0024370166308504953 0.052916158558787812 -0.012505125395424897 0.0051828340059985149 0.022119278558870185 -0.024885954441848396 -0.0096160391007389101 0.010096391569028331 0.050056365796066843 0.025672233881881851 -0.0091160526412852935 -0.034651973690074424 -0.015660137016673015 0.029557704602918095 -0.067286238587594069 -0.012524492508815089 0.03100784768676991 -0.031701259589143979 -0.009849358897836934 0.0078040854757133295 0.049905676154645098 -0.053811443469570543 0.048620589299657131 -0.0070489439521950531 0.041123386001179853 0.0064690506824404449 0.019154362193346354 -0.12621195834780136 0.025745467992390261 -0.037797428221422555 0.0071142289969277107 -0.0020149482060644848 -0.11352195753091443 -0.0061826002115950712 0.0065540630686441439 0.012145476009441967 0.0023292369199553512 0.0052018320080691504 0.005552024602709156 -0.02650634183379761 -0.079178893187885638 0.049119623847509258 0.036346525188893301 -0.01664814400067359 -0.014522002984671635 -0.031219608025338581 0.045714308855451843 0.011742866283654077 -0.036057282398640367
leaf_weight=4839.3060946837068 359.88198482990265 5249.7972209826112 82.448736682534218 1110.028094664216 999.63360469788313 4887.6475340053439 4145.5135838985443 214.84631700068712 3188.4301100000739 155.52421475946903 3961.3457563370466 898.70314251631498 1647.0457547754049 238.21821583807468 237.05193285644054 38.731526166200638 16255.077788211405 834.55501222610474 135.80494752526283 837.28163802623749 50.378042623400688 86.856416538357735 2151.5664757937193 1509.1948032975197 238.59162154048681 462.26565939188004 243.50519366562366 66.574053645133972 234.16342771053314 1180.5237686112523 254.88933701440692 34.037236794829369 446.35201463103294 203.85311747342348 28.504426896572113 94.062957853078842 304.45178381353617 503.9267764762044 136.97986017167568 75.038720458745956 14.470465362071989 545.65640131384134 94.722522601485252 5626.6197483092546 2316.1684391722083 15.919019237160681 2367.4146870970726 5462.0901778489351 436.44599211215973 1138.0353233963251 1359.1259849518538 1291.8317452520132 42.249085247516632 19.253611952066422 39.041267111897469 215.3972160667181 417.01617643237114 355.19091767817736 166.54695037007332 815.4106492549181 390.73041459918022 51.303647950291634
leaf_count=33624 876 15407 201 4611 2763 32956 10137 625 11624 434 9733 2846 3989 648 785 112 47813 2308 573 4250 141 157 4988 6930 3142 2421 539 236 643 3143 2098 97 1359 501 127 217 1334 1311 396 209 63 1445 499 16686 7773 67 10632 20570 1732 3077 3509 5355 127 75 134 473 1505 1522 1270 2397 1445 171
internal_value=0.00818402 0.00453558 0.0370365 0.00201021 0.0135871 -0.00311074 0.00507683 0.0255821 0.0456964 0.0142906 0.0112792 0.0354745 0.00375426 0.0145322 0.0257576 0.0322527 0.00309273 -0.000443819 0.011304 -0.00149958 0.0353547 0.00542133 0.0228703 0.000201703 -0.0110791 0.001168 0.00311906 -0.0047316 -0.0246471 0.0344834 -0.00997503 0.0186452 0.010018 0.034824 0.0071147 0.0149085 0.0154759 0.0275653 0.0337168 -0.00681039 -0.0434324 0.0376051 0.00140839 0.00265835 0.0044521 -0.0428856 0.00202254 0.00440481 -0.00332967 0.011447 0.0133972 -0.00394143 0.0212686 -0.0145888 -0.00066485 0.0145245 -0.00238772 0.00122293 -0.00654819 0.037016 -0.00672693 0.00619505
internal_weight=81803.2 72620.3 9182.95 56779 15841.3 21266.3 35512.7 3953.59 5229.36 1742.8 14098.1 2040.93 31151.8 8848.29 1142.23 1743.16 29504.7 15933.5 1313.85 14619.7 1614.92 16341.9 2389.78 13162.8 5332.79 9565.5 946.374 660.619 300.737 2210.78 5094.2 905.178 590.371 314.806 110.953 540.415 1178.05 796.431 640.907 128.241 53.202 1545.29 11653.6 10101.5 7942.79 49.9563 9103.23 6299.37 2803.86 6458.51 5320.47 2158.76 285.754 69.6317 343.493 4360.91 2064.04 1647.02 5054.19 1995.93 1552.06 442.034
internal_count=296831 268280 28551 226110 42170 117044 109066 10727 17824 4562 37362 6200 98456 21955 3354 4808 94467 78180 4349 73831 4424 47970 5636 46497 38864 39605 2421 1755 879 6165 35722 2569 1740 829 328 1576 3776 2141 1707 384 175 4208 39567 33340 24459 164 37184 24820 12364 16319 13242 8881 666 216 1468 10610 8382 6877 34226 5540 6227 1616
is_linear=0
shrinkage=0.05


Tree=43
num_leaves=63
num_cat=0
split_feature=11 9 48 38 47 1 45 21 59 0 1 7 46 30 59 48 59 50 1 59 46 45 1 28 7 40 33 21 44 47 32 50 61 38 6 46 33 50 37 60 59 9 0 26 47 25 59 9 1 52 46 3 36 48 59 44 46 40 54 32 45 27
split_gain=3236.08 596.376 470.9 329.178 243.73 163.097 152.24 117.505 112.049 108.275 107.573 106.413 105.78 104.913 97.5565 89.1142 87.7087 125.446 79.3146 76.7344 79.1216 72.2866 70.0408 68.8211 65.0342 63.2686 60.7184 60.035 60.0306 58.4194 57.8056 72.2883 55.7858 54.4512 51.3192 51.3153 52.364 50.1608 68.4317 52.3488 57.7238 49.5989 48.9778 47.7879 47.7399 47.7201 46.9422 46.488 44.2068 44.1624 47.8555 60.2043 47.1604 45.7606 72.0845 59.1562 44.062 43.4428 59.0851 107.281 43.31 42.3856
threshold=4.5000000000000009 189548.00000000003 63132282318.027382 5823628996.9336138 24.768920932137277 5.1950000000000012 0.61367698529807357 9.9285714285714306 263.96902072500785 56.95000000000001 6.0750000000000011 24.950000000000003 24.504166666666674 22.500000000000004 342.2143492731139 484076989611.0094 779.82269281538936 1.0000000180025095e-35 4.5950000000000006 139.78673502612926 33.000694444444456 0.55571550062344965 6.9450000000000012 1693756202.7702296 29.250000000000004 24.500000000000004 4.3504545454545474 3.3571428571428572 0.31921429234176674 125.71726521687114 6.0950000000000006 39.500000000000007 0.062442503830628694 19581195501.549858 3.7150000000000003 181.95555555555561 4.9995689655172439 18.500000000000004 19.486555862294423 12.506174152544924 48.519359036383982 15092809.000000002 101.55000000000001 200.01250000000002 134.6450131923261 0.82340870723404824 28.034763607085129 1981.5000000000002 6.8750000000000009 3837302.637057642 10.857389610389612 108.15000000000002 532.87142857142862 1529174843.0337913 779.82269281538936 0.45865560785435072 7.623193277310925 284.50000000000006 1.9000383583267244 6.6950000000000012 0.81430215356859681 142.91492535192043
decision_type=2 2 2 2 2 2 2 2 2 2 2 2 2 2 2 2 2 2 2 2 2 2 2 2 2 2 2 2 2 2 2 2 2 2 2 2 2 2 2 2 2 2 2 2 2 2 2 2 2 2 2 2 2 2 2 2 2 2 2 2 2 2
left_child=1 3 6 10 5 8 27 24 12 11 13 22 56 19 18 26 23 -18 -6 20 30 -15 46 60 32 -10 -5 -2 -16 47 31 -1 -8 41 -26 36 -22 39 -39 -34 -41 -14 -12 -25 48 -23 -7 -28 -20 50 51 -21 53 55 -55 -52 -3 58 -49 -60 -4 -31
right_child=2 4 16 15 14 9 7 -9 25 -11 42 -13 33 21 28 -17 17 -19 44 49 35 45 -24 43 34 -27 29 -29 -30 61 -32 -33 37 -35 -36 -37 -38 38 -40 40 -42 -43 -44 -45 -46 -47 -48 57 -50 -51 52 -53 -54 54 -56 -57 -58 -59 59 -61 -62 -63
leaf_value=0.0023992942890509249 0.031374390086893016 -0.038510938470075647 0.027455186458379906 -0.059375535947154806 0.0011538815878892621 -0.0021633115865461205 -0.07161344469827037 0.04608897746305321 -0.020557357312795649 -0.015302468254462107 0.034782421646329852 -0.013292251528074986 -0.0020168238665115058 0.042308611935248847 0.0010426645690881403 0.034013493210031345 -0.11827527319867277 0.039553560920739791 0.0080110868125934567 0.026618668449439511 0.008558265539607127 0.027947002853456041 0.030662405809237188 0.050747389780044838 -0.10416714270016986 0.011156822077119804 0.029530745470475031 0.052721682062049462 -0.020696444640830289 -0.046960061425409289 -0.016669055184885522 0.069773575206687671 0.022270179793712989 0.024080163564058042 -0.0048786118738108619 -0.0064186946251775026 0.017961062604989694 0.005821690532453766 -0.082548178563642355 -0.021082502320939354 0.021834458188208769 -0.01606655816559116 -0.013311162446698069 -0.0409918703926829 -0.0038620204335328479 0.0096705247361920446 0.0094808841697502713 0.01625642239257797 0.046460741185846345 -0.070306410574202824 -0.002299025442792894 -0.027543282385558938 0.010927575859853354 0.0025151100488176766 0.043935771602025511 -0.021068283788166189 -0.012665324801556655 0.040380361173310543 0.032977643676398549 -0.070579337304388937 -0.056854628444702709 0.022063079114177601
leaf_weight=3405.6555003598332 849.18669728189707 179.36478918790817 186.96471264958382 25.609291180968285 8991.1244885921478 1183.2933401167393 17.172489747405052 395.79439680278301 1837.5621971748769 719.83443805575371 467.39346574246883 670.83916163444519 7943.9172294363379 242.9771376401186 650.3539996817708 968.13232041150331 19.052173465490341 37.118020623922348 10917.582617796957 324.97956174612045 9593.3479321151972 452.8351286649704 317.6959680467844 3873.1986389458179 17.914437547326088 171.97924444079399 806.62716633826494 538.01764930039644 620.59367083758116 59.230553008615971 410.17631398141384 40.283429563045502 2846.5749064311385 187.89414864778519 47.579255238175392 496.13006678968668 1750.9133255034685 137.30201172828674 26.066339112818241 154.06813278794289 159.42204286903143 682.10636712610722 59.699326515197754 14.247606821358202 874.77506943792105 1690.3280490338802 3223.1368852257729 3691.6578641459346 75.271162644028664 21.783096760511398 3300.3568127453327 60.926235385239124 831.63865817338228 1164.9426036179066 115.44781975448132 480.98481944203377 2045.3728112503886 179.78667675703764 46.611824527382851 53.963177442550659 16.583640940487385 35.615889772772789
leaf_count=12508 2315 1415 589 104 32885 5347 61 1342 16694 3296 987 3677 39145 566 3505 2561 91 125 32281 1164 27366 1021 711 14141 73 503 1985 1798 2598 193 1186 89 7396 436 132 1565 4217 381 107 478 403 6470 167 52 2847 4289 13008 9251 141 108 11932 283 2271 3170 229 1673 12620 437 102 196 62 86
internal_value=0.0078168 0.00422878 0.0355144 0.00949703 0.000302017 -0.00382602 0.0254757 0.0203025 -0.00698377 0.00291219 0.00698752 0.00534252 -0.00500685 0.00650444 0.00387665 0.0201518 0.0480752 -0.0139799 0.00469612 0.00542427 0.00729531 0.0164625 0.00798871 0.0489272 0.017306 -0.0178432 0.0174125 0.0396538 -0.00957237 0.017816 0.00107482 0.00318691 0.0182734 -0.0025478 -0.0320369 0.00932116 0.0100095 0.0187379 -0.00827822 0.0201345 0.000742454 -0.00312781 0.0293353 0.0504112 0.00737978 0.0135322 0.00635398 0.0185872 0.00827436 0.000763338 0.00100988 0.0180677 -0.000107084 -0.00192007 0.00624985 -0.00468647 -0.0147491 0.0163648 0.0152263 -0.0225855 0.0205862 -0.0210411
internal_weight=81407 72070.7 9336.26 30778 41292.7 19163 5189.1 3801.89 13048.2 6114.8 24910.8 5394.97 11038.7 24383.7 22129.7 5867.23 4147.16 56.1702 20858.8 21997.6 15696.5 2386.14 4724.13 4090.99 3406.1 2009.54 4899.1 1387.2 1270.95 4873.49 3856.12 3445.94 3340.61 8813.92 65.4937 11840.4 11344.3 3323.43 163.368 3160.07 313.49 8626.02 527.093 3887.45 11867.6 2143.16 4406.43 4778.65 10992.9 6301.06 6279.28 385.906 5893.37 5061.73 1280.39 3781.34 2224.74 3972.02 3792.23 100.575 203.548 94.8464
internal_count=296831 267285 29546 89706 177579 103322 14486 10373 77283 26039 74791 22743 60086 73637 74257 14915 15060 216 68154 67761 46931 5876 19066 14844 9031 17197 12354 4113 6103 12250 13783 12597 8826 46051 205 33148 31583 8765 488 8277 881 45615 1154 14193 35269 5310 18355 11971 32422 20830 20722 1447 19275 17004 3399 13605 14035 9986 9549 298 651 279
is_linear=0
shrinkage=0.05


Tree=44
num_leaves=63
num_cat=0
split_feature=20 14 10 41 43 28 1 43 48 41 33 30 54 1 20 1 0 41 1 26 46 30 55 45 62 26 17 53 2 48 63 55 8 2 36 22 17 28 20 62 42 30 23 3 24 20 14 25 9 28 43 46 41 46 0 2 46 2 56 32 20 30
split_gain=3045.9 557.488 361.916 352.359 223.44 210.941 183.295 150.64 143.877 120.487 96.6569 92.0223 83.5303 83.0511 82.6479 68.1523 77.2996 71.6707 66.2167 62.9056 62.1087 58.7711 58.4961 58.1978 55.9661 56.5444 74.1401 53.8369 53.4167 53.0227 52.7591 52.1418 51.0977 50.644 50.395 49.5705 69.3825 126.735 109.95 75.3865 67.4962 77.5343 51.9463 51.3994 49.5501 50.2686 56.4225 48.0762 47.0217 46.3122 46.0719 58.8306 52.2479 45.9222 45.8164 44.9101 49.7911 43.9831 43.3166 43.1962 43.0018 42.7073
threshold=14.500000000000002 1.0000000180025095e-35 8.5000000000000018 0.083333333333333259 4.9142857142857164 23850376619.731842 4.4850000000000012 4.6375216262975796 49525764906.738258 0.5277777777777779 4.7201265822784819 71.500000000000014 1.0097141977122124 4.9050000000000011 89.500000000000014 6.2950000000000008 95.550000000000011 0.016666666666666653 6.8750000000000009 10.001271186440681 54.682738095238101 25.500000000000004 6863202.8094824394 0.93540349948392765 0.066033372251071989 33.265942028985513 1.8000000000000005 1.0000000180025095e-35 10.500000000000002 36606493520.552925 1.0000000000000007 1208947.7844442523 0.19950000000000004 5.5000000000000009 12.460434782608697 5.6950000000000012 4.1455967228215282 16006611704.25831 49.500000000000007 0.051121300043314728 5.995000000000001 26.500000000000004 4.4801282051282074 119.05000000000001 0.38971143170299749 26.500000000000004 0.37149629855022098 0.72382413650542077 6941.5000000000009 298974101.87215501 4.5785853251806579 418.04354838709685 0.22777777777777777 42.023166368515213 192.85000000000005 10.500000000000002 6.003000000000001 2.5000000000000004 28.500000000000004 5.7950000000000008 33.500000000000007 40.500000000000007
decision_type=2 2 2 2 2 2 2 2 2 2 2 2 2 2 2 2 2 2 2 2 2 2 2 2 2 2 2 2 2 2 2 2 2 2 2 2 2 2 2 2 2 2 2 2 2 2 2 2 2 2 2 2 2 2 2 2 2 2 2 2 2 2
left_child=1 3 7 6 9 13 28 11 10 12 14 24 18 22 35 17 32 54 20 -15 30 57 48 -11 25 26 29 55 33 -2 -5 -26 -17 59 -9 42 40 39 47 -38 41 -37 43 -4 -28 -46 -47 61 -3 58 -22 52 -52 -25 -8 56 -19 -6 -13 -1 -36 -39
right_child=2 5 8 4 21 -7 15 34 -10 23 -12 49 -14 19 -16 16 -18 27 -20 -21 50 -23 -24 53 31 -27 44 -29 -30 -31 -32 -33 -34 -35 60 36 37 38 -40 -41 -42 -43 -44 -45 45 46 -48 -49 -50 -51 51 -53 -54 -55 -56 -57 -58 -59 -60 -61 -62 -63
leaf_value=-0.028736255929175471 0.017225285769978546 0.01440433525137263 0.026443197029811061 -0.0012146805232020113 0.023552003892933514 0.03441328604826023 -0.0047782770438636636 0.0095959440868119226 0.051421142722227822 0.014370642183111987 0.047276535108928701 0.018319139958578309 -0.01110480611215741 -0.00026496353695330729 0.052537695765999842 0.027349123103709034 -0.031175934216975471 -0.053720896834355304 0.045573952365978637 0.024532702865992042 0.0019666659092493484 0.036509077875033429 -0.020426934745760742 -0.010476525723239948 -0.04462767718510266 0.030331357847903154 -0.1019534237790601 -0.01458874770781537 -0.031956531962956364 -0.034550457208142371 0.017579885085651264 0.011403465825822369 0.0066715799674536948 -0.0077865145110447044 0.029145094363464477 0.029763174791880943 0.020900863826554213 -0.055047038652063798 -0.20033959143461444 -0.090154626110859254 0.029861674531382616 -0.12904828960221471 0.048526528742614844 -0.051569228748440735 0.0095828258206482886 -0.025586537392483358 -0.15004823197884926 -0.1082757667604398 0.0059504221499862581 0.033121582924874708 0.0027309298338933433 0.017852595252525628 0.010944047026089669 0.0093048326728825247 -0.031058332903920256 -0.009515045235569345 0.0033487933422046744 0.011327357599302562 -0.035151171375216721 0.037696551039026562 0.044405099418300918 0.058632861005944809
leaf_weight=440.02417349815369 357.31276905536652 3417.4236175641418 81.047142684459686 8865.2166326418519 896.30466659367085 1230.1166939437389 5333.9179099090397 211.82955724745989 2935.5514653399587 3535.8509782552719 795.68221860378981 157.02336597442627 1081.7469171062112 298.13732966780663 215.14049488306046 449.12941658496857 103.88144656270742 38.373177349567413 91.277968257665634 1798.619942009449 8726.3498799800873 294.26956154406071 158.24719063937664 472.52574250102043 108.59441807866096 207.6657105833292 21.752215594053268 501.31415088474751 273.35443583503366 57.390233159065247 389.81754823029041 67.223984986543655 892.47978436946869 4866.1529829241335 1145.6132748872042 15.800081998109819 162.14988270401955 18.245311036705971 13.201182149350641 16.870986990630627 339.01687078922987 14.96448741853237 211.7075504809618 28.552304834127426 63.443900570273399 34.065604105591774 12.427871093153952 16.333364546298981 3171.1269758045673 557.12091988325119 5585.29305139184 1102.0831354260445 2963.9896562844515 773.93032328784466 171.16937358304858 759.18453032523394 9519.5251896604896 4108.5871138423681 49.917195856571198 25.910080581903458 773.25959200412035 15.098824739456175
leaf_count=4316 836 8832 202 30706 2010 3647 34589 631 11624 8564 2694 398 4591 834 768 1106 464 256 172 4202 29726 673 571 1623 354 464 87 2564 2372 174 1010 167 3111 33382 3161 36 451 72 72 69 970 68 557 128 158 103 58 72 8587 1571 16013 2720 7397 2144 1306 3165 37407 10135 157 85 2408 41
internal_value=0.0074634 0.00410089 0.0354079 0.00233528 0.00525149 0.0150135 -0.00251633 0.0238919 0.0444345 0.00374606 0.0338833 0.0127628 0.00252588 0.012315 0.0246015 -2.94878e-05 0.0103764 -0.000950956 0.00305772 0.0210067 0.00291728 0.0147934 0.00961386 0.0110958 0.00219907 0.00812218 -0.000318793 0.00141243 -0.0103995 0.0100601 -0.000423063 -0.0232042 0.0135938 -0.00929435 0.0327396 0.0181596 0.00980661 -0.0110137 -0.0720799 0.010435 0.0234266 -0.0474858 0.0340614 0.00611979 -0.0330029 -0.0193604 -0.0588556 -0.0379965 0.0103354 0.0256192 0.00459948 0.00697996 0.00557837 0.00180581 -0.0055954 0.00218994 0.00311967 0.0135166 0.00542129 -0.025042 0.0352945 -0.00357073
internal_weight=81039.3 72335.3 8704 62261.7 38887.2 10073.7 23374.4 3824.64 4879.36 33588.1 1943.81 1693.94 28805.8 8843.56 1148.13 17769 1445.49 16323.5 27724 2096.76 27632.7 5299.16 6746.8 4782.31 929.877 754.058 546.393 10818.4 5605.44 414.703 9255.03 175.818 1341.61 5332.09 2130.7 932.988 611.681 241.9 62.8787 179.021 369.781 30.7646 321.307 109.599 131.69 109.937 46.4935 49.6775 6588.55 764.061 18377.7 9651.37 8549.28 1246.46 5505.09 10317.1 9557.9 5004.89 206.941 465.934 1918.87 33.3441
internal_count=296831 268280 28551 241607 117484 26673 124123 10727 17824 104666 6200 4527 92335 23026 3506 83968 4681 79287 87744 5036 87572 12818 17990 12331 2401 1880 1416 43392 40155 1010 31716 521 4217 37783 6200 2738 1851 777 257 520 1074 104 887 330 406 319 161 185 17419 2126 55856 26130 23410 3767 35895 40828 37663 12145 555 4401 5569 113
is_linear=0
shrinkage=0.05


Tree=45
num_leaves=63
num_cat=0
split_feature=10 39 48 39 1 40 43 48 59 46 20 1 20 0 9 43 59 50 0 61 40 43 44 53 46 47 40 50 1 0 47 19 7 14 7 9 43 61 44 43 3 9 60 27 57 46 43 59 33 36 36 44 44 42 60 47 1 43 16 33 5 59
split_gain=2871.91 582.261 391.636 326.911 150.748 137.282 134.401 131.421 114.515 145.898 106.709 100.006 90.7375 81.4902 81.2891 76.1089 74.3454 102.535 72.8497 70.1326 63.4212 66.0366 57.4913 56.7244 56.1376 57.5602 55.6791 55.2377 54.0437 53.8365 60.182 64.7355 58.9402 53.6661 51.2118 50.6349 49.1732 49.0128 47.2606 47.0911 47.0356 46.9828 46.9244 125.599 46.0782 45.4079 44.8577 44.5229 43.86 43.6302 43.0059 42.8529 42.3733 42.2682 92.6527 41.8694 41.5593 39.9906 39.4511 38.3048 38.2202 38.1966
threshold=5.5000000000000009 7.1108018635132221e+18 63132282318.027382 9984538581554978 6.3350000000000009 86.500000000000014 4.7213059619201649 484076989611.0094 103.55262827308486 31.128165064102568 84.500000000000014 4.4850000000000012 21.500000000000004 534.55000000000007 22554.500000000004 4.8600373134328372 779.82269281538936 1.0000000180025095e-35 54.050000000000004 9.4497436386815128 20.500000000000004 4.900255102040818 0.3155682704793582 3.5000000000000004 151.47392344497612 4.7144388860107158 35.500000000000007 88.500000000000014 7.5950000000000006 10.002500000000003 6.2108830233636132 2.1828589176455549e+19 25.850000000000005 0.049743582965269713 3.5100000000000002 127206812.00000001 4.2751562500000011 0.23608199953638828 0.21602468994692858 4.4600420168067236 220.15000000000001 12015.500000000002 3.2142857112723218 0.8000000000000026 0.52167505979057271 10.857389610389612 4.6895042839657295 693.66653281436766 4.7473576799140735 7.9502051282051296 13.301833333333336 0.55000944330298429 0.49708813213627751 6.7950000000000008 11.651785712335082 0.37282548461146886 5.2650000000000006 4.825049019607845 77.333333333333343 4.2506250000000021 0.8650000000000001 263.96902072500785
decision_type=2 2 2 2 2 2 2 2 2 2 2 2 2 2 2 2 2 2 2 2 2 2 2 2 2 2 2 2 2 2 2 2 2 2 2 2 2 2 2 2 2 2 2 2 2 2 2 2 2 2 2 2 2 2 2 2 2 2 2 2 2 2
left_child=1 3 6 11 5 8 10 14 9 27 29 47 50 23 39 26 42 -18 -6 22 21 -16 -15 33 25 -17 36 37 34 32 31 53 -2 49 -13 60 -11 -5 -35 -3 57 -27 43 -4 -32 -40 59 -1 51 -10 -8 -9 -38 -31 -55 -23 -22 -7 -46 -24 -36 -51
right_child=2 7 16 4 18 40 12 48 13 15 -12 28 -14 19 20 24 17 -19 -20 -21 56 55 46 -25 -26 41 -28 -29 -30 30 44 -33 -34 38 35 -37 52 -39 45 -41 -42 -43 -44 -45 58 -47 -48 -49 -50 61 -52 -53 -54 54 -56 -57 -58 -59 -60 -61 -62 -63
leaf_value=-0.0096676513057775831 0.02375135114552511 -0.010581818411616596 -0.096571314910608649 -0.01056667033497097 0.038180857344293925 0.014859122642004933 0.0064641932776552851 0.028078175290521919 -0.035756185419776564 -0.015779847377505561 0.048579351900592239 -0.021397269957861304 0.051294318888946179 0.022227587131030957 -0.01567126577833924 -0.00092343801051575618 -0.11133899342684628 0.039539617634917146 -0.0029596199721282947 -0.062341677952325009 0.01220622656549431 -0.012938961674772306 0.050065580441508911 -0.0093010847922550301 -0.0068524527871726224 0.027286615401152181 0.012169984422463682 0.052953542375432427 0.036025400735589817 -0.019114323600637736 -0.058603479048687637 0.040476078269402568 -0.04642106781182595 0.043463532688463549 -0.0092878484725173235 -0.015872511853062422 0.00593978369195328 0.00052570719349116161 0.029606342342488337 0.022156746475130516 -0.036015415372415836 0.013278651976393078 0.051084407322533026 0.038766614870228255 0.015730268448250508 0.0036455386403157785 0.014788207315366619 -0.03028077629649888 0.039602957764229618 0.0012001313068443148 0.032322189740432349 -0.0093193809795906798 -0.0015167165124838546 -0.17096012046357031 -0.0063266160415291432 0.012477105339744422 0.03272035979134677 0.034830642333889765 -0.061751295031689774 -0.0046701200486097402 0.00081716881147975292 -0.0045598224125276941
leaf_weight=3624.2521793991327 1141.3547215387225 114.64270190894604 18.088293232023716 1483.7259812653065 477.04521401226521 1715.692914493382 197.73697891831398 340.06703381240368 86.864660017192364 297.372313991189 258.50864890962839 330.31447144597769 643.96978489309549 729.78009357303381 408.53723819553852 614.02131439745426 17.147921212017536 32.797410294413567 138.94510707259178 33.356111332774162 2339.4879847094417 197.76823860406876 33.272855579853058 1627.907499872148 362.13390213251114 701.95538213849068 2691.4019147008657 44.348920866847038 94.102192044258118 123.27525392174721 22.404140412807465 37.271676190197468 30.729618832468987 95.129748225212097 1066.3933757282794 564.58823952078819 12064.891771331429 3028.7167657539248 194.23152010142803 2621.8492223694921 41.476325526833534 4065.0200770646334 3165.1355421766639 328.03486872464418 781.49553708732128 1268.2730501145124 672.41182924807072 282.36998256668448 740.16598285734653 11664.538612261415 860.73435673862696 98.872151054441929 2262.6095602810383 15.776460297405718 18.646764531731606 896.91753336042166 276.01776079833508 293.53927174210548 16.781429544091225 812.128756031394 7637.9726485721767 3821.1033281311393
leaf_count=27340 3019 324 91 6592 979 4202 558 917 451 1572 950 2112 2301 2031 1217 2115 79 119 364 127 5995 595 84 6349 1102 1565 6855 100 210 371 90 116 102 264 6718 4209 38288 10731 472 6834 135 10518 12683 1191 2117 3397 1640 4041 2021 38015 2403 299 6598 79 58 2264 634 675 59 2420 41724 15350
internal_value=0.00712698 0.00406006 0.0361483 0.00248869 0.00431514 0.00401647 0.0257075 0.0167576 0.00348235 0.00559958 0.0181999 -0.00440372 0.0364953 0.000703241 0.0141054 0.00721512 0.0483114 -0.0122621 0.0289011 0.00962697 0.00966741 0.0014833 0.010695 -0.00038187 0.012203 0.0134854 0.00556083 -0.0025758 -0.00168179 0.0146102 0.00618428 -0.0187866 0.0219116 0.000465739 -0.00205143 -0.00136201 0.00434456 -0.00312155 0.00931457 0.0207852 0.0166889 0.0153414 0.049173 0.0316939 0.0121166 0.00709333 0.00515007 -0.0111576 0.0321768 -0.000419362 0.0274916 0.0196543 0.00476225 -0.0327932 -0.0817796 0.00788539 0.0143711 0.0177769 0.0141014 -0.00251586 -0.000420822 -0.000221145
internal_weight=80666.1 72956.2 7709.89 64921.9 51321.9 50705.9 4148.69 8034.33 48655.2 27616.2 2446.24 13600 1702.44 21039 6855.22 23059.4 3561.2 49.9453 615.99 2280.95 4118.73 1503.22 2247.59 18758 5743.13 5381 17316.3 4556.79 9693.37 2187.74 1015.65 194.97 1172.08 17130.1 9599.27 9268.95 14624.9 4512.44 1557.63 2736.49 2050.71 4766.98 3511.26 346.123 820.681 1462.5 1517.81 3906.62 1179.11 15572.5 1058.47 438.939 14327.5 157.698 34.4232 1094.69 2615.51 2009.23 798.277 845.402 8704.37 15485.6
internal_count=296831 270445 26386 249345 162991 161648 12223 21100 156636 86036 6961 86354 5262 70600 17863 68613 14163 198 1343 6302 10705 4076 6175 64298 15300 14198 53313 17423 54973 6011 2890 624 3121 57949 54763 52651 46458 17323 4133 7158 5012 12083 13965 1282 2266 3869 4144 31381 3237 53816 2961 1216 44886 508 137 2859 6629 4877 2176 2504 48442 53365
is_linear=0
shrinkage=0.05


Tree=46
num_leaves=63
num_cat=0
split_feature=20 18 30 18 48 20 29 36 59 48 56 29 46 33 9 2 0 9 59 59 2 30 29 56 9 34 37 51 25 45 26 14 27 46 9 46 54 45 36 57 61 40 38 42 36 62 48 44 45 55 44 45 34 30 35 33 3 59 5 40 38 59
split_gain=2699.03 538.973 341.936 297.429 156.569 150.534 135.487 115.349 104.869 97.5102 95.6842 94.4359 93.0262 86.432 80.2918 67.3925 66.1844 65.8148 62.4722 60.4177 60.2578 59.2011 62.1636 55.316 53.4273 51.3759 51.3741 54.0253 50.6752 49.5073 54.687 60.1241 58.8197 49.171 48.8685 48.3243 46.9246 46.6047 52.4046 93.4151 111.109 45.8842 54.0858 76.421 54.7055 68.3068 49.307 45.7656 57.7456 56.2073 45.7367 60.0397 46.1055 45.1749 44.7727 44.6224 44.0434 42.2295 41.9332 57.9525 41.8339 41.823
threshold=17.500000000000004 1015884274.1461791 2.5000000000000004 427301467.89766169 367065762881.72784 76.500000000000014 5.7513167451088888e+19 7.9502051282051296 326.37629440846257 18405899430.285458 29.500000000000004 2.0668829100042539e+19 46.665765765765762 4.8125341530054655 212866.50000000003 1.5000000000000002 36.050000000000004 9603.5000000000018 126.37861785162376 779.82269281538936 1.0000000180025095e-35 217.50000000000003 7.4695676423988838e+18 4.5000000000000009 191207753.50000003 0.70001778393672864 6.0786567645774445 0.56503521655954325 1.08573620475813 0.67858512797383097 1.0000000180025095e-35 0.36913257935090976 16.101861855424684 143.54423076923081 2875.5000000000005 140.99722222222226 1.7938250339482138 0.62042068843321718 16.991287878787883 1.0218693691841232 9.6175388350696664 57.500000000000007 4991429223.2918406 6.995000000000001 32.895445344129563 0.0073268985068539747 260538373.55868104 0.4316555694210894 0.55899289749923553 6607832.0563848102 0.59673630045268466 0.77052246789286583 0.3254204309888255 156.50000000000003 1.042306756567805 4.6667434715821825 208.35000000000005 141.46609392965144 0.24050000000000002 48.500000000000007 16361337579.715494 75.841618826158538
decision_type=2 2 2 2 2 2 2 2 2 2 2 2 2 2 2 2 2 2 2 2 2 2 2 2 2 2 2 2 2 2 2 2 2 2 2 2 2 2 2 2 2 2 2 2 2 2 2 2 2 2 2 2 2 2 2 2 2 2 2 2 2 2
left_child=1 2 8 5 7 13 17 60 12 11 14 37 24 21 16 -10 47 -3 -18 34 -14 25 -23 -22 56 29 27 -12 -7 -2 53 32 41 36 -8 -36 -20 -5 -39 40 -40 46 43 -43 54 -46 -32 48 57 -50 51 -16 -53 -31 -44 -13 -1 -9 59 -11 -4 -24
right_child=3 6 4 9 -6 28 19 10 15 58 26 55 20 -15 50 -17 18 -19 33 -21 23 22 61 -25 -26 -27 -28 -29 -30 30 31 -33 -34 -35 35 -37 -38 38 39 -41 -42 42 44 -45 45 -47 -48 -49 49 -51 -52 52 -54 -55 -56 -57 -58 -59 -60 -61 -62 -63
leaf_value=-0.0027719040855267349 0.026445943164595295 0.020329842420473282 -0.03480700315242239 0.051539749901754965 0.023024021180786825 0.048017376490167324 0.048211478648331946 0.010379911130994826 0.0036204496065507063 -0.10705605892503595 -0.074765307549596136 -0.12529903510069057 0.029801052855794603 0.03706573069768631 0.0078419660026357776 -0.015163605619200641 0.0079874304135023558 0.0053143815348786292 -0.0036331466727678981 -0.026232610703160322 0.0030451167225154629 0.040891309337311665 0.02302420225443623 -0.019517395417552274 -0.025317181773205577 -0.046190013619553015 -0.011685354660149454 0.019591701290933992 -0.038476343458143256 0.063810289889088809 -0.046039252824340834 -0.02403758147643132 0.032576896791624899 0.0054271540135923972 0.028948099025203945 -0.060057079907592154 -0.043958354045467267 0.039355430508496936 -0.1071304591931896 -0.095159767459077282 0.027903925803827542 -0.022411617663322392 0.023560040446013463 -0.14291827806956361 0.015292559492369275 -0.10083093108293131 0.01735192673156874 0.0065575921335913143 0.011999372006930921 -0.079415295935466007 -0.0052571514526699413 0.0040513624677577477 -0.0027309771476974731 -0.017716532781817444 -0.05244846991278268 0.0037975836297264019 -0.025016258603166964 0.05323208115343897 0.050528897813103872 0.05479495465912794 0.019277685872354205 -0.089693076659203674
leaf_weight=11437.410798557103 540.82500974088907 2514.5462423488498 242.57428088411689 234.67775542289019 1224.9081069007516 712.82700913399458 586.74841003865004 93.896217152476311 609.90909769386053 10.079410873353483 16.241961196064949 13.733567982912065 204.37919815629721 623.67524103075266 6013.3269160762429 2199.4770422540605 5873.8541128113866 1028.1623768359423 2238.0153873115778 36.67687014490366 8785.2657290250063 334.76370833814144 17.149722941219807 280.32160571962595 279.7174389436841 36.530771940946579 1215.4313142299652 229.87683843821287 17.346348442137241 73.498406171798706 32.745923735201359 149.36246763914824 224.83020164072514 2269.0082763805985 367.07791467756033 15.911226190626619 74.544743582606316 267.94789848476648 16.592783182859421 20.500899568200111 185.96769183129072 91.304982304573059 171.88918822258711 15.371017798781393 25.070495173335075 25.590022377669811 485.15109807252884 5550.7185721471906 6798.8174809068441 16.856837093830109 1507.5855646654963 6982.7957575619221 3908.1305384263396 22.101089715957642 21.835621275007725 13.058061636984347 226.94170519709587 148.28982666879892 2887.1845528930426 12.255466520786284 41.934349045157433 15.82182242721319
leaf_count=63388 1604 6367 1085 824 3016 2655 1928 230 3179 51 78 62 571 1959 15990 18727 15906 2691 7106 126 34684 1019 62 1554 1985 126 5212 749 67 151 135 479 539 6459 1149 61 321 803 74 88 557 298 457 72 67 103 1218 14549 19461 73 4542 24980 12707 70 74 50 1740 320 12005 50 104 74
internal_value=0.00680357 0.00390557 0.00279831 0.0357925 0.00539601 0.0256661 0.0205712 0.00489643 -0.00200781 0.0458517 0.00510669 0.0298082 -0.000805625 0.0205689 0.00554977 -0.0110856 0.00751535 0.0159721 0.00457402 0.0367607 0.00295273 0.016064 0.0344397 0.00234745 -0.00372254 0.0125373 -0.00746701 0.0133649 0.0459626 0.0136787 0.00852106 0.00571867 0.00978204 0.000197826 0.0391432 0.0252504 -0.00493302 0.0332116 0.0244516 0.00654876 0.0168426 0.00388421 -0.0100709 -0.0397755 0.00289542 -0.0433646 0.0133438 0.00995438 0.0126258 0.0117733 0.00308755 0.00383177 0.00161757 0.0449626 0.0149928 -0.0623782 -0.00320469 0.0366182 0.0500009 -0.0182461 -0.0268353 -0.0310646
internal_weight=80319 73019.4 68470.2 7299.69 44446.8 3637.69 4549.12 43221.9 24023.4 3662 42937.4 752.479 21214 2907.52 41475.8 2809.39 23064 3542.71 10455.4 1006.41 9269.97 2283.84 367.735 9065.59 11944.1 1916.11 1461.55 246.119 730.173 1879.58 1338.75 1243.15 1093.79 4581.57 969.738 382.989 2312.56 725.687 491.009 223.061 202.56 868.958 351.061 106.676 244.385 50.6605 517.897 12608.6 7057.86 6815.67 18411.8 16904.3 10890.9 95.5995 193.725 26.7916 11664.4 242.186 2909.52 22.3349 284.509 32.9715
internal_count=296831 271038 258716 25793 132888 11229 12322 129872 125828 14564 128683 2458 103922 8507 122644 21906 64425 9058 29792 3264 36809 6548 1155 36238 67113 5393 6039 827 2722 5267 3663 3442 2963 13886 3138 1210 7427 2346 1522 719 631 2424 1071 370 701 170 1353 34633 20084 19534 58219 53677 37687 221 531 112 65128 550 12106 101 1189 136
is_linear=0
shrinkage=0.05


Tree=47
num_leaves=63
num_cat=0
split_feature=10 38 49 40 43 1 45 44 49 59 20 0 40 43 31 7 59 50 9 7 40 59 40 33 18 46 59 57 9 58 60 27 40 2 20 28 42 59 47 27 31 33 44 33 0 44 40 46 31 36 62 58 33 1 43 40 50 37 31 61 60 59
split_gain=2542.86 495.463 388.165 273.568 215.802 143.911 139.307 124.906 118.074 96.548 95.7915 88.9504 81.326 74.3649 78.9385 73.4138 71.9854 84.2403 69.3469 61.1519 58.9957 58.9493 54.7416 60.1629 54.6914 56.6651 68.7236 51.4986 52.6901 49.7821 48.7418 115.363 133.781 47.0646 45.4336 44.4133 43.7498 43.5848 42.9486 64.2164 42.6988 42.5477 42.1034 55.9072 56.9849 41.6137 49.9508 47.5435 47.2318 42.6411 40.4811 47.7839 40.3387 40.0143 39.9051 39.8598 39.2637 68.9137 44.4779 42.2344 40.1064 51.0501
threshold=5.5000000000000009 5648310691.7185698 7.9478834514727879e+19 4.5000000000000009 4.6400304878048795 5.1450000000000005 0.62042068843321718 0.57228853927217804 6.0941682348611902e+20 462.29718982610228 72.500000000000014 53.350000000000001 27.500000000000004 4.8600373134328372 0.48333333333333339 24.950000000000003 779.82269281538936 1.0000000180025095e-35 22554.500000000004 29.250000000000004 300.50000000000006 36.2164213241387 20.500000000000004 4.9501269035533015 471620630.23027045 13.503125000000002 100.31313370088866 1.216024549329106 12015.500000000002 7495286.7758558532 3.2142857112723218 0.90000000000000135 253.50000000000003 9.5000000000000018 23.500000000000004 2833726884.5512481 5.495000000000001 361.63901593217065 125.71726521687114 57.043514662489677 0.18333333333333332 4.7473576799140735 0.45684969068500797 4.4645950374531838 317.15000000000003 0.43472115803056183 20.500000000000004 14.091559748427676 1.6833333333333336 32.999504950495059 -0.060882116348926534 9792993.0597761068 4.9668217054263577 6.2950000000000008 4.4600420168067236 284.50000000000006 18.500000000000004 19.486555862294423 1.95 0.10757549549666541 12.506174152544924 48.519359036383982
decision_type=2 2 2 2 2 2 2 2 2 2 2 2 2 2 2 2 2 2 2 2 2 2 2 2 2 2 2 2 2 2 2 2 2 2 2 2 2 2 2 2 2 2 2 2 2 2 2 2 2 2 2 2 2 2 2 2 2 2 2 2 2 2
left_child=1 3 6 5 12 9 34 13 18 33 19 15 27 20 24 21 30 -18 38 56 45 36 23 -20 25 26 -15 28 -5 -14 31 32 -4 -1 -2 -21 -7 -30 54 -40 -9 -10 43 44 -31 46 -6 -47 -48 -50 -45 -52 55 -23 -3 -24 59 58 -58 -8 -61 -62
right_child=2 8 16 4 7 11 10 40 41 -11 -12 -13 29 14 -16 -17 17 -19 22 35 -22 53 52 -25 -26 -27 -28 -29 37 42 -32 -33 -34 -35 -36 -37 -38 -39 39 -41 -42 -43 -44 50 -46 47 48 -49 49 -51 51 -53 -54 -55 -56 -57 57 -59 -60 60 61 -63
leaf_value=-0.0045216183381777192 0.03085126777933932 -0.0090071767660688685 -0.21119146596851676 0.0081492685667813782 0.0061780048246486904 0.01045906205935631 -0.059542362106680402 -0.0060316936183251128 0.017953878824463528 -0.021057866274691913 0.044681965623899325 -0.012141048023847618 0.0061800795518705638 -0.050043580093375055 0.033828012341390407 -0.0099278804299016213 -0.096687977583482937 0.038074045287699941 -0.01836984214071409 0.0072233291393445451 0.032576905769685582 0.008697727788441972 0.0087916934490409673 0.0063932565718132885 0.029859556826289171 0.011343087127852544 0.02886234333455346 -0.010675251204217228 -0.00062408234389515788 -0.010195951929663646 0.05029170842371096 0.037886473490778616 0.036508844592205318 -0.021124315706572257 0.051489035131886067 -0.087009528092345315 -0.0066885942575234661 -0.012571494533321856 -0.093282711221520723 0.023762491453204387 0.005884616371586192 0.037944246027514943 -0.027485415606145164 0.054716176882589444 0.042372337832996224 -0.025898162591247581 0.016887839960318989 0.003442627737272122 -0.091884561812849416 0.0077278640271978231 -0.031515884090345052 0.026080594945990417 0.026822509370337463 0.022971522846447785 0.021408206496717843 0.039177795140716627 0.020100562939182061 -0.094675941178520961 -0.058579841747050582 0.020553916005748782 -0.024663760891484813 0.021791705536178534
leaf_weight=8599.0956244319677 651.84354190528393 112.67596165835857 10.371372476220133 1640.3722839280963 5443.9863775297999 597.99380472302437 17.5025734603405 1988.0414768084884 426.76259183138609 1096.1680680178106 310.3616740629077 863.44301156699657 7982.2198316901922 80.470474690198898 430.96344251930714 694.29929456114769 18.573991298675537 30.869321800768375 308.94531582295895 25.241215720772743 216.63983398675919 2257.1640364378691 2019.131921581924 1190.2084270268679 395.04485966265202 6530.5681286305189 41.995913773775101 1302.2299554347992 12806.505772732198 796.87007566541433 2917.70311242342 306.06371892988682 11.490181699395178 449.14718046784401 451.32730667293072 24.779011517763138 984.11925777792931 811.74140288680792 20.962515883147717 26.574830606579781 1208.8574710264802 707.39344783872366 172.34126779437065 64.081719905138016 55.118587151169777 142.44915141910315 1822.8263691738248 4487.2673068344593 19.054797939956188 24.630441807210445 52.525293007493019 114.53215425461531 454.46607488393784 627.48985301703215 2512.9366891086102 114.02036011219025 94.375095948576927 20.311024472117424 22.184005945920944 2157.478073053062 116.74576615542173 119.84486224502325
leaf_count=54921 1949 317 69 5070 16297 2304 59 6218 1216 11655 1216 4019 22131 327 990 3785 79 119 939 65 525 9877 5242 3137 842 16742 111 5541 49218 3205 12683 1178 35 3051 1764 99 4600 4258 85 66 3077 2021 594 144 132 500 4349 12439 76 75 171 275 1099 1826 6690 288 249 87 85 5960 375 315
internal_value=0.00649276 0.00366655 0.0346093 0.0022258 0.00409906 -0.00340839 0.0241655 0.0076395 0.0154932 -0.00704355 0.0184278 0.00271269 0.000965621 0.00913168 0.0130547 0.00519772 0.0473254 -0.012551 0.0129885 0.0152919 0.00671821 0.00754879 0.00889274 0.00129008 0.0117844 0.0107112 -0.0229853 -0.00113104 -0.000316495 0.0047244 0.0482375 0.0299606 -0.081003 -0.00534576 0.0392946 -0.0394577 -0.000207267 -0.00133623 0.0192502 -0.0278509 -0.00152573 0.0304222 -0.00453076 -0.000878339 -0.0067951 0.00624904 0.00859806 0.00253986 0.0156565 -0.0357215 0.0209311 0.00797142 0.0132974 0.0118027 0.020103 0.0104159 0.0163666 -0.00968442 0.00512579 0.0178451 0.0184109 -0.00113177
internal_weight=80001.4 72694.3 7307.07 64800.3 48631.3 16168.9 4011.99 22832.8 7894.08 10144.4 2908.82 6024.51 25798.5 19635.9 7479.04 5161.07 3295.07 49.4433 6759.92 2598.46 12156.9 4466.77 4086.77 1499.15 7048.08 6653.03 122.466 16560.8 15258.6 9237.69 3245.63 327.925 21.8616 9048.24 1103.17 50.0202 1582.11 13618.2 2673.15 47.5373 3196.9 1134.16 1255.47 1083.13 851.989 11940.2 7310.5 4629.72 1866.51 43.6852 231.139 167.057 2587.62 2884.65 2625.61 2133.15 2548.44 136.87 116.559 2411.57 2394.07 236.591
internal_count=296831 270445 26386 249345 153307 96038 12223 62568 21100 69627 8510 26411 90739 53273 19012 22392 14163 198 17863 7294 34261 18607 10705 4076 18022 17180 438 64087 58546 26652 13965 1282 104 57972 3713 164 6904 53476 7158 151 9295 3237 4521 3927 3337 33736 20797 12939 4500 151 590 446 6629 11703 7007 5530 7130 421 334 6709 6650 690
is_linear=0
shrinkage=0.05


Tree=48
num_leaves=63
num_cat=0
split_feature=20 18 40 15 43 1 20 43 9 40 30 26 43 30 1 28 18 60 47 1 9 1 59 22 18 57 59 46 46 59 42 16 55 45 62 22 23 51 56 35 56 1 16 16 47 46 45 33 30 60 59 61 61 62 6 63 45 28 40 52 58 28
split_gain=2391.64 459.804 302.314 294.166 233.328 139.079 129.964 125.35 113.242 98.768 93.7404 89.1834 75.9713 115.17 74.4463 73.0613 72.9918 65.7378 129.136 63.9101 62.648 59.5643 57.803 56.8329 88.4349 77.0043 56.4188 95.6395 61.7562 54.1679 53.6379 51.555 51.2862 86.7158 78.4901 51.8431 69.855 51.8326 62.9015 50.9476 53.7102 50.4289 50.0125 49.1134 48.9151 48.106 55.9541 48.9966 68.1969 49.9934 46.4494 46.2487 50.8451 48.1929 44.7469 42.2464 41.9441 41.9425 41.542 67.7748 52.3705 41.0758
threshold=17.500000000000004 2165676702.9050369 7.5000000000000009 0.89086047569897941 4.8600373134328372 4.4050000000000011 99.500000000000014 4.7434035395641372 3171.5000000000005 173.50000000000003 37.500000000000007 10.001271186440681 4.6546164772727288 82.500000000000014 4.4850000000000012 45684332774.82531 447511503.3655569 3.2142857130660079 6.5729211218154111 7.0950000000000006 15092809.000000002 6.1950000000000012 75.841618826158538 5.6950000000000012 17339064707.055447 1.6000323017488245 150.49535103226688 22.361000000000004 15.000759878419455 913.99236238627816 6.7950000000000008 65.583333333333357 1386925.5058770154 1.3217658144881608 -0.00098059242903120159 4.8050000000000006 4.3201694915254256 1.4975671789767293 23.500000000000004 1.0265142299531413 1.0000000180025095e-35 5.205000000000001 13.811672413793106 15.001500000000002 10.839922098661157 6.003000000000001 0.70358108360822769 4.5667261904761913 36.500000000000007 12.077922074392818 297.26712396989052 7.0147416353055929 12.695272321983373 -0.0035908588517059577 4.035000000000001 -0.028571428571428911 0.91776325708570405 512368062.59248412 392.50000000000006 700749.5000134263 7996895.2558702296 22631762453.255054
decision_type=2 2 2 2 2 2 2 2 2 2 2 2 2 2 2 2 2 2 2 2 2 2 2 2 2 2 2 2 2 2 2 2 2 2 2 2 2 2 2 2 2 2 2 2 2 2 2 2 2 2 2 2 2 2 2 2 2 2 2 2 2 2
left_child=1 2 5 12 9 29 7 32 15 14 16 22 13 23 -4 54 39 18 -14 20 26 -16 -9 -2 25 -25 27 -7 -28 42 58 43 34 37 50 -36 -37 61 51 40 -6 -29 -1 -10 -44 -38 -47 49 -49 -48 -5 -39 53 -53 -3 -43 -33 -50 59 60 -11 -34
right_child=3 8 4 6 10 19 -8 11 31 30 -12 -13 17 -15 21 -17 -18 -19 -20 -21 -22 -23 -24 24 -26 -27 28 41 -30 -31 -32 56 33 -35 35 36 45 38 -40 -41 -42 55 44 -45 -46 46 47 48 57 -51 -52 52 -54 -55 -56 -57 -58 -59 -60 -61 -62 -63
leaf_value=0.0081524646747992424 0.050763091311143198 -0.045734400587621904 0.00043187936170250923 0.014413379667247104 0.0093383727202038091 -0.005865220518959352 0.049030952557090113 0.013867905175612033 -0.0010370481190379889 0.0082055363902160481 0.038675028997410731 0.038231574777893601 -0.16155430207713736 0.050091397117325145 0.0046009196631169817 0.044350898510092232 0.029321245472943111 0.051110931635891102 0.034008812713438578 0.022108977761255894 -0.007863423993482414 0.023700459391544287 -0.11024515796540338 -0.0077433838242523534 0.034828779351565115 -0.12079759748712778 0.012428117324837543 0.0027144875859553552 -0.0061023079072363654 -0.031840245297340794 0.024980608784939969 -0.0068491026956128132 0.03442778628441439 -0.079879702522275997 0.044124483702022953 -0.066340373652243392 0.045973307395304891 0.044964033527551378 -0.055801784924062459 0.020432159434628734 -0.019619320978289619 -0.0044670493655281562 -0.01398612229727076 0.019612827657301591 -0.0042683353398901098 0.012028042476664128 0.0056999714102573193 -0.01508767565737075 -0.027180106784895935 -0.048421773017290635 0.052018324678037832 0.009108206377588109 0.030131297183298295 -0.10534283222009799 0.024282015626008163 0.013278545650396207 -0.086441975955475925 -0.13931544349561251 0.027321314766454899 -0.10122561633728677 -0.080301509655468506 -0.0048943531879546906
leaf_weight=464.68335753679276 82.742193803191185 23.240969061851501 16180.238433070481 423.07679605484009 5939.6602837964892 2475.7460966184735 473.46835746616125 21.790582053363323 393.54114031046629 119.07735593616962 334.94075457006693 989.60664733499289 10.584037907421587 451.67003469914198 19403.628196045756 583.97379292547703 543.46388693898916 2328.8169731125236 41.698365733027458 329.35605376213789 2279.6129951439798 416.97932071983814 16.472967125475407 178.37320022284985 139.79236932098866 16.451106414198875 510.51029966771603 6183.0210210233927 3769.9400275573134 239.47981737181544 787.10090503096581 97.981648437678814 688.52327118068933 20.169448032975197 51.511431559920311 47.507612437009811 45.683087080717087 70.883399851620197 38.484256632626057 1060.1972251981497 164.5651825144887 389.68858098983765 2508.7246629819274 1073.0862456560135 2676.4450794942677 216.46765184402466 163.91145996004343 52.494827717542648 12.335597515106199 57.684982009232044 101.8933299779892 16.973706603050232 36.681503459811211 20.077484659850597 1257.7926102131605 2406.9472579061985 19.917171612381935 25.737758964300156 80.089866936206818 20.694778025150299 19.442589417099953 73.502589367330074
leaf_count=1958 225 75 54695 1176 14877 11546 1939 68 1124 301 867 3314 69 1976 55775 2045 1259 10377 166 813 16587 932 83 564 563 78 2307 26750 18542 3244 1917 279 1937 91 110 196 123 216 145 2422 492 1289 21183 2977 14995 685 450 155 39 215 222 45 116 83 3269 8106 75 122 182 81 74 245
internal_value=0.00619723 0.00352641 0.00263961 0.034297 0.00506113 -0.00186388 0.0245855 0.020959 0.0213432 0.00338444 0.0127802 0.0353355 0.0452479 0.0325943 0.0029484 0.0296935 0.011655 0.0498661 -0.00558094 0.000282284 -0.000116748 0.00500273 -0.0395644 0.0136587 0.00448373 -0.0172898 0.00100549 0.0028356 -0.00389227 -0.00854903 0.0186782 0.0115147 0.014129 0.022706 0.0072198 -0.00407935 -0.00807253 0.0248952 0.00100795 0.0103149 0.0085577 0.00523447 -0.00756179 0.0140718 -0.00897006 -0.00325258 -0.00750656 -0.0210527 -0.0520379 -0.00838876 0.0217123 0.0161258 -0.0115981 -0.0529111 0.0230118 0.0108058 -0.0202951 -0.102984 -0.00205118 -0.0168264 -0.00421727 0.0306349
internal_weight=79668.8 72753.8 69304.2 6915.07 45070.1 24234.2 3664.94 3191.47 3449.53 37027.3 8042.83 1027.87 3250.13 869.029 36000.8 1865.01 7707.89 2381.1 52.2824 18344.8 18015.5 19820.6 38.2635 417.359 334.617 194.824 15735.9 11455.4 4280.45 5889.33 1026.41 1584.53 2163.6 965.296 1198.3 673.334 621.823 945.126 183.1 7164.42 6104.23 8979.66 5649.85 1466.63 5185.17 574.315 528.632 312.165 90.5682 221.596 524.97 144.616 73.7327 37.0512 1281.03 2796.64 117.899 38.0734 239.305 159.215 138.52 762.026
internal_count=296831 271038 261194 25793 133874 127320 11775 9836 9844 113957 19917 3465 14018 3406 111402 5389 19050 10612 235 85940 85127 56707 151 1430 1205 642 68540 47691 20849 41380 2555 4455 6371 2878 3493 2095 1985 2787 605 17791 15369 36145 38136 4101 36178 1789 1666 981 316 665 1398 460 244 128 3344 9395 354 161 638 456 375 2182
is_linear=0
shrinkage=0.05


Tree=49
num_leaves=63
num_cat=0
split_feature=10 39 48 39 1 43 48 40 0 21 44 43 40 21 1 59 50 8 12 59 26 24 1 0 60 26 50 61 2 2 42 52 61 43 0 50 60 61 14 42 39 40 7 59 17 22 61 36 59 39 32 36 59 1 8 54 54 33 56 50 43 52
split_gain=2248.32 417.44 382.883 232.019 130.659 121.187 107.326 106.866 104.601 95.347 94.9258 105.302 94.7687 89.3022 82.7623 70.6749 74.7922 70.6447 66.8092 65.924 60.0987 59.4019 69.7453 58.8603 49.9189 53.2857 131.644 49.2412 48.4415 47.4584 46.1845 46.3349 46.1176 50.7163 47.6771 45.1526 71.451 58.1291 45.9578 48.3347 61.7101 44.5285 47.5447 43.3745 51.8437 58.9604 56.3769 43.096 66.8217 64.618 83.2478 59.1723 42.3556 42.1846 42.1599 41.3219 44.099 41.3199 53.7967 83.6304 44.2167 41.6918
threshold=5.5000000000000009 7.1108018635132221e+18 63132282318.027382 9984538581554978 6.0750000000000011 4.7213059619201649 484076989611.0094 86.500000000000014 34.107000000000006 14.214285714285717 0.49519213137917156 4.5105457131772928 2.5000000000000004 3.2142857142857149 4.7750000000000012 779.82269281538936 1.0000000180025095e-35 0.14050000000000004 5.705000000000001 839.60587267989297 7.5726153846153847 0.081649658092772456 4.6950000000000012 10.002500000000003 3.3540372656745503 32.759194015444024 1.5000000000000002 0.18376939221525748 12.500000000000002 9.5000000000000018 5.8850000000000007 1179767.0356070816 5.1598314242514558 4.6054217359353329 31.107000000000003 22.500000000000004 12.455357140771984 12.856133217357 0.35838167453521969 6.6950000000000012 1.2647203462989298e+19 38.500000000000007 1.8550000000000002 40.40899145905508 0.047569623414906261 5.6950000000000012 12.381080750417047 526.01333333333343 123.65052644741895 7.9225490477422246e+17 5.6250000000000009 10.350433333333337 225.90149813208021 7.5950000000000006 0.14550000000000002 2.8396177662904907 1.5105895022721811 4.5833692528735641 94.500000000000014 9.5000000000000018 4.2751562500000011 12812192.609960487
decision_type=2 2 2 2 2 2 2 2 2 2 2 2 2 2 2 2 2 2 2 2 2 2 2 2 2 2 2 2 2 2 2 2 2 2 2 2 2 2 2 2 2 2 2 2 2 2 2 2 2 2 2 2 2 2 2 2 2 2 2 2 2 2
left_child=1 3 5 14 7 9 21 10 -6 17 11 57 -13 -7 19 24 -17 23 47 29 -12 -3 28 35 25 -4 -27 -25 41 -1 32 -32 33 -22 -35 37 -37 38 -2 40 43 42 -23 44 45 -40 -46 48 51 54 -51 -14 -39 -16 -50 56 -29 58 59 60 -5 -60
right_child=2 6 15 4 8 13 -8 -9 -10 -11 20 12 18 -15 53 16 -18 -19 -20 -21 30 22 -24 27 -26 26 -28 55 -30 -31 31 -33 -34 34 -36 36 -38 52 39 -41 -42 -43 -44 -45 46 -47 -48 -49 49 50 -52 -53 -54 -55 -56 -57 -58 -59 61 -61 -62 -63
leaf_value=-0.0057912978732550212 0.040500130827603301 0.0023794600948343625 0.040598804787367465 -0.007611287363335612 0.031770495481966317 0.024850859656208684 0.028788347511389291 0.014481485989797389 0.00098284796121963776 0.051658099950600639 -0.039833813351523327 -0.004441970138525141 -0.0080959391176528839 0.050120731333332003 -0.00052905400549181701 -0.089850912212352307 0.036850584841833796 -0.087612963951739245 0.024091386311708055 -0.031578950218994338 -0.034792390488398349 -0.069920707169278035 0.020059687762217095 -0.078397784958713662 0.049577057622111606 0.021299676503192214 -0.15282959310634503 0.0055097027049692921 -0.025843901760718324 -0.025013905155040008 0.00079321059219558871 -0.027244160074940061 0.002193427450996282 -0.038613796789723841 -0.0042231818103644538 -0.054173902033517241 0.04866739711121193 -0.027449903658446146 -0.0039845257246932169 0.043008845840190518 -0.069265746065736863 0.015723194768509221 0.0040355873392317748 0.024714476961009275 -0.046559193760139894 -0.13558180710354359 0.046352109413008082 0.015848419633342405 -0.00064658654673079659 0.049586428332768023 0.007359665456235215 0.0079513136639259227 0.037889474738389384 0.03339914858354745 0.048297979155490153 0.051932522185353561 -0.062667066198315302 -0.0081709961052993108 -0.023060485660285908 0.049826913699125605 0.0023947459756375263 0.042014996830656272
leaf_weight=5840.4711176156998 410.60014597326517 1318.1073006987572 243.14917375892401 1254.6254021003842 724.5255781263113 1018.6133599877357 1093.3103824853897 1995.7604782581329 445.52837681770325 168.98239859193563 103.32963526248932 2191.8871169537306 596.84092985093594 532.33347923308611 6905.8174566105008 19.305440932512283 29.363016910851002 17.42366000264883 522.88009651005268 281.7513884305954 252.30763266980648 22.152640879154205 2618.5449258759618 17.582434326410294 2678.5007416978478 69.294577158987522 12.870130732655523 901.52900246530771 98.190659783780575 339.77066330984235 7199.5143617093563 150.43710082769394 592.3522600159049 117.66132196038961 702.37596978992224 46.585727021098137 26.494922816753387 87.036663092672825 18.837918132543564 146.16891156882048 23.453803516924381 1466.2012998834252 1143.4339097216725 275.00538235902786 26.086523205041885 15.527109801769255 43.640339374542236 1066.5291093811393 6069.7359136715531 141.48082803189754 666.85380097478628 15316.462716951966 34.687716588377953 92.848016768693924 44.319003455340862 46.675336763262749 24.359883517026901 1397.5843766406178 328.40520772337914 89.152445323765278 9201.6638642698526 26.606548801064491
leaf_count=42954 1074 3623 1009 6299 1597 3045 3237 4985 1176 727 400 10114 2245 2217 36068 79 119 68 1158 4343 1097 80 6897 65 12629 250 77 2619 318 2779 20369 492 1856 539 2421 179 60 290 54 431 99 3896 3049 721 86 68 104 2685 19958 282 1730 43323 85 210 110 137 94 5776 1644 272 32393 70
internal_value=0.00591445 0.00331019 0.0331132 0.00199511 0.00353086 0.0226941 0.0142681 0.00314458 0.0200473 0.0154872 0.00267353 0.00374946 0.0055174 0.0335243 -0.00384623 0.0463623 -0.0134084 0.0126597 0.00641115 -0.0079264 -0.00191847 0.0118868 0.0142298 0.0134745 0.0473307 0.0288355 -0.00597562 0.00453078 0.00863788 -0.0068481 -0.00148386 0.000219348 -0.00900387 -0.0151891 -0.00915765 0.0211475 -0.0168894 0.0237189 0.0278489 0.0183821 0.00943997 0.00992438 0.00263001 0.0143093 -0.0131807 -0.063444 0.0115917 0.00602438 0.00556555 0.0014647 0.0147505 0.00734945 -0.00883018 -7.89444e-05 -0.000291802 0.00603 0.00371599 -7.69588e-05 0.000960805 0.00160529 0.00119415 -0.0181834
internal_weight=79353.5 72419.4 6934.11 64659.5 51198.8 3881.62 7759.94 50028.8 1170.05 2330.68 48033 38915 26617 1550.95 13460.7 3052.48 48.6685 2161.7 24425.1 6461.99 9117.98 6666.63 5348.52 2144.27 3003.81 325.314 82.1647 990.147 2729.98 6180.24 9014.65 7349.95 1664.7 1072.34 820.037 1154.13 73.0806 1081.04 959.32 548.72 402.551 2631.79 1165.59 379.097 104.092 34.365 69.7269 23902.2 22835.7 6922.39 808.335 15913.3 121.724 6998.67 6114.05 972.564 925.889 12298 10900.5 10545.4 10456.3 355.012
internal_count=296831 270445 26386 249345 162991 12223 21100 160218 2773 6961 155233 128059 81605 5262 86354 14163 198 6234 71491 50076 27174 17863 14240 6166 13965 1336 327 2915 7343 45733 26774 20861 5913 4057 2960 3251 239 3012 2637 1563 1132 7025 3129 1033 312 122 190 70333 67648 22080 2012 45568 375 36278 20068 2850 2713 46454 40678 38964 38692 1714
is_linear=0
shrinkage=0.05


Tree=50
num_leaves=63
num_cat=0
split_feature=20 9 18 18 41 1 20 43 48 7 43 34 24 1 47 1 7 59 30 10 59 41 46 44 1 59 15 25 30 46 52 43 24 59 37 24 9 46 44 58 48 32 42 46 46 46 1 62 46 63 58 44 61 44 56 60 50 17 43 37 41 30
split_gain=2109.84 411.083 292.136 219.918 207.311 154.794 140.623 114.408 101.771 93.0085 92.9949 74.2367 72.5327 69.6156 64.0043 84.934 94.8018 82.3494 62.5959 61.1269 59.6633 57.3579 54.0988 53.2604 52.5991 50.7389 50.6642 49.5087 48.05 47.7669 47.4511 47.2416 66.4795 45.767 53.3143 45.4224 44.0425 41.513 39.8168 39.3936 79.4906 91.4586 43.2347 39.0792 38.3848 42.0391 39.4395 37.6476 37.3853 37.1591 35.7658 36.8457 44.1819 35.5888 35.4719 55.2909 50.3568 36.7416 35.0175 82.7816 58.0296 46.362
threshold=17.500000000000004 30708.500000000004 427301467.89766169 44946296964.442772 0.13888888888888887 4.2550000000000008 76.500000000000014 4.8500871080139385 23692498188.357643 3.5100000000000002 4.8143398268398281 0.70001778393672864 0.7867216588290562 4.8050000000000006 25.39916542250155 5.5550000000000006 15.110000000000001 333.98830153008242 37.500000000000007 1.5000000000000002 779.82269281538936 1.8611111111111116 465.43784836679646 1.0000000180025095e-35 6.5850000000000009 268.777959470658 0.62042068843321652 1.08573620475813 238.50000000000003 19.251923076923081 700749.5000134263 4.6600145348837225 0.40620192023179819 117.27520445318387 26.200000000000014 0.48497198234686717 15092809.000000002 418.04354838709685 0.40204975621752109 3676752.0903161769 8998042212.6060047 6.6950000000000012 5.995000000000001 151.47392344497612 492.75403225806457 181.95555555555561 5.7750000000000012 -0.73717792761300405 10.231385927505332 0.22606000718648914 3248503.6563450946 0.22334208018559518 3.021972411577686 0.36359179467646446 29.500000000000004 12.857142850105371 37.500000000000007 3.0442357346560085 4.2502631578947385 0.28392135623730991 0.5722222222222223 1.5000000000000002
decision_type=2 2 2 2 2 2 2 2 2 2 2 2 2 2 2 2 2 2 2 2 2 2 2 2 2 2 2 2 2 2 2 2 2 2 2 2 2 2 2 2 2 2 2 2 2 2 2 2 2 2 2 2 2 2 2 2 2 2 2 2 2 2
left_child=1 3 6 13 5 23 10 21 31 -7 11 28 -13 26 15 25 -17 44 53 43 37 24 38 -3 33 29 30 -8 54 -11 -1 32 -4 34 49 -30 -31 -5 -19 40 42 -42 -34 -15 45 46 50 -36 -21 -6 51 52 -16 -9 55 -2 -56 -58 59 61 -61 -28
right_child=2 4 8 20 7 9 27 18 -10 14 -12 12 -14 19 17 16 -18 22 -20 48 -22 -23 -24 -25 -26 -27 58 -29 35 36 -32 -33 39 -35 47 -37 -38 -39 -40 -41 41 -43 -44 -45 -46 -47 -48 -49 -50 -51 -52 -53 -54 -55 56 -57 57 -59 -60 60 -62 -63
leaf_value=0.029428597850253885 0.014730988398550207 -0.023138718772787809 0.048096898766012169 0.040487457100717744 -0.002051417058907332 -0.016681795560083562 0.046027510761104416 0.020514034547759241 0.048971075567053074 -0.01060973530418239 0.036547660318488079 -0.11286404592273272 0.019105842341184093 0.0097143542970936601 0.015713789360706554 0.0090406629440568428 -0.009364512768759289 -0.013412032292443674 0.036652809583988928 0.0022411171878756321 -0.029811359562878881 0.017750196861012878 0.011030124952770674 -0.0079756092186158197 0.039373310923187049 -0.01213214212937614 -0.0059063764117693934 -0.041661136675880367 0.037797268162749115 0.00028148796655270194 -0.017103983602224815 0.040529754857883266 -0.059242829530473412 -0.00034494182489852538 -0.019036445225363879 -0.042376142562660313 -0.011993618012539169 -0.030591621729490731 -0.045370851945578224 0.0240383044194485 -0.16679596953590786 -0.020902525199486755 0.025344673685263608 -0.017524537596621339 0.02121795002388405 -0.0063029456061658249 0.018834275516865669 0.0073501929011639813 0.02163364742540223 0.0082664721671175997 -0.024160805296336383 0.0030397152518238423 -0.010397873514040177 0.0082571565728766297 -0.069615717696862298 -0.033950569877112854 0.041151811300698199 -0.033830829285787511 0.0064234894678509118 -0.039385514560490206 0.02569438863652402 0.073284021654442352
leaf_weight=392.78422817587852 1712.9196525216103 692.53216486796737 117.94136510789394 756.41232857853174 3842.9030447378755 824.5934037193656 620.40762252360582 734.0361156463623 2357.9894621148705 1541.1647024452686 527.38345674425364 22.829312764108181 19.141717225313187 2041.7703475877643 1163.9759915918112 2936.8091090023518 918.44665870815516 370.52376597374678 245.95024347305298 280.27142897993326 33.276269644498825 646.02799079567194 166.96958854049444 3536.2495229877532 96.972285151481628 1621.8500045910478 36.18423780798912 16.525395087897778 286.43265285342932 7077.0153435394168 63.666579313576221 406.69691973179579 18.133233204483986 8664.8842420727015 137.5609177723527 18.827679328620434 814.87733771651983 21.115302167832851 132.24392725527287 129.83773154020309 15.277532674372194 36.185639157891273 90.49852492660284 140.75350975990295 331.27131703495979 912.54557948559523 484.87087222933769 7807.3079722821712 2194.156080186367 1128.9752258434892 109.98778785765171 6774.9103305488825 188.1924029737711 3065.7145767807961 31.745285347104073 60.382442593574524 35.914026841521263 29.970675781369209 9307.1125111319125 175.3790344260633 42.56626695394516 37.77949633449316
leaf_count=1062 4973 8040 445 2759 12627 4544 2655 1665 11629 9335 1806 101 50 5618 4806 11269 4586 2123 646 800 115 1593 533 19896 192 12923 316 67 971 34115 200 1591 64 27456 705 74 7071 74 647 394 76 122 243 419 854 3523 1198 21377 5516 3197 576 21911 807 7583 118 233 77 104 27059 994 142 166
internal_value=0.00564363 0.00318728 0.0328086 0.0104003 0.00122185 -0.0015782 0.022586 0.0044709 0.0437076 -0.000154085 0.0176756 0.0131887 -0.0526766 0.00900321 0.000379416 -0.00173433 0.00465595 0.00334274 0.0122073 0.0140572 0.0357512 0.0030689 -0.0136289 -0.0104588 0.0026314 -0.00396286 0.00666259 0.0437524 0.014459 -0.0025583 0.0229381 0.0284712 0.0164474 0.00246631 0.00435216 0.0328524 -0.000985978 0.0385572 -0.0218182 0.00357279 -0.0130248 -0.064213 0.011225 0.00795769 0.0044833 0.00390789 0.00497622 0.00689332 0.0194371 0.000291489 0.00416047 0.00454376 0.0120796 0.0106249 0.0114579 0.0130733 -0.0178836 0.00704252 0.00588866 -0.0111636 -0.0266749 0.0345428
internal_weight=79047.6 72492.6 6555.04 15523.2 56969.4 30599 3382.48 26370.3 3172.56 26370.2 2745.55 2218.16 41.971 14712.4 25545.7 14910.2 3855.26 10635.5 4045.7 4656.95 810.804 22324.6 669.737 4228.78 21678.6 11054.9 10055.5 636.933 2176.19 9433.06 456.451 814.571 407.874 21581.6 12916.7 305.26 7891.89 777.528 502.768 289.933 160.095 51.4632 108.632 2182.52 9965.75 9634.48 8721.94 7944.87 2474.43 4971.88 8237.07 8127.08 1352.17 3799.75 1870.93 1773.3 97.63 65.8847 9599.02 291.909 217.945 73.9637
internal_count=296831 271038 25793 45240 225798 148757 11229 77041 14564 120821 8507 6701 151 42292 116277 79299 15855 36978 9894 12353 2948 67147 3303 27936 65554 63444 29939 2722 6550 50521 1262 2935 1344 65362 37906 1045 41186 2833 2770 899 505 198 307 6037 33675 32821 29298 22082 6316 15824 28100 27524 5613 9248 5505 5206 299 181 28677 1618 1136 482
is_linear=0
shrinkage=0.05


end of trees

feature_importances:
magnitude=279
mag_mean_90d=224
count_90d=194
dist_to_plate_boundary_km=190
energy_90d=152
elapsed_since_last_s=130
depth_mean_90d=129
depth_std_90d=110
count_30d=100
mag_excess=96
count_7d=90
depth=84
energy_1d=84
count_1d=72
energy_30d=70
mag_std_90d=70
b_value_90d=69
mag_mean_30d=50
energy_7d=48
depth_mean_7d=45
depth_mean_30d=44
moment_90d=37
accel_energy=37
depth_mean_1d=32
b_value_trend=31
mag_type_enc=30
energy_90d_m2=29
accel_count=29
depth_error=28
rate_90d=28
count_90d_m2=26
rate_30d=25
count_7d_m2=25
mag_std_1d=22
mag_mean_7d=22
b_value_7d=22
depth_std_7d=22
depth_std_30d=22
rate_7d=21
mag_max_30d=20
mag_max_90d=20
energy_30d_m2=19
gap=18
energy_7d_m2=18
moment_30d=17
mag_max_7d=16
moment_7d=16
mag_std_30d=16
b_value_30d_m2=16
b_value_90d_m2=16
h_error=15
mag_mean_1d=15
b_value_30d=15
moment_1d=13
mag_std_7d=13
rate_1d=12
depth_std_1d=12
mag_max_1d=11
count_30d_m2=11
rms=10
b_value_7d_m2=10
mag_error=7
dmin=4
b_value_1d=4

parameters:
[boosting: gbdt]
[objective: binary]
[metric: auc]
[tree_learner: serial]
[device_type: cpu]
[data_sample_strategy: bagging]
[data: ]
[valid: ]
[num_iterations: 1000]
[learning_rate: 0.05]
[num_leaves: 63]
[num_threads: 8]
[seed: 42]
[deterministic: 0]
[force_col_wise: 0]
[force_row_wise: 0]
[histogram_pool_size: -1]
[max_depth: -1]
[min_data_in_leaf: 50]
[min_sum_hessian_in_leaf: 0.001]
[bagging_fraction: 0.8]
[pos_bagging_fraction: 1]
[neg_bagging_fraction: 1]
[bagging_freq: 0]
[bagging_seed: 400]
[bagging_by_query: 0]
[feature_fraction: 0.8]
[feature_fraction_bynode: 1]
[feature_fraction_seed: 30056]
[extra_trees: 0]
[extra_seed: 12879]
[early_stopping_round: 0]
[early_stopping_min_delta: 0]
[first_metric_only: 0]
[max_delta_step: 0]
[lambda_l1: 0]
[lambda_l2: 0]
[linear_lambda: 0]
[min_gain_to_split: 0]
[drop_rate: 0.1]
[max_drop: 50]
[skip_drop: 0.5]
[xgboost_dart_mode: 0]
[uniform_drop: 0]
[drop_seed: 17869]
[top_rate: 0.2]
[other_rate: 0.1]
[min_data_per_group: 100]
[max_cat_threshold: 32]
[cat_l2: 10]
[cat_smooth: 10]
[max_cat_to_onehot: 4]
[top_k: 20]
[monotone_constraints: ]
[monotone_constraints_method: basic]
[monotone_penalty: 0]
[feature_contri: ]
[forcedsplits_filename: ]
[refit_decay_rate: 0.9]
[cegb_tradeoff: 1]
[cegb_penalty_split: 0]
[cegb_penalty_feature_lazy: ]
[cegb_penalty_feature_coupled: ]
[path_smooth: 0]
[interaction_constraints: ]
[verbosity: -1]
[saved_feature_importance_type: 0]
[use_quantized_grad: 0]
[num_grad_quant_bins: 4]
[quant_train_renew_leaf: 0]
[stochastic_rounding: 1]
[linear_tree: 0]
[max_bin: 255]
[max_bin_by_feature: ]
[min_data_in_bin: 3]
[bin_construct_sample_cnt: 200000]
[data_random_seed: 175]
[is_enable_sparse: 1]
[enable_bundle: 1]
[use_missing: 1]
[zero_as_missing: 0]
[feature_pre_filter: 1]
[pre_partition: 0]
[two_round: 0]
[header: 0]
[label_column: ]
[weight_column: ]
[group_column: ]
[ignore_column: ]
[categorical_feature: ]
[forcedbins_filename: ]
[precise_float_parser: 0]
[parser_config_file: ]
[objective_seed: 16083]
[num_class: 1]
[is_unbalance: 0]
[scale_pos_weight: 3.10572]
[sigmoid: 1]
[boost_from_average: 1]
[reg_sqrt: 0]
[alpha: 0.9]
[fair_c: 1]
[poisson_max_delta_step: 0.7]
[tweedie_variance_power: 1.5]
[lambdarank_truncation_level: 30]
[lambdarank_norm: 1]
[label_gain: ]
[lambdarank_position_bias_regularization: 0]
[eval_at: ]
[multi_error_top_k: 1]
[auc_mu_weights: ]
[num_machines: 1]
[local_listen_port: 12400]
[time_out: 120]
[machine_list_filename: ]
[machines: ]
[gpu_platform_id: -1]
[gpu_device_id: -1]
[gpu_use_dp: 0]
[num_gpu: 1]

end of parameters

pandas_categorical:[]
