tree
version=v4
num_class=1
num_tree_per_iteration=1
label_index=0
max_feature_idx=70
objective=binary sigmoid:1
feature_names=depth magnitude mag_type_enc gap dmin rms h_error depth_error mag_error elapsed_since_last_s count_1d rate_1d mag_max_1d mag_mean_1d mag_std_1d b_value_1d depth_mean_1d depth_std_1d energy_1d moment_1d count_7d rate_7d mag_max_7d mag_mean_7d mag_std_7d b_value_7d depth_mean_7d depth_std_7d energy_7d moment_7d count_30d rate_30d mag_max_30d mag_mean_30d mag_std_30d b_value_30d depth_mean_30d depth_std_30d energy_30d moment_30d count_90d rate_90d mag_max_90d mag_mean_90d mag_std_90d b_value_90d depth_mean_90d depth_std_90d energy_90d moment_90d count_7d_m2 b_value_7d_m2 energy_7d_m2 count_30d_m2 b_value_30d_m2 energy_30d_m2 count_90d_m2 b_value_90d_m2 energy_90d_m2 dist_to_plate_boundary_km accel_count accel_energy mag_excess dist_to_nearest_fault_km fault_slip_type_enc stress_regime_enc shmax_sin shmax_cos wsm_dist_km background_rate_yr normalized_rate_30d
feature_infos=[-3.29:721.79999999999995] [4:9.5] [0:24] [0:360] [0:4.8440000000000003] [-1:69.319999999999993] [0:267] [-1:367558.09999999998] [0:1.8400000000000001] [1:3100601919] [0:295] [0:295] [4:9.5] [4:9] [0:1.8500000000000001] [0.26521800421572628:13.028834457097254] [-3:700] [0:316.39999999999998] [0:178403054996004.31] [0:2.2459613947618291e+23] [0:660] [0:94.285714285714278] [4:9.5] [4:9] [0:2] [0.26162318186942879:488972116717136.88] [-3:695.39999999999998] [0:318.80000000000001] [0:179817587802942.03] [0:2.2637693077265336e+23] [0:860] [0:28.666666666666668] [4:9.5] [4:8.5999999999999996] [0:2.118175315375634] [0.23030767979717881:30.400613733227736] [-3:686] [0:326.05000000000001] [0:179828063735796.75] [0:2.2639011919073641e+23] [0:1140] [0:12.666666666666666] [4:9.5] [4:8.5999999999999996] [0:1.9000000000000004] [0.27143405118953229:30.400613733227736] [-3:679] [0:323.89308249619802] [0:179887371919091.5] [0:2.264647837698136e+23] [0:2006] [0.31086341862548561:26.057668914195201] [0:74488712.541960031] [0:3185] [0.32911937673063579:30.400613733226791] [0:95453563.316243201] [0:4861] [0.2895296546021679:34.74355855225965] [0:118915735.41884203] [0:9353.2746413738241] [0:12.857142856448297] [0:12.857142857142859] [-3.1000000000000001:4.6111111111111098] [0:8345.5104929936078] [0:3] [0:4] [-0.98768834059513799:1] [-1:1] [0:1870.3409608795976] [0.0090923800751786001:54.226954768365239] [0:200]
tree_sizes=6890 6945 6937 6948 6933 6966 6947 6940 6975 6943 6953 6964 6942 6947 6943 6956 6959 6937 6951 6966 6966 6960 6949 6941 6974 6961 6992 6942 6961 6959 6979 6983 6973 6961 6952 6977 6967 6925 6958 6957 6961 6991 6936 6975 6938 6976 6986 6980 6977 6994 6981 6962 6977 6945 6976 6970 6969 6960 6978 6942 6945 6956 6975 6974 6959 6975 6969 6956 6951 6972 7003 6969 6974 6958 6969 6991 6975 6972 6995 6988 6978 7017 6997 7016 6948 6957 6973 6944 6932 6944 6994 6984 6978 6993 6957 6968 6970 6966 6992 6980 6959 6978 6970 6957 6942 6957 6955 6945 6961 6945 6978 6992 6971 6968 6960 6976 6943 6965 6899 6941 6931 6940 6882 6857 6953 6921 6956 6896 6896 6895 6936 6859 6921 6918 6979 6909 6923 6865

Tree=0
num_leaves=63
num_cat=0
split_feature=48 20 69 69 38 69 45 48 30 48 48 69 69 69 20 24 55 48 33 33 33 40 69 33 10 45 69 44 20 33 48 8 45 20 1 12 40 48 46 1 59 69 33 18 59 62 33 40 46 40 69 35 54 36 33 46 62 44 48 57 1 63
split_gain=60703.1 12532.7 8392.99 6768.57 1796.69 1452.76 1396.04 1386.31 784.227 666.91 655.216 648.979 558.171 537.428 352.311 327.498 317.851 313.684 285.758 272.293 258.792 251.485 219.474 216.182 204.752 191.732 191.086 183.966 177.249 175.25 170.326 165.597 159.877 145.709 141.403 138.169 138.044 135.087 129.963 125.302 124.682 124.265 123.804 123.008 122.615 113.137 110.462 107.693 107.486 105.71 101.571 100.285 93.0457 91.4036 90.1551 89.9385 88.368 88.1116 83.2212 82.8021 82.7857 82.4032
threshold=196408835.02966407 7.5000000000000009 7.7057921137138736 13.088481118219612 4991429223.2918406 13.95225722536158 0.83162773130410017 4736525815.4851284 4.5000000000000009 37849893.910312466 15849263.983685344 23.908413407682165 23.608364865201271 7.2602654900301227 2.5000000000000004 0.15056372504853038 1910588.3024941061 41143336.239433885 4.4601063829787249 4.5750231053604455 4.5750231053604455 37.500000000000007 2.7686297328918879 4.7555710738671646 2.5000000000000004 0.5998793022029616 23.262854422344478 0.20000000000000018 29.500000000000004 4.7002336448598143 32072638573.705318 0.19950000000000004 1.3217658144881608 23.500000000000004 4.5950000000000006 5.7550000000000008 49.500000000000007 65168305571.740456 28.315701754385969 6.3150000000000004 779.82269281538936 5.9055008588285096 4.6922455371124352 427301467.89766169 207.4341324427983 1.976478067387158 4.6100143266475664 15.500000000000002 28.922401433691761 2.5000000000000004 33.19173346443953 1.5200306866613846 0.67739551002951559 1.0000000180025095e-35 4.6286081842685629 28.315701754385969 1.976478067387158 0.081717642867670456 18405899430.285458 0.92251200058356597 4.7750000000000012 13.637565178119603
decision_type=2 2 2 2 2 2 2 2 2 2 2 2 2 2 2 2 2 2 2 2 2 2 2 2 2 2 2 2 2 2 2 2 2 2 2 2 2 2 2 2 2 2 2 2 2 2 2 2 2 2 2 2 2 2 2 2 2 2 2 2 2 2
left_child=2 3 10 4 8 17 11 23 13 -7 22 14 19 43 46 58 26 -4 -9 55 31 35 45 27 39 -23 48 -3 47 36 -17 32 44 40 61 38 -13 -16 -10 41 54 -12 -15 -2 50 -1 -5 -29 -11 -22 -14 -30 -49 -26 -20 -8 -24 -21 -6 -46 -50 -19
right_child=1 7 5 6 15 9 12 18 21 16 24 29 20 42 37 30 -18 34 33 57 49 25 56 -25 53 -27 -28 28 51 -31 -32 -33 -34 -35 -36 -37 -38 -39 -40 -41 -42 -43 -44 -45 59 -47 -48 52 60 -51 -52 -53 -54 -55 -56 -57 -58 -59 -60 -61 -62 -63
leaf_value=-0.26214730199374742 -0.22990654629424637 -0.27113434099192191 -0.22683646956124331 -0.16261305365736159 -0.19086188939621521 -0.21297057001469308 -0.20619614037976525 -0.12920040649477108 -0.21144559654783845 -0.22064971328177374 -0.24416310829768087 -0.13241138830293847 -0.14901981110150925 -0.20565356137722993 -0.12959074017714167 -0.14510543527058622 -0.21188958105275316 -0.2307819534926486 -0.10637009744963455 -0.19400582740337372 -0.17353120929771623 -0.099273273464221712 -0.24818290325427367 -0.10542121170785002 -0.076360293136249979 -0.16474657083395394 -0.16117015756029993 -0.18447798194756043 -0.099527225411572828 -0.11263446586755956 -0.10489923628883267 -0.20576255207003047 -0.18055754578105057 -0.080039145460115091 -0.19693607969144367 -0.15096840570178702 -0.10510632417436044 -0.091963496934486633 -0.18284218509360056 -0.16012639934189918 -0.16382752174982163 -0.22898703760806427 -0.1846640978769043 -0.19811585367517956 -0.2113873047399529 -0.21879320945735301 -0.14469457026554378 -0.20258037629535819 -0.18409822451442451 -0.12866662531987216 -0.12756091695945751 -0.23548948930411656 -0.13689418934204101 -0.20529982065756955 -0.087228395470423908 -0.17609989312991245 -0.2025924340094607 -0.15258499138672582 -0.15363136935139754 -0.1566656821438045 -0.16722162607450419 -0.20937838252470212
leaf_weight=7895.0623995661736 2316.5658520758152 25.927479311823845 3308.4972074478865 1263.1480015069246 279.0354165583849 1625.4267929643393 285.74543544650078 380.39283236861229 539.65901210904121 158.36227224767208 4842.8866625875235 2883.9758188575506 1317.7902153283358 1314.0668926537037 1457.8123196959496 517.85478323698044 586.95801283419132 603.54228520393372 808.06926326453686 136.85177603363991 139.44501908123493 137.47666235268116 3830.1129990518093 669.28374348580837 14.33682346343994 599.07490606606007 2066.3870238512754 154.46131435036659 332.37029638886452 4002.8480826616287 536.1095612347126 139.10112923383713 389.16573847830296 5667.5285012573004 2066.7499824762344 249.30265241861343 551.38047687709332 285.19784413278103 1503.5420587360859 49.542712047696114 61.165766730904579 1869.5937361866236 1509.6422836482525 350.29201643168926 74.05925726890564 153.40555386245251 2695.5725771784782 56.647087827324867 2179.3624721765518 2246.3819834887981 948.23065228760242 14.139454588294027 1116.729725420475 332.71411523222923 2576.3467873930931 1890.9240021705627 109.32239735126495 2076.7547350227833 324.83047613501549 1038.5355530977249 1090.1227032989264 1764.0458192676306
leaf_count=31427 8967 104 12772 4600 1043 6198 1083 1342 2055 608 18981 10206 4738 4978 5145 1855 2236 2338 2788 513 513 471 15064 2307 48 2186 7515 574 1139 13896 1847 527 1441 19046 7768 898 1900 970 5579 180 223 7231 5611 1318 282 588 9652 214 8096 7921 3340 55 3969 1260 8721 6973 413 7492 1173 3761 3987 6705
internal_value=-0.177233 -0.139529 -0.227289 -0.154968 -0.1891 -0.199889 -0.140387 -0.0952804 -0.198367 -0.184521 -0.249456 -0.129473 -0.153811 -0.209634 -0.142165 -0.141476 -0.176916 -0.215185 -0.0867411 -0.167494 -0.144264 -0.177943 -0.256588 -0.129493 -0.237429 -0.152526 -0.17318 -0.138968 -0.136921 -0.119744 -0.124654 -0.152188 -0.15021 -0.0849688 -0.206492 -0.186109 -0.128029 -0.123434 -0.190397 -0.239351 -0.0930774 -0.239936 -0.194432 -0.225731 -0.146715 -0.261321 -0.150412 -0.145232 -0.18042 -0.131289 -0.14004 -0.105075 -0.140065 -0.199973 -0.0917987 -0.180051 -0.246918 -0.155146 -0.170835 -0.160308 -0.178471 -0.214835
internal_weight=80409.9 45863.4 34546.4 34000.4 10177.5 15449.5 23822.9 11863.1 8519.62 7706.62 19097 13139.9 10683 5490.57 5701.73 1657.83 6081.19 7742.84 9493.5 4390.28 6292.71 3029.06 11987.9 2369.56 7109.07 736.552 5494.23 1700.28 1674.35 7438.2 1053.96 3906.88 3767.78 9113.11 4434.34 2292.5 3435.36 1743.01 2043.2 6762.02 3445.58 6712.48 2823.71 2666.86 3378.62 8048.47 3958.72 1327.84 3427.85 2385.83 2266.02 346.51 1173.38 347.051 3384.42 2176.67 3939.44 2213.61 603.866 1112.59 3269.49 2367.59
internal_count=296831 163416 133415 122934 37981 58223 84953 40482 32063 28640 75192 46369 38584 20874 20367 5918 22442 29583 32120 16061 22523 11189 47492 8362 27700 2657 20206 6055 5951 26002 3702 14089 13562 30778 16811 8532 12106 6115 7634 26392 11732 26212 10589 10285 12121 32015 14252 4757 12691 8434 8078 1194 4183 1308 11509 8056 15477 8005 2216 4043 12083 9043
is_linear=0
shrinkage=1


Tree=1
num_leaves=63
num_cat=0
split_feature=48 20 48 37 48 45 46 40 40 38 48 48 18 64 1 46 38 33 62 46 44 33 42 1 46 59 38 20 44 40 22 45 33 1 40 46 22 44 30 18 46 20 63 48 48 26 46 36 46 35 9 62 6 59 46 62 44 59 9 59 59 40
split_gain=54750 11182.1 5970.06 3337.14 1538.34 1290.8 986.24 631.159 608.727 497.152 487.055 483.579 426.061 350.738 332.32 322.78 294.606 283.175 281.863 229.931 223.935 202.185 198.713 188.929 178.433 175.786 172.499 169.918 167.667 179.938 167.573 163.089 134.808 132.629 164.972 131.858 130.853 138.655 127.299 122.895 127.754 119.706 115.612 127.247 109.222 108.554 106.285 102.878 102.704 102.443 97.1681 91.3204 90.367 90.3322 88.673 88.5543 84.1323 84.0828 81.7132 81.5505 80.7332 78.3053
threshold=196408835.02966407 6.5000000000000009 34519592.8594772 1.0000000180025095e-35 4736525815.4851284 0.80177442812908062 37.516911764705895 13.500000000000002 4.5000000000000009 30829407.436338995 11220814.824422313 107872652.29097165 5667677209.79214 1.0000000180025095e-35 4.6950000000000012 33.181864722308418 91122724.970858857 4.4601063829787249 1.976478067387158 36.288750000000007 0.35527766918597942 4.7593904702970304 6.9050000000000011 4.7750000000000012 25.587844488188981 408.36147489011154 30829407.436338995 18.500000000000004 0.20000000000000018 15.500000000000002 6.4050000000000011 0.67556919407172522 4.6375114678899099 4.7750000000000012 37.500000000000007 33.181864722308418 6.5950000000000006 0.39411008566544153 70.500000000000014 4086646767.2006803 38.324264705882364 2.5000000000000004 60.197185967129364 70364582344.254501 526814557.28941286 9.9663841807909623 23.020937500000006 13.85857142857143 35.000500000000009 1.0340344807220274 34596382.000000007 0.12188640510948941 3.6650000000000005 239.44153967647517 30.857738095238098 0.39999999999999991 0.38909054776242319 779.82269281538936 40056753.000000007 373.14419493819605 278.55189666055003 52.500000000000007
decision_type=2 2 2 2 2 2 2 2 2 2 2 2 2 2 2 2 2 2 2 2 2 2 2 2 2 2 2 2 2 2 2 2 2 2 2 2 2 2 2 2 2 2 2 2 2 2 2 2 2 2 2 2 2 2 2 2 2 2 2 2 2 2
left_child=2 3 10 8 21 7 24 14 12 35 18 23 48 19 39 26 -9 -6 25 22 -13 28 56 -8 41 55 -10 45 -3 -30 54 61 -17 34 -21 -7 37 -15 49 40 -5 -4 43 -28 -39 -19 -12 -23 -2 52 -20 -26 -31 -50 -16 -1 -11 -47 -57 -22 -48 -18
right_child=1 4 6 5 17 9 11 16 15 13 46 20 -14 36 30 32 31 27 50 33 59 47 -24 -25 51 -27 42 -29 29 38 -32 -33 -34 -35 -36 -37 -38 44 -40 -41 -42 -43 -44 -45 -46 57 60 -49 53 -51 -52 -53 -54 -55 -56 58 -58 -59 -60 -61 -62 -63
leaf_value=-0.065475921184715263 -0.033205613621941792 -0.07951677089949899 -0.051338743238677542 -0.013325092577982884 0.053275385338071794 -0.032412716985427047 -0.022754063724624626 0.036875783860840568 -0.031768359332901584 0.022736711663061463 -0.05781612112233319 0.01060274633980525 0.049343637289998375 0.024005986947721211 0.0024282518796826685 0.0094163978413825331 0.063030661404819249 0.038515440954471319 0.0017711490533588474 0.028054147486979947 -0.010605205602885866 0.028477740980682162 0.065886269477654746 -0.0034831281683905891 -0.03216887352449245 -0.075829195902722107 -0.016412688317752108 0.09974458350285445 0.001886402881394935 -0.064040097254233694 0.078843683013563648 0.051460803112636538 0.032548855293505811 0.049563710493181874 0.049260404136644412 0.006649893850228468 0.06833305838505449 -0.021241509770866269 0.090730633630245458 0.062575343810975945 0.020127172259844912 -0.023191729159160006 0.031618847216467912 0.053755858856638417 0.010520012153044413 0.088478252093597942 -0.038176651517083028 0.080324652557676568 -0.0052099860140869415 0.027911786580795597 -0.044601871003993245 -0.011914978828760154 0.056167009530610094 -0.042477947808684795 0.042459108308752005 -0.051450758535176659 -0.0035990783723672463 0.022263265378089394 -0.067173412834176952 -0.060019555507022718 -0.055041983185989199 0.080231612575312514
leaf_weight=5790.4815911650658 1615.6982601881027 27.22004434466362 1742.929128870368 355.51791705191135 423.45362427830696 253.06882791221142 4281.5516894459724 1712.4927299767733 516.34301693737507 612.62748081982136 1351.4076683521271 3540.804348886013 205.59032298624516 1643.3076061755419 148.59846550226212 1239.3641579300165 3310.1878760457039 117.78984117507935 196.90798330307007 3075.4420281648636 1125.1196302473545 110.89925740659237 180.82089728116989 1809.3021977096796 1825.6621534079313 2730.7323012053967 518.70843495428562 6413.3892281651497 213.18685595691204 15.853232130408285 313.11534322798252 3218.3206419795752 1280.5562146008015 2139.9459798485041 1306.803785726428 1476.2538539916277 114.83016715943813 355.42031337320805 176.90880937874317 137.46587085723877 1447.2126475721598 482.25485898554325 273.70241048932076 73.803329139947891 1135.2094466090202 3020.9207135885954 3370.6346196085215 697.1242560595274 796.19457617402077 528.30609118938446 264.97016572952271 800.58076672255993 1134.1846714317799 204.32278478145599 2003.4961397796869 2942.4102755486965 600.51942184567451 48.717233389616013 1149.1106661856174 90.187871292233467 898.79459820687771 826.93692776560783
leaf_count=23076 6217 110 6842 1339 1489 972 16320 6130 1985 2230 5341 13057 728 5963 552 4570 11527 419 735 11107 4238 399 629 6768 7029 10988 1962 21420 792 62 1073 11340 4606 7566 4621 5453 398 1349 598 479 5268 1841 988 260 4175 10220 13074 2382 2981 1907 1031 3023 3979 793 7132 11571 2241 177 4584 356 3541 2828
internal_value=0.00890811 0.044575 -0.0388151 0.0291699 0.0840075 0.0371883 -0.0160819 0.0480107 -0.00227196 0.0258798 -0.0579039 -0.00770055 -0.0199635 0.0297437 0.0324845 0.0105204 0.0555536 0.0932903 -0.0631953 0.0354209 0.00424655 0.0519608 0.0169885 -0.0170296 -0.0348212 -0.0646002 -0.00889313 0.0950552 0.0437682 0.0453906 0.0446675 0.0599022 0.0211717 0.0393604 0.0343779 0.000933477 0.0159102 0.0139894 0.0503896 0.017005 0.01353 -0.0452386 0.00474261 -0.00767249 0.00294691 0.0856199 -0.0455954 0.0732088 -0.0254098 0.0461374 -0.0248321 -0.0259947 0.05451 -0.0128207 0.039695 -0.0614973 0.00970024 0.0874274 -0.0558665 -0.0142722 -0.0417271 0.0664688
internal_weight=80413.7 46019.8 34393.8 33091.9 12928 26367.6 15698.4 13473.3 6724.28 12894.2 18695.4 10847 2821.81 11164.9 4405.41 3902.48 9067.94 10024.3 13074.6 7916.16 4756.11 2903.68 1393.97 6090.85 4851.43 12612.7 1382.56 9600.82 2095.66 2068.44 2465.21 7355.45 2519.92 6522.19 4382.25 1729.32 3248.77 3133.94 1855.25 1940.2 1802.73 2225.18 866.214 592.512 1490.63 3187.43 5620.84 808.024 2616.22 1678.34 461.878 2626.24 1150.04 1000.52 2152.09 9882 1213.15 3069.64 4091.52 1215.31 4269.43 4137.12
internal_count=296831 163416 133415 119462 43954 94372 59474 47668 25090 46704 73941 40739 10719 40279 15843 14371 31825 33725 51985 28394 17651 10229 5100 23088 18735 50219 5195 32236 7448 7338 8757 25695 9176 23294 15728 6425 11885 11487 6546 7086 6607 8683 3210 2222 5524 10816 21956 2781 9991 5948 1766 10052 4041 3774 7684 39231 4471 10397 16155 4594 16615 14355
is_linear=0
shrinkage=0.05


Tree=2
num_leaves=63
num_cat=0
split_feature=48 20 69 69 48 69 38 69 43 69 48 48 41 43 41 43 43 29 48 29 38 43 69 20 69 69 10 29 41 45 43 59 1 48 63 48 41 48 38 47 26 41 41 69 13 1 69 69 62 43 69 67 61 26 27 31 57 43 43 13 62 41
split_gain=49457.7 10089.5 7278.21 5985.07 1755.59 1267.22 1107.73 1030.62 682.557 577.572 546.247 534.394 423.401 415.859 408.182 394.741 295.345 257.053 239.777 235.896 231.838 230.849 201.066 200.198 187.328 185.61 184.493 178.308 176.165 181.101 174.977 154.228 147.453 143.1 140.824 132.027 129.309 123.572 120.713 125.93 119.705 116.92 116.754 114.875 116.613 113.874 108.472 108.133 104.913 102.412 85.6515 82.5405 105.509 82.3929 79.1632 77.0062 75.6545 73.6412 72.8457 71.6952 70.0494 69.984
threshold=196408835.02966407 5.5000000000000009 7.7057921137138736 13.315790620099078 4736525815.4851284 13.779502003933187 4991429223.2918406 21.789888850165543 4.5700467289719642 7.2602654900301227 37849893.910312466 15849263.983685344 0.027777777777777752 4.2909673659673677 0.24999999999999997 4.5080243902439046 4.4577097902097913 16063002519884706 30632726.051727209 63316744693996328 58667775.978020459 4.7466919191919201 3.0868630355231388 17.500000000000004 31.309610788877553 20.744265141520007 2.5000000000000004 20366285094243128 0.16111111111111107 1.3362907135484685 4.3251984126984144 207.4341324427983 4.4350000000000014 5152010260.7568655 177.74801995742916 32072638573.705318 0.41666666666666669 186085066906.55496 417276577.28036624 39.131682857213796 10.001271186440681 0.038888888888888855 0.88333333333333341 12.461106893032289 4.7075407081933323 6.3150000000000004 5.9055008588285096 33.19173346443953 1.976478067387158 4.6375216262975796 10.378951855816387 0.87032255546191728 12.706771043560897 1.0000000180025095e-35 3.9500000000000002 0.51666666666666672 0.92251200058356597 4.5428832832309514 4.6706499829758261 5.9777500000000012 2.4743801652892565 1.9055555555555557
decision_type=2 2 2 2 2 2 2 2 2 2 2 2 2 2 2 2 2 2 2 2 2 2 2 2 2 2 2 2 2 2 2 2 2 2 2 2 2 2 2 2 2 2 2 2 2 2 2 2 2 2 2 2 2 2 2 2 2 2 2 2 2 2
left_child=2 3 11 6 21 18 9 15 30 14 -7 22 59 -12 27 -5 54 41 -4 -8 -11 28 48 37 38 -15 45 -2 -3 42 -9 47 -20 -19 61 -21 49 43 39 -14 -23 -17 51 44 -18 46 -13 -32 -1 -22 -51 -30 -53 -28 -6 -42 -27 -38 -26 -10 -24 -16
right_child=1 4 5 7 16 10 19 8 12 20 13 26 24 25 34 17 23 33 32 35 36 40 60 -25 58 56 53 -29 29 -31 31 -33 -34 -35 -36 -37 57 -39 -40 -41 55 -43 -44 -45 -46 -47 -48 -49 -50 50 -52 52 -54 -55 -56 -57 -58 -59 -60 -61 -62 -63
leaf_value=-0.069424625498962847 -0.045164770353095844 0.00081435424155770937 -0.038432060965468529 -0.00024973921744536728 0.074286338187300197 -0.023013325647977805 0.0044784864236605869 -0.0023965658094348466 -0.010712244454653221 -0.015177957586406748 -0.022552476147626399 -0.053401179362825194 0.035910354530340145 0.0055493450336734935 -0.0023686573683880368 -0.011288124941843558 0.040710487687836541 0.03542832332908627 -0.029216847521211921 0.031672375002070478 -0.011645328459128731 0.0156401561018303 -0.055017536799040583 0.094384472945675188 0.054845559850981732 -0.015897420028327364 0.10559805770437061 -0.020803270594940453 0.049152232735174176 0.0032148419993821829 0.034889124104901352 0.021189664576439067 -0.01188993463188345 0.061269531881269518 0.083982060786548351 0.068804086440941006 0.0013196239739274222 0.094147345262814153 0.062289004116211334 0.05450868270576377 0.061628972482052735 0.024027626311472049 0.079248244919078434 0.081940128841730311 0.075973283436638922 0.02667800492829437 -0.039159635347113822 0.053856514429866754 -0.028795712441215534 -0.0021775346326065614 0.019953005069222516 0.033242039543557887 -0.046774564788580636 -0.016491209620918636 0.028619005917042764 0.092071663373437848 0.026104924863586759 0.053685815157745266 0.071445513892801168 0.060807091774519512 0.014848823193724103 0.06952157797370738
leaf_weight=8174.8091714084148 1793.0313349366188 259.61078791320324 2606.9725622981787 1217.1156718432903 151.58352196216583 1649.5769948214293 432.35199655592442 319.54543988406658 268.5194043815136 1868.6749423593283 875.1699256002903 4789.0457051992416 1463.147853076458 2721.8877608180046 418.51871800422668 254.06355410814285 429.95144307613373 2207.5095336288214 2236.03017129004 514.76519945263863 759.54616349935532 95.58411031961441 3414.425308316946 6600.6303979754448 882.49166618287563 112.08773976564407 14.420778304338453 1292.5723033100367 1591.1503577232361 243.70530839264393 2115.5476887375116 1284.6694555282593 2723.3116662949324 707.42643985152245 61.626093521714211 447.51278172433376 96.787362143397331 1048.7086509168148 2134.7797647416592 2408.2494132369757 485.21736553311348 3022.6745207309723 272.92163737118244 1592.6445725858212 515.61313124001026 49.52047061920166 1854.9081315100193 1165.3435365259647 162.04033216834068 776.10879556834698 1001.2541224360466 301.51145431399345 47.717151239514351 331.12446549534798 253.76036034524441 363.23973558843136 2462.6257637441158 219.1494548022747 2631.9119403213263 40.300716191530228 36.257299900054932 36.832430645823479
leaf_count=33118 7005 964 10191 4519 519 6341 1593 1188 1013 7060 3339 18981 5216 10090 1559 957 1518 7881 8614 1846 2850 348 13615 22017 3083 424 48 4927 5595 901 7560 4653 10294 2456 210 1540 358 3504 7396 8424 1682 10926 929 5391 1757 180 7231 4077 625 2888 3645 1077 184 1260 909 1218 8930 767 9038 141 134 127
internal_value=0.00846855 0.0422732 -0.0370752 0.0266224 0.0772366 -0.0115671 -0.00608339 0.04099 0.0486476 -0.0129928 0.00254559 -0.057924 0.0562394 0.00937692 -0.0280706 0.0257813 0.0875522 0.0308982 -0.0261555 0.0351569 -0.00148826 0.0473864 -0.0644337 0.0892175 0.0581083 0.0146527 -0.0470229 -0.0349596 0.0399846 0.0441234 0.0333722 0.0358757 -0.0197022 0.0416997 0.0130466 0.0489407 0.00747878 0.0797094 0.0527434 0.0474797 0.0686861 0.0212894 0.0486279 0.0737441 0.0599392 -0.0488621 -0.0494251 0.0416262 -0.0686349 0.00372219 0.0102894 0.044321 0.0223089 -0.011396 0.0456969 0.074662 0.0242764 0.0376434 0.0672771 -0.00137904 -0.0542834 0.0034464
internal_weight=80309.8 46095.6 34214.2 31842 14253.5 15387.7 9718.73 22123.3 14714.5 8324.1 7821.35 18826.6 9829.4 6171.77 3602.58 7408.79 10592.9 6191.67 7566.31 1394.63 4721.52 3660.66 11787.5 10187.5 9520.58 5296.6 7039.02 3085.6 2716.62 2457.01 4885.11 4565.56 4959.34 2914.94 516.977 962.278 2852.85 3586.92 6006.18 3871.4 944.041 3276.74 2213.3 2538.21 945.565 6693.47 6643.95 3280.89 8336.85 2536.91 1777.36 1940.38 349.229 345.545 405.344 848.457 2574.71 315.937 3514.4 308.82 3450.68 455.351
internal_count=296831 163416 133415 114903 48513 58223 36375 78528 51789 31396 29124 75192 34311 22783 13828 26739 35615 22220 29099 4979 17568 12898 47492 34187 33157 19444 27700 11932 9650 8686 17478 16290 18908 10337 1896 3386 10508 12170 21036 13640 3248 11883 7785 8666 3275 26392 26212 11637 33743 9383 6533 6856 1261 1308 1428 2900 9354 1125 12121 1154 13749 1686
is_linear=0
shrinkage=0.05


Tree=3
num_leaves=63
num_cat=0
split_feature=48 20 69 69 39 69 48 69 43 20 48 48 69 43 43 44 20 43 30 43 43 69 43 24 69 14 69 39 48 59 39 44 20 48 44 39 63 59 69 69 43 48 1 50 67 47 35 26 5 47 26 39 16 64 70 48 1 57 62 48 47 9
split_gain=44747.1 9162.86 6691.65 5213.55 1368.12 1149.04 1012.3 944.101 697.551 668.943 500.905 495.023 486.571 400.508 398.421 380.68 336.185 225.899 238.919 220.402 207.294 189.453 181.206 180.679 173.238 170.308 166.005 162.404 159.533 152.595 148.66 145.299 148.32 130.023 118.659 117.191 116.901 116.26 114.533 112.165 100.049 98.9597 96.9238 89.7188 88.1349 86.7316 85.119 85.0442 84.5038 104.568 84.3631 83.8081 82.1182 81.034 79.1154 76.4368 76.1165 72.6865 72.2534 70.5323 70.3931 70.2164
threshold=196408835.02966407 7.5000000000000009 7.7057921137138736 13.088481118219612 1.2647203462989298e+19 13.779502003933187 4736525815.4851284 21.789888850165543 4.5700467289719642 2.5000000000000004 15849263.983685344 34519592.8594772 8.2058730178486972 4.2909673659673677 4.5000510204081641 0.10000000000000012 2.5000000000000004 4.5833892617449674 80.500000000000014 4.5739834710743805 4.7466919191919201 2.7686297328918879 4.3251984126984144 0.15056372504853038 20.744265141520007 1.0000000180025095e-35 30.15487851932987 1.7541505872277629e+18 1476145849.574064 207.4341324427983 27033201809970988 0.20000000000000018 29.500000000000004 1066711041.810403 0.12472191289246456 73858354032177104 21.077930363984624 779.82269281538936 33.19173346443953 3.8960848622140354 4.6750494071146269 65168305571.740456 4.9050000000000011 26.500000000000004 0.85260769842926931 39.131682857213796 1.5200306866613846 -1.0000000180025095e-35 0.24050000000000002 3.6000000000000014 12.334666666666669 12097280443487314 12.000787401574806 1.0000000180025095e-35 4.8062933681549369 32072638573.705318 5.1050000000000013 1.809560341263553 2.4743801652892565 32072638573.705318 68.869406645895495 16482336.500000002
decision_type=2 2 2 2 2 2 2 2 2 2 2 2 2 2 2 2 2 2 2 2 2 2 2 2 2 2 2 2 2 2 2 2 2 2 2 2 2 2 2 2 2 2 2 2 2 2 2 2 2 2 2 2 2 2 2 2 2 2 2 2 2 2
left_child=2 3 10 4 9 19 20 14 22 12 21 61 30 -13 -5 -10 34 18 43 36 31 42 -9 -6 -15 39 27 45 50 38 -2 -3 44 -32 -16 -14 -4 -19 -24 -12 -36 -18 -1 48 -33 54 -34 -27 49 -8 -11 -38 -39 -42 -17 -25 -41 -31 -23 -45 -26 -7
right_child=1 6 5 7 23 11 17 8 15 28 25 13 35 24 16 26 41 37 -20 -21 -22 58 29 55 60 47 -28 -29 -30 57 33 32 46 -35 40 -37 51 52 -40 56 53 -43 -44 59 -46 -47 -48 -49 -50 -51 -52 -53 -54 -55 -56 -57 -58 -59 -60 -61 -62 -63
leaf_value=-0.070207218173192962 -0.044340589459866492 -0.078827514772468896 -0.040539522956772774 0.00034671094780425226 0.01938282545243911 -0.016706227275159184 0.084319909170601837 -0.00051766124226995203 -0.0072363963774788867 -0.020741774667333828 -0.054617578691672365 -0.02206620877336039 -0.014326434732635488 0.005107272059293482 -0.011597750844378932 0.033545026626092982 0.045149733749386294 0.089647125381088391 0.088948385332804261 -0.0121679201672837 0.072999071159544487 -0.053541978050046617 0.033536683329269595 0.039162636114384246 0.018902439290924958 0.10002685791739437 0.063402705629909253 0.066129288294060534 0.030343576587843965 0.016269819426062409 -0.033252901146838008 0.040163453241377461 0.075966539023236967 -0.0093648405631545813 0.014944452571328258 0.0046105360545835488 -0.032492890412866751 0.07171862884446277 0.051990977515120662 -0.044004705789461862 0.034696548072974974 0.079954412709760281 -0.05825190201271651 -0.049659941282782907 0.0073632793219411095 0.051649612249690537 -0.049270827853512812 -0.022685467563027566 0.060115900271049294 -0.061866963944556666 0.010699003121586722 -0.016543112548863498 -0.025370393257252839 0.016717439012382262 0.064355357953294029 0.070495220324768737 -0.020858532271090923 0.047422044232204683 0.014167923205226668 0.085063971464164931 0.039368423123513192 -0.040970774592452096
leaf_weight=5321.9610314816236 1230.4148594737053 25.440781623125076 1901.1129130870104 1285.7123480439186 438.59269963204861 1108.2577587962151 19.888803333044052 389.9327430576086 244.38928830623627 292.48625771701336 2924.6212342530489 911.54433310031891 1450.8844051212072 2788.3158647567034 219.63944658637047 1587.5533072054386 1451.0641907900572 7566.0559874922037 870.65679462254047 2333.3203519284725 643.26520152390003 3805.5316404104233 2280.641982331872 307.53777877986431 2077.6616433113813 14.461350113153456 4277.9795350879431 1287.9020579755306 941.64533054828644 1214.6936015337706 1306.1412190496922 1121.7887905836105 331.16876298189163 1010.2143194973469 1458.1766717582941 1869.9121140837669 1748.1666671037674 54.139327272772789 1331.7068439722061 3051.8635065853596 2699.4997701197863 237.68500097095966 2487.7913315296173 35.495573177933693 250.54387225210667 2742.7953450232744 14.147049307823179 596.66870766878128 923.79568520188332 31.77743299305439 788.626474365592 1557.2602107971907 36.436774253845215 816.20677936077118 239.83380404114723 530.26615880429745 401.97342921793461 221.37216319143772 39.811967149376869 13.375772327184675 526.65166208148003 407.87982545793056
leaf_count=21904 4840 104 7463 4770 1589 4254 67 1447 919 1115 11727 3489 5491 10335 828 5653 5104 25322 2917 8864 2192 15330 8131 1089 7566 48 14743 4425 3379 4410 5057 3968 1126 3805 5304 6904 6824 185 4647 12067 9625 804 10111 136 917 9575 55 2305 3188 123 2900 5948 137 2963 826 1812 1553 779 147 45 1879 1601
internal_value=0.00806249 0.0401626 -0.0354472 0.0269823 -0.00302412 -0.0110103 0.07787 0.0397005 0.0468284 -0.00997396 -0.0555792 0.00241764 -0.0174175 0.0085868 0.0258959 0.0544281 0.0306689 0.0851476 0.0696914 -0.0249377 0.0487408 -0.0619257 0.0323225 0.0453827 0.0137682 -0.0449963 0.0559149 0.0504468 0.0152978 0.034859 -0.0302954 0.0397886 0.0415454 -0.0228348 0.0243674 -0.00366319 -0.0306605 0.088973 0.0403399 -0.0474122 0.0259555 0.0500484 -0.0663989 0.0533234 0.0341752 0.0460274 0.0708358 -0.0197817 0.0566356 -0.00559265 0.00219296 -0.0249786 0.0326618 0.0305225 0.0375887 0.0589938 -0.0413108 0.021072 -0.052841 -0.0127869 0.0230411 -0.023234
internal_weight=80096.3 46091.5 34004.9 34153.5 10166.7 15360.2 11938 23986.8 15818.8 8890.32 18644.7 7820.31 6867.57 6304.17 8167.98 10380.5 6882.27 9551.62 1894.99 7539.86 2386.35 11655.1 5438.35 1276.4 5392.63 6989.59 10136.1 5858.08 2022.76 5048.41 3546.77 1743.09 1717.65 2316.36 5193.52 3320.8 5206.54 7656.63 3612.35 6378.46 4973.88 1688.75 7809.75 1024.33 1372.33 4570.18 345.316 611.13 975.462 51.6662 1081.11 3305.43 90.5761 3515.71 1827.39 837.804 3453.84 1436.07 3845.34 48.8713 2604.31 1516.14
internal_count=296831 163416 133415 122934 37981 58223 40482 84953 55555 33491 75192 29124 26097 23269 29398 36141 24628 32120 6476 29099 8362 47492 19414 4490 19780 27700 35222 20479 7394 17967 13702 6170 6066 8862 18720 12395 20235 25644 12778 25347 17892 5908 32015 3559 4885 16054 1181 2353 3378 190 4015 12772 322 12588 6479 2901 13620 5189 15477 181 9445 5855
is_linear=0
shrinkage=0.05


Tree=4
num_leaves=63
num_cat=0
split_feature=45 69 20 69 38 38 69 38 28 38 43 36 43 46 40 28 40 31 69 69 69 43 69 20 46 69 69 18 28 40 69 32 18 59 43 43 69 1 43 1 1 1 4 12 28 45 38 40 47 45 8 1 57 45 1 40 70 1 37 1 47 24
split_gain=38161.6 9199.38 7149.3 3694.58 2007.15 1043.13 993.227 874.836 822.478 712.49 691.374 483.773 427.37 371.194 351.317 378.007 344 343.368 312.776 290.308 245.209 201.373 195.121 205.839 193.376 193.314 189.385 159.731 145.696 145.466 144.096 131.453 128.971 118.231 111.252 110.08 106.797 104.704 104.553 102.822 102.069 96.8445 94.3278 92.1583 91.7926 98.0293 90.6504 90.6465 85.4047 82.3456 79.6331 78.2063 77.9772 76.3917 76.026 75.2966 72.7492 77.9491 72.6216 72.1121 69.8312 69.6328
threshold=0.99990731729870819 11.806455527619429 5.5000000000000009 14.916049513330515 16404531.446627555 27371871.081451524 6.3237503422867247 4991429223.2918406 2277110943.8980918 58667775.978020459 4.7001182033096951 -1.0000000180025095e-35 4.3251984126984144 45.251452380952394 28.500000000000004 5025238979.7750559 23.500000000000004 0.65000000000000002 24.708542854297878 23.262854422344478 10.378951855816387 4.5318431568431583 7.2602654900301227 3.5000000000000004 14.091559748427676 2.8777382937940312 7.1511569291279793 39589646.474955149 66297463.428790577 24.500000000000004 24.535787632869489 6.3950000000000005 2165676702.9050369 207.4341324427983 4.7250274725274739 4.5755389718076289 16.04350464265266 4.4850000000000012 4.7571605374823216 6.495000000000001 5.1050000000000013 4.4850000000000012 0.57630000000000015 5.7950000000000008 31656980512.409153 1.0022180351613514 15894357332.74951 2.5000000000000004 54.140385527974622 0.87426000630372036 0.12250000000000001 6.5850000000000009 0.89270999416077357 0.75529475113609179 4.8950000000000005 50.500000000000007 14.580767615402172 4.6950000000000012 3.535678207549481 4.8950000000000005 69.626560648161544 0.5060795594168187
decision_type=2 2 2 2 2 2 2 2 2 2 2 2 2 2 2 2 2 2 2 2 2 2 2 2 2 2 2 2 2 2 2 2 2 2 2 2 2 2 2 2 2 2 2 2 2 2 2 2 2 2 2 2 2 2 2 2 2 2 2 2 2 2
left_child=2 4 3 9 6 13 25 17 11 26 16 -6 -7 35 15 20 30 24 28 32 43 36 23 40 -4 39 -1 29 -12 -9 48 49 56 55 -16 -3 -15 -8 52 -2 -13 -24 58 46 45 -10 -11 -40 -5 -19 -39 -27 -21 -31 -28 -18 57 -14 -29 -22 -38 -33
right_child=1 5 7 10 8 12 37 27 44 14 18 22 19 21 34 -17 33 31 -20 38 59 -23 41 -25 -26 51 54 42 -30 53 -32 61 -34 -35 -36 -37 60 50 47 -41 -42 -43 -44 -45 -46 -47 -48 -49 -50 -51 -52 -53 -54 -55 -56 -57 -58 -59 -60 -61 -62 -63
leaf_value=-0.038012154666401704 -0.063590757270642673 -0.028177245881836635 -0.0014254932836721597 0.0075846606279396742 0.091486668663106355 -0.0076589741847729979 -0.041427901759206104 0.036547809104903163 0.0073528333876510116 -0.017970138813066895 0.034658678482375652 -0.043059141476949753 0.0018085931308951893 -0.021039044715796137 0.025983741363030194 0.052701584789991852 0.042191097349286541 0.07523118496946278 0.06101241109089333 -0.011280191975896274 0.00762891509837224 0.016257189457892559 -0.02827752504434379 -0.0068298218077674335 0.0449362212287003 -0.051275343635795924 -0.01566544714771163 0.07069545635659899 0.05616935277504527 0.081834623265391079 0.032208103152922544 -0.092188127058525596 0.062080780586628095 0.024954565889155074 0.060694698170964789 -0.00494033143351772 -0.0041478775589123404 -0.023307003679824273 0.013893767191838841 -0.025740462280288319 -0.022349105369870264 -0.0087635656520352722 0.085961839701836795 0.019731890558833964 0.06320848355465046 0.063404696772931285 0.026202876878358219 0.05494472367243345 0.026324436199253367 0.045875857214134029 -0.044679095213076468 -0.0013569138932415939 0.030415194869118874 0.058753890137699466 0.0061128192614435198 0.060329322101725646 0.043364548494924333 0.017427559982964174 -0.071878913089043581 0.029352377556688309 0.025232330398716848 0.053655672798297409
leaf_weight=873.36335925757885 9071.8275894671679 2100.7097493112087 260.12135617434978 1625.9793796241283 86.334455370903015 1333.5866960287094 2166.6039157807827 285.30488643050194 311.87325397133827 1660.3142670691013 2561.8181520998478 2862.608809068799 1578.5140602588654 898.56482852995396 625.42774979770184 387.9511643499136 2933.3799697160721 1531.9915142059326 4383.4168570637703 118.16440923511982 1243.3557253330946 1441.1644548922777 1090.3093610703945 586.89626158773899 1661.9052017629147 4674.227639734745 1702.5336725860834 19.307099208235741 1136.3715232014656 1224.8300052136183 2099.0076686143875 19.029436647891998 130.41388288140297 843.37191814184189 365.89179034531116 672.94224020838737 1122.8852247595787 2500.7616663426161 162.02574184536934 183.04690198600292 751.02118518948555 1525.2346834391356 7137.9046921730042 215.5384601354599 191.47435320913792 104.02091538906097 124.87934671342373 790.87552732229233 971.09820790588856 283.02941571176052 527.85048535466194 79.801655992865562 2196.6501035839319 506.8491647541523 524.09099096059799 710.82038408517838 169.09930631518364 1617.215809032321 16.619802638888359 551.46082301437855 246.67526099085808 14.360376521944998
leaf_count=3441 37612 8163 963 5959 289 5007 8600 1008 1148 6321 9099 11393 5854 3458 2249 1351 10327 5209 15110 441 4568 5282 4218 2218 5836 18942 6465 66 3942 4141 7469 76 451 3026 1266 2529 4206 9729 594 718 2920 5762 24041 786 659 359 448 2748 3490 992 2106 302 7843 1752 1945 2456 596 5892 65 1979 896 50
internal_value=0.00768549 -0.0257028 0.043495 0.0281461 -0.0431373 0.00624251 -0.0517079 0.0737398 -0.0212207 0.000676732 0.0413115 -0.0261291 0.01821 -0.00870374 0.0120324 0.00569066 0.0319255 0.0534588 0.0519775 0.0233111 0.000885575 0.00164208 -0.0276189 -0.0342944 0.0386618 -0.0586325 -0.0182793 0.0820599 0.0412684 0.0696288 0.0224658 0.0688451 0.0132947 0.0418248 0.0387954 -0.0225395 -0.00764435 -0.0330356 0.0340251 -0.0628421 -0.038755 -0.0168981 0.0855551 -0.0111514 0.0345612 0.0213722 -0.0148801 0.0479647 0.0145918 0.0706536 -0.0270319 -0.0504374 0.0282868 0.0750791 -0.0105394 0.0457291 0.0114038 0.00971265 0.00474048 0.0143035 0.00114387 -0.0294633
internal_weight=79794.7 41293.4 38501.3 25540.1 26713.9 14579.5 19204.1 12961.3 7509.77 8274.81 17265.3 6902.4 8096.55 6482.94 5174.82 4183.5 9183.66 3770.44 8081.61 6762.96 3795.55 3709.29 6816.07 4200.53 1922.03 14008.9 3099.99 9190.82 3698.19 2016.98 4696.09 1848.41 3495.24 4487.57 991.32 2773.65 2268.13 5195.22 3267.72 9254.87 3613.63 2615.54 7173.83 2000.73 607.369 415.894 1785.19 952.901 2597.08 1815.02 3028.61 4754.03 2314.81 1731.68 2226.62 3644.2 3364.83 3195.73 35.9269 1794.82 1369.56 33.3898
internal_count=296831 160935 135896 91697 106975 53960 78009 44199 28966 30819 60878 26800 29426 24534 18968 15453 32727 13126 28151 24419 14102 13842 26511 16531 6799 57574 11851 31073 13041 6901 16918 6327 12793 15809 3515 10692 8560 20435 11626 38330 14313 9980 24172 7555 2166 1507 6769 3342 9449 6201 11835 19244 8284 5893 8410 12783 12342 11746 131 6547 5102 126
is_linear=0
shrinkage=0.05


Tree=5
num_leaves=63
num_cat=0
split_feature=49 20 69 69 24 45 49 69 49 69 69 69 69 49 43 28 57 49 43 43 30 44 43 20 49 43 33 49 1 8 44 20 69 1 59 43 38 69 33 69 40 56 40 46 40 40 38 1 44 33 18 63 40 40 47 49 53 1 40 16 46 43
split_gain=37010.9 8421.42 4971.61 4233.1 1219.91 1004.72 963.309 721.831 610.205 456.216 438.157 401.022 334.521 325.463 268.005 260.937 246.658 221.825 204.696 200.87 215.923 182.069 181.699 181.681 176.219 176.1 163.991 153.45 145.343 126.318 122.628 129.88 114.56 112.637 107.896 104.284 103.622 102.784 99.3796 99.1187 97.8067 94.0675 102.375 93.9705 90.5961 89.5908 89.3287 87.0497 86.5164 94.5446 81.8643 80.3607 78.3014 76.9869 84.5267 76.4886 90.122 76.3533 75.2129 73.4846 73.2923 71.1799
threshold=1.8485068172079382e+17 7.5000000000000009 13.206682059196936 7.1511569291279793 0.051780356607035755 0.83162773130410017 5.9629327127333345e+18 12.715693535137291 1.6667298969300785e+19 24.535787632869489 8.0876720768713763 20.744265141520007 2.9777544746209959 43457592655584136 4.2909673659673677 22865641.308345836 0.88538708913312381 8.1977188305031557e+18 4.7333839918946321 4.5833892617449674 81.500000000000014 0.10000000000000012 4.6600145348837225 1.5000000000000002 6.4859966390911037e+18 4.6546164772727288 4.4714469335291973 1.6202617189173804e+18 4.4850000000000012 0.12250000000000001 0.1921718621964135 29.500000000000004 41.656739314430816 4.8950000000000005 779.82269281538936 4.6113592990978498 252624659.54191512 22.180861193398226 4.2753378378378395 10.378951855816387 20.500000000000004 1.5000000000000002 46.500000000000007 -1.0000000180025095e-35 12.500000000000002 3.5000000000000004 112624636.0347411 6.5850000000000009 0.46216880033165381 4.4800943396226431 12639067.29055115 23.190061823875645 49.500000000000007 23.500000000000004 54.140385527974622 2.3426721948407939e+20 59.500000000000007 4.995000000000001 17.500000000000004 12.000787401574806 69.300925925925938 4.3889756944444454
decision_type=2 2 2 2 2 2 2 2 2 2 2 2 2 2 2 2 2 2 2 2 2 2 2 2 2 2 2 2 2 2 2 2 2 2 2 2 2 2 2 2 2 2 2 2 2 2 2 2 2 2 2 2 2 2 2 2 2 2 2 2 2 2
left_child=3 2 4 12 10 9 18 28 27 15 17 26 23 -9 -15 53 -13 40 30 20 55 -18 52 33 -17 32 -7 39 51 -30 -3 58 41 -1 -21 -12 -10 57 -33 -6 -2 61 -43 -14 -37 -28 -19 -45 49 -29 -50 -5 -11 54 -4 56 -8 -16 -32 -36 -27 -23
right_child=1 6 5 7 8 11 19 13 36 22 35 16 43 14 37 24 21 46 -20 34 -22 25 -24 -25 -26 60 45 48 29 -31 31 38 -34 -35 59 44 -38 -39 -40 -41 -42 42 -44 47 -46 -47 -48 -49 50 -51 -52 -53 -54 -55 -56 -57 -58 -59 -60 -61 -62 -63
leaf_value=-0.064216265185220292 -0.036713259180184525 -0.070476831643861551 0.01381824832169103 -0.045333974288957343 -0.011001382313691221 -0.0037892344001688757 0.045771505971303666 -0.022355765067120989 -0.00021061347473463619 0.03790449358838216 -0.017534026114766631 -0.0096004553217155612 0.074476737720550579 -0.022689797853094239 -0.0021713796313912034 0.036333734326913308 -0.0072872648571573276 -0.027645606908001937 0.0663585473169927 0.082413755734310784 0.082093743080984327 0.0026835129677834479 0.058610362827188414 -0.031533908367694569 0.062258358263417538 0.035848858521459206 -0.0030502682386693413 -0.0055572471861031394 -0.01712827740337974 -0.04586293349039483 0.0039746777988797239 -0.060787898120445306 0.061506862800243582 -0.052892977002418809 0.064574990613882735 -0.0036656009215667268 0.054658614519781518 0.018528154132271636 0.069066952931972667 0.013808901594783485 -0.0015506656767103968 0.027586703420446619 0.050080609085026755 -0.045117969593146116 0.019897025575808778 0.022042861093210457 0.011079226656406109 0.0028903977837617749 -0.00690857587263757 0.057763826982057481 0.023529883790285602 -0.028422341646887686 0.0618289974855094 0.038519243487597749 0.03231173241562129 0.082425344681038695 -0.037265957878647504 0.017881986149973935 0.034277791784618691 -0.027429272476514017 0.053697922393890998 0.024479999503583677
leaf_weight=6188.9209154993296 2904.5770085602999 27.65366542339325 1617.8895100653172 1219.4386149942875 1284.1617310494184 1239.9596801996231 851.01536908745766 1796.3017490059137 94.474958837032318 2066.8997826725245 1082.6125440895557 363.85563603043556 16.658975556492805 884.56165751814842 2245.7580390572548 1856.8812619149685 277.2902914583683 228.03170521557331 673.98213301599026 7443.6413701921701 850.06615303456783 452.21382509171963 4679.9907596707344 586.60797922313213 1013.1357873529196 1067.968845769763 420.92618310451508 78.429348707199097 3207.0738615244627 434.25598987936974 248.91360805928707 15.427984967827795 256.5721992701292 3404.2623476833105 53.670022547245026 2086.5426750332117 964.51814073324203 1421.8084696084261 327.55884064733982 586.38137923181057 212.2126862257719 1659.9306857287884 727.5268689095974 6536.7837788313627 507.08730332553387 2295.7811971008778 429.24337796866894 95.805990740656853 360.34899453818798 237.34145052731037 570.80462057888508 1656.8656063973904 409.80607248842716 810.11090983450413 999.62302766740322 139.44272717833519 33.980252012610435 601.88908350467682 1154.5110816657543 36.437652364373207 1246.2994028329849 2181.3237711936235
leaf_count=26114 11493 114 5865 4884 4875 4622 2985 6997 349 7289 4120 1358 58 3411 8398 6564 1042 889 2314 25322 2890 1667 16164 2342 3489 3782 1567 291 12380 1750 917 61 884 14159 185 7814 3350 5158 1123 2149 799 5935 2542 26576 1843 8283 1569 361 1344 827 2059 6506 1411 2859 3555 472 129 2199 4093 137 4330 7817
internal_value=0.00733338 0.0341373 0.0224613 -0.0361296 -0.00465916 0.0347575 0.0708412 -0.0152377 0.0169724 0.0441778 -0.0167853 0.0243599 -0.052849 -0.00402833 0.00235924 0.0343628 0.0306469 -0.0287525 0.0429014 0.0781111 0.0634646 0.0325079 0.0528147 -0.0585463 0.0454853 0.0339614 0.011278 0.00583329 -0.0271911 -0.0205551 0.0339898 0.035644 0.0289187 -0.0601981 0.0817554 -0.00449956 0.0497636 0.00754899 0.0632259 -0.00322381 -0.0343191 0.0272534 0.0344412 -0.0441266 0.000941189 0.0181549 -0.00235577 -0.0444245 0.0194201 0.0420365 0.0117504 -0.0355922 0.0418631 0.0250497 0.0208809 0.0480064 0.0425832 0.00206717 0.0289032 0.0273704 0.0454611 0.0207372
internal_weight=79424 49127.1 37270.8 30297 11626.8 25644 11856.3 13468 4176.46 13454.3 7450.31 12189.6 16829 6950.32 5154.02 6297.64 8232.98 3774.06 2448.05 9408.25 1874.5 7869.13 7156.7 10179.8 2870.02 7591.84 3956.67 3117.47 6517.63 3641.33 1774.07 1746.41 5277.57 9593.18 7533.75 3676.24 1058.99 4269.46 342.987 1870.54 3116.79 5021 2387.46 6649.25 2593.63 2716.71 657.275 6632.59 1246.92 315.771 931.154 2876.3 2476.71 3427.62 2617.51 1024.44 884.996 2847.65 1403.42 90.1077 2314.27 2633.54
internal_count=296831 175538 134796 121293 43771 91025 40742 51683 15244 47196 28527 43829 69610 26163 19166 22332 29357 14750 8622 32120 6476 27999 24864 42615 10053 26957 14472 11545 25520 14130 6308 6194 18845 40273 25644 13777 3699 15755 1184 7024 12292 17961 8477 26995 9657 9850 2458 26937 4521 1118 3403 11390 8700 12279 9420 3586 3114 10597 5010 322 8112 9484
is_linear=0
shrinkage=0.05


Tree=6
num_leaves=63
num_cat=0
split_feature=48 21 69 69 48 38 45 69 69 69 69 40 69 48 48 6 55 18 45 33 28 28 18 33 9 46 21 46 48 63 1 57 59 1 1 48 48 47 26 69 40 45 62 63 21 69 69 33 48 69 48 23 33 40 18 40 62 28 47 59 28 9
split_gain=33608.2 7774.95 4632.84 3930.26 1432.25 804.23 774.186 598.969 572.866 395.872 392.719 330.259 319.494 294.956 285.321 301.573 207.617 207.092 187.508 186.973 186.188 185.53 180.629 160.836 150.271 144.968 140.795 174.565 134.68 129.155 123.345 116.164 103.948 103.245 100.752 100.463 93.9452 90.0007 88.078 87.1899 86.5594 81.0057 79.9745 79.5863 78.1203 77.8925 77.5408 82.7208 77.0146 74.9564 74.6619 74.5732 74.1084 73.7897 69.6363 79.7996 68.6113 67.8761 66.5701 90.5937 65.8389 65.1131
threshold=146832115.69885865 0.78571428571428581 14.115920066714795 7.7057921137138736 3195899725.4930053 4991429223.2918406 0.76192014368991579 7.2602654900301227 12.715693535137291 25.254085658808599 3.2868953971770685 21.500000000000004 24.535787632869489 34519592.8594772 89902999506.429504 6.8050000000000006 1692893.432009727 13341618.059601931 1.3511383881434533 4.5750231053604455 14039197.75568676 19172897.422176037 2821729.0102549777 4.6500542299349252 278754.00000000006 27.876299376299382 3.0714285714285716 17.667912772585673 49525764906.738258 159.49831817381701 4.4850000000000012 0.91452103774393989 283.30967910500294 4.9050000000000011 4.7750000000000012 32072638573.705318 7934640.6708218632 6.2108830233636132 -1.0000000180025095e-35 39.019949092629012 35.500000000000007 0.92554561717086359 1.976478067387158 23.625516668874901 3.0714285714285716 23.262854422344478 12.461106893032289 4.3667865707434066 29186244.772247251 41.656739314430816 385284604.07862782 4.7250468164794022 4.6647393048128363 43.500000000000007 3981571705.534986 1.5000000000000002 2.4743801652892565 64771653.265874483 0.74579828516494751 50.044652083634432 1020140476.0303177 16482336.500000002
decision_type=2 2 2 2 2 2 2 2 2 2 2 2 2 2 2 2 2 2 2 2 2 2 2 2 2 2 2 2 2 2 2 2 2 2 2 2 2 2 2 2 2 2 2 2 2 2 2 2 2 2 2 2 2 2 2 2 2 2 2 2 2 2
left_child=3 2 5 10 18 7 12 11 30 19 22 24 28 61 15 32 34 46 26 25 41 -7 33 31 60 -8 27 58 57 -13 43 -11 -6 -1 45 -23 -32 -33 -12 -39 -22 -9 48 -5 52 -15 -17 -48 -40 -14 -28 -29 -19 -27 55 -21 -35 -4 59 -3 -2 -10
right_child=1 4 6 8 14 21 9 20 13 23 38 29 49 16 -16 17 -18 44 -20 54 40 35 -24 -25 -26 53 50 51 -30 -31 36 37 -34 56 -36 -37 -38 39 42 -41 -42 -43 -44 -45 -46 -47 47 -49 -50 -51 -52 -53 -54 -55 -56 -57 -58 -59 -60 -61 -62 -63
leaf_value=-0.061509045978120305 -0.024233035989978016 -0.0082235589689671641 0.026875523295971517 -0.043515078541967067 -0.058317773782603201 -0.0016084307512880419 -0.025326791618521784 -0.00033703685090034528 -0.015812274269294324 -0.0049761909647623752 0.076178850123273523 0.001437444015416867 0.05040352138172767 -0.0044998201897760116 0.080828335008834615 0.031469588410092154 -0.026222756994167557 0.049731090934494543 -0.0026661352528431943 -0.021266428131624 0.0072378526595936648 0.02537161117842554 -0.035357845891827881 0.044748457647798522 -0.039888983505589858 0.0089219195217062133 -0.0073763102253782383 0.032094193653324887 0.062654103974548417 0.073937678801647741 -0.03540112669589545 -0.016698799338117024 0.070907573944197333 -0.051359689639604668 0.016479815977601352 0.055870753630273301 -0.014313532894121662 0.028860048653407157 -0.045989040375987972 0.050737561507829321 0.037949879683567556 -0.014602286136142686 0.0016101576877606116 -0.0256513477142245 0.078724654581921016 0.012870318878713777 0.010054650602068081 0.062197272712823652 -0.034901702453774004 0.070323894731187719 0.068833659346272544 0.051447210664720383 0.070870541118252181 0.036187252726165561 0.066397996830848488 0.024956603577803813 0.0041491384331834103 0.041680146537659835 -0.022297462418741691 0.057306714501490101 0.0019267908655112552 -0.037834532119148043
leaf_weight=6766.7593117952347 1234.0512187480927 120.38210834562778 2747.7320081144571 1101.56339225173 66.263950273394585 365.37153063714504 294.93786363303661 2059.0370042771101 1341.9024388790131 245.74474690854549 16.108786851167679 476.81996451318264 4570.9220992326736 2179.613444507122 5378.5348443239927 429.34484279155731 569.79465505480766 581.59409868717194 301.64325186610222 96.168798118829727 1966.1721730679274 579.35322687029839 958.49831376969814 2220.4240941852331 2023.473520860076 2707.34900406003 34.613469123840332 1306.1072977632284 369.5944239795208 70.513329461216927 665.59292639791965 99.698172077536583 20.338184833526611 2884.3886131793261 1486.5188448131084 505.66509290039539 2557.7638009190559 4043.3449123501778 3943.7549356222153 513.224698767066 259.72973300516605 1926.0747607350349 108.93774323165417 1436.6647328734398 2003.9093474447727 916.90189942717552 83.923549562692642 811.99859529733658 2598.0347706228495 526.63810501992702 449.3223013728857 804.28522820770741 1443.8288477808237 273.18998490273952 97.91768079996109 3212.5050948858261 56.764332443475723 1077.9432657212019 157.94650259613991 93.86627522110939 298.74767439067364 447.60808682441711
leaf_count=28983 4822 450 9806 4446 257 1351 1129 7672 5211 913 56 1777 15931 8189 18500 1532 2209 2039 1124 366 7247 2075 3912 7783 8123 9905 130 4640 1274 242 2675 379 70 12161 5419 1755 9845 14409 16307 1787 920 7330 413 5652 6904 3349 305 2817 10461 1801 1545 2805 4983 972 336 11507 219 3786 594 327 1118 1786
internal_value=0.00700418 0.0325527 0.0198853 -0.0346311 0.0638997 -0.00565343 0.0328939 -0.0105555 -0.0135049 0.0253833 -0.050115 -0.0253788 0.044051 -0.00383223 0.0726617 0.0645891 0.00224128 0.0660861 0.0348921 0.0166416 -0.00076179 0.0292082 -0.0560651 0.0335845 -0.0309435 0.00811208 0.0387111 0.0339018 0.0338315 0.0107777 -0.0251598 0.0285277 -0.0279697 -0.0581096 0.00578012 0.0395855 -0.0186679 0.030296 -0.0405954 0.0313242 0.0108215 -0.00723168 -0.0408782 -0.033404 0.0717254 0.000643611 0.0489405 0.0573129 -0.0415858 0.0524615 0.0633827 0.0394698 0.0648004 0.011421 0.0248429 0.0236131 -0.0502884 0.031047 0.00233048 0.0204865 -0.0191344 -0.0213207
internal_weight=78987.4 48950.2 34862.3 30037.2 14087.9 11765 23097.3 10314.6 12703.9 13804.5 17333.2 4103.61 9292.83 6942.34 10819.7 5441.2 5152.83 5354.6 3268.17 6682.07 6211.01 1450.39 10666.4 7122.44 3556.27 3275.48 2966.52 2482.59 4195.27 547.333 5761.58 4902.01 86.6021 9707.91 4583.03 1085.02 3223.36 4656.27 6666.84 4556.57 2225.9 3985.11 6650.73 2538.23 4029.33 3096.52 1325.27 895.922 6541.79 5097.56 483.936 2110.39 2025.42 2980.54 3406.59 3308.67 2941.15 3825.68 372.195 214.248 1532.8 1789.51
internal_count=296831 175538 126516 121293 49022 44432 82084 39251 48781 49486 72512 16082 32598 26163 37407 18907 19166 18580 11615 24215 23169 5181 45275 25271 14063 12006 10491 8816 14866 2019 22618 17488 327 41363 16957 3830 12520 16575 27237 16196 8167 15002 27181 10098 13926 11538 4654 3122 26768 17732 1675 7445 7022 10877 12209 11873 12380 13592 1371 777 5940 6997
is_linear=0
shrinkage=0.05


Tree=7
num_leaves=63
num_cat=0
split_feature=48 20 69 69 20 48 45 69 69 69 48 69 48 38 48 43 30 43 57 43 30 43 41 43 33 62 33 18 41 43 69 43 41 11 8 41 44 30 43 46 1 36 69 1 63 58 6 54 18 29 30 13 50 30 29 69 1 41 41 11 5 47
split_gain=30541.1 7191.59 4082.92 3658.28 1025.38 858.476 843.499 596.593 395.451 358.985 352.236 319.314 317.839 298.137 279.149 244.306 212.513 206.996 193.954 188.817 197.987 181.647 177.071 168.487 164.874 143.084 138.744 137.105 129.537 146.296 129.134 122.677 117.656 116.961 107.877 106.936 105.03 114.64 104.159 101.578 98.268 94.2563 91.9846 87.0758 82.3124 81.4637 80.8423 79.3087 77.6097 76.6184 76.1823 77.239 73.3257 72.5619 72.4409 78.5939 72.4309 72.0468 70.0302 69.3545 68.8169 92.6058
threshold=146832115.69885865 7.5000000000000009 13.206682059196936 7.1511569291279793 2.5000000000000004 4736525815.4851284 0.85037905391068314 12.588400214084791 23.262854422344478 7.1511569291279793 32072638573.705318 22.717311617833762 15849263.983685344 4991429223.2918406 33149717.634370103 4.2751562500000011 9.5000000000000018 4.6600145348837225 0.89270999416077357 4.5833892617449674 80.500000000000014 4.7466919191919201 0.2166666666666667 4.900255102040818 4.5750231053604455 1.976478067387158 4.6333939393939412 561904650.84066331 0.027777777777777752 4.6463525498891363 2.7686297328918879 4.3179029304029317 0.32777777777777778 4.5000000000000009 0.12250000000000001 0.55000000000000016 0.1921718621964135 70.500000000000014 4.5600751879699262 28.315701754385969 4.995000000000001 14.768333333333334 23.262854422344478 6.285000000000001 39.194565738397522 251472.59094740567 3.6650000000000005 0.60450837510835453 9924009090.7585506 56249191935707416 23.500000000000004 4.7075407081933323 26.500000000000004 8.5000000000000018 1.8065134702622006e+18 30.15487851932987 4.995000000000001 0.5277777777777779 0.58333333333333337 9.5000000000000018 0.28100000000000008 3.6000000000000014
decision_type=2 2 2 2 2 2 2 2 2 2 2 2 2 2 2 2 2 2 2 2 2 2 2 2 2 2 2 2 2 2 2 2 2 2 2 2 2 2 2 2 2 2 2 2 2 2 2 2 2 2 2 2 2 2 2 2 2 2 2 2 2 2
left_child=3 2 4 12 9 21 8 31 16 13 27 24 25 22 -9 -16 23 35 -13 20 52 36 -2 -4 39 30 -11 32 -20 45 -1 -5 41 43 40 -10 -3 44 -34 -8 -33 -6 56 -14 46 -30 -38 -46 53 -25 51 -21 60 -28 55 -19 -17 -47 -18 -48 61 -7
right_child=1 5 6 7 10 19 11 14 17 26 -12 18 33 -15 15 42 58 54 28 50 -22 -23 -24 49 -26 -27 48 -29 29 -31 -32 34 38 -35 -36 -37 37 -39 -40 -41 -42 -43 -44 -45 47 57 59 -49 -50 -51 -52 -53 -54 -55 -56 -57 -58 -59 -60 -61 -62 -63
leaf_value=-0.058726637314938435 -0.034314965632896731 -0.066015062726335089 0.018161156962890775 -0.037771087713314271 -0.024101944431015161 0.071123406389549795 -0.025493295097702852 -0.021001252216898119 0.032147440524875961 -0.013013414212676553 0.05442749717016742 -0.010346097438617899 -0.041013500959933162 0.013060173494866927 -0.02379779505317467 -0.0019880222070153323 0.039207642008711505 0.044538619787323826 -0.0025747175409811252 0.047112995505782303 0.076101814459655637 0.062063987332040806 0.00072431114632289396 0.029007572297290247 0.020883621556517545 -0.016036169580068059 -0.00022911995550809088 0.033513669739020827 0.01906980159849218 0.043297258707107281 -0.046839215541250936 -0.022689160132623693 0.0052376548142506058 0.012698233816342289 -0.044356740560023256 0.057524036031116083 -0.060263539638432999 0.071308913954541198 0.056051740130050681 0.005780280685929934 -0.0045340235526640489 0.0060263755855741469 0.017689716552983296 0.023732564715094235 -0.045013063029439929 0.027383115062430154 0.011071031262833262 0.041922113014528944 0.053589963792702457 0.05444150685544822 0.078694415275040452 0.072704014401511086 -0.016925862282864593 0.030233909422631267 0.070829689177304547 0.057239092994363819 0.016448283588806022 0.046568767044760789 0.06406534566858936 0.046886084660839628 0.049548328410788524 -0.059822225946640696
leaf_weight=7190.0884617120028 2872.1248216331005 27.519382387399673 3181.813461959362 1444.3087288588285 353.02483540773392 22.500285595655441 297.76691474020481 1772.0630758851767 2600.2743361145258 2297.5605877190828 627.83946374058723 312.41453120112419 5440.762323319912 460.07628783583641 785.60068094730377 2534.913644567132 877.39511832594872 2551.6496049314737 292.13714835047722 394.2860404998064 835.27182203531265 632.73082555830479 412.32038415968418 677.45218461751938 2194.0387395918369 241.64646553993225 2304.5411578565836 568.12402635812759 1996.4839834421873 1850.4019385427237 3348.5401560813189 3479.9478650093079 217.4153179526329 105.72373570501804 455.39810234308243 494.01436446607113 32.911426916718483 171.19798155128956 188.09651401638985 2028.2379619479179 948.4849693775177 980.91734002530575 1291.2884411364794 52.42949640750885 27.11393803358078 1773.259332165122 551.72879315912724 808.65024243295193 76.148147732019424 526.0224462300539 5764.2832244634628 1169.1523917019367 48.345806047320366 213.59828335046768 486.72662226855755 2330.8086493760347 674.49309265613556 675.8230741918087 418.47515140473843 179.03314158320427 898.8218392431736 33.761501178145409
leaf_count=31427 11530 115 11454 5833 1361 78 1145 6964 9220 8751 2193 1168 22511 1673 3055 9491 3093 8957 1090 1402 2917 2200 1547 2411 7898 951 8585 2024 7184 6495 14126 13695 799 399 1870 1715 130 594 653 7460 3638 3626 4678 196 104 6322 2004 2846 265 1828 20152 4090 181 764 1673 8102 2459 2364 1446 629 3169 131
internal_value=0.00669481 0.0310683 0.0203348 -0.0332111 -0.00430717 0.0654391 0.0314888 -0.0138217 0.0396496 -0.0129844 0.0212223 0.0213814 -0.0490577 -0.0246359 -0.00382721 0.00192985 0.0294455 0.0464992 0.0281479 0.0724446 0.0581188 0.0390228 -0.0299162 0.0241886 0.0110513 -0.0540773 -0.00406563 0.0121879 0.0299733 0.0314836 -0.0549495 -0.0249695 0.00522272 -0.039393 -0.0211837 0.0361989 0.0309151 0.0324216 0.0288077 0.00177675 -0.0188007 -0.00194702 0.00642063 -0.0403955 0.0282592 0.0265663 0.0163931 0.0391018 0.00385874 0.0401244 0.0760393 0.0662502 0.0431495 0.00235487 0.0524353 0.0506016 0.00188658 0.0326774 0.0472349 0.0198455 0.0461904 -0.00745428
internal_weight=78500 48734.3 37137 29765.7 11571.8 11597.3 25565.2 13386.5 14144.6 8636.37 2935.42 11420.6 16379.2 3744.52 7058.36 5286.3 5681.16 8463.47 6900.52 9166.42 1838.7 2430.89 3284.45 4385.29 4520.04 10780.3 4891.85 2307.58 6588.11 6295.97 10538.6 6328.14 1739.45 5598.92 4883.83 3094.29 1798.15 1770.64 405.512 2326 4428.43 1333.94 4500.7 5493.19 1599.44 4445.57 763.673 835.764 2594.29 1203.47 7327.72 1563.44 1003.43 2518.14 5369.18 4882.46 3209.41 2449.08 1295.87 730.762 955.084 56.2618
internal_count=296831 175538 134796 121293 43771 40742 91025 51683 49899 33115 10656 41126 69610 14750 26647 19683 20232 29667 24623 32120 6476 8622 13077 15693 16503 46504 18365 8463 23455 22365 45553 25036 6439 23106 19203 10935 6422 6307 1452 8605 17333 4987 16628 22707 5713 15870 2763 2950 9614 4239 25644 5492 3559 9349 18732 17059 11950 8686 4539 2633 3378 209
is_linear=0
shrinkage=0.05


Tree=8
num_leaves=63
num_cat=0
split_feature=48 20 69 69 39 69 48 33 30 48 69 46 69 69 48 48 43 30 43 40 20 43 43 69 45 28 9 43 40 45 40 43 59 69 69 44 30 19 46 19 46 30 69 62 53 43 48 61 7 34 57 40 45 1 8 1 66 59 19 1 30 35
split_gain=27777.7 5892.48 4852.52 3031.07 832.865 815.049 724.804 702.333 428.03 427.226 396.421 321.223 276.748 257.068 203.636 194.265 181.325 188.299 175.933 193.966 161.719 152.526 151.582 142.066 137.325 122.356 121.855 111.53 115.423 110.571 105.079 105.054 104.208 103.665 103.522 100.703 108.214 100.37 97.3347 93.6084 93.2172 92.1392 91.9047 86.8409 80.3062 78.0248 76.4342 75.719 75.1489 72.7903 72.5212 71.6465 79.9655 70.4477 98.1316 69.9997 68.7372 66.498 65.5131 64.7805 64.0198 71.5799
threshold=215529613.72410113 7.5000000000000009 7.7057921137138736 13.088481118219612 1.4609789567585276e+19 14.916049513330515 4736525815.4851284 4.5750231053604455 3.5000000000000004 15848844.984281095 23.908413407682165 45.251452380952394 22.899159219337335 6.0964408404072605 74639415.524148956 49525764906.738258 4.5833892617449674 66.500000000000014 4.6866803840877926 21.500000000000004 2.5000000000000004 4.2666666666666684 4.7466919191919201 2.7686297328918879 0.97494679610934232 50294278.041270085 195454.50000000003 4.8071825396825405 4.5000000000000009 0.89854030738603907 49.500000000000007 4.5833892617449674 779.82269281538936 40.574746085484556 3.8960848622140354 0.20000000000000018 15.500000000000002 1.7786610727798356e+18 41.426362448674887 7.0739604394863795e+17 17.667912772585673 9.5000000000000018 9.7606700107042403 0.4000000000000008 59.500000000000007 4.5318431568431583 11587686249.807207 0.56030458259108296 3.2100000000000004 0.18027756377319948 0.89270999416077357 29.500000000000004 1.1167572391797906 4.4850000000000012 0.13550000000000004 5.0050000000000008 0.34202014332566882 207.4341324427983 17109897877773424 4.995000000000001 71.500000000000014 0.91684390624019885
decision_type=2 2 2 2 2 2 2 2 2 2 2 2 2 2 2 2 2 2 2 2 2 2 2 2 2 2 2 2 2 2 2 2 2 2 2 2 2 2 2 2 2 2 2 2 2 2 2 2 2 2 2 2 2 2 2 2 2 2 2 2 2 2
left_child=2 3 9 4 8 14 22 12 13 23 15 31 29 37 40 26 17 44 51 39 34 -13 35 43 30 -6 -9 33 -29 41 -14 49 -18 46 -11 -3 -37 -2 -26 42 -4 -5 -20 -1 48 -23 -12 -15 -8 -7 -40 58 -53 -42 -55 -36 -34 -28 -10 -16 61 -38
right_child=1 6 5 7 25 11 16 10 18 20 27 21 24 47 59 -17 32 -19 19 -21 -22 45 -24 -25 38 -27 57 28 -30 -31 -32 -33 56 -35 55 36 60 -39 50 -41 53 -43 -44 -45 -46 -47 -48 -49 -50 -51 -52 52 -54 54 -56 -57 -58 -59 -60 -61 -62 -63
leaf_value=-0.060312707488949471 -0.035453627246083239 -0.073454740566859994 -0.052343379661284772 0.010993314233227943 0.010320052971451589 -0.023532850096031122 -0.0092087672331883242 0.034883845093250036 -0.017487713796171905 -0.045494889480802561 0.034907713589930812 -0.018952359430891283 0.029121838204839948 -0.01223958168443539 -0.012466549051389874 0.05960139555733223 0.074223584075618729 0.071642250602462432 -0.010406737854287668 0.045634286940758821 -0.013226914385877586 0.0076300187520633696 0.059751254288694856 -0.043999870356044794 -0.0065731285892517179 0.04830807878937643 0.023105418240459762 0.019775602554477467 0.054654454293862592 -0.0010783418191442876 0.051733578955060935 0.0094677307907552449 0.069242205391532627 0.062934422615358435 -0.035827538994922428 0.011551041082263878 0.046704853864371204 0.0039926480662577151 -0.018857627367112266 0.031845536222931965 -0.030175848907127253 0.039253085021884689 0.018904713982822612 -0.048625485520349815 -0.035659080887040888 0.020436348819639943 0.057986801810294045 0.0077642336225968202 0.046701426991792805 -0.0027554482211014737 0.024235077053662877 0.014839780138836734 -0.032367938744702895 -0.013812535568272702 -0.039408338272084398 -0.015843725029691953 -0.019592792413533414 0.0015216166613834163 0.0075992730792759939 0.0046560473576395941 0.068952113923525293 0.020356015507311601
leaf_weight=4603.8835299015045 1707.887853577733 22.78894367814064 289.09698791801929 1197.044034153223 283.57134690880775 1242.925161331892 65.045623704791069 2620.2328144460917 1083.4438820928335 3035.5611592233181 3205.6510342210531 390.02540375292301 3005.4649346470833 2019.249536767602 2750.5075694471598 488.7399128973484 7111.5677937567234 927.56378483772278 708.33033588528633 426.47438904643059 684.97601346671581 2566.3844281882048 624.34080924093723 3543.2312490344048 361.23782832920551 839.46325750648975 2934.8452804982662 254.52012391388416 3485.0921511948109 1525.4555118978024 619.74094921350479 491.85410934686661 38.951273024082184 450.25239858031273 2889.0624282807112 455.15514852106571 610.03781600296497 178.07659400999546 103.44619201123714 305.14718453586102 2035.3429830819368 379.99676086008549 429.62945879995823 2427.4903230816126 34.222001254558563 2216.7260338068008 403.95614248514175 617.79956446588039 790.58928802609444 637.85910956561565 1737.4446831941605 611.63703213632107 105.12265738844872 2328.7008275985718 446.21886582672596 516.55775424838066 49.381428644061089 406.25315509736538 342.50684621930122 691.20515294373035 166.24431593716145 446.34909836947918
leaf_count=20654 6910 98 1198 4344 1032 4885 243 9280 4134 12899 11372 1508 10695 7723 10574 1706 25322 3293 2694 1502 2695 9444 2191 15090 1347 2954 10508 919 12180 5658 2166 1810 137 1562 11907 1651 2142 662 390 1088 8179 1343 1558 10614 130 8015 1410 2289 2810 2399 6215 2226 404 9064 1838 2066 185 1485 1263 2583 584 1604
internal_value=0.00640364 0.0325028 -0.0277231 0.0217711 -0.00176207 -0.00784682 0.063573 0.0315769 -0.00708797 -0.0457871 0.0384668 0.00412695 0.0205825 -0.0176338 -0.0184253 0.0292962 0.0699909 0.0558787 0.00480021 0.016009 -0.0363246 0.0111135 0.0386806 -0.0521639 0.0270051 0.0387159 0.0268116 0.0460508 0.0522806 0.00851913 0.0329874 -0.011106 0.0735532 0.0403123 -0.0387809 0.0309449 0.0323629 -0.031729 0.017157 0.00725392 -0.0247679 0.0178027 0.000659614 -0.0562778 0.0394472 0.0135651 0.0374905 -0.00755315 0.0424511 -0.0164863 0.0218135 -0.00497977 0.00791612 -0.0231106 -0.0179284 -0.0327964 0.01958 0.020481 -0.0114619 -0.00902779 0.0401106 0.0355718
internal_weight=77967.6 44180 33787.6 32837.7 9658.34 16086.8 11342.2 23179.4 8535.31 17700.8 14249.5 7545.77 8929.83 4523.01 8541.07 6450.07 9017.32 1817.42 4012.29 1869.58 7126.16 5173.14 2324.92 10574.6 5827.33 1123.03 5961.33 7799.47 3739.61 3102.5 3625.21 2372.64 7199.9 4059.86 6441.18 1700.58 1677.79 1885.96 2202.13 1443.11 5099.36 1577.04 1137.96 7031.37 889.857 4783.11 3609.61 2637.05 855.635 1880.78 1840.89 2142.71 716.76 4810.26 2774.92 3405.62 88.3327 3341.1 1425.95 3441.71 1222.63 1056.39
internal_count=296831 159409 137422 119019 36439 61497 40390 82580 32453 75925 50422 28061 32158 17584 33436 22979 32120 6476 14869 6842 29567 18967 8270 46358 20813 3986 21273 27443 13099 11345 12861 9094 25644 14344 26872 6079 5981 7572 7952 5340 20279 5687 4252 31268 3183 17459 12782 10012 3053 7284 6605 8027 2630 19081 10902 13973 322 11993 5397 13157 4330 3746
is_linear=0
shrinkage=0.05


Tree=9
num_leaves=63
num_cat=0
split_feature=49 38 69 69 30 21 45 69 40 69 69 43 18 69 49 43 49 43 57 18 69 14 14 8 1 1 43 49 18 43 69 40 46 18 69 49 44 43 43 49 63 46 69 58 69 14 30 51 40 40 69 40 57 40 28 63 69 69 47 28 47 28
split_gain=25306 6229.53 3188.32 3182.33 1276.58 835.622 707.98 595.8 406.547 351.625 346.876 260.513 257.973 250.959 246.474 237.152 233.196 203.845 167.103 158.524 154.161 146.034 137.742 137.063 133.028 132.279 129.957 125.756 122.938 116.52 112.747 112.354 110.058 105.556 104.255 103.716 100.968 98.6869 88.7107 81.455 80.3494 108.354 79.9677 79.4742 75.6994 72.2994 72.0925 71.946 71.16 70.6401 68.3298 68.2056 67.994 67.4702 65.7603 64.2776 63.2291 62.804 62.6834 62.2716 62.1985 62.0597
threshold=1.8485068172079382e+17 4991429223.2918406 6.432858903188869 13.088481118219612 9.5000000000000018 0.5 0.89854030738603907 12.588400214084791 51.500000000000007 5.9873322795051171 22.180861193398226 4.6928230765777901 21211500.387548182 23.081006820840908 34923081267916088 4.7250274725274739 43457592655584136 4.2909673659673677 0.89270999416077357 11929080.514979178 18.24386062084589 0.050927248643506708 0.20026007846263302 0.19950000000000004 6.5850000000000009 4.4850000000000012 4.6463525498891363 4.4673269474346762e+20 31623276601.683796 4.900255102040818 0.58645851484902056 171.50000000000003 28.315701754385969 3946874.7278308398 40.574746085484556 4.0377059723727593e+19 0.49708813213627751 4.5700467289719642 4.6960830341526298 15388076531335458 56.822740295493929 15.656038647342998 5.7145608772497587 417984.0330592696 21.162514624978222 0.4023369234857771 20.500000000000004 0.54661844183520725 3.5000000000000004 20.500000000000004 12.061042169724429 19.500000000000004 0.47276104109969702 12.500000000000002 11494217.684584534 23.625516668874901 8.2058730178486972 11.051787981379602 6.0187972508578689 44680321.334957771 1.0000000180025095e-35 18670660.934866089
decision_type=2 2 2 2 2 2 2 2 2 2 2 2 2 2 2 2 2 2 2 2 2 2 2 2 2 2 2 2 2 2 2 2 2 2 2 2 2 2 2 2 2 2 2 2 2 2 2 2 2 2 2 2 2 2 2 2 2 2 2 2 2 2
left_child=2 3 14 4 9 20 8 25 10 21 29 34 27 32 24 22 -9 -18 -15 37 28 51 31 26 30 55 43 50 60 36 -1 40 54 -16 -12 42 49 -11 -34 -27 41 -6 -14 -20 -19 -24 -17 -44 -40 -5 -7 -2 -52 56 -8 -4 -39 -47 -21 -31 -3 -62
right_child=1 5 7 6 15 12 13 16 -10 19 11 -13 35 18 33 46 17 44 23 58 -22 -23 45 -25 -26 39 -28 -29 -30 59 -32 -33 38 -35 -36 -37 -38 53 48 -41 -42 -43 47 -45 -46 57 -48 -49 -50 -51 52 -53 -54 -55 -56 -57 -58 -59 -60 -61 61 -63
leaf_value=-0.062782423212693325 -0.034494861578999801 -0.011687836887980462 -0.039663355137359219 0.0166561451933851 -0.032218685017677488 0.029588584725543595 -0.031576591133526281 -0.0188995806615668 0.057382925485397834 -0.022240222437014182 0.026310493887845857 0.045871703172226302 0.034945263631012469 -0.01255937542061742 -0.04014111922545216 0.03880803744541414 -0.019906222680161977 0.0013505431989970064 0.015211762815686614 -0.0097713965709641734 0.047530722936942202 -0.0033300506702892683 0.049476336614880233 -0.0063683787856448756 -0.010948387726094293 -0.029327064095373247 0.041310464066606434 0.072708946990780107 0.055892024999681281 0.025708451963383769 -0.049058476603472206 0.053519670661361096 0.004231950867455845 -0.019662422610307432 0.055634919718486713 0.073829676517392029 0.0048590860340701411 -0.02107873641160643 -0.0009593925250974797 -0.013600593367430337 0.024068067862425255 0.007811384242475807 -0.044088745505680753 0.029988654793017783 0.015065115464865815 0.0266851339913536 0.072434514506638445 0.065406105583697124 0.025656557888439874 0.033587953377551494 -0.037739199769131142 -0.0055539539778839096 0.053450819760431624 0.0090831102010149444 0.0056814183507663671 -0.025373859039688806 -0.0041857083157548474 -0.03815276545904072 0.019612613832512348 0.050137258133147927 0.0035569641873890293 0.031065428737497972
leaf_weight=1784.8827905058861 2286.5112607032061 202.07102699577808 1359.0133712738752 1808.500665396452 262.83569918572903 577.36366641521454 259.95477217435837 1815.9721333384514 1739.5536973625422 1160.8088465631008 3832.1651848256588 4626.4948150664568 262.59334810078144 292.66474470496178 2709.1592241376638 367.7661192715168 889.2587073892355 2747.0271966308355 1663.6701174080372 239.87086160480976 877.32834343612194 543.42397800087929 406.24541436135769 303.93221542239189 208.35310569405556 1132.4746052026749 1375.9370409399271 470.77215473353863 201.40564197301865 634.32799245417118 9263.7094892710447 120.16162893176079 2080.844968482852 819.60707251727581 329.12700629234314 5634.1589392125607 1166.0570650100708 759.68445076048374 317.19056256115437 3016.6036235690117 304.34503294527531 473.75066591799259 15.129713147878645 2008.3335901796818 1587.6887831687927 240.53857703506947 281.31670477986336 1782.1793064326048 1205.7148267626762 934.2143936753273 20.905076161026955 223.47778712213039 922.11142790317535 653.05616554617882 217.53656774759293 1869.6963076144457 2044.9906358718872 44.213124811649323 745.81874865293503 443.09707556664944 360.02791523933411 476.24144279956818
leaf_count=8161 9337 752 5640 6522 1016 2107 1009 7187 6148 4495 13689 16364 956 1099 11500 1315 3468 10236 6005 906 3096 2060 1445 1135 828 4674 4857 1688 705 2263 41137 425 7645 3349 1148 20387 4252 2997 1174 11798 1101 1744 59 7141 5756 863 986 6416 4311 3316 80 849 3307 2414 801 7559 7694 169 2719 1553 1321 1697
internal_value=0.00612825 0.0283814 -0.0306007 0.0181458 -0.00408902 0.0599481 0.0279762 -0.0138703 0.0346068 -0.0131789 0.0317303 0.0377071 0.0661683 0.0173999 -0.0469148 0.0273749 -0.00346511 0.00190026 0.0242294 -0.00574106 0.0314918 -0.0268302 0.0182604 0.0262412 -0.0505291 -0.023799 0.0282046 0.0501275 0.0201416 0.0211966 -0.0512756 0.00774136 0.00795436 -0.0353846 0.0286298 0.0703195 0.0171836 -0.00962594 0.0109431 -0.0178931 0.00245686 -0.00647252 0.0607188 0.0232937 0.00637382 0.0359357 0.053382 0.0644844 0.020113 0.0224234 0.0431353 -0.0319181 0.0514293 -0.00539115 -0.0146025 -0.0313885 -0.00876142 0.0166178 0.0124619 0.0357549 0.0132071 0.0192226
internal_weight=77403.9 48200.4 29203.4 36398.1 11158.8 11802.3 25239.3 14417.7 15513.5 8657.64 13774 8787.79 9685.21 9725.78 14785.7 2501.17 7039.95 5223.97 5644.54 5604.23 2117.07 3053.41 1852.09 5351.87 11256.9 7377.79 5047.94 1991.15 1239.75 4986.2 11048.6 1161.09 4081.24 3528.77 4161.29 7694.06 3908.77 4618.54 3603.75 4149.08 1040.93 736.586 2059.9 3672 4334.72 690.997 649.083 1797.31 1522.91 2742.72 1520.38 2509.99 943.017 3457.73 477.491 3228.71 2804.68 284.752 985.69 1077.43 1038.34 836.269
internal_count=296831 175538 121293 132967 42535 42571 90432 56318 55255 33471 49107 31201 35000 35177 64975 9064 26647 19460 20237 21225 7571 12246 6763 19138 50126 29671 18003 7182 4475 17906 49298 4286 14940 14849 14837 27818 14090 17600 13130 16472 3861 2760 7431 13146 15992 2477 2301 6475 5485 9838 5494 10186 3387 13105 1810 13199 10691 1032 3625 3816 3770 3018
is_linear=0
shrinkage=0.05


Tree=10
num_leaves=63
num_cat=0
split_feature=49 20 49 40 43 49 40 18 43 40 46 40 43 46 43 30 59 43 59 38 49 38 62 59 62 43 46 59 45 34 49 40 40 43 18 64 38 46 30 49 62 54 62 62 46 9 12 28 62 43 18 9 70 46 46 46 64 40 63 8 18 30
split_gain=23038.8 5961.73 2064.52 1805.35 1242.03 751.116 657.135 536.556 404.823 387.052 327.498 252.532 278.054 248.758 229.104 291.15 227.639 223 173.683 163.92 158.06 157.16 154.56 146.445 129.333 122.526 119.671 119.369 114.744 153.783 94.9013 93.7007 92.909 98.7087 90.6052 88.1484 84.3776 83.8286 79.9622 79.8218 79.3357 77.7372 76.4919 73.7912 73.0549 72.1912 71.4655 71.2206 70.0615 69.5184 68.5198 68.0144 67.069 64.7468 64.0049 63.7998 61.9783 59.4244 59.3714 59.1086 69.9582 63.0378
threshold=1.7196854534584592e+17 7.5000000000000009 34923081267916088 6.5000000000000009 4.6928230765777901 3.009615398224704e+18 23.500000000000004 5667677209.79214 4.3251984126984144 12.500000000000002 31.643650793650799 3.5000000000000004 4.8298574998311627 30.259761904761913 4.6375216262975796 84.500000000000014 408.36147489011154 4.9142857142857164 408.36147489011154 82332580.259987399 9989120773953162 51659626.536162287 0.10000000000000096 268.777959470658 2.4743801652892565 4.9200946372239764 46.30438095238096 207.4341324427983 1.3362907135484685 0.46303347611160922 93965456924815136 22.500000000000004 11.500000000000002 4.5700467289719642 65092779.92075146 1.0000000180025095e-35 669382282.25667882 52.130952380952387 17.500000000000004 2.3426721948407939e+20 1.5000000000000007 0.66292454451269178 1.8270790289256202 0.39999999999999991 62.534666666666674 127206812.00000001 5.6050000000000013 31656980512.409153 0.29999999999999943 4.5154946628926114 732911694.01650155 57451204.000000007 3.0405465985425315 10.231385927505332 26.875241545893726 33.000694444444456 2.5000000000000004 1.5000000000000002 16.081297712610162 0.12850000000000003 1355981708.8373449 16.500000000000004
decision_type=2 2 2 2 2 2 2 2 2 2 2 2 2 2 2 2 2 2 2 2 2 2 2 2 2 2 2 2 2 2 2 2 2 2 2 2 2 2 2 2 2 2 2 2 2 2 2 2 2 2 2 2 2 2 2 2 2 2 2 2 2 2
left_child=2 3 16 7 6 28 13 11 -8 17 -4 48 -13 46 15 39 20 26 22 44 24 -10 30 32 43 31 34 41 29 36 -12 37 -15 -34 -6 -28 -3 -21 56 59 -18 -23 52 -1 -11 -45 -5 -9 57 -43 55 -26 54 -14 -22 -19 -16 -2 -24 60 61 -7
right_child=1 5 10 4 9 14 8 47 21 19 18 12 53 23 38 -17 40 50 -20 25 42 27 58 -25 51 -27 35 -29 -30 -31 -32 -33 33 -35 -36 -37 -38 -39 -40 -41 -42 49 -44 45 -46 -47 -48 -49 -50 -51 -52 -53 -54 -55 -56 -57 -58 -59 -60 -61 -62 -63
leaf_value=-0.049102972654317532 -0.03358113796472896 0.03102289301174585 -0.031054090467512785 -0.027064598918028211 -0.0082162612321326125 -0.012169400100295625 -0.0087164448696241282 0.023983096504950521 0.010707092908646803 0.013386989754110077 -0.02051094123309085 -0.019722296665355684 -0.020389298567662195 -0.00087041004017567091 0.061843502724574839 0.071191428450465152 -0.056748086910288459 0.0099744949498992343 -0.0346687399717997 0.017921635994236979 -0.041655505788032197 -0.030189324809882019 -0.014744775109510104 -0.012254769047477403 0.035675826322646313 0.055905579037390088 0.02819080619320527 0.017845189419514452 -0.0068501486308682712 0.0060696602862689714 -0.0077590054546419589 0.048288183962665196 0.0063091675219371507 0.020246072177447158 0.028594816208621854 0.0063077864463977722 0.057656415608372584 0.0396148254340409 0.072318190302469137 0.069590633166063093 -0.016447146781374083 0.027309907238483779 0.038376798514670289 -0.036606965611772305 0.03793198849115003 -0.056925820499816641 0.020142147656476594 0.061164195630613018 0.0001052546324329618 0.039142173923303047 0.056347360044360542 -0.034316593235245857 -0.040703609058879743 0.0111367626352902 -0.023998128098531149 0.035849926670738851 0.025332075130370973 -0.017464842815014182 0.0020997750205227882 -0.045017291443386204 0.052523568507991447 0.032792289743918825
leaf_weight=4174.1684091836214 859.49477605521679 695.72999496757984 2578.6905914694071 743.8603580147028 701.36450318992138 85.439409047365189 883.18852671980858 240.35268066823483 1253.3286547660828 630.64237098395824 2968.4029297828674 1254.0571051836014 174.73579448461533 1698.5918527841568 892.80734367668629 1243.2758873850107 2782.3982612341642 274.51936146616936 724.51337693631649 628.48066519200802 666.78568285703659 47.248784735798836 639.61565451323986 894.17767462134361 76.518127903342247 1881.7535668611526 1612.6065754443407 1554.1713160574436 195.83838203549385 382.92427489161491 2869.3396488428116 2015.353512942791 2804.8097105920315 2322.4354499876499 219.46923132240772 643.96171678602695 519.37927202880383 1528.1875814646482 5383.3945179283619 190.3683165460825 127.72329299151897 2119.4063471108675 38.228329300880432 3182.8881444633007 583.78262202441692 506.7422661036253 89.857953146100044 277.49341447651386 381.5533831268549 2996.4625807255507 349.87912645936012 63.522686898708344 1646.7028767764568 2396.5966320037842 2228.3505182862282 1801.7616598457098 133.62738998234272 1709.799649849534 2872.0659073442221 22.628058061003685 459.10971821844578 890.18224807083607
leaf_count=18922 3441 2498 10731 2926 2654 321 3322 861 4582 2308 11878 4885 696 6342 3269 4595 12773 1026 2978 2279 2922 179 2506 3366 289 6639 5793 5606 735 1403 11074 7161 10309 8379 792 2367 1850 5450 19931 691 544 7581 145 13774 2078 2273 327 975 1466 10644 1237 258 7178 8871 9221 6432 501 6706 10887 88 1660 3256
internal_value=0.00586732 0.0266915 -0.0301396 0.0171822 0.0225614 0.058896 0.0138535 -0.00514832 0.0234022 0.0343379 -0.0151546 -0.00889717 -0.000419643 0.0039699 0.0646095 0.0529246 -0.0423766 0.0244633 -0.0110847 0.0419508 -0.0394621 0.0269611 -0.00925707 0.00677198 -0.0437011 0.045314 0.0157474 0.0299938 0.0292729 0.0336997 -0.0142432 0.0405367 0.00926447 0.012622 0.0005572 0.021946 0.042407 0.0332932 0.0698797 0.0391416 -0.0549793 0.0336507 -0.0320544 -0.0445493 0.0251859 -0.0393976 -0.0219767 0.043907 -0.0198872 0.0342403 0.0358781 0.00392718 -0.0326472 0.0089944 -0.0280648 0.0324288 0.0570902 -0.0228562 -0.000968282 0.0351641 0.0364287 0.0288548
internal_weight=76814.7 48668.1 28146.7 37573.4 30279.3 11094.7 17407.5 7294.08 8853.81 12871.8 12652.6 6776.24 3825.39 8553.73 9300.83 2891 15494 5603.56 10073.9 7268.2 12583.9 7970.62 9349.42 7720.01 8003.84 6053.78 3177.4 6717.29 1793.87 1598.03 5837.74 4172.02 6825.84 5127.25 920.834 2256.57 1215.11 2156.67 6409.83 1647.73 2910.12 5163.12 4580.07 7863.8 1214.42 3689.63 833.718 517.846 2950.85 5115.87 2426.16 140.041 4541.84 2571.33 2895.14 2076.28 1026.43 2569.29 3511.68 1457.36 1434.73 975.622
internal_count=296831 178478 118353 137680 109779 40798 63563 27901 31914 46216 50054 26065 14452 31649 34312 10611 68299 20301 39323 25915 54982 28592 36345 28396 35516 21529 11606 24010 6486 5751 22952 14890 25030 18688 3446 8160 4348 7729 23701 6016 13317 18404 19466 34969 4386 16047 3253 1836 11613 18225 8695 547 19321 9567 12143 7458 3770 10147 13393 5325 5237 3577
is_linear=0
shrinkage=0.05


Tree=11
num_leaves=63
num_cat=0
split_feature=49 20 69 69 20 45 49 69 69 49 69 49 28 69 43 43 33 40 43 69 43 43 40 49 1 49 43 1 18 40 40 59 47 1 26 45 30 10 49 47 18 43 66 40 22 40 1 30 9 68 5 43 69 69 61 10 1 43 1 59 69 16
split_gain=20967.9 5571.88 2977.84 2693.44 925.965 598.09 589.137 484.726 477.941 337.595 223.967 218.277 209.393 193.318 191.976 179.049 174.715 167.051 164.681 154.627 144.46 133.681 128.851 127.47 118.565 114.523 142.297 110.719 105.231 104.558 98.4864 96.5308 113.226 94.594 92.1853 86.3689 89.5428 85.7989 84.0214 83.1207 80.1107 79.24 78.5931 78.5245 77.266 76.8364 73.6349 71.2247 70.4688 70.1857 68.5305 66.9432 66.3233 65.3675 64.9987 72.5026 64.7243 63.0962 63.0611 62.0941 61.4585 61.4018
threshold=1.7196854534584592e+17 8.5000000000000018 15.752548480246947 6.432858903188869 2.5000000000000004 0.75529475113609179 5.9629327127333345e+18 8.333166338901199 12.588400214084791 1.9909065403026179e+18 39.019949092629012 8.1977188305031557e+18 5398335.7123591248 24.372124791516274 4.3889756944444454 4.5739834710743805 4.6333939393939412 1.5000000000000002 4.4577097902097913 2.6595211719897445 4.7333839918946321 4.7706594202898565 46.500000000000007 6.2349243979636761e+19 4.7750000000000012 27549359764660540 4.2502631578947385 4.4850000000000012 44675634.73795221 5.5000000000000009 117.50000000000001 207.4341324427983 58.629251040337316 4.8950000000000005 12.612698412698414 1.3511383881434533 71.500000000000014 2.5000000000000004 4.5252491583510014e+20 29.668047302589681 31787728920.71088 4.9200946372239764 0.49240481012316856 35.500000000000007 6.1450000000000005 19.500000000000004 4.8950000000000005 17.500000000000004 16482336.500000002 31.02711614075492 0.90500000000000014 4.6400304878048795 22.899159219337335 37.947048243757941 12.706771043560897 11.500000000000002 6.6950000000000012 4.4923419649657284 7.0550000000000006 326.37629440846257 28.609173906549504 5.7560000000000011
decision_type=2 2 2 2 2 2 2 2 2 2 2 2 2 2 2 2 2 2 2 2 2 2 2 2 2 2 2 2 2 2 2 2 2 2 2 2 2 2 2 2 2 2 2 2 2 2 2 2 2 2 2 2 2 2 2 2 2 2 2 2 2 2
left_child=3 2 4 12 7 13 20 11 27 34 14 45 19 23 39 25 -9 -16 50 33 35 22 31 41 38 -10 -27 -5 30 -23 51 32 60 -1 -6 36 42 -14 -11 -7 47 -4 54 -41 53 46 -2 -13 56 -18 59 -20 -28 -15 55 -3 -29 -36 -21 -8 -19 -56
right_child=1 6 5 8 9 10 18 16 15 24 -12 40 37 44 17 -17 49 21 28 58 -22 29 -24 -25 -26 26 52 48 -30 -31 -32 -33 -34 -35 57 -37 -38 -39 -40 43 -42 -43 -44 -45 -46 -47 -48 -49 -50 -51 -52 -53 -54 -55 61 -57 -58 -59 -60 -61 -62 -63
leaf_value=-0.055285794552685223 -0.033329339474510049 0.0067768105601643024 0.021512820795559412 -0.029209995716299189 -0.01659212489798071 -0.012561051359415857 -0.017318709193412437 -0.00793917487480463 -0.021754121933029877 0.019886120116609982 0.045059080767562168 -0.0088287808788774652 -0.032978569614304745 0.039527870309432708 -0.015318923959429962 0.010761660054018693 0.013304004547525596 0.010658119551986901 0.027089189308501668 -0.039991017116846064 0.056518659478645865 0.017716901762392948 0.036143498044520238 0.055885473029817737 0.048129017663786265 -0.024546027876399947 -0.0041107822849564043 -0.015137987907369456 0.06907152584734888 0.038157737666982494 0.068004545010999742 0.0062669950331847649 0.029108261124780876 -0.043617449932307185 -0.0080020038951444852 -0.0098672926350157602 0.065897104149689273 -0.0014344638940036649 0.063163959876525885 -0.0021405563175678601 0.047437454452603625 0.039048984137050012 0.035091751696129769 0.024018363718218368 0.064432244593682589 -0.0012514286585681524 -0.018192503145467283 0.035848404523499126 -0.037724694846986033 -0.0023734386142662965 0.051262554365331538 0.054322977050121568 0.011960458589928009 0.054280044874280099 0.064594785088136528 0.065027686453197356 0.055565829397621572 0.016604072858150395 0.030168263926922834 0.053682981148945867 0.025811135015323328 -0.040076993943204825
leaf_weight=4790.0220080912113 2178.3551567494869 234.40995362401009 2475.8919130712748 3086.9688692688942 410.80020022392273 520.30669701099396 103.13807833194733 3013.190308868885 1181.9032055288553 1162.4427927434444 945.2868664264679 669.61691564321518 1723.0305390059948 3988.5405277311802 289.9366503059864 1669.6104446798563 2378.3585051894188 2509.7149416208267 350.26876194775105 4694.2810939103365 537.88799728453159 886.73299537599087 1056.2135063111782 401.65006309747696 849.66440472006798 682.32763515412807 2141.7702727168798 3591.2051440030336 6001.5119251906872 2124.4359682947397 831.50552247464657 1523.5129202604294 2265.7478567957878 2725.1107825934887 348.56734381616116 148.73273766040802 156.02566441893578 246.39489409327507 124.12512651085854 549.18529137969017 88.139006808400154 870.74897029995918 765.48475959897041 600.65178157389164 428.97682516276836 297.20384106040001 1272.9356737583876 102.91788879036903 358.99366217851639 1020.0994730144739 158.64217647910118 634.22011664509773 916.7346419095993 925.07512864470482 16.43876738846302 69.183988526463509 32.662836685776711 1031.5285720676184 32.24814011156559 43.899874180555344 912.42560251057148 94.859874323010445
leaf_count=22659 8927 857 8910 12826 1586 1963 389 11389 4778 4239 3354 2539 7491 14337 1104 6155 8687 9115 1311 20715 1946 3207 3767 1447 3041 2711 8108 14321 22753 7565 3122 5549 8081 12485 1313 561 571 975 445 2026 314 3097 2734 2161 1538 1123 5136 365 1538 3785 570 2391 3352 3308 57 241 120 3766 119 160 3264 367
internal_value=0.00561728 0.0255221 0.0167788 -0.0289241 -0.000635773 0.027963 0.0584601 -0.00806438 -0.0130721 0.0202113 0.0215463 -0.020432 -0.0441638 0.0379747 0.0198675 -0.00338752 0.000826356 0.0221552 0.0644727 -0.0465981 0.0343172 0.0231185 0.0198334 0.0292698 0.0336341 -0.0081864 -0.00389972 -0.0221026 0.0658805 0.0321383 0.0553346 0.0174445 0.0204384 -0.0510547 0.00420029 0.0262763 0.0302988 -0.0290321 0.0240615 0.00402092 0.0022757 0.0260755 0.0255933 0.0115243 0.0440819 -0.0256457 -0.0277464 -0.00287684 -0.016594 0.00859818 0.0284705 0.0446335 0.000706298 0.0423052 0.00806856 0.0200512 -0.0145007 0.0103894 -0.0395123 0.00387966 0.0146983 -0.024617
internal_weight=76242.5 48369.2 38223 27873.3 14947.9 23275 10146.2 11020.8 13662.2 3927.13 14184.2 4609.17 14211.1 9090.88 13238.9 6592.35 6411.65 11568.7 8123.19 12241.7 2023.02 11278.8 8267.61 3748.29 2136.23 4922.74 3740.83 7069.83 7817.51 3011.17 1815.99 7211.4 5687.89 7515.13 1790.9 1485.14 1336.4 1969.43 1286.57 1670.14 860.674 3346.64 1180.38 1149.84 5342.59 3748.49 3451.29 772.535 3982.86 3398.46 305.68 984.489 3058.5 4913.62 414.893 303.594 3623.87 1380.1 4726.53 147.038 3422.14 111.299
internal_count=296831 178478 140448 118353 56655 83793 38030 42265 53909 14390 51156 18404 64444 32637 47802 25104 23861 41652 30696 55978 7334 40548 29776 13454 7725 18949 14171 28805 29577 10772 6824 26009 20460 35144 6665 5388 4827 8466 4684 6150 3218 12007 4256 4187 19183 15186 14063 2904 15979 12472 1119 3702 11460 17645 1522 1098 14441 5079 20834 549 12379 424
is_linear=0
shrinkage=0.05


Tree=12
num_leaves=63
num_cat=0
split_feature=48 38 48 40 38 10 48 46 40 46 40 1 46 44 59 23 70 48 1 47 48 59 48 38 48 33 44 1 59 6 44 33 1 38 45 28 70 9 42 38 57 16 40 1 18 33 70 44 1 1 44 56 40 47 47 20 70 70 46 59 66 46
split_gain=19097.5 5249.15 1827.96 1805.68 815.16 751.015 502.163 312.708 293.858 283.995 274.074 265.37 245.194 220.535 215.714 180.968 174.179 172.269 171.25 150.837 145.346 126.222 120.354 116.396 114.232 113.484 109.796 108.808 102.747 91.5941 86.3081 85.493 84.7686 84.517 80.6536 80.2962 77.5503 74.5658 74.355 73.7389 73.0384 77.5643 72.8934 70.7027 69.5758 68.9519 68.9481 68.6422 66.9386 63.6913 63.5637 65.5979 61.1024 60.8128 60.523 60.1107 59.4935 59.3593 60.9825 57.9857 68.2806 57.1303
threshold=136599471.05266878 4991429223.2918406 27740389.494676415 6.5000000000000009 58667775.978020459 2.5000000000000004 621761368.88551974 35.789022556390982 20.500000000000004 29.133549783549789 85.500000000000014 4.6950000000000012 36.020106382978732 0.40490815907308009 393.88566249663955 4.8334368530020724 2.1087139074261496 278557587.64552599 4.995000000000001 23.217555681671552 7934640.6708218632 207.4341324427983 74639415.524148956 211699858.18731302 32072638573.705318 4.6129184898748354 0.49280538030458115 6.5650000000000004 234.73027989768534 5.0600000000000014 0.3807886552931955 4.4188446969696988 6.0550000000000006 11219434.441211445 1.3217658144881608 720152963.76643431 4.5570191318194935 57451204.000000007 5.1750000000000007 30829407.436338995 0.50737998807245421 17.12916666666667 19.500000000000004 6.495000000000001 2299402704.9364161 4.3402702702702713 2.7838530780407065 0.44175718074741316 6.5850000000000009 4.6950000000000012 0.3807886552931955 15.500000000000002 122.50000000000001 8.3028154621552357 1.7999999999999996 5.5000000000000009 2.0381024829322958 2.6281321531180573 18.404761904761909 779.82269281538936 0.33379414889141273 529.89117647058845
decision_type=2 2 2 2 2 2 2 2 2 2 2 2 2 2 2 2 2 2 2 2 2 2 2 2 2 2 2 2 2 2 2 2 2 2 2 2 2 2 2 2 2 2 2 2 2 2 2 2 2 2 2 2 2 2 2 2 2 2 2 2 2 2
left_child=2 3 14 12 7 8 13 39 15 55 11 19 35 17 20 -3 33 56 22 26 27 47 46 -12 29 52 45 -1 -21 -7 -13 34 -16 -9 -19 49 -15 -29 -24 -5 41 -31 -18 57 -28 -8 -11 53 -20 -2 -30 -52 -10 -14 -17 -4 -6 58 -22 -26 -61 -35
right_child=1 5 9 4 6 24 10 16 25 18 23 30 21 36 32 54 42 31 48 28 43 -23 38 -25 59 -27 44 37 50 40 -32 -33 -34 61 -36 -37 -38 -39 -40 -41 -42 -43 -44 -45 -46 -47 -48 -49 -50 -51 51 -53 -54 -55 -56 -57 -58 -59 -60 60 -62 -63
leaf_value=-0.04206908044795523 -0.035037390262515879 -0.0027239741617367933 -0.031867981146529473 -0.022253818691957278 0.02788103861104646 -0.023365103617277894 -0.030188194650208257 0.0083869769932034197 0.023477838023896316 -0.013513991358643488 0.014933075450049236 0.048567894516289803 -0.0095326061856610498 0.0087853099573590079 -0.053664077556308844 0.012650583425039802 -0.0036115846856991148 0.02011388455269204 0.0016708597483798531 0.029558219674582192 -0.041415956189769045 -0.018439777093513819 -0.0019695231243908287 0.056594140695775341 0.068951062539557614 0.05541018458451679 -0.0074701052856969326 0.0078518360093908536 0.033126791205153487 0.057241775538810283 0.033463566692630224 0.029102129247090811 -0.011853472402477172 0.023561530817050414 -0.020488569409584975 -0.00082582087752172857 -0.012532063758866271 -0.038476464339549404 -0.016505130862560651 0.0025043733775519453 0.05683408484527628 -0.095709251730621905 0.01076213864799159 0.050378200595320721 0.041909090269969099 0.024813557503718952 -0.026102595342332363 -0.0043172835997203271 0.063740404909723741 -0.01776408186986466 0.0061301159654597349 -0.055050449336116962 0.056804721067380708 0.016280640722737147 0.038956469924696729 0.0039922074775719596 0.006422330084623804 -0.037002532712229745 -0.021652330119921046 0.072526703346885976 -0.01901742527928113 0.057721338202243538
leaf_weight=7351.3250364810228 805.31036207079887 526.59502159059048 2102.9969497472048 979.05843175947666 378.8691949993372 37.524486050009727 60.774784132838249 1065.7829415202141 542.03507387638092 2514.3225489556789 192.32405929267406 1205.7748503535986 277.35294112563133 1012.0133983939886 2756.5575574934483 289.56150148808956 1751.4143602997065 438.63454639911652 1926.3782816976309 4280.0207626223564 475.47369836270809 738.90042732656002 2579.1191371530294 1307.081759095192 5014.3508394807577 1767.3974018543959 794.7869982868433 188.30988089740276 210.37837906181812 16.843775853514671 4386.1663007736206 3498.4995254576206 126.80433283746243 1937.3746407330036 169.60074982047081 462.37103381752968 737.57294861972332 161.20551328361034 1335.3051998615265 434.08730611205101 1859.7423797398806 16.320105955004692 1776.9413283616304 27.580435857176781 78.370383009314537 912.92563404142857 1916.9782577604055 1168.081888884306 44.438998878002167 1582.089962631464 510.37040984630585 47.927349150180817 184.29596403241158 1286.5494157075882 892.88058012723923 123.73612514138222 2190.3838531523943 1775.459958538413 2179.1772480010986 40.45194748044014 41.029391720890999 130.65271823108196
leaf_count=33827 3318 1961 9000 3848 1359 144 232 3925 1990 9977 703 4318 1066 3705 13166 1059 6576 1582 7380 15452 2177 2902 9840 4800 19421 6578 2982 741 749 61 15855 12572 549 6984 644 1752 2802 678 5316 1626 7047 66 6488 102 280 3318 7901 4440 157 6298 1876 186 695 4730 3238 483 8080 7904 9155 152 159 459
internal_value=0.0053815 0.0244221 -0.0277762 0.0152931 0.0203355 0.0543466 0.025243 0.00671495 0.0376273 -0.0136813 0.0310518 0.0286265 -0.00902886 0.0156001 -0.0395297 0.0216567 0.0112465 0.0197412 -0.010186 0.0220627 -0.0366139 -0.000105491 -0.0133165 0.0512504 0.0643472 0.0485725 0.00983592 -0.0407732 0.0265354 0.0539891 0.0367205 0.0260941 -0.0518253 0.019825 0.00879227 -0.0198971 -0.000201453 -0.013516 -0.00692797 -0.0146486 0.0555225 -0.0180262 0.00362727 -0.0294286 -0.00303807 0.0213806 -0.0189598 0.00485325 0.00307044 -0.0235907 0.00970418 0.00087804 0.0319341 0.0117027 0.0325146 -0.0298753 0.00958669 -0.0299254 -0.0251922 0.0682712 0.0264303 0.0257197
internal_weight=75622.6 48037.5 27585.2 36808.4 30487.8 11229 22412.5 8075.31 4202.77 12543.3 13986.9 12487.5 6320.66 8425.57 15041.9 1709.04 6662.17 6675.99 10316.5 6895.55 12158.5 3470.88 8345.73 1499.41 7026.26 2493.73 1846.86 7700.84 5048.7 1930.43 5591.94 4106.73 2883.36 3133.81 608.235 2849.77 1749.59 349.515 3914.42 1413.15 1892.91 33.1639 3528.36 4457.69 873.157 973.7 4431.3 2731.98 1970.82 2387.4 768.676 558.298 726.331 1563.9 1182.44 2226.73 2569.25 4430.11 2654.65 5095.83 81.4813 2068.03
internal_count=296831 178478 118353 135907 111401 42571 81495 29906 15521 50054 50751 45248 24506 30744 68299 6258 24432 24237 40571 25075 54584 13138 33034 5503 27050 9263 6812 35246 18263 7318 20173 14798 13715 11368 2226 11368 6507 1419 15156 5474 7174 127 13064 19338 3262 3550 17878 10236 7537 9616 2811 2062 2685 5796 4297 9483 9439 19236 11332 19732 311 7443
is_linear=0
shrinkage=0.05


Tree=13
num_leaves=63
num_cat=0
split_feature=48 20 69 69 28 69 33 48 48 48 69 69 46 69 43 30 20 63 14 45 62 43 47 59 30 30 69 48 47 43 62 59 69 38 48 69 18 43 40 64 46 44 20 43 63 69 57 50 43 46 40 7 5 37 47 69 18 51 45 40 43 40
split_gain=17396.3 4335.67 3546.27 2042.48 643.258 559.319 521.752 481.015 385.74 329.425 303.77 213.049 212.716 172.074 163.778 167.956 160.045 143.599 141.75 134.311 124.489 119.798 114.209 112.544 112.132 109.267 108 105.228 132.194 108.494 103.854 99.0586 97.6467 94.9822 90.091 84.595 82.6427 82.412 81.2638 80.5563 80.0394 79.9176 84.4196 72.1819 71.4832 67.9316 67.1156 66.6082 65.404 65.1129 59.8428 59.3231 58.3651 68.3795 56.575 55.256 55.2318 68.2079 55.0284 69.939 54.2433 54.2004
threshold=215529613.72410113 8.5000000000000018 7.7057921137138736 13.088481118219612 17280285.854171116 14.916049513330515 4.5750231053604455 4736525815.4851284 16211875160.263414 11220814.824422313 23.908413407682165 27.909060640760753 45.251452380952394 4.7689533494311824 4.5833892617449674 81.500000000000014 2.5000000000000004 13.978977794713476 1.0000000180025095e-35 0.94411843892011194 1.976478067387158 4.7333839918946321 68.869406645895495 207.4341324427983 6.5000000000000009 8.5000000000000018 2.7686297328918879 16771531282.1355 32.401126222324372 4.8071825396825405 1.3261744236624622 779.82269281538936 3.8960848622140354 225079379.09778434 41143336.239433885 10.833570859575319 1434186350.1835644 4.2666666666666684 19.500000000000004 1.0000000180025095e-35 146.09511904761908 0.20000000000000018 31.500000000000004 4.6230962504831865 55.512345544196599 40.574746085484556 0.94609324220377078 1.0000000180025095e-35 4.9333333333333353 1.0000000180025095e-35 86.500000000000014 7.6200000000000001 0.28100000000000008 3.535678207549481 32.042513859626538 0.52281185432277033 17339064707.055447 0.54661844183520725 0.92554561717086359 18.500000000000004 4.5285920726672186 30.500000000000004
decision_type=2 2 2 2 2 2 2 2 2 2 2 2 2 2 2 2 2 2 2 2 2 2 2 2 2 2 2 2 2 2 2 2 2 2 2 2 2 2 2 2 2 2 2 2 2 2 2 2 2 2 2 2 2 2 2 2 2 2 2 2 2 2
left_child=2 3 9 4 13 17 11 21 24 20 16 19 43 38 15 52 39 -4 30 25 26 41 37 54 35 -5 55 28 -12 45 32 -16 -11 -10 -19 36 -6 -14 -2 -8 46 -3 -43 -7 -26 -30 -25 -33 50 -20 -18 -22 53 -9 -13 -1 57 -54 59 -15 -36 -46
right_child=1 7 5 6 8 12 10 14 33 18 27 23 22 58 31 -17 48 34 49 -21 51 -23 -24 40 44 -27 -28 -29 29 -31 -32 47 -34 -35 60 -37 -38 -39 -40 -41 -42 42 -44 -45 61 -47 -48 -49 -50 -51 -52 -53 56 -55 -56 -57 -58 -59 -60 -61 -62 -63
leaf_value=-0.058598678748243906 -0.036528894133944216 -0.070782466498711283 -0.026082747083620086 0.0091442495974659692 -0.012413094836059303 -0.012308874218776911 0.022230397402014664 0.0485528244588673 -0.018911837509920117 -0.040426802710131167 0.023177546541302853 0.015661743632326149 -0.017730882699722925 -0.0092844014448808052 0.065497503200576318 0.064605884352321952 0.026967812272557779 -0.018562695421900626 0.091178047870375978 -0.00059504636443870166 0.0093642845693012126 0.053462716932825199 0.024052142820619446 -0.059535750982832737 0.0064775022730813514 0.029706082470483109 -0.037971956451309193 0.053304448851968056 0.030750959862439087 0.048182113024009807 0.014117444869966939 -0.026644544716389551 -0.028269534059623787 0.040422042128188132 -0.012594859548850002 0.016725959068577764 0.012350200285498365 0.0081788058466333406 -0.0036744459151434915 0.006581883790486129 0.021032509262544359 0.020562994726140871 0.05131729693981936 0.010666114030542372 0.018985855951645106 0.05470753327476844 0.0015105731776179742 0.069818721135276776 0.05186202283965894 -0.01107584932260001 0.061528138110123143 -0.042314260076361479 -0.070468532595916247 -0.063491004436307605 0.033391127569835873 -0.04724067795642603 0.067705136801793908 0.032558441956969171 -0.015888519678008705 0.010839385955180435 -0.00088270424568345622 0.055133316602107567
leaf_weight=1391.561863720417 1007.248602449894 21.269179344177246 2031.5046760290861 1897.1427718997002 1571.5149701684713 1922.4395601302385 3561.8800254762173 23.170208886265755 71.966130718588829 3064.1621112823486 1543.7374185919762 557.6706732660532 334.64682421088219 1540.2622979134321 6089.9169638156891 722.63075952231884 1243.6873121708632 2353.8908819556236 15.962769240140913 2052.6821135431528 151.73259316384792 523.58411151170731 1123.9478818327188 51.473632544279099 760.75295059382915 979.79086814820766 2795.8764456361532 1012.4540597498417 2572.0739581435919 2222.6036119908094 114.67494717240334 49.090093776583672 3583.0558467507362 1074.6355318576097 1817.8702388256788 457.62138397991657 428.86624854803085 3702.4037054479122 231.46335662901402 1069.3192257583141 796.65135532617569 1084.6366461366415 280.93160662055016 415.81142815947533 300.33396098017693 334.38197825849056 359.3309621065855 28.161651402711868 480.47594816982746 630.34628207981586 139.28303004801273 87.587860524654388 16.451853379607201 33.0280851572752 2329.7652406394482 4645.7969350963831 113.73122437298298 682.69244049489498 1605.9595330506563 599.92547313868999 2167.052990719676 158.39334963262081
leaf_count=6961 4231 94 8342 6900 6096 7565 12817 86 271 13918 5653 2043 1316 5884 24263 2858 4506 9708 54 7596 607 1940 4055 201 2806 3526 12868 3719 9318 8058 459 188 15368 3939 7124 1660 1574 13596 871 3896 2867 3933 1046 1529 1093 1209 1317 109 1747 2565 515 372 65 129 8356 22753 432 2566 6265 2204 8262 562
internal_value=0.00515426 0.026114 -0.0224998 0.0174897 -0.00163872 -0.00562948 0.0255756 0.0555596 0.0113771 -0.0387444 0.0315569 0.0161775 0.0042875 -0.0142347 0.0610933 0.0467941 0.023596 -0.0145144 -0.0309215 0.00917561 -0.0451322 0.0330852 0.00995563 0.0246066 0.00348227 0.0161469 -0.0460963 0.0382844 0.0360054 0.0398663 -0.0330598 0.0647838 -0.0338737 0.036698 -0.0108069 -0.00266746 -0.00710404 0.00603105 -0.0303898 0.0186172 0.0117883 0.025392 0.0268899 -0.00822323 0.0158778 0.0335071 -0.0061385 0.00852055 0.0359698 -0.00855035 0.0304485 -0.00954932 0.0319838 -0.017296 0.0299669 -0.0498586 0.0353907 0.0301341 -0.00889285 -0.00364341 -0.00622564 0.0314672
internal_weight=75033 42682.6 32350.3 33013.3 9808.94 15869.6 23204.4 9669.29 4824.08 16480.8 14179.9 9024.51 7499.25 4984.86 7758.87 1591.7 6494.65 8370.32 7408.2 4929.62 9072.56 1910.42 5161 4094.89 3677.48 2876.93 8833.24 7685.25 6672.8 5129.06 6761.89 6167.17 6647.22 1146.6 6338.81 2458 2000.38 4037.05 1238.71 4631.2 1207.46 1386.84 1365.57 2338.25 1219.48 2906.46 410.805 77.2517 1863.45 646.309 1382.97 239.32 869.074 56.1983 2887.44 6037.36 812.876 699.144 3746.15 2140.19 3984.92 458.727
internal_count=296831 159409 137422 121700 37456 61497 84244 37709 18001 75925 51438 32806 28061 19455 30696 6136 23481 33436 32364 18022 43561 7013 18967 14784 13791 10426 42582 27957 24238 18585 29745 24560 29286 4210 25094 9330 7670 14912 5102 16713 4385 5073 4979 9094 4461 10527 1518 297 6768 2619 5021 979 3278 215 10399 29714 3063 2631 14353 8088 15386 1655
is_linear=0
shrinkage=0.05


Tree=14
num_leaves=63
num_cat=0
split_feature=48 20 69 69 28 48 45 48 69 69 69 18 69 48 43 30 69 43 9 48 43 57 43 69 64 40 59 1 1 47 43 43 42 69 28 47 45 30 67 20 42 9 48 69 46 1 9 61 1 0 48 20 63 39 9 69 18 40 64 46 59 1
split_gain=15880.4 4628.53 2354.95 2284.37 744.385 534.345 457.798 450.702 433.308 393.233 224.278 190.492 165.881 165.01 160.965 222.164 148.585 146.625 175.52 143.907 137.96 136.094 124.717 124.333 112.373 110.992 104.024 102.825 98.4142 88.2677 83.8265 83.2563 80.9399 79.8625 79.4521 75.1758 72.5197 78.9789 74.754 71.815 70.7254 77.7921 68.2069 66.2885 62.8455 62.4859 61.9554 59.9914 59.2383 58.3918 56.8167 56.0654 54.4861 54.4238 54.3633 54.264 54.1108 53.7093 72.5979 53.546 52.8867 51.784
threshold=136599471.05266878 8.5000000000000018 17.752872096786245 6.3237503422867247 12374669.732862985 4736525815.4851284 0.75896123051053821 32072638573.705318 8.2058730178486972 12.588400214084791 10.833570859575319 2821729.0102549777 39.019949092629012 1287019630.9789741 4.6375216262975796 84.500000000000014 2.6595211719897445 4.2666666666666684 9051260.5000000019 49525764906.738258 4.4708597046413514 0.88538708913312381 4.7333839918946321 29.709351895646119 1.0000000180025095e-35 19.500000000000004 779.82269281538936 4.4850000000000012 4.8950000000000005 49.598729659827058 4.5947391107078053 4.6375216262975796 7.205000000000001 22.180861193398226 284862085.87538898 41.848871929569952 1.3511383881434533 71.500000000000014 0.87032255546191728 2.5000000000000004 5.995000000000001 8150.0000000000009 186085066906.55496 12.461106893032289 37.000117370892021 7.0550000000000006 21686167.000000004 12.706771043560897 5.0850000000000009 16.117500000000003 354852392809.20172 3.5000000000000004 21.077930363984624 14124431123999742 4940.5000000000009 32.818945881357202 3319135619.9656978 53.500000000000007 1.5000000000000002 33.526222462983036 333.98830153008242 4.6950000000000012
decision_type=2 2 2 2 2 2 2 2 2 2 2 2 2 2 2 2 2 2 2 2 2 2 2 2 2 2 2 2 2 2 2 2 2 2 2 2 2 2 2 2 2 2 2 2 2 2 2 2 2 2 2 2 2 2 2 2 2 2 2 2 2 2
left_child=3 2 4 11 8 22 19 10 25 27 13 16 21 -6 15 42 28 -11 33 23 -10 -8 36 34 29 -2 -16 52 -1 32 -31 -12 53 48 35 -4 37 38 -3 -13 -15 -42 55 -22 -26 -18 60 -40 -19 -28 54 -33 -5 -23 -9 56 59 58 -46 -7 -29 -55
right_child=1 5 6 9 7 14 12 50 20 17 31 39 -14 40 26 -17 45 18 -20 -21 43 24 -24 -25 44 -27 49 46 -30 30 -32 51 -34 -35 -36 -37 -38 -39 47 -41 41 -43 -44 -45 57 -47 -48 -49 -50 -51 -52 -53 -54 61 -56 -57 -58 -59 -60 -61 -62 -63
leaf_value=-0.051006383348575594 -0.029036826001345328 0.028163394184763792 0.016627337523833472 -0.03454648236714835 -0.010231497868990974 0.025452644040292544 -0.0070578899265069679 0.05236689764666716 -0.018600014176069071 -0.020081269059492628 0.0057166378195810143 -0.028699041998769555 0.040400815140748732 0.047113026018133421 0.065106220282255434 0.064720460672639438 -0.035836610454732062 -0.0031735546666298445 -0.023588332745346066 0.055385604425132601 -0.0044436163535457995 -0.0023137951080222769 0.05148886453947215 0.041527168907603031 -0.012318198235824866 -0.0024295948153644511 0.043848814853035448 -0.010426937387978123 -0.038982738212107682 0.022172450413675233 0.036681927030410316 0.017961158196239353 0.059680123962003923 0.013756193889846847 0.041843539158157195 0.030862599861714746 -0.010225930935760765 0.06105751632092607 0.013014879776654871 -0.0010313007003693515 0.021413902162278998 -0.0017756542638194936 0.063593026112167328 0.0070390588414127797 -0.0030853973260358981 0.032946758490269859 -0.036054508441413384 -0.045306390953627013 0.01419863168959425 -0.053514623357918005 0.055805443907985752 0.037027186641293224 -0.020937039186977896 0.011885516698735039 0.023551513446652791 0.057230267775083658 0.042469513565819593 0.040331654815612204 0.016555322468312993 -0.0069663530124040255 -0.03076020700732067 0.024270613615705736
leaf_weight=4697.98655128479 2473.4048155099154 960.70340664684772 1587.0633002072573 1208.6284747123718 2174.9715041518211 425.19509306550026 506.53105996549129 238.2678294479847 980.28539402782917 996.75574095547199 1119.3982633948326 866.20417626202106 914.92374432086945 124.24397918581963 5223.9436593651772 1092.7352366447449 4791.0852799862623 2846.3949151188135 653.97273862361908 792.04640677571297 2279.7786375284195 377.63675786554813 517.04371690750122 2685.3707976490259 264.71003447473049 465.75932827591896 34.253189504146576 3357.8128003180027 2668.5652452856302 2826.6502979099751 1536.5723039954901 1579.8965985625982 107.55669878423214 1466.6879789084196 850.64254182577133 2231.4507696181536 148.2810479849577 148.08246892690659 142.84798401594162 321.61651694774628 618.17093032598495 871.52387799322605 162.38355146348476 2801.2342312633991 640.48956106603146 33.247458398342133 298.13110899925232 63.781143888831139 592.94307415187359 27.976880729198456 402.17615030705929 510.06249794363976 1878.4538845568895 1798.5833477377892 522.87584768235683 143.51772780716419 275.20536927878857 171.1047193557024 1772.6021201610565 181.84227320551872 353.45843681693077 1590.1887226104736
leaf_count=23612 10339 3486 5801 5256 8478 1629 1894 885 3771 4015 4118 3916 3309 446 21394 4461 21947 10820 2720 2959 8618 1405 1946 9888 995 1755 130 13546 12870 10182 5528 5717 387 5356 3119 8093 561 571 522 1302 2260 3264 639 10251 2357 122 1325 248 2193 109 1493 1845 7871 6556 1940 539 1072 610 6427 723 1482 5758
internal_value=0.0049402 0.022392 0.0145382 -0.025638 0.000850172 0.0534988 0.025912 0.0117854 -0.00906589 -0.0112498 0.00699493 -0.0403213 0.0199043 -0.00124304 0.0595505 0.0484487 -0.0421837 -0.00242199 0.000743833 0.0351356 -0.00142638 0.0182867 0.0303792 0.0329548 0.0194447 -0.0248205 0.0643407 -0.0194063 -0.0466508 0.0224051 0.0272822 0.0167205 0.0169122 0.00398731 0.0280245 0.0249461 0.0229224 0.026659 0.0222954 -0.0212077 0.01087 0.0078472 0.0334837 0.00188694 0.0108849 -0.0353626 -0.0141251 -0.00498741 -0.000178584 7.69649e-05 0.040604 0.0226143 -0.0262653 0.0156909 0.0325719 0.0287172 0.0240789 0.0132617 0.0113422 0.0157413 -0.0123635 0.0176973
internal_weight=74395.9 47364 37816.2 27031.9 17162 9547.79 20654.1 8161.59 9000.46 13653.2 6998.27 13378.7 12507.5 3788.91 7567.05 2280.88 12190.9 6556.75 5560 8146.57 6061.3 11592.6 1980.74 7354.53 11086.1 2939.16 5286.17 7096.48 7366.55 8237.19 4363.22 3209.36 3873.97 4906.03 4669.16 3818.51 1463.7 1315.42 1167.33 1187.82 1613.94 1489.69 1188.14 5081.01 2848.91 4824.33 4009.4 206.629 3439.34 62.2301 1163.32 2089.96 3087.08 3766.41 761.144 1025.76 882.243 2584.2 2413.09 607.037 3711.27 3388.77
internal_count=296831 178478 140448 118353 65180 38030 75268 30446 34734 54584 26128 63769 45408 14448 30696 9063 58551 25104 21089 29860 22640 42099 7334 26901 40205 12094 21633 29480 36482 29816 15710 11680 14106 18369 17013 13894 5388 4827 4256 5218 5970 5524 4602 18869 10389 22069 16353 770 13013 239 4318 7562 13127 13719 2825 3963 3424 9394 8784 2352 15028 12314
is_linear=0
shrinkage=0.05


Tree=15
num_leaves=63
num_cat=0
split_feature=49 30 69 69 18 45 69 43 69 41 20 28 33 38 28 69 59 1 69 43 69 62 70 69 29 1 43 9 43 43 30 41 11 30 41 53 60 46 57 64 1 8 62 41 58 46 5 11 63 5 38 30 69 68 9 43 46 30 68 13 8 1
split_gain=14471.5 4379.05 2137.7 2051.95 1076.2 692.554 541.705 471.206 358.348 265.559 260.033 219.135 213.905 184.08 182.702 187.52 169.358 146.094 141.828 138.222 120.39 114.003 109.817 104.443 98.9321 94.7786 93.6819 91.244 112.612 89.7219 138.433 87.0819 86.9219 83.6921 80.7092 82.5712 86.0057 71.7822 71.4766 68.5794 65.9494 88.6614 65.746 64.6423 64.0704 67.3863 61.0466 60.9124 60.0312 71.5005 76.381 106.511 58.9412 58.2794 57.6798 55.6641 56.0155 70.9633 54.6078 54.1701 56.071 53.6403
threshold=1.7196854534584592e+17 20.500000000000004 6.3237503422867247 17.752872096786245 2299402704.9364161 0.90903124656158762 10.251658534763887 4.6600145348837225 12.588400214084791 0.038888888888888855 1.5000000000000002 107836604.51978683 4.4667500000000011 5585618.01377331 1434964655.8390048 30.15487851932987 207.4341324427983 4.7750000000000012 29.50022715391701 4.5739834710743805 4.6325676483035041 1.976478067387158 5.1261656697566762 0.58645851484902056 1.5903903324459434e+20 4.4850000000000012 4.9098361713106309 16482336.500000002 4.2502631578947385 4.6500950570342221 66.500000000000014 0.30555555555555564 2.5000000000000004 5.5000000000000009 1.2833333333333334 60.500000000000007 11.999999998500003 30.259761904761913 0.45933577716032004 2.5000000000000004 4.5950000000000006 0.19950000000000004 1.3261744236624622 0.56111111111111123 178039.06431532057 79.750190839694667 0.69500000000000006 10.500000000000002 54.871459287907278 0.46350000000000008 2823492273.4341512 54.500000000000007 21.380731746782509 42.30182678647278 34596382.000000007 5.020096153846155 83.232051282051302 4.5000000000000009 18.381938824743646 6.2516666666666678 0.19950000000000004 7.1850000000000014
decision_type=2 2 2 2 2 2 2 2 2 2 2 2 2 2 2 2 2 2 2 2 2 2 2 2 2 2 2 2 2 2 2 2 2 2 2 2 2 2 2 2 2 2 2 2 2 2 2 2 2 2 2 2 2 2 2 2 2 2 2 2 2 2
left_child=2 3 13 4 6 11 10 16 25 59 20 43 37 21 15 55 18 47 38 27 -2 23 40 -1 33 -4 31 28 -10 30 -13 -24 42 -6 35 48 -37 -8 -5 -35 -14 53 -15 -3 45 -40 -41 -12 49 -7 51 -51 -30 -42 61 56 57 -11 -46 60 -9 -27
right_child=1 5 8 7 24 34 12 9 19 14 17 29 22 32 -16 -17 -18 -19 -20 -21 -22 -23 26 -25 -26 54 -28 -29 52 -31 -32 -33 -34 39 -36 36 -38 -39 44 46 41 -43 -44 -45 58 -47 -48 -49 -50 50 -52 -53 -54 -55 -56 -57 -58 -59 -60 -61 -62 -63
leaf_value=-0.055590167333207999 -0.030484089411646244 0.021197734167052083 -0.025165371291361829 -0.035626445290226648 0.019621940629287841 -0.044641014609350868 -0.033638449453007334 0.02413185736782926 -0.02065101727102572 0.011635247877673446 -0.010845733831251401 0.038870133945603486 -0.0027165641026413176 -0.032387501894465619 0.052889290825457951 0.042358888726112737 0.0042034404452332384 0.014337911261326153 0.028646208390963431 0.010112888491029976 -0.013758349341651974 -0.006986537921863465 0.0088091942156575519 -0.041166360756005924 0.063243331558316476 -0.012438493339061125 0.044242489104718549 -0.028578283502977406 -0.0053087232716218123 0.064458012925128191 0.064001863820458277 0.034794786212680714 -0.00031035106388068638 0.053028608001524272 0.044750654432626609 -0.054744608192123304 0.071740694632376742 -0.0051563685880566873 0.0031843907109958959 -0.058384172761776855 0.017064370637169795 -0.015806093445788493 0.020905060645935253 0.04547710920878982 0.027967470734250533 0.021229335178709102 0.029219929540844083 0.039332494201169382 0.030935557211959265 0.0072114704681677097 0.034942929736274247 -0.086694274568613741 0.0080673806706237309 -0.0012768760968494019 -0.038792836583043423 0.036876407870939217 0.031333491616957802 0.027181174906258515 0.011981955587225189 0.047776143086947165 -0.013407804718477129 0.078497379485712726
leaf_weight=1494.8905992805958 1710.9044098258018 388.19886718690395 3061.6247158199549 69.58598330616951 591.97144484519958 59.141601502895355 257.61035281419754 130.01327395439148 862.67321588099003 1373.9474522769451 1803.9531912654638 1030.7229958325624 1516.7970835417509 3310.9655659794807 1147.3118281662464 2745.1840034425259 2109.1036467701197 1024.105029553175 3010.5914011746645 1669.5611676573753 2898.6046471595764 219.03110407292843 1334.7031985223293 7822.3579022437334 354.22183495759964 3764.7451457083225 326.64341409504414 428.94069066643715 2305.4650236815214 4713.9335682690144 1169.847662717104 425.08864678442478 239.96563832461834 550.22731041908264 265.98524607717991 73.74852354824543 16.434602051973343 1565.7464556396008 1470.4935884773731 24.584639951586723 2025.9307033270597 294.73210956156254 58.902591854333878 933.10048981010914 1317.691557854414 798.20351642370224 104.05595788359642 62.578488543629646 499.69460156559944 293.26298259198666 234.37886878848076 33.662217631936073 1281.2696631103754 550.8768348544836 212.93052521348 1045.3828852772713 1701.2069475054741 1576.2206037193537 898.55997942388058 54.225852876901627 423.43424041569233 16.286792248487473
leaf_count=7830 7250 1430 13127 269 2173 231 1012 468 3504 5020 6936 3968 5633 15317 4431 10173 7725 3859 10918 6155 11457 906 4909 38516 1400 15330 1195 1814 8872 19685 4891 1533 959 2105 1049 289 61 5877 5407 101 7359 1121 241 3491 4742 2881 404 228 1818 1082 877 143 4759 2036 964 3801 6188 5786 3273 193 1600 59
internal_value=0.0047358 0.0214431 -0.0246237 0.0136553 0.00113036 0.0513483 -0.00285512 0.0246374 -0.0107287 0.032137 -0.0125938 0.0570013 0.00594708 -0.0390021 0.0341682 0.0316239 0.0167326 -0.00083729 0.0202257 -0.00230485 -0.0199664 -0.0426424 0.0102071 -0.0434806 0.0398759 -0.0185465 0.0196508 -0.00655469 -0.00443153 0.0605665 0.0522304 0.0150862 -0.0293856 0.0333627 0.0198125 0.014332 -0.0316944 -0.00918042 0.0146596 0.0453445 0.00571715 0.010172 -0.031456 0.0383438 0.0154399 0.00953321 0.0124778 -0.00916343 0.0180376 0.00764979 0.0131594 -0.00245764 -0.000530451 0.0131433 -0.0134727 0.0264509 0.0241078 0.0199412 0.0214863 8.36638e-05 -0.00458916 -0.0120468
internal_weight=73756.2 47006.6 26749.6 37294.5 17423.3 9712.11 15798.3 19871.2 13603.5 10196.9 7500.15 8235.8 8298.13 13146.1 9589.25 8441.94 9674.23 2890.64 7565.13 6547.91 4609.51 9536.28 6474.77 9317.25 1625.06 7055.59 2086.44 4878.35 4449.41 6914.5 2200.57 1759.79 3609.83 1270.84 1476.31 1210.32 90.1831 1823.36 4554.53 678.868 4388.34 2871.54 3369.87 1321.3 4484.95 2268.7 128.641 1866.53 1120.14 620.446 561.304 326.925 3586.73 2576.81 3993.96 5696.76 4651.38 2950.17 2216.25 607.673 553.448 3781.03
internal_count=296831 178478 118353 139463 66588 39015 60405 72875 54584 37660 29730 33465 30675 63769 35399 30968 35215 11023 27490 25104 18707 47252 23786 46346 6183 29480 7637 18949 17135 28544 8859 6442 16517 4783 5550 4501 350 6889 16572 2610 16149 10516 15558 4921 16303 8288 505 7164 4151 2333 2102 1225 13631 9395 16353 20795 16994 10806 8015 2261 2068 15389
is_linear=0
shrinkage=0.05


Tree=16
num_leaves=63
num_cat=0
split_feature=48 20 69 69 29 69 48 45 35 69 48 69 47 30 43 48 48 43 63 69 43 43 48 40 69 20 43 69 43 40 40 43 29 42 14 43 40 43 36 48 40 47 38 69 40 59 50 54 69 10 17 36 69 60 38 48 47 10 34 43 40 42
split_gain=13199.6 3658.89 2852.13 1548.4 661.289 469.08 427.665 361.893 354.934 315.163 257.528 202.583 175.729 162.928 153.718 145.301 140.985 128.834 127.719 119.988 116.093 114.465 140.549 112.492 114.477 111.366 95.144 95.0379 94.0878 90.853 89.4102 85.1404 79.7762 76.7467 81.4029 70.2052 69.3555 67.0561 77.9836 74.9546 92.5416 63.9944 63.1178 61.9277 61.3207 60.6881 56.7607 56.7436 55.5627 65.0996 55.5408 54.5868 53.9599 52.702 51.9141 50.936 50.9017 49.7094 48.165 48.1165 57.7424 49.1054
threshold=215529613.72410113 10.500000000000002 7.1511569291279793 18.807588185506962 16063002519884706 14.916049513330515 32072638573.705318 0.75529475113609179 0.9500191791633622 9.7606700107042403 15849263.983685344 10.833570859575319 64.62390130361473 38.500000000000007 4.6960830341526298 49525764906.738258 1287019630.9789741 4.4001515151515163 11.698192004532535 3.0868630355231388 4.4833826429980297 4.2834408602150553 4984963.5387616856 2.5000000000000004 39.629138557665989 2.5000000000000004 4.7920227272727294 30.15487851932987 4.608698475437607 33.500000000000007 10.500000000000002 4.6375216262975796 3.5862011876522003e+17 5.995000000000001 0.14999999999999999 4.8298574998311627 46.500000000000007 4.6250333333333353 1.0000000180025095e-35 3195899725.4930053 56.500000000000007 41.848871929569952 206071054.007557 0.52281185432277033 2.5000000000000004 207.4341324427983 100.50000000000001 0.92602025594890092 22.526371636255014 3.5000000000000004 3.4641061166376801 1.0000000180025095e-35 19.771380473475894 9.4956293689966014 9040258.2593233902 354852392809.20172 29.668047302589681 6.5000000000000009 0.050617376914899107 4.8667288557213935 23.500000000000004 6.3850000000000007
decision_type=2 2 2 2 2 2 2 2 2 2 2 2 2 2 2 2 2 2 2 2 2 2 2 2 2 2 2 2 2 2 2 2 2 2 2 2 2 2 2 2 2 2 2 2 2 2 2 2 2 2 2 2 2 2 2 2 2 2 2 2 2 2
left_child=2 3 10 4 9 18 11 15 13 30 19 16 21 14 48 27 -6 29 -4 43 -11 -7 -23 -19 26 -12 36 32 54 -9 -2 -13 41 -18 -35 -32 45 38 -10 40 46 -5 -8 -1 -22 -25 57 -38 49 -3 53 -27 -24 -33 -20 -44 -31 -40 -28 60 61 -46
right_child=1 8 5 7 6 12 42 17 37 20 25 31 -14 -15 -16 -17 33 23 28 -21 44 22 52 24 -26 51 58 -29 -30 56 35 50 -34 34 -36 -37 47 -39 39 -41 -42 -43 55 -45 59 -47 -48 -49 -50 -51 -52 -53 -54 -55 -56 -57 -58 -59 -60 -61 -62 -63
leaf_value=-0.054174520118630609 -0.025747747962076569 0.0028913658326938912 -0.024648333348725016 0.015670453641019575 -0.0096762703776881679 -0.016222456709652822 -0.0032687675756505816 -0.014296760254633459 0.070043587224094567 -0.016668189335299233 -0.029884500573696706 0.0064507936372023697 0.019960882588733374 0.062385342046935133 0.056409034376169447 0.054192368397102113 0.045706776912973278 -0.0050434530389252552 -0.019023969689248948 -0.032019697260190515 -0.020299481838827002 -0.020095095754007017 -0.00042663979994433493 0.018991058371054973 0.043056180070907946 0.085949660601850109 0.016707512502105164 0.039548366817960826 -0.0012396517960286207 -0.0067987960155815891 -0.012879285073572111 0.022491123756326618 0.040673167257397537 -0.0019945778595163773 0.020754889722409155 0.023725048647845401 -0.038577149142087569 0.053468822216651904 -0.0075109282820659375 0.026201055801270808 -0.05424830402957468 0.029535910035809798 0.034744651958382798 -0.042104325856397409 0.0013065806988621716 0.0060646041634416607 -0.093048832530808534 0.032602716168045678 0.051501882183281569 0.03462111618620263 0.045183339622277142 -0.0099720828449359894 0.010514089247488355 -0.014689239622638524 -0.0088381216734039099 0.055346509055316434 0.020628988977996806 0.04441696752795244 0.035610078538637964 0.014917525044096986 0.018583438995870373 -0.027915594263254601
leaf_weight=1339.8567562699318 1877.5344707369804 239.02885146439075 1926.0964795947075 1419.1401581466198 1707.2352099269629 914.62870985269547 80.864140555262566 412.14185523986816 58.245733559131622 720.42894832789898 5186.1681061089039 1098.5900364518166 1359.957531735301 4668.2987065166235 1575.4873927533627 805.12192684412003 142.14452682435513 372.06003680825233 2465.8092869818211 2678.7293879538774 222.54439306259155 586.66842898726463 1953.1791379898787 3918.9169339686632 659.47085902094841 15.196628600358961 439.59603431820869 2468.8672958761454 2096.6447240710258 223.53327131271362 891.8462280780077 1863.6083022654057 880.37032172083855 953.064184486866 669.4117186665535 153.54398506879807 28.846923828125 135.65362174808979 101.71148332953453 313.83863489329815 81.489697173237801 2011.985478207469 821.99022783339024 5136.5895387083292 1838.3005329072475 1181.8210574537516 12.746446311473845 952.54901191592216 252.96686744689941 499.38228976726532 259.94710482656956 617.80676604807377 2664.2779839634895 100.4475207477808 2538.9592641443014 472.47013074159622 695.38763578236103 84.271238744258881 1443.9594964534044 1204.9424844831228 465.22639390826225 155.95854707062244
leaf_count=7204 7833 923 8086 5232 6617 3654 301 1537 231 2748 23637 4038 4927 20137 6646 3138 518 1398 10370 12761 861 2452 7299 14237 2427 52 1609 9314 8101 832 3465 6779 3321 3589 2476 570 112 527 377 1204 329 7394 3143 26539 6790 4321 51 3482 977 1961 949 2520 9729 379 10091 1843 2515 303 5310 4389 1685 591
internal_value=0.00454037 0.0230127 -0.0198915 0.0157713 0.00430845 -0.00555699 0.0141603 0.0258177 0.0533511 -0.00637995 -0.0356925 0.0090134 0.00370364 0.0568216 0.046703 0.0341103 0.000567392 0.0197273 -0.0132288 -0.0409201 0.00176731 9.02912e-05 0.00295727 0.0218752 0.0230364 -0.027468 0.021379 0.0317257 -0.0101315 0.00520869 -0.0192225 0.0178388 0.0272462 0.0104779 0.00739155 -0.00750294 0.0183381 0.0214838 0.0148321 0.0094188 -0.00937694 0.023801 0.039587 -0.0446014 0.00518423 0.015996 0.00902275 0.0305105 0.0312782 0.02435 0.0234642 -0.00766927 0.00588617 0.0205896 -0.0138566 0.0422642 0.013957 0.0160183 0.0311985 0.00673188 0.00272159 -0.000978703
internal_weight=73117.6 41637 31480.6 33613.9 15700.1 16506.2 8169.77 17913.8 8023.12 7530.33 14974.3 6794.45 7478.71 7235.16 2566.87 7585.49 3471.86 10328.3 9027.51 9155.18 4607.4 6118.75 5204.13 8997.22 8625.16 5819.17 7965.69 6780.36 7101.41 1331.06 2922.92 3322.59 4311.5 1764.62 1622.48 1045.39 6082.13 787.957 652.303 594.058 280.219 3431.13 1375.32 6476.45 3886.97 5100.74 198.729 981.396 991.378 738.411 2224 633.003 4617.46 1964.06 5004.77 1294.46 918.921 185.983 1883.56 3664.43 2459.49 1994.26
internal_count=296831 159409 137422 125743 59564 64709 30632 66179 33666 28932 72713 25345 28061 30644 10507 28399 13200 37780 36648 46504 17064 23134 19480 32896 31498 26209 29071 25261 28562 4884 11868 12145 15947 6583 6065 4035 22152 3022 2495 2264 1060 12626 5287 33743 14316 18558 731 3594 3861 2884 8107 2572 17028 7158 20461 4986 3347 680 6919 13455 9066 7381
is_linear=0
shrinkage=0.05


Tree=17
num_leaves=63
num_cat=0
split_feature=48 38 69 69 10 30 45 41 69 41 69 69 43 43 48 69 23 1 43 9 43 48 26 69 62 9 45 57 69 1 30 43 8 43 18 69 38 6 66 3 3 70 10 59 50 65 18 61 8 43 30 24 54 69 36 69 41 59 69 59 42 30
split_gain=12050.5 3948.48 1793.63 1744.68 676.275 637.352 414.273 298.669 283.757 229.796 222.551 214.149 181.982 170.305 163.735 150.673 130.881 122.267 116.479 131.253 115.992 114.756 126.813 107.702 106.611 104.333 100.474 95.6804 89.5225 84.7051 81.9293 80.1712 88.3019 75.957 74.8788 72.9088 69.7079 67.1351 65.9023 64.8844 73.9556 64.6047 64.0666 63.6294 80.7238 63.5328 63.4051 63.1024 63.0488 85.908 62.3629 67.0208 61.63 67.8528 60.9514 59.7587 58.1371 56.0955 55.4264 54.0299 55.9308 53.3001
threshold=129794366.95834146 4991429223.2918406 6.3237503422867247 13.088481118219612 2.5000000000000004 9.5000000000000018 0.89854030738603907 0.5722222222222223 12.588400214084791 0.22777777777777777 5.9873322795051171 22.180861193398226 4.7055718954248382 4.7250274725274739 15849263.983685344 26.590665529859852 4.8334368530020724 4.6950000000000012 4.2502631578947385 16482336.500000002 4.712513269639067 45903774432.835686 4.9020447761194044 12.842986856189791 1.976478067387158 271184.00000000006 1.3362907135484685 0.89270999416077357 0.52281185432277033 4.4850000000000012 70.500000000000014 4.5080243902439046 0.19950000000000004 4.900255102040818 3985798.167736372 40.574746085484556 1441898588.5121479 5.0600000000000014 0.22495105434386511 108.85000000000001 102.35000000000001 132.69699643672681 2.5000000000000004 779.82269281538936 1.0000000180025095e-35 1.5000000000000002 133172877.27415566 12.816043867401971 0.19950000000000004 4.6430384615384623 16.500000000000004 0.20548046676563259 0.49861124334594614 18.24386062084589 12.84481053910738 4.1961334046949306 0.31666666666666671 326.37629440846257 23.262854422344478 135.21545015949479 6.0950000000000006 20.500000000000004
decision_type=2 2 2 2 2 2 2 2 2 2 2 2 2 2 2 2 2 2 2 2 2 2 2 2 2 2 2 2 2 2 2 2 2 2 2 2 2 2 2 2 2 2 2 2 2 2 2 2 2 2 2 2 2 2 2 2 2 2 2 2 2 2
left_child=2 3 14 5 9 10 7 11 29 16 25 33 35 26 24 31 -3 57 -10 58 23 22 -6 41 28 -2 30 -17 -1 -4 36 46 -33 39 -16 -13 50 -24 -38 40 -5 -11 -19 -23 45 -45 54 59 49 -29 -7 -52 53 -39 -8 -18 -15 -12 -20 60 -40 -9
right_child=1 4 8 6 21 13 15 61 18 20 17 12 -14 56 34 27 55 42 19 -21 -22 43 37 -25 -26 -27 -28 48 -30 -31 -32 32 -34 -35 -36 -37 38 52 47 -41 -42 -43 -44 44 -46 -47 -48 -49 -50 -51 51 -53 -54 -55 -56 -57 -58 -59 -60 -61 -62 -63
leaf_value=-0.053675115304277821 -0.011553311480112901 -0.004106290078367273 -0.023607377538101895 0.023859877861399849 -0.1159043352171171 0.0057907541122403094 -0.049901362058489232 0.034707000956006873 -0.019869152276827406 -0.009685855291384618 -0.0093438577680465245 0.017802386729145442 0.034353296052012323 0.025758100035508442 -0.03182011842786836 -0.012408300951743651 0.0066094286301719004 0.0011987743183473217 -0.0006430324525995121 -0.026562799722459503 0.052968884681464913 0.063099287370705998 -0.02113495549014692 0.041122843014105515 -0.005629155144146511 -0.029863592962803623 -0.02512222614744658 0.017534844636079263 -0.039265636865629776 -0.012373692252200648 0.047954691026167173 0.014404773778944682 -0.010753598248475472 0.025783198141005787 -0.014990487155414584 0.042341107081941484 -0.049093091678296702 0.064412282477421381 -0.080206566090890608 0.022093156239724718 0.0033585141457625916 0.029809722462145 0.034910524565857137 -0.094272842103516927 0.068391836530176192 0.0454566191230752 0.033530056576777961 0.049492647130390172 -0.0072704261359916051 0.035067267263500818 -0.00013410643607250592 0.040231140664308385 0.051096106931301039 -0.079090015567946204 -0.00092792169168190485 0.032862136613017463 0.056903506035170748 -0.033042504025444147 0.011418237385217418 0.020016715815233479 -0.0096593538487516773 0.053157365410048667
leaf_weight=1272.8739750981331 1469.6811827719212 519.2272734940052 2959.9849763959646 535.64862053096294 11.737646311521528 562.14460875093937 65.26819883286953 703.80982756614685 835.29920829832554 209.94482988119125 2946.3079646080732 3975.2774311453104 4141.9396912008524 295.771375477314 3247.8793587237597 236.42515888810158 290.8921080827713 2570.7273852825165 3700.4010454714298 422.54080390930176 1087.6328893750906 3980.3827314525843 33.688685551285744 812.01394334435463 212.76174710690975 1653.0283028930426 175.70575691759586 2915.8392340391874 7036.7131628245115 3874.6192113012075 166.06990100443363 2876.2290086448193 396.90382342040539 1044.639276817441 829.77493500709534 327.65207576751709 75.645326718688011 14.486938819289206 37.034149825572968 937.86770890653133 2460.6735546588898 204.29131883382797 149.10606686770916 20.889523521065712 34.678985953330994 13.323822408914564 130.54895688593388 59.005643263459206 196.96155942976475 918.88252873718739 139.27152472734451 393.04337076842785 2076.883859500289 19.094964131712914 2390.3900714963675 850.6667021214962 303.66168461740017 272.82323406636715 1282.6853960603476 103.82957914471626 116.39740800857544 881.93259029090405
leaf_count=7072 5887 1961 12888 1933 49 2082 260 2652 3427 827 11368 14593 15620 1123 15303 891 1093 9764 14074 1814 4442 17728 132 3174 895 7197 696 10598 36430 16020 682 10459 1502 3816 3637 1221 295 56 148 3400 9037 820 535 87 147 51 469 213 741 3382 524 1438 8723 77 8859 3204 1179 1096 4721 382 441 3496
internal_value=0.00435334 0.019453 -0.0231731 0.0117969 0.0469991 -0.00434454 0.0191746 0.0244472 -0.0102003 0.0308968 -0.0104399 0.0220231 0.0268722 0.0184081 -0.0366355 0.0113604 0.0167061 -0.00475799 -0.00249226 0.000192884 0.0410822 0.0573133 0.0479946 0.0305392 -0.0405781 -0.021246 0.0108247 0.0185061 -0.0414729 -0.0172389 0.014647 0.00615522 0.011354 0.0137983 -0.0283954 0.0196709 0.0109256 0.0488918 -0.0071692 0.010616 0.00702352 0.00979241 0.00304691 0.0622747 0.014633 -0.0398575 -0.000424464 0.00285824 0.0203189 0.021736 0.0174051 0.0296702 0.0500096 -0.0171844 -0.00222957 0.0261724 0.0415358 -0.0113523 0.00246163 -0.00783787 -0.0266875 0.0449684
internal_weight=72481.5 46806 25675.5 36626.1 10179.8 11489.3 25136.9 15009.4 13075.5 3974.67 9061.67 13423.7 8444.87 2427.58 12600 10127.4 1660.79 5938.96 6240.93 5405.63 2313.88 6205.17 2155.89 1226.25 8522.35 3122.71 1828.15 4268.11 8309.59 6834.6 1652.44 5859.34 3273.13 4978.83 4077.65 4302.93 1486.37 2144.15 391.912 3934.19 2996.32 414.236 2719.83 4049.28 68.8923 34.2133 2586.21 316.267 4031.68 3834.72 1094.46 532.315 2110.47 33.5819 2455.66 1141.56 599.433 3219.13 4983.09 257.261 153.432 1585.74
internal_count=296831 180550 116281 137979 42571 45050 92929 55768 52944 15521 35847 49620 31434 9203 63337 37161 6258 22763 24036 20609 9263 27050 9037 4821 44397 13084 6901 15612 43502 28908 6205 21549 11961 18186 18940 15814 5523 8988 1479 14370 10970 1647 10299 18013 285 138 9588 1184 14721 13980 4044 1962 8856 133 9119 4297 2302 12464 18795 971 589 6148
is_linear=0
shrinkage=0.05


Tree=18
num_leaves=63
num_cat=0
split_feature=48 20 48 41 43 41 48 29 43 30 43 59 47 1 46 46 47 20 1 1 59 62 48 59 48 34 33 64 59 32 17 30 47 54 32 12 63 1 44 58 46 1 5 48 19 44 62 59 48 33 54 1 41 12 62 47 41 48 43 6 12 48
split_gain=10982.9 3726.84 1212.21 1018.02 869.995 443.889 406.02 300.01 265.839 254.478 197.117 191.847 187.839 197.704 182.089 170.638 164.098 152.713 135.477 130.19 116.9 112.847 122.179 112.405 102.463 97.1527 95.1531 93.9158 91.7306 89.8605 85.345 84.9966 83.4816 81.3774 102.107 80.78 78.4005 77.845 73.0786 69.7208 65.4756 65.399 62.9499 70.7085 61.8713 59.2354 56.8476 55.9649 63.3731 86.3939 68.513 55.8699 55.6842 55.6288 54.1499 54.0349 52.9398 52.6258 52.1617 52.1379 51.8817 51.6358
threshold=129794366.95834146 9.5000000000000018 27740389.494676415 0.07222222222222216 4.7187739769820984 0.26111111111111113 32072638573.705318 3.9853777227744748e+19 4.3251984126984144 8.5000000000000018 4.6735347788750543 408.36147489011154 1.0000000180025095e-35 4.7750000000000012 29.133549783549789 28.315701754385969 25.39916542250155 36.500000000000007 4.995000000000001 5.0050000000000008 268.777959470658 2.4743801652892565 7934640.6708218632 207.4341324427983 11587686249.807207 0.23570226039551598 4.4645950374531838 1.0000000180025095e-35 462.29718982610228 6.7950000000000008 0.047569623414906261 56.500000000000007 51.841571995812842 2.3385087487098182 6.5850000000000009 5.6950000000000012 13.978977794713476 6.0550000000000006 0.43472115803056183 3185591.8142164522 30.55043859649123 4.8050000000000006 0.24050000000000002 89902999506.429504 7.3773828425319078e+17 0.48680549331869888 0.41867732558139498 210.83786226944562 354852392809.20172 4.6069522275147117 1.6703633919355843 6.6950000000000012 0.38333333333333336 6.0650000000000004 1.2764780673871583 21.173009239494824 0.62777777777777788 3059883085.5140729 4.6375216262975796 5.0600000000000014 5.7950000000000008 1529174843.0337913
decision_type=2 2 2 2 2 2 2 2 2 2 2 2 2 2 2 2 2 2 2 2 2 2 2 2 2 2 2 2 2 2 2 2 2 2 2 2 2 2 2 2 2 2 2 2 2 2 2 2 2 2 2 2 2 2 2 2 2 2 2 2 2 2
left_child=2 3 11 7 5 15 10 12 55 16 17 21 54 38 -4 35 19 33 28 30 32 22 41 26 -11 -19 40 -18 36 -27 -6 -31 44 53 57 -5 -16 -13 -14 58 -10 -1 43 -8 45 -17 -24 -44 49 50 -49 -20 -12 -3 -2 -7 -28 -35 -34 -55 -40 -57
right_child=1 6 14 4 9 8 42 -9 23 24 52 37 13 -15 18 20 27 25 51 -21 -22 -23 46 -25 -26 29 56 -29 -30 31 -32 -33 39 34 -36 -37 -38 -39 60 -41 -42 -43 47 -45 -46 -47 -48 48 -50 -51 -52 -53 -54 59 -56 61 -58 -59 -60 -61 -62 -63
leaf_value=-0.03877560784438458 -0.020719922776616755 0.015573080543815629 -0.023990782837351732 -0.026012085296352402 0.0011368049260188412 -0.028361721517491036 -0.085358361223949936 0.041287564418516554 -0.0049041303234582919 0.03117130306423398 0.04058715047037071 -0.046891012180309694 -0.00012502884534931991 0.0075461368963770474 -0.01998273554077527 0.0038353154081616336 0.030122124721450906 -0.044986850899248872 0.0034304834437761675 0.029815798521657666 -0.012166883812830992 0.014128504187998556 -0.02627635340726427 0.0094270681338023739 0.050030880730972331 0.057481601255028041 0.024576347106312017 0.014453743661032987 -0.031852740553572387 0.039628029295554368 0.032268876992283223 -0.13152476119158429 0.0096595332511932256 -0.048350657002259212 -0.12963109957657423 0.018463521060249323 -0.0066042319988381844 -0.0047304975730276984 -0.022834722893368239 -0.025696485504579765 0.018507514892028228 -0.029026890863853589 0.061110693011914533 0.046986387596934326 0.031645722838508993 -0.0098474929827866934 -0.011627745351030123 -0.10356939444838356 0.058626416883729729 0.036275400645013174 0.045991381004461339 0.068615300530825901 0.060341676256507187 -0.031812588299355175 0.051614769804967445 -0.0063614857886079724 0.038004965970452886 0.064542723912304284 0.024182484859905713 0.048058236425894928 0.003575842100474957 0.030787021247112668
leaf_weight=3678.5639586150646 1993.9431444257498 1148.5741247832775 2037.3229763656855 713.82458409667015 1657.5375254899263 235.7112173885107 15.800251096487044 338.20080502331257 350.16853901743889 1607.4133576005697 703.53867146372795 2358.0813701301813 781.92586477100849 2668.9825395643711 1340.8490692675114 3607.5407893210649 4923.6538854837418 26.704831689596176 1820.6846990585327 753.16952362656593 990.93587082624435 145.93438750505447 3381.5481309890747 1952.5878848582506 1304.7692201435566 522.29124866425991 3323.5694036632776 1186.93198145926 469.62369674444199 17.398471042513851 253.85693533718586 12.440907955169676 2095.611491560936 21.08367232978344 20.474085941910744 119.13275037705898 5974.2946255356073 114.81711503863335 1277.1905211359262 115.22162990272045 2029.6879669725895 3231.7233570963144 4256.710263043642 27.938090234994888 168.89753983914852 1013.1280325055122 823.62150956690311 22.589936673641205 226.51137262582779 132.7337928712368 11.583956748247145 33.47633795440197 723.6633363366127 22.355069220066071 26.212997958064079 636.02291637659073 941.94693979620934 20.225751832127571 877.02702510356903 237.55807779729366 217.63802263140678 109.67237089574337
leaf_count=19238 8204 4388 9176 2885 6275 923 65 1294 1321 6100 2920 12783 3020 10092 5663 13411 18403 117 7084 2807 3771 582 15762 7186 5162 2224 12280 4455 2068 72 965 57 7727 82 97 444 23874 534 5173 445 7440 15731 19556 124 623 3827 3669 101 1028 586 51 117 3213 88 99 2392 3612 76 3217 941 817 394
internal_value=0.00417408 0.0186337 -0.0222535 0.0120895 0.0160498 0.00952503 0.0492893 -0.00470164 0.0171597 0.0268139 0.0363374 -0.0323228 -0.00693446 -0.00168697 -0.0104094 0.00198629 0.0225636 0.0264009 -0.00753875 0.0122092 0.00401857 -0.0295536 -0.0301272 0.0199738 0.0396211 0.0481552 0.0230728 0.0270787 -0.0104317 0.0526602 0.00527153 -0.0317306 0.0060546 0.0178363 -0.0383284 -0.019651 -0.00905648 -0.0449335 -0.0125107 0.0124651 0.0150628 -0.0342164 0.0588815 -0.000822473 0.00192171 0.000835222 -0.0234073 0.0594431 0.0414003 0.0180226 -0.0528726 0.00460738 0.0506037 0.0203 -0.0197813 -0.00749408 0.0275418 0.00692374 0.0139443 0.0411886 -0.0189895 -0.000897907
internal_weight=71852.8 46442.3 25410.5 38272.1 30968 19280.7 8170.18 7304.09 9579.37 11687.3 3476.31 13734.3 6965.89 4945.74 11676.3 9701.32 8775.15 2049.11 9638.93 2664.56 8868.36 11261.4 11115.5 8597.96 2912.18 578.835 6645.37 6110.59 7784.77 552.131 1911.39 29.8394 7877.43 1470.27 61.7835 832.957 7315.14 2472.9 2276.75 3087.86 2379.86 6910.29 4693.87 43.7383 4789.57 4620.67 4205.17 4650.13 393.419 166.908 34.1739 1854.16 1427.2 1408.49 2020.16 981.407 4265.52 41.3094 2972.64 259.913 1494.83 745.695
internal_count=296831 180550 116281 144764 116065 71898 35786 28699 35548 44167 14275 68299 27405 19102 47982 36350 32905 8142 38806 10047 33021 54982 54400 31839 11262 2470 24653 22858 31605 2353 7240 129 29250 5672 255 3329 29537 13317 9010 11389 8761 34969 21511 189 17861 17238 19431 21322 1766 738 152 7201 6133 5417 8303 3709 15892 158 10944 1029 5990 2786
is_linear=0
shrinkage=0.05


Tree=19
num_leaves=63
num_cat=0
split_feature=48 20 69 69 28 48 69 45 69 35 38 69 69 47 28 18 30 33 43 63 33 63 43 48 43 59 62 69 69 43 20 69 48 13 30 70 38 50 36 63 47 70 62 68 46 44 44 69 36 43 44 27 58 43 59 47 15 30 55 69 67 33
split_gain=10005.6 3139.67 2360.18 1256.31 631.794 396.706 388.057 313.194 280.142 276.301 220.187 201.731 168.924 147.165 143.141 120.415 117.614 122.3 111.327 107.494 100.872 95.3184 95.3049 108.403 91.1061 89.0329 85.1197 82.2327 76.8375 74.9196 74.3287 69.2302 67.2136 69.1623 66.5793 65.3563 61.9724 59.5323 58.1299 57.6806 57.5228 59.7783 56.8154 56.0816 62.7742 53.728 72.7164 53.6063 53.254 57.6636 66.237 66.0441 52.4099 88.4924 51.1729 63.4182 73.1204 50.2117 50.1176 51.4196 48.6893 48.5917
threshold=215529613.72410113 12.500000000000002 6.94203218739887 20.944297503173932 12759296.435991699 32072638573.705318 14.916049513330515 0.76192014368991579 9.7606700107042403 0.9500191791633622 14924342.829948062 10.833570859575319 3.2868953971770685 66.006485237608572 1434964655.8390048 2299402704.9364161 38.500000000000007 4.7077296489917861 4.4001515151515163 11.698192004532535 4.4601063829787249 720.0510843326382 4.2834408602150553 4984963.5387616856 4.4833826429980297 120.9839315236741 0.4000000000000008 37.947048243757941 30.964100346020764 4.608698475437607 4.5000000000000009 5.8054846780015437 367065762881.72784 4.9403703703703714 39.500000000000007 13.000323497839164 10765011.357497785 16.500000000000004 164.78095238095241 33.044361730648255 41.848871929569952 4.8062933681549369 1.1861983471074382 8.5221590903992581 12.474316720257237 0.48680549331869888 0.094280904158206461 0.44098043364616263 1.0000000180025095e-35 4.6250333333333353 0.29317300902903831 1.5003905233276871 2669752.8987777135 4.6174306076519143 313.06870053564825 20.873737726280691 1.0000966761310177 5.5000000000000009 2375149.5921128602 26.790697891513783 0.93663652364155514 4.5750231053604455
decision_type=2 2 2 2 2 2 2 2 2 2 2 2 2 2 2 2 2 2 2 2 2 2 2 2 2 2 2 2 2 2 2 2 2 2 2 2 2 2 2 2 2 2 2 2 2 2 2 2 2 2 2 2 2 2 2 2 2 2 2 2 2 2
left_child=2 3 10 4 8 11 19 14 36 16 12 15 26 22 27 21 17 -3 37 -4 -13 31 -8 -24 -10 28 47 34 -20 54 42 60 33 -7 40 43 -2 -9 -27 -32 41 -5 -12 44 -22 46 -26 -1 -11 50 -50 -52 53 -40 55 -21 -57 -17 59 -25 -6 -53
right_child=1 9 6 7 5 32 13 18 24 48 30 20 -14 -15 -16 57 -18 -19 25 29 35 -23 23 58 45 38 -28 -29 -30 -31 39 -33 -34 -35 -36 -37 -38 -39 52 -41 -42 -43 -44 -45 -46 -47 -48 -49 49 -51 51 61 -54 -55 -56 56 -58 -59 -60 -61 -62 -63
leaf_value=-0.056425361420153711 -0.027188804613968977 0.02820509567587123 -0.022049616588845876 0.014137337189604374 -0.0093228205493003907 0.018730835025376199 -0.01445473902300788 0.0065890296001785299 -0.013308897438918789 0.067011321235291105 -0.024156969529994882 -0.0071910459511083744 -0.027368270707377487 0.019118100105294356 0.052140199497792611 0.0091731139932665004 0.059522205995884203 0.054042259214934413 0.019763158037727584 -0.017061436461643924 -0.065556511511227461 0.05200257492726576 -0.017440710138151027 0.0037070206448492219 -0.022391189263233927 0.0083512321492652478 -0.032487482656304106 0.043729985078099089 0.033151692227736666 -0.0010646818955606602 -0.013714126566115245 0.0023333529783810814 0.05254875518022456 0.043775362074572693 0.056711963588469722 0.037947393652947255 -0.012030444720254975 -0.04713151127469288 0.0056381099387182339 0.03411689295751992 0.030426006427166433 0.033903912394006398 0.028777498072334262 0.012353662721414188 0.027428663218782408 -0.0026188204747754247 0.010568973097045005 -0.041930812445067411 -0.055036937618463705 0.050738574981189888 0.043397898073192061 0.0054218974917056824 0.03820175814980388 0.034896696479136166 -0.025726534050154057 -0.0058272591112525692 0.093664671062968718 0.038471151203297728 -0.025605298382020976 0.016843060176323518 -0.036412106644532517 -0.088732826741814819
leaf_weight=752.50764511525631 1072.1431551426649 717.05672672390938 1973.5439077466726 1422.4748062193394 1206.3217552602291 614.27050556242466 914.26977893710136 1191.2176094055176 864.64673651754856 54.60625059902668 2679.3179454356432 403.57512131333351 3751.9475239217281 1272.668883934617 801.06024499237537 369.83456474542618 4123.0924192816019 1267.8107365518808 2775.5525411069393 1970.306896045804 18.449961692094803 75.212376326322556 575.72764950990677 3624.2048713564873 178.3280888646841 1879.8229263275862 2296.1970063298941 887.81116765737534 1745.6155182123184 2152.1932910978794 165.88895525038242 1533.929668366909 468.05171996355057 500.0935944467783 185.21408957242966 410.24236056208611 1816.9436956346035 53.905499115586281 711.74842292070389 101.65467020869255 3092.1110675632954 523.16513279080391 51.668281033635139 2306.0205976516008 1119.0305931568146 1721.0730835795403 2715.1533233374357 4188.0271473526955 38.086176812648773 95.725504800677299 131.19454449415207 292.27219162881374 359.83612671494484 405.7515644878149 613.90254236757755 2508.8017823845148 18.60422258079052 241.88869178295135 125.62889444828033 937.72632490098476 192.31876030564308 14.377137511968611
leaf_count=4463 4621 2897 8460 5368 4741 2425 3691 4373 3290 231 12373 1503 18157 4616 3296 1363 19493 5795 10248 8417 73 288 2452 13427 699 6980 12134 3486 6515 8369 670 5773 1943 2043 782 1573 7247 211 2625 388 11758 2043 209 8500 4105 6393 9929 22913 164 391 496 1146 1304 1528 2623 10119 66 940 483 3392 772 58
internal_value=0.00400017 0.0202848 -0.0175519 0.014084 0.0049502 0.0138034 -0.00485434 0.0242386 -0.00505721 0.0514652 -0.0327009 0.00921399 -0.0359779 0.0036357 0.0322669 0.00053589 0.0547082 0.0447083 0.0181565 -0.0117018 0.016592 -0.00357693 0.000446097 0.00303448 0.00158577 0.0203522 -0.0404417 0.0296617 0.0249324 -0.0088904 -0.0206915 -0.00500239 0.0366485 0.0299701 0.0272703 0.0190826 -0.0176557 0.00426329 0.0141839 0.00445953 0.0261879 0.0194524 -0.0231555 0.0168351 0.0259204 0.00437664 0.00853761 -0.0441385 0.0198361 0.0153298 0.00820786 0.0137093 0.0216056 0.0162616 -0.0121853 -0.0103371 -0.0050949 0.0207582 0.00554924 0.0064072 -0.0130477 0.00100749
internal_weight=71271.8 40597 30674.8 33862.8 17827.5 9459.24 16687.6 16035.3 8368.29 6734.22 13987.2 7876.82 10988.7 7450.23 6911.84 3619.51 6107.96 1984.87 9123.45 9237.35 4257.32 3007.78 6177.56 5263.29 5479.2 7878.33 7236.73 6110.78 4521.17 7263.81 2998.53 2932.57 1582.42 1114.36 5222.97 3853.74 2889.09 1245.12 3357.16 267.544 5037.75 1945.64 2730.99 3443.5 1137.48 4614.55 2893.48 4940.53 626.262 571.656 475.93 437.844 1477.34 1117.5 5111.62 4497.71 2527.41 611.723 4687.56 4561.93 1398.64 306.649
internal_count=296831 159409 137422 128738 68221 36042 66115 60517 32179 30671 71307 29631 57667 28061 26733 13877 28185 8692 33784 38054 15754 11574 23445 19754 20311 29200 39510 23437 16763 29594 13640 11286 6411 4468 19951 14251 11868 4584 12437 1058 19169 7411 12582 12678 4178 17021 10628 27376 2486 2255 1864 1700 5457 4153 21225 18602 10185 2303 17302 16819 5513 1204
is_linear=0
shrinkage=0.05


Tree=20
num_leaves=63
num_cat=0
split_feature=48 30 69 69 18 45 69 43 69 30 30 41 43 18 21 59 69 18 1 18 69 8 43 69 1 42 9 47 57 69 45 1 44 43 6 43 43 47 50 33 67 44 22 44 46 55 68 46 6 47 60 22 61 60 27 60 69 46 1 59 68 62
split_gain=9134.52 3330.14 1521.86 1407.03 756.894 588.87 370.284 358.203 231.322 192.176 179.609 174.801 165.846 151.522 147.669 137.008 136.262 134.404 127.732 121.574 114.508 110.678 107.456 104.262 101.961 99.7917 93.1411 93.0791 90.7869 86.4658 85.0834 81.9245 77.6019 74.3719 72.3022 71.5506 71.4008 70.4695 98.1275 74.4567 68.2951 65.6859 65.2665 64.7797 62.4036 62.1527 60.6883 60.0049 57.0692 54.0087 53.3202 52.9502 59.5175 54.8888 61.682 107.327 52.806 52.3464 52.3336 51.6822 51.2664 57.1878
threshold=129794366.95834146 20.500000000000004 6.3237503422867247 17.752872096786245 2299402704.9364161 0.79687060899679185 9.6060995494262045 4.6600145348837225 12.061042169724429 2.5000000000000004 3.5000000000000004 1.2944444444444447 4.4708597046413514 2821729.0102549777 3.5000000000000004 207.4341324427983 2.6595211719897445 2849608823.3497171 4.7750000000000012 9363200.0064165853 30.15487851932987 0.19950000000000004 4.5739834710743805 33.19173346443953 4.8950000000000005 7.5950000000000006 5362.5000000000009 59.727820691231621 0.78183573518300808 4.1961334046949306 0.63526587067042206 4.6950000000000012 0.15577761927397235 4.2834408602150553 5.2150000000000007 4.9638251783894001 5.1996153846153863 29.668047302589681 5.5000000000000009 4.791341829085459 -0.16504132135358054 0.094280904158206461 6.9650000000000007 0.44891448935097072 29.612761627906984 1608488.9566832723 26.540850930790082 9.2020000000000017 7.6300000000000008 39.131682857213796 11.868131859328585 6.7950000000000008 12.850369926060191 6.8786407032842822 2.2500000000000022 11.868131859328585 22.899159219337335 1.0000000180025095e-35 7.0550000000000006 64.493781836834458 59.585640920802327 2.4743801652892565
decision_type=2 2 2 2 2 2 2 2 2 2 2 2 2 2 2 2 2 2 2 2 2 2 2 2 2 2 2 2 2 2 2 2 2 2 2 2 2 2 2 2 2 2 2 2 2 2 2 2 2 2 2 2 2 2 2 2 2 2 2 2 2 2
left_child=2 3 13 4 6 14 10 15 33 21 29 25 44 16 30 23 24 20 47 31 35 -9 32 27 59 28 34 40 50 -2 -3 43 -10 -4 -6 49 -20 38 39 42 -5 -33 51 -14 -8 56 -43 -12 -35 -11 -7 52 53 -30 -55 -56 -34 -15 -18 -1 61 -26
right_child=1 5 8 7 26 11 12 9 22 17 18 -13 19 57 -16 -17 58 -19 36 -21 -22 -23 -24 -25 60 -27 -28 -29 37 -31 -32 41 45 48 -36 -37 -38 -39 -40 -41 -42 46 -44 -45 -46 -47 -48 -49 -50 -51 -52 -53 -54 54 55 -57 -58 -59 -60 -61 -62 -63
leaf_value=-0.037898665339467626 -0.027858752902867885 0.052997214712796975 -0.027218249828570025 0.01614250697788501 -0.030479805376428221 -0.029918268259868586 -0.036228677735814112 0.019905679902558295 -0.016610949222698526 0.012893742741143849 -0.047184469209808316 0.048213686658266662 0.0044904296940681248 0.089776014594751874 0.060091202609489337 0.0017264526511178001 -0.028817048819798408 0.054964295911313688 0.0060510958578686089 0.019824708858396916 0.037543652916708026 -0.0059705461727388026 0.0089557431472381786 0.02693437798054267 -0.02895969199411054 0.063049249042887778 0.016340768974533508 0.021948696439271609 -0.0069544827997573139 -0.012624864184333635 0.034955617278654476 -0.018709939119258584 -0.0033968852904592327 -0.047024807675149036 0.044946695825989841 0.035059646377987315 0.041849561395584378 0.029952685174225686 0.056284854056057314 0.063575557702299168 0.0028100346958276085 0.016205573686242501 0.042289526309617874 -0.0098715361007330991 -0.0077056235980563232 -0.017904669375526056 0.0011971211986903504 -0.0077837699604629135 -0.012163060625204107 0.025664232332717564 0.069174663821039747 -0.079264120389028761 -0.063137113745410908 0.055606243018471724 0.039603165620861858 -0.07374303014416729 0.011138558998782029 -0.016760689926252674 0.034276839511034184 -0.04927457768094571 -0.046214358831249254 0.041474770122401465
leaf_weight=1714.7878244668245 1577.3782093077898 1370.2059018462896 1112.4765076488256 1676.9280362129211 32.825520977377892 147.11075043678284 234.01202902197838 1916.6457640826702 1239.7416866272688 1407.9697309732437 101.60406486690044 617.87991878390312 1690.7848728150129 11.654039472341536 3498.9564374387264 2124.3121132105589 4362.5486282706261 521.72876554727554 827.55651287734509 1396.6138587594032 2370.2476681172848 526.82338678836823 1649.1494466364384 1715.9300780892372 1885.9386004209518 114.6393147110939 508.44825313985348 1916.3267536312342 498.078832000494 2274.6718047261238 1249.308018669486 197.84411627054214 2352.2999387383461 120.17838816344738 989.87295766174793 1100.949929818511 167.47663833200932 743.72612474858761 100.36778090894222 49.549706310033798 2248.3563817292452 1956.9577468782663 83.675801202654839 1465.8330448418856 1062.0496134012938 537.83138474822044 1027.050061404705 1974.4907203912735 5065.6011528372765 2009.6351101696491 14.955249533057211 22.834731057286263 37.593814924359322 86.547336980700493 54.572964727878571 33.832605093717575 850.84561684727669 1083.129549279809 33.115435212850571 2389.8783524781466 476.26972854137421 29.265805810689926
leaf_count=9642 6956 6126 5039 6143 131 576 943 7115 5270 5329 412 2745 6265 41 17201 7829 21752 2256 3163 5185 9307 1989 6110 6414 10108 505 2022 7002 1909 9280 5183 771 9111 564 4030 4228 632 2816 407 203 8334 7159 360 5516 4039 2185 3805 7679 21538 7586 56 101 164 327 211 140 3127 5061 122 13880 2612 119
internal_value=0.0038352 0.0171025 -0.0205245 0.0105538 0.000250558 0.0448933 -0.00297213 0.0197756 -0.00862547 0.0264867 -0.0116721 0.0249859 0.00369716 -0.0333581 0.0533702 0.0129452 -0.0351404 0.0304962 -0.00265266 0.00647068 0.0286431 0.0143266 -0.00210667 0.0160986 -0.0397407 0.0177648 0.0338305 0.0129157 0.0149928 -0.018863 0.0443928 0.00352827 -0.0057695 -0.0154875 0.0425257 0.0239742 0.0120764 0.0183811 0.00948183 0.00406174 0.00850582 0.00919008 0.00045293 -0.00217881 -0.0128556 -0.0021767 0.0110399 -0.00971204 -0.012971 0.0204031 -0.0207741 -0.00431994 -0.00191174 0.00150815 0.0256007 -0.00377416 0.000464138 -0.0156266 -0.0283417 -0.0445221 -0.0315341 -0.0278834
internal_weight=70659.9 45745.2 24914.7 37021.3 17485.5 8723.84 15954.3 19535.9 12928.1 9854 6923.18 2605.36 9031.15 11986.6 6118.47 9681.85 10891.8 7410.53 3071.13 7735.08 6888.8 2443.47 6629.87 7557.54 6496.14 1987.49 1531.15 5841.61 1872.85 3852.05 2619.51 6338.47 4980.72 6298.26 1022.7 4518.55 995.033 1710.78 967.054 866.686 3925.28 3181.85 817.136 3156.62 1296.06 3740.98 2984.01 2076.09 5185.78 3417.6 162.066 733.46 710.626 673.032 174.953 88.4056 3203.15 1094.78 4395.66 4104.67 2391.47 1915.2
internal_count=296831 180550 116281 141520 67988 39030 61805 73532 52944 37810 28122 10520 33683 63337 28510 35722 58235 28706 11886 28701 26450 9104 25803 27893 36361 7775 6183 21479 7270 16236 11309 23516 19693 27141 4161 17143 3795 6638 3822 3415 14477 11735 3212 11781 4982 14423 10964 8091 22102 12915 632 2852 2751 2587 678 351 12238 5102 21874 23522 12839 10227
is_linear=0
shrinkage=0.05


Tree=21
num_leaves=63
num_cat=0
split_feature=38 20 48 45 46 43 41 45 41 41 1 59 70 38 47 18 31 33 48 12 59 41 64 47 38 62 1 41 45 64 62 18 18 46 9 26 26 70 43 26 31 41 28 62 1 70 9 1 41 43 1 43 63 68 47 5 36 50 61 31 1 59
split_gain=8387.91 2756.2 1573.9 908.316 379.332 352.06 442.135 300.192 218.412 211.651 203.886 192.278 155.028 170.575 153.272 141.586 130.24 139.424 122.756 102.189 99.0039 93.793 93.3854 96.5628 92.1283 85.7957 80.7644 79.6036 78.2942 77.0235 75.4446 73.9996 73.687 73.6605 66.6969 64.4951 61.3013 60.2583 59.6336 58.9816 58.928 82.928 71.2204 58.3868 57.8639 57.5584 56.4714 69.477 55.2982 58.5334 55.1572 52.578 50.7871 50.3745 48.4585 48.0642 45.5859 45.3719 44.8556 42.9371 42.8506 42.687
threshold=39731018.211773627 12.500000000000002 31624552.976030957 0.97494679610934232 31.643650793650799 4.825049019607845 0.24999999999999997 0.90903124656158762 0.11666666666666667 0.038888888888888855 4.995000000000001 393.88566249663955 2.5712868388802876 5630089.5572161963 27.298851256214039 5667677209.79214 1.2833333333333334 4.7077296489917861 7934640.6708218632 5.7950000000000008 319.43392558249212 0.5722222222222223 1.0000000180025095e-35 36.524634394714219 19581195501.549858 1.976478067387158 6.0550000000000006 0.13888888888888887 1.3217658144881608 1.0000000180025095e-35 0.4000000000000008 44946296964.442772 1544395101.792877 9.2020000000000017 57451204.000000007 1.0000000180025095e-35 9.5601809954751165 1.2847319991873187 4.6250333333333353 14.29018026565465 2.3833333333333337 0.62777777777777788 8105835306.184062 0.12603736225895323 4.7750000000000012 2.3106701159155469 127206812.00000001 4.995000000000001 0.5277777777777779 4.3251984126984144 4.705000000000001 5.9101666666666688 24.92635914481205 12.513726330279503 33.422693185026169 0.60250000000000015 7.9502051282051296 22.500000000000004 1.4995406392997384 0.083333333333333315 6.495000000000001 1017.2002665187262
decision_type=2 2 2 2 2 2 2 2 2 2 2 2 2 2 2 2 2 2 2 2 2 2 2 2 2 2 2 2 2 2 2 2 2 2 2 2 2 2 2 2 2 2 2 2 2 2 2 2 2 2 2 2 2 2 2 2 2 2 2 2 2 2
left_child=2 3 11 5 43 6 14 16 31 15 22 18 13 44 19 45 17 36 25 33 21 32 23 57 -10 46 -13 -14 40 38 -20 50 53 -2 -27 -30 -3 54 -16 -37 41 55 58 -4 -6 -5 47 -1 49 -24 -7 -46 -28 -8 -15 -9 -51 -11 -43 -39 -32 -19
right_child=1 7 4 9 12 8 20 28 24 10 -12 26 27 37 29 -17 -18 61 30 -21 -22 -23 48 -25 -26 34 52 -29 35 -31 60 -33 -34 -35 -36 39 -38 59 -40 -41 -42 42 -44 -45 51 -47 -48 -49 -50 56 -52 -53 -54 -55 -56 -57 -58 -59 -60 -61 -62 -63
leaf_value=-0.034471370398144151 -0.058239647148313103 -0.038293576772264526 -0.027050917494179878 -0.0047688326436805288 -0.011698777467722007 0.0060415953212239132 0.02619055476895887 -0.025280241393896799 0.032273183127643414 -0.00092294093937025446 0.020572879016601778 -0.043121215636683412 -0.016200369237095471 0.0051788050748971691 0.0071644661203022781 0.025267064678310875 0.058194871563516042 0.05325609763549001 -0.022762171450093478 0.021408796688597451 -0.00013329012953796745 0.033625992782842895 -0.026917342544304897 0.012685360648143466 0.052044149599306144 0.012696399726137373 0.041756153722845996 -0.003110607918162157 0.078478857866418977 0.0014145934807999949 -0.0090163634535975184 0.051857449916021127 0.053180280615954062 -0.0056908528985507682 -0.030979444194150003 -0.065321670836805207 0.02719243348770474 -0.003496841667779544 0.02042811080518029 0.0050809449584256899 0.050161588908307922 0.00090264825957679477 0.03273154471184999 -0.010170246266222985 0.0028227668931589522 -0.019847865679876578 -0.048676250143363776 -0.023284424600523906 0.016127578884320714 -0.05185150022569171 0.021470755668677267 -0.033846735596655554 -0.026326725480726978 0.015685129317795126 0.02102771053927114 0.035461847326584826 -0.0037444560765758869 -0.054608772096313589 -0.078202076747846461 0.0083202566486612391 0.048612835069108747 -0.018942346307423211
leaf_weight=3626.1963746696711 68.746406763792038 37.945163145661354 2013.3000361919403 1080.2172285914421 2186.2006563395262 1012.8737081736326 1902.2112510353327 35.997750148177147 3412.1759232878685 2067.5043128281832 1794.08533680439 2364.5747710764408 2327.0203773081303 829.10284374654293 1372.6556122004986 257.39641331136227 3751.9897682368755 1199.0666728913784 3828.4546727389097 359.37721148133278 420.61146755516529 2122.1049075722694 372.05286245048046 2426.1079491525888 712.20403796434402 201.42879386246204 44.209538236260414 2318.8892350792885 16.608392640948296 1369.5195140242577 909.33442687988281 143.38427866995335 172.2319171577692 2227.5220543891191 154.42207814753056 54.145179525017738 613.97037896513939 1343.6451413482428 2214.7438181936741 66.027539387345314 203.27655184268951 29.256109640002251 43.56060965359211 687.04629722237587 1602.7506745010614 1528.0909688919783 444.34518860280514 2248.4921432733536 246.35915461182594 50.685715362429619 1352.9722984433174 104.10337974131107 72.004875391721725 2851.8914428055286 1153.0013543367386 341.74912540614605 1731.2115159332752 40.119355529546738 46.251537427306175 1796.3887533992529 33.442341938614845 20.828562304377556
leaf_count=19966 288 160 8959 4140 8914 3856 7151 140 13371 7984 6729 13596 9821 3093 5094 971 18973 5781 18230 1385 1586 8476 1484 9025 3089 827 200 8912 61 5164 4105 623 714 8526 695 232 2549 5264 8345 256 923 117 180 2948 6251 6715 2505 11253 905 218 5123 419 353 10741 4268 1319 6675 161 190 6619 125 88
internal_value=0.00367689 0.0187752 -0.0161478 0.0129782 -0.0056321 0.0190113 0.014789 0.0486629 0.0286107 0.00167825 0.00554924 -0.0285017 -0.00224728 0.00157638 0.00630908 -0.0101117 0.0528205 0.0420477 -0.0257666 -0.0033839 0.0234318 0.024838 0.00166208 0.00588412 0.0356873 -0.0301444 -0.0411212 -0.00966694 0.0207236 0.011502 -0.0196421 0.016979 0.0210525 -0.00726408 -0.00625681 -0.0138759 0.0233808 0.00757235 0.015353 -0.0266398 0.0274835 0.0182045 -0.0181808 -0.022756 -0.00631259 -0.013603 -0.0314896 -0.0301897 -0.00631255 -0.00887915 0.0148652 0.000586243 -0.000427075 0.0198886 0.0143982 0.0296734 -0.00511285 -0.00194487 -0.0475522 0.00326363 -0.00697213 0.0520234
internal_weight=70058.1 39769.7 30288.4 33309.1 16361.4 21715.2 15081.6 6460.67 6633.61 11593.8 8728.13 13926.9 13661.1 9015.19 7612.56 2865.7 5623.8 1871.81 11446.1 2655.65 7469.05 7048.44 6934.04 4533.73 4124.38 6674.88 2480.79 4645.91 836.873 4956.92 4771.23 2509.23 4926.33 2296.27 355.851 136.781 651.916 5122.14 3587.4 120.173 700.092 496.815 119.068 2700.35 3893.05 2608.31 6319.03 5874.69 2400.31 2153.95 2365.85 1706.85 116.214 4754.1 1982.1 377.747 1781.9 2107.62 75.5076 3140.03 942.777 1219.9
internal_count=296831 159508 137323 128539 65468 83532 57470 30969 26062 45007 33181 71855 53561 34828 28802 11826 27551 8578 57706 10199 28668 27082 26452 17170 16460 35246 14149 18733 3418 18603 22460 9602 18606 8814 1522 549 2709 19244 13439 488 2869 1946 487 11907 15584 10855 33724 31219 9282 8377 8979 6670 553 17892 7361 1459 6893 8145 307 11883 4230 5869
is_linear=0
shrinkage=0.05


Tree=22
num_leaves=63
num_cat=0
split_feature=39 20 69 69 48 69 48 45 14 43 69 43 69 35 30 33 69 40 46 45 40 1 1 46 36 48 43 12 59 45 59 30 69 59 46 1 26 59 63 9 30 40 28 26 26 9 1 59 43 1 18 53 48 62 14 46 60 59 1 69 69 62
split_gain=7637.59 2615.33 2151.42 1021.19 424.169 418.154 376.98 291.432 199.585 175.538 166.027 159.409 158.475 157.609 131.279 138.546 126.691 116.709 112.098 105.28 110.35 97.0385 83.0958 80.2618 79.8416 76.7015 74.7393 74.6709 72.4478 71.5944 69.7094 68.0401 64.0018 63.1329 61.4712 60.8394 59.2491 58.6951 58.4966 56.4871 56.0873 75.407 64.1613 55.5447 54.1105 53.8624 65.8507 58.1218 51.5774 51.3379 50.4941 47.8184 46.9241 46.7455 46.5916 49.074 45.4007 44.8226 44.3928 44.1077 44.0551 43.8078
threshold=50018388463258544 12.500000000000002 6.5328750840158332 13.315790620099078 32072638573.705318 18.807588185506962 2285703925.1519008 0.90903124656158762 1.0000000180025095e-35 4.6430384615384623 2.9777544746209959 4.5739834710743805 24.863113315575912 0.8272275845776228 40.500000000000007 4.7077296489917861 10.606261357695852 40.500000000000007 80.569047619047623 1.3110776812173632 25.500000000000004 4.9050000000000011 4.8950000000000005 31.865015337423316 10.119718309859158 65168305571.740456 4.4667434715821832 5.205000000000001 239.44153967647517 1.3217658144881608 197.32541045815748 12.500000000000002 11.933748848671929 100.31313370088866 67.555050505050517 4.995000000000001 1.0000000180025095e-35 177.09673713188911 166.13053771444757 57451204.000000007 71.500000000000014 56.500000000000007 8105835306.184062 9.5601809954751165 14.29018026565465 21686167.000000004 6.455000000000001 384.44102295350791 4.6375216262975796 6.9850000000000012 1259636480.9241874 2.5000000000000004 367065762881.72784 0.23333333333333381 0.19204672378761053 14.091559748427676 12.272727267347994 1017.2002665187262 6.7250000000000005 39.629138557665989 5.9055008588285096 1.3261744236624622
decision_type=2 2 2 2 2 2 2 2 2 2 2 2 2 2 2 2 2 2 2 2 2 2 2 2 2 2 2 2 2 2 2 2 2 2 2 2 2 2 2 2 2 2 2 2 2 2 2 2 2 2 2 2 2 2 2 2 2 2 2 2 2 2
left_child=2 3 10 4 8 11 9 14 16 19 21 23 37 25 15 43 17 22 39 20 28 33 60 -4 -10 50 -18 31 -5 40 52 -6 53 -1 -14 -26 -31 -11 -19 51 41 54 -43 56 -38 46 47 -25 -20 -23 -8 -7 -15 -13 55 -9 -3 -17 -12 -22 -2 -24
right_child=1 7 5 6 27 18 13 29 24 12 58 32 34 30 -16 57 26 38 48 -21 59 49 61 45 35 -27 -28 -29 -30 36 -32 -33 -34 -35 -36 -37 44 -39 -40 -41 -42 42 -44 -45 -46 -47 -48 -49 -50 -51 -52 -53 -54 -55 -56 -57 -58 -59 -60 -61 -62 -63
leaf_value=-0.03485502779467272 -0.02442125334283711 -0.072324130983007814 -0.025662101505447496 0.0080674558608786109 0.00012291974270041306 0.0046294736048766274 0.028899421158560503 -0.042821600271999848 -0.0055251075801407562 0.016031057887779202 -0.024955372634819253 -0.011365453834197181 0.018834764099268597 0.022443094911685283 0.057475950074642707 0.052415338057730104 -0.01817197991347164 0.0092982176795765644 0.010319755718526766 -0.0058260674956261372 0.015950009268619589 -0.029180335225034937 -0.0059886567780423755 -0.0096696422610110747 0.0099110046033663857 0.050293608225464151 0.0065073940531603083 0.041661848744277467 -0.013157957377268818 0.076375727810984007 0.003780361514918053 0.029386400208721443 0.0041546977532767523 -0.046038057625986534 0.033381208507349248 0.032464390286878642 -0.062835524665716305 -0.00069603223872129693 0.070929685522788513 -0.045929992313233005 0.048894358219178966 -0.044930517479556564 0.031520810789287888 0.02670393268029202 0.0048283493375316606 -0.029272246789822976 0.039842415208007673 -0.027865963408610875 0.027463656352649326 0.018240620536649026 0.047174812287952311 -0.01421359533431809 0.051418644050706445 0.0051341500630944226 0.041287183129024262 0.024254440523635779 0.037478688416103023 -0.020545533531063906 0.018725124255547756 0.034889535890934513 -0.012807186984314642 0.038528580307298277
leaf_weight=2591.7025097608566 1495.0108311027288 26.473309725522995 1235.2173996865749 3221.8331382572651 338.84872643649578 3300.5427903681993 2092.5862833410501 38.834508046507835 641.13370671868324 3296.383185878396 4683.0934729874134 1922.6658289432526 1110.0637995451689 2609.2888492047787 3534.5592876523733 1222.115031182766 365.90457114577293 259.2873549759388 1130.2133103758097 997.25008977949619 3243.8071755319834 2289.2102979421616 1656.9109946042299 5542.6198709607124 1260.0763395279646 760.07133433222771 1898.4035606533289 509.15412174165249 459.34229247272015 16.222214594483376 504.54608063399792 480.0254037976265 2120.4371671378613 2459.9341174215078 2100.6240864098072 392.05782717466354 53.489766582846642 623.67051553726196 45.21406589448452 60.682364657521248 198.24654650688171 75.899595782160759 42.986952558159828 637.79209661483765 66.008189871907234 411.15774181485176 64.086103364825249 476.5797928571701 717.0484551936388 58.53318378329277 461.2767618894577 374.93865577876568 147.62988509237766 552.66511759161949 244.47389483451843 91.554632142186165 14.609079658985136 21.419150963425636 58.898686140775681 339.59132306277752 1799.1566822230816 57.169851616024971
leaf_count=14705 6580 110 5472 11846 1293 12470 8333 156 2555 12169 23307 7818 4297 10050 18516 6085 1450 974 4147 3766 11986 12492 6747 22972 4836 3393 7078 2206 1713 61 1926 1934 7884 14719 8219 1476 232 2318 174 277 923 307 180 2688 256 1926 247 2132 2658 246 1946 1455 606 2166 947 356 62 90 230 1300 7153 215
internal_value=0.0035232 0.0179891 -0.0154682 0.0123851 9.68523e-05 -0.0044526 0.0186492 0.0475632 -0.00347259 0.0143683 -0.0317165 -0.00959485 0.0201157 0.0286706 0.0517566 0.0412409 -0.00738411 -0.011605 0.00689894 0.00940771 0.0114989 -0.0363972 -0.0134323 -0.0139794 0.00945123 0.0363501 0.00251929 0.0266261 0.00541892 0.0199173 0.0208676 0.0172772 -0.00222046 -0.0403007 0.0283519 0.015263 -0.0132874 0.0133698 0.0184496 0.00191732 0.0264296 0.0174098 -0.0172873 0.0230741 -0.0254594 -0.0117574 -0.0105736 -0.0111104 0.0169745 -0.0279981 0.0322003 0.00270728 0.0239947 -0.0076816 0.0284138 0.00427682 -0.0332778 0.0511586 -0.0244128 0.0177449 -0.0180781 -0.00450387
internal_weight=69501.2 39451 30050.2 33166.3 11198.4 17908.9 21968 6284.68 9870.33 15392.6 12141.4 12325.4 7130.74 6575.4 5456.97 1922.41 7577.06 5312.75 5583.43 8261.82 7264.57 7399.38 5008.25 7729.66 2293.27 3313.93 2264.31 1328.03 3681.18 827.716 3261.46 818.874 4595.77 5051.64 3210.69 1652.13 135.72 3920.05 304.501 3736.16 691.996 493.75 118.887 678.874 119.498 6494.44 6083.29 6019.2 1847.26 2347.74 2553.86 3675.48 2756.92 2475.33 374.863 130.389 41.0824 1243.53 4741.99 3583.4 3294.17 1714.08
internal_count=296831 159508 137323 128539 44671 71624 83868 30969 39238 57614 65699 50617 27003 26254 27551 9035 30371 21843 21007 30611 26845 42162 20695 32749 8867 13672 8528 5433 13559 3418 12582 3227 17868 29424 12516 6312 549 14487 1148 14202 2869 1946 487 2860 488 27277 25351 25104 6805 12738 10279 13925 10656 9984 1459 512 172 6175 23537 13286 13733 6962
is_linear=0
shrinkage=0.05


Tree=23
num_leaves=63
num_cat=0
split_feature=48 21 69 69 21 69 43 45 48 69 30 47 69 30 69 43 43 44 12 18 30 62 39 43 9 18 59 43 48 58 48 12 8 40 53 45 69 42 47 43 58 36 28 66 62 40 37 40 48 13 6 43 45 4 68 13 69 66 9 53 39 69
split_gain=6960.78 2822.23 1262.5 1175.4 553.983 341.197 294.298 279.495 244.654 182.586 156.359 147.741 140.236 131.114 118.713 114.965 109.122 108.037 125.26 98.007 92.1419 88.6764 85.6953 83.7879 100.303 82.0855 77.4076 73.213 72.9876 78.7903 71.9114 70.1582 77.9141 70.1544 69.3596 68.3482 66.38 64.3643 64.258 63.5903 61.3866 74.4189 60.2602 56.1763 54.3106 53.4833 52.4773 52.2652 50.2323 62.1908 49.7755 49.2938 49.1648 48.5901 47.383 46.8396 46.4211 45.7434 45.1662 44.837 43.5263 42.8011
threshold=126395190.85061492 1.7857142857142858 6.3237503422867247 20.944297503173932 0.35714285714285715 10.133457593786565 4.6230962504831865 0.79687060899679185 32072638573.705318 12.061042169724429 8.5000000000000018 39.131682857213796 0.64101279530009225 81.500000000000014 39.629138557665989 4.6375216262975796 4.5200917431192673 0.46216880033165381 5.7950000000000008 2821729.0102549777 27.500000000000004 1.976478067387158 15385094335296082 4.2751562500000011 16482336.500000002 81753272.656293467 207.4341324427983 4.7160139372822316 1638986114.7188194 7065372.3619509852 13239306167.9065 5.6550000000000011 0.19950000000000004 1.5000000000000002 11.500000000000002 1.3362907135484685 3.2868953971770685 5.3050000000000006 4.9269341807690479 4.2834408602150553 501642.65077328141 47.00119047619048 1307675598.0433314 0.89490028524376763 0.14999999999999988 19.500000000000004 39.611785920312109 68.500000000000014 367065762881.72784 4.9403703703703714 7.6300000000000008 4.9200946372239764 1.17376887000879 2.3270000000000004 14.976542208875104 4.499618320610689 29.50022715391701 0.7489272028500833 34596382.000000007 12.500000000000002 1.1318058108275242e+18 41.656739314430816
decision_type=2 2 2 2 2 2 2 2 2 2 2 2 2 2 2 2 2 2 2 2 2 2 2 2 2 2 2 2 2 2 2 2 2 2 2 2 2 2 2 2 2 2 2 2 2 2 2 2 2 2 2 2 2 2 2 2 2 2 2 2 2 2
left_child=2 3 12 4 5 22 14 20 16 39 11 31 55 25 26 37 -6 28 38 21 27 36 -2 -11 59 56 34 -3 -18 -30 44 32 61 -17 40 -15 -14 -7 -19 -4 46 -42 47 -28 -24 54 -5 -12 49 -10 -41 -40 -39 -27 -35 -1 -9 -20 -23 -25 -36 -8
right_child=1 7 9 6 8 15 10 13 48 23 42 -13 19 35 -16 33 17 18 57 -21 -22 58 30 24 -26 53 43 -29 29 -31 -32 -33 -34 45 60 -37 -38 52 51 50 41 -43 -44 -45 -46 -47 -48 -49 -50 -51 -52 -53 -54 -55 -56 -57 -58 -59 -60 -61 -62 -63
leaf_value=0.0088081911769229346 -0.022207844826241521 0.018844415480385721 -0.024690358406298862 0.0032810466495199943 -0.0026133942884643568 0.0056358364975920327 0.01267454031999066 -0.001565416193723537 0.016789743764775846 -0.014213360235088233 0.029141482861611879 0.028258223298962378 -0.034020857890422633 0.053900566621147832 0.034134190285108786 -0.019352487568906056 0.017166158432148797 -0.025801707398918801 0.011592217176923427 -0.012929284294210593 0.056473337062985976 0.029773898553890284 -0.014512164862273866 0.0038051709058535364 -0.022300120952653126 -0.03615018543326786 -0.0032771598099734138 0.048418825361822557 0.04368500213755909 -0.076945641882810209 0.0067731714807121954 0.037022582597922106 -0.010039888159392829 0.01199543240117657 -0.021022586131159447 -0.062344718512261345 -0.024989451754239896 -0.0058859062344090215 -0.0041847406440595489 -0.044114264830772729 0.036030433012202115 0.016154302623714974 0.053155219783402256 0.014208761235754701 0.00056525815753046872 0.02121219666011024 0.016999187693168879 0.050251052370458321 0.05119662670382813 0.044826635356068123 -0.010562339658706415 0.024626343632615635 -0.025882179996496665 0.035482202285221379 0.0021758051990692453 -0.045567191211041767 0.042332133933703928 0.035719335650970713 -0.020001635169405806 -0.024250547693250683 0.025352828309659566 0.04406761324953825
leaf_weight=40.636299267411232 1608.4965941011906 305.25459222495556 1077.5009078830481 1354.0960776656866 1282.4424295574427 1104.0226398259401 2058.6459596157074 453.7548790872097 470.52273434400558 1095.930026113987 1627.2698306441307 3882.6158314049244 5357.3598073422909 437.66029517352581 605.31905362010002 238.59546163678169 1372.4410982429981 271.58334934711456 505.30745650827885 946.1614186167717 3606.2775571644306 90.277697756886482 2885.1694615781307 4787.0275607556105 426.61438579857349 24.831263065338135 1328.5424044281244 665.476732224226 451.88186623156071 13.954216018319128 640.86973629891872 279.80117554962635 386.2681590616703 2194.9051099419594 214.17283932864666 13.02113591134548 3280.2818388342857 1953.4776440113783 688.35161285102367 113.06786279380322 627.55424880981445 1886.9586925953627 453.0213834643364 702.0384571403265 753.19022695720196 705.0441756695509 1436.9300955832005 357.66914747655392 351.752371519804 341.23322190344334 4945.0338815897703 189.28585612773895 364.79837827384472 507.91087403893471 2790.135401815176 1560.3783034086227 69.441366598010063 321.40924100577831 92.037351682782173 146.77413143217564 66.245768547058105 114.61933444440365
leaf_count=230 7127 1318 5015 5050 4844 4128 7818 1831 1952 4588 6518 15177 31097 2252 2353 932 5114 1074 1970 4500 19495 363 11864 18191 1919 97 4928 3351 1783 61 2434 1114 1479 8059 823 60 16815 7307 2637 552 2339 7039 2072 2579 2986 2610 5335 1593 1614 1537 21313 730 1430 2173 10329 9698 281 1252 407 585 249 460
internal_value=0.00337719 0.0149761 -0.0183906 0.010021 0.00220414 -0.00294019 0.0196895 0.0466439 0.0147267 -0.00748551 0.0258534 0.0219192 -0.0304707 0.0279644 0.0128223 0.00299649 0.0100039 0.0142462 0.00612959 -0.0282221 0.0527927 -0.0298627 -0.0123689 -0.00161613 0.000959357 0.0183282 0.0111286 0.0391189 0.0229706 0.0400715 -0.00867062 0.0132511 0.0106525 0.00720864 0.0141677 0.050542 -0.030591 -0.00430052 -0.00454784 -0.0136617 0.0154486 0.0211148 0.0367007 0.0027683 -0.0113909 0.0083224 0.0103437 0.0329452 0.0354143 0.0285755 -0.0113124 0.00202914 -0.00903247 0.0321434 0.00649937 -0.0441871 0.0042609 0.0209723 0.00464592 0.00297055 -0.0100669 0.0143302
internal_weight=68923.3 44964.3 23959.1 38880.6 21498.9 15238.7 17381.8 6083.63 6260.17 12591.9 9159.91 6721.95 11367.1 1506.62 8221.86 9350.98 5096.66 3814.21 1975.94 9766.12 4577.01 8819.96 5887.73 6456.35 5360.42 1055.94 7616.54 970.731 1838.28 465.836 4279.23 2839.33 2559.53 5928.68 5585.96 450.681 8637.64 3422.3 1149.22 6135.6 5305.54 2514.51 2437.96 2030.58 3638.36 5690.08 2791.03 1984.94 1163.51 811.756 5058.1 877.637 2318.28 532.742 4985.04 1601.01 523.196 826.717 182.315 4933.8 280.419 2173.27
internal_count=296831 181558 115273 150700 83774 59206 66926 30858 24568 52163 36231 26048 63110 6694 30695 34795 19465 14621 7663 53182 24164 48682 24411 25283 20695 4382 28342 4669 6958 1844 17284 10871 9757 21930 20835 2312 47912 12865 4441 26880 19763 9378 10183 7507 14850 20998 10385 8111 5103 3489 21865 3367 8737 2270 18388 9928 2112 3222 770 18776 1072 8278
is_linear=0
shrinkage=0.05


Tree=24
num_leaves=63
num_cat=0
split_feature=38 21 69 69 48 48 69 43 30 14 43 43 69 69 19 40 1 69 59 1 40 8 69 19 45 46 45 69 36 19 43 69 3 70 3 69 30 59 40 1 63 64 63 46 43 63 8 59 1 68 30 30 62 43 40 26 67 1 46 4 17 46
split_gain=6375.88 2427.13 1739.96 896.352 359.846 343.687 310.8 284.256 279.551 175.371 169.705 153.553 145.41 145.282 142.778 136.222 118.403 97.7295 96.3109 96.2057 96.1653 89.1665 84.0411 81.7396 80.7113 79.2445 75.0617 74.7466 70.1417 68.8795 67.4462 64.3953 64.1825 62.7942 62.0236 61.9156 58.7638 57.7414 56.446 55.9214 53.5885 53.0067 52.7463 52.6579 52.6313 51.6152 52.8066 55.166 48.1993 55.2332 47.6547 47.5617 47.0471 46.6967 53.6914 45.772 45.5142 45.4906 45.3244 44.8951 55.0511 44.1695
threshold=33408101.996806484 1.7857142857142858 6.432858903188869 13.206682059196936 32072638573.705318 2121679305.3359697 21.380731746782509 4.6400304878048795 72.500000000000014 0.047140452079103203 4.6600145348837225 4.5805690399137013 26.790697891513783 2.7686297328918879 5.0125017989786532e+18 92.500000000000014 4.7750000000000012 38.456221527967948 283.30967910500294 4.9050000000000011 3.5000000000000004 0.19950000000000004 32.818945881357202 1.0292127244434462e+17 0.81602549574962324 27.391333333333339 1.3511383881434533 9.3333281471708478 10.119718309859158 5017822599645941 4.9200946372239764 29.50022715391701 92.850000000000009 1.903951661831415 108.15000000000002 21.789888850165543 22.500000000000004 63.746847367580152 28.500000000000004 4.995000000000001 166.13053771444757 1.0000000180025095e-35 720.0510843326382 27.876299376299382 5.10057471264368 17.17031686052518 0.14550000000000002 384.44102295350791 4.995000000000001 9.4939025955738288 5.5000000000000009 12.500000000000002 0.083333333333333467 4.4667434715821832 32.500000000000007 500.02000000000004 0.98897820466835418 6.9850000000000012 69.300925925925938 2.3270000000000004 4.1872793838470672 104.85092592592592
decision_type=2 2 2 2 2 2 2 2 2 2 2 2 2 2 2 2 2 2 2 2 2 2 2 2 2 2 2 2 2 2 2 2 2 2 2 2 2 2 2 2 2 2 2 2 2 2 2 2 2 2 2 2 2 2 2 2 2 2 2 2 2 2
left_child=2 3 13 4 9 10 11 8 23 16 18 25 41 19 15 17 27 24 22 37 -18 33 32 31 30 -4 -10 38 56 51 35 -3 -5 61 -34 -7 -9 -1 -2 -30 -40 -12 44 -13 -22 -27 47 48 -47 -50 -32 -6 -45 -29 -55 -20 -11 -21 -14 60 -25 -8
right_child=1 7 6 5 29 14 21 36 26 28 12 43 58 -15 -16 -17 20 -19 55 57 42 -23 -24 59 -26 45 -28 53 39 -31 50 -33 34 -35 -36 -37 -38 -39 40 -41 -42 -43 -44 52 -46 46 -48 -49 49 -51 -52 -53 -54 54 -56 -57 -58 -59 -60 -61 -62 -63
leaf_value=-0.03263980435783144 -0.019835269652916428 -0.0017375154336811379 -0.026083087148651308 0.021138235001162981 -0.0024370917352762801 0.0061399949903311836 0.011484652027583831 0.039966451780515472 0.05375555164071414 -0.0014654366719636387 0.015955020701561427 -0.020011949459409158 0.018811109813856461 -0.023362053654342775 0.047046172274375075 0.043343133311525298 -0.011610694024334669 0.040686778933425684 -0.011709938469851942 -0.027353923571373912 0.0023928567836038082 -0.012565635543146695 0.019563573508689466 0.031421347054121064 0.0079825605591869325 -0.018490432443817494 -0.07771170078669408 -0.018558753216966855 0.0089011928299696404 0.035374148254641843 0.020989935515496043 0.042439314283339497 0.0014460073361014197 0.0004556356012652247 0.0123691695249862 0.023298515694670667 0.057061774881076402 -0.043990285079265418 -0.0040354830466880201 0.030647290825143197 0.064955554098103344 0.0024917282763835401 0.066278066213477912 -0.0034645647146782504 0.025143892657831891 -0.0076343220508036215 -0.023806956470828686 -0.026385943117294322 0.029183616904637416 -0.0021024737562281097 0.041726117271848308 0.02521526062711035 0.0075384812063824316 -0.0038147218288153576 0.026815730915815034 0.011659384725021059 -0.049947964889420965 0.018305718572897187 0.033088321247603372 0.032281367575087809 -0.091851641662714978 0.027755158245787361
leaf_weight=2011.8338825702667 2486.6125603318214 570.61291551589966 958.44099332392216 742.44085557758808 291.17816749215126 783.10273095965385 1725.7610267400742 603.07427524030209 960.42451505362988 600.00261743366718 3358.5318473130465 344.6865589171648 842.0732419937849 4706.9373547136784 718.35234524309635 757.52403964102268 1066.3126852363348 549.30062672495842 817.73966974020004 2123.0801473706961 1663.7934931069613 465.85839696228504 1804.3001440018415 19.894497200846672 1337.4135652780533 1669.1151284873486 10.981480970978735 480.09663842618465 1264.1896195262671 674.09098839759827 498.0816642343998 96.431372880935669 3511.2760305404663 1013.6547810286283 2063.1863280236721 1599.8242077976465 3019.7803707718849 2528.9097097218037 257.7176521718502 385.87230023741722 31.597518384456635 934.51082433760166 36.812216177582741 2842.6025700122118 300.04617457091808 3995.0972510427237 509.22627566754818 339.18655993044376 194.92740419507027 510.59028904139996 624.41429813206196 333.72213985025883 1475.9372674524784 1446.8868052363396 158.76492384076118 281.71497839689255 52.656198874115944 55.988785311579704 1635.6287972182035 648.12513396143913 16.625024572014809 550.07312570512295
leaf_count=11913 10739 2334 4363 2720 1106 3039 6417 2972 5238 2395 12545 1438 3319 24130 3180 3330 4535 2279 3064 12026 6420 1935 6820 80 5047 7332 55 1942 4874 2982 1958 401 13056 3788 7631 6440 17008 15897 978 1465 118 3473 145 11074 1112 16388 2360 1547 758 2055 2603 1335 5609 5498 592 1028 221 236 6568 2817 68 2035
internal_value=0.00323714 0.0159649 -0.0150836 0.0108649 -0.000501065 0.0165979 -0.004745 0.0454617 0.0318094 -0.0036484 0.0125801 -0.00844555 0.0185909 -0.0300984 0.025953 0.023489 -0.0071762 0.0206998 0.0081663 -0.0348169 0.00051672 0.00790744 0.0100465 0.0171056 0.0184328 -0.0125749 0.0522694 -0.0120292 0.00849838 0.0242886 0.0224198 0.00464892 0.00732814 0.0108068 0.00548882 0.0176597 0.054216 -0.0389613 -0.0174033 0.0139866 0.00349936 0.0130243 0.00698042 -0.00120515 0.00586888 -0.0107812 -0.0084623 -0.00691187 -0.00550666 0.00654156 0.0325249 0.0123304 0.000295921 -0.00487694 -0.000786019 -0.00572198 -0.00537698 -0.0261807 0.0282361 0.0292421 -0.024697 0.0154173
internal_weight=68357.6 40335.7 28021.9 34389.8 11530.4 22859.4 16595.2 5945.95 2323.09 10231.4 15991.4 12839.8 6770.74 11426.7 6868.01 6149.66 7928.64 5392.14 9220.66 6719.81 3066.96 3755.35 8121.2 1351.69 4842.84 8176.58 971.406 4861.68 2302.72 1298.99 3505.42 667.044 6316.9 3289.49 5574.46 2382.93 3622.85 4540.74 2775.93 1650.06 289.315 4293.04 2000.65 4663.23 1963.84 7218.14 5549.03 5039.8 4700.61 705.518 1122.5 624.9 4318.54 2085.75 1605.65 1099.45 652.659 2179.07 2477.7 684.645 36.5195 2275.83
internal_count=296831 165530 131301 134557 46457 88100 67099 30973 10993 41034 60224 52924 25905 64202 27876 24696 32079 21366 34319 40072 12212 14175 30227 5700 19087 34803 5293 19867 8955 5423 14040 2735 23407 12240 20687 9479 19980 27810 11835 6339 1096 16018 7677 18121 7532 30440 23108 20748 19201 2813 4561 2441 16683 8032 6090 4092 2616 12262 9887 2965 148 8452
is_linear=0
shrinkage=0.05


Tree=25
num_leaves=63
num_cat=0
split_feature=38 20 69 69 48 69 45 69 43 14 69 43 43 30 69 30 20 40 30 8 13 40 13 30 1 18 32 59 70 1 59 57 36 45 1 67 67 62 59 43 36 12 28 62 12 8 43 59 0 16 69 9 62 59 56 38 58 43 4 25 55 1
split_gain=5810.6 2221.04 1719.67 779.287 380.385 322.606 281.3 272.126 260.918 152.29 145.209 133.583 130.552 123.907 106.958 106.032 101.665 98.3275 96.4289 91.4167 83.8421 83.5115 82.3168 86.63 80.2165 76.3156 72.0217 71.8322 71.5524 65.7901 65.4207 61.5586 60.4142 60.287 56.8866 56.5903 56.1787 54.2567 52.546 50.4661 49.7913 47.5729 46.7821 46.7083 46.5692 52.8306 50.2079 46.0029 45.4935 44.1887 43.9135 43.5543 71.4228 46.3303 42.8098 51.2004 43.376 42.3974 41.7976 41.7332 41.5538 41.4556
threshold=39731018.211773627 12.500000000000002 6.432858903188869 20.944297503173932 32072638573.705318 18.807588185506962 0.79687060899679185 10.833570859575319 4.6600145348837225 0.047140452079103203 1.9685002862761696 4.4708597046413514 4.5739834710743805 81.500000000000014 40.574746085484556 8.5000000000000018 3.5000000000000004 40.500000000000007 37.500000000000007 0.19950000000000004 4.7197882438846301 84.500000000000014 4.9403703703703714 17.500000000000004 4.7750000000000012 81753272.656293467 6.3950000000000005 268.777959470658 1.903951661831415 4.7750000000000012 253.66859616057994 0.92251200058356597 28.907003973644887 1.3362907135484685 6.5850000000000009 0.98897820466835418 0.87032255546191728 0.21913919413919378 1267.9153214682294 4.6750494071146269 137.57386363636365 5.7950000000000008 1307675598.0433314 0.097076017142063223 6.6950000000000012 0.19950000000000004 4.9142857142857164 592.41317732307311 114.05000000000001 23.003500000000006 11.933748848671929 21686167.000000004 1.976478067387158 384.44102295350791 37.500000000000007 899025311.76531076 4840664.8622319074 4.7250274725274739 2.3270000000000004 1.4476482730108382 5211804.9195102379 5.5050000000000008
decision_type=2 2 2 2 2 2 2 2 2 2 2 2 2 2 2 2 2 2 2 2 2 2 2 2 2 2 2 2 2 2 2 2 2 2 2 2 2 2 2 2 2 2 2 2 2 2 2 2 2 2 2 2 2 2 2 2 2 2 2 2 2 2
left_child=2 3 10 4 7 12 18 9 14 17 24 -9 32 25 21 44 27 29 20 28 -3 26 23 -6 49 38 30 43 40 -2 54 -32 -4 -15 47 41 -18 50 -8 -19 -7 -11 -17 61 45 46 48 59 -10 -1 -14 52 53 -34 56 -56 -5 -25 -27 -12 -33 -13
right_child=1 6 5 8 22 19 13 11 15 35 34 16 37 33 -16 42 36 39 -20 -21 -22 -23 -24 57 -26 58 -28 -29 -30 -31 31 60 51 -35 -36 -37 -38 -39 -40 -41 -42 -43 -44 -45 -46 -47 -48 -49 -50 -51 -52 -53 -54 -55 55 -57 -58 -59 -60 -61 -62 -63
leaf_value=-0.018448166568565946 -0.016330563926081534 0.02441304810091274 -0.023965901731057983 0.011221051301973759 0.0052490006649838217 0.0099046543388770347 0.0064024214409194799 -0.0067923178728622365 0.014004087466418694 0.0016802732544796907 -0.023160386731138547 0.0065875025727982987 -0.0099744790506610184 0.051944584610329407 0.034428237097261345 0.032384571234835353 0.026158137896681307 0.0048495232107258826 0.056158720111709075 -0.012987672292667663 0.049681403074859624 0.03737431741301174 0.040374739150183157 0.02066291563873604 -0.028233567828040713 -0.033223765201569062 0.031248755313792516 -0.012931997212962443 0.00010184247507347588 -0.0048338051939794732 -0.041892831560019224 0.00068645963680668632 -0.0090683314573984201 -0.058959773498606628 0.01200662112453698 -0.029082520934189393 -0.0042448010637514133 0.0079140543638316733 -0.080973212258066751 0.049607829247926498 0.026893289369833415 0.018283237648003322 0.051527333980808457 0.015580287070881937 0.050963193091190712 0.0015155560131721757 0.029656969932731717 -0.037733773377674723 0.027644240964431327 -0.042425543556964602 0.0012102021886196885 -0.026593215745569634 0.04112285735393189 -0.025241957581564924 -0.021668907636271491 0.051436597955098175 0.029438798918714842 0.048572620526269726 0.033454320936349584 0.046578167459991604 0.079053645506599254 -0.023327520879838474
leaf_weight=207.34061372280121 3029.7166105210781 526.51784472167492 995.84262932837009 4876.1429509073496 635.19582442939281 2703.6279962807894 526.56220158934593 1408.8094466030598 1745.5979730933905 1020.5007935464382 5479.0516469478607 3785.8825610727072 1917.4556027203798 410.20647917687893 549.40007756650448 1568.9997459948063 1196.5999847054482 230.57542318105698 2893.217513948679 568.70721279084682 871.92757143080235 300.3878865391016 617.37193673849106 328.81160645186901 2393.1027128100395 24.668676227331161 393.13875788450241 412.31358379125595 1771.7184829115868 2111.684148401022 86.46705250442028 1118.9638888686895 5786.5652394294739 12.630985990166662 109.86618223786354 104.99344050884247 174.04261949658394 1087.7786738723516 17.78803314268589 86.644179597496986 513.15829059481621 747.45838648080826 400.66278144717216 1710.5291801542044 139.93992953002453 303.52285078167915 1753.8908751159906 576.45218789577484 940.73183418810368 2623.3112466037273 1618.222234800458 408.66514754295349 68.244734704494476 479.47096692025661 168.98853042721748 27.905427485704422 350.20479513704777 232.13711556792259 497.42829096317291 21.536707192659378 17.175032585859299 119.46401160955429
leaf_count=1141 12776 2468 4468 18253 2487 10079 2132 5382 6870 4018 29161 14029 7867 2252 2205 6647 4668 865 16974 2381 4722 1241 2832 1374 13998 97 1541 1550 6636 8623 334 4143 24352 60 447 424 683 4143 78 344 1911 2862 1936 6273 611 1158 7042 3330 3762 16846 6041 1971 260 2205 652 100 1299 1042 2186 86 59 454
internal_value=0.00310241 0.0158818 -0.0136618 0.0108304 0.00383526 -0.00400068 0.0444508 0.00139557 0.0193489 -0.00572058 -0.0288338 0.00731912 -0.00849873 0.0257276 0.0131489 0.0264856 0.0100061 -0.00994171 0.0509481 0.0060054 0.0401678 0.011556 0.0255471 0.017894 -0.0349722 0.0166464 0.0104542 0.00721132 0.00817068 -0.0116086 0.00922413 -0.00122401 -0.0124703 0.0486317 -0.023651 0.0065817 0.0222976 -0.00185111 0.0035472 0.0170746 0.0126148 0.00869968 0.0362785 0.00869023 0.0225359 0.0216973 0.0230769 -0.0242956 0.0187808 -0.0406692 -0.00485543 -0.0107725 -0.00975183 -0.0103059 0.0115795 -0.0113078 0.0124418 0.0322128 0.0303038 -0.0228873 0.00187114 0.00567241
internal_weight=67805.9 38475.8 29330.1 32694.9 17952.7 17919.5 5780.95 16139.2 14742.1 7331.57 11410.7 8807.64 12362.2 1489.28 7888.77 6853.35 7398.83 5458.62 4291.66 5557.21 1398.45 7339.37 1813.52 1196.14 5223.75 1066.45 7038.99 6028.19 4988.5 5141.4 6645.85 1222.61 7738.79 422.837 6186.91 1872.95 1370.64 4623.46 544.35 317.22 3216.79 1767.96 1969.66 5615.88 4883.68 4743.74 4440.22 6077.04 2686.33 2830.65 3535.68 6742.95 6334.28 6266.04 5423.24 196.894 5226.35 560.949 522.097 5500.59 1136.14 3905.35
internal_count=296831 159508 137323 128539 70686 72314 30969 62951 57853 29912 65009 33039 51307 6805 29827 28026 27657 22608 24164 21007 7190 27622 7735 4903 31985 4493 26381 22306 18626 21399 24840 4536 33256 2312 33024 7304 5351 18051 2210 1209 11990 6880 8583 20756 19443 18832 17674 32577 10632 17987 13908 28788 26817 26557 20304 752 19552 2416 2283 29247 4202 14483
is_linear=0
shrinkage=0.05


Tree=26
num_leaves=63
num_cat=0
split_feature=48 21 69 69 21 69 43 30 43 48 30 69 47 69 1 1 57 48 40 18 1 58 48 40 67 18 18 55 1 9 59 30 69 69 69 5 62 68 35 66 28 48 38 9 28 8 69 43 1 63 43 8 18 69 12 63 9 1 43 40 60 57
split_gain=5305.79 2422.79 930.283 921.296 437.826 280.982 277.996 265.451 256.682 201.559 145.662 136.43 131.372 124.527 120.583 115.449 99.0612 89.4005 88.8883 83.7192 82.6661 81.448 78.3135 76.2696 69.0927 68.8074 67.0737 66.4634 64.9178 64.3283 62.2548 61.5644 59.6413 58.9063 54.943 54.4386 53.9008 51.7053 50.5172 49.6415 49.4608 49.321 54.8443 47.7253 47.2623 47.0417 49.3644 45.1713 43.0231 41.2783 41.0331 40.8179 40.6648 58.8548 40.6379 40.5879 40.4937 42.3422 40.4288 43.1963 40.3998 40.055
threshold=110725731.98976852 1.7857142857142858 20.744265141520007 6.3237503422867247 0.35714285714285715 8.2058730178486972 4.6400304878048795 72.500000000000014 4.5700467289719642 32072638573.705318 7.5000000000000009 0.64101279530009225 39.131682857213796 12.588400214084791 4.5950000000000006 4.7750000000000012 0.88538708913312381 11587686249.807207 46.500000000000007 2821729.0102549777 4.9050000000000011 856162.98150311119 1165957902.3540127 1.5000000000000002 0.84335933205092506 81753272.656293467 53113501.477254733 1638268.7355767617 4.4850000000000012 17942721.500000004 207.4341324427983 22.500000000000004 29.50022715391701 3.2868953971770685 4.1961334046949306 0.95500000000000007 1.8270790289256202 14.976542208875104 1.4890096522397214 0.79332313182700753 60519623.245213546 367065762881.72784 6248412961.8616343 8150.0000000000009 873309728.52938259 0.19950000000000004 36.665022653157756 4.3179029304029317 6.9050000000000011 23.625516668874901 4.7160139372822316 0.12850000000000003 2299402704.9364161 9.2151272061935234 4.9050000000000011 144.64433641859861 34596382.000000007 7.1850000000000014 4.5501037344398352 33.500000000000007 12.843494002704132 0.94609324220377078
decision_type=2 2 2 2 2 2 2 2 2 2 2 2 2 2 2 2 2 2 2 2 2 2 2 2 2 2 2 2 2 2 2 2 2 2 2 2 2 2 2 2 2 2 2 2 2 2 2 2 2 2 2 2 2 2 2 2 2 2 2 2 2 2
left_child=3 2 4 11 5 22 7 25 16 15 12 60 26 28 47 24 44 -12 30 20 33 -20 34 -16 52 32 45 29 49 39 -18 -8 54 -13 -2 -22 -37 -25 -9 -15 -19 42 -11 -24 -4 46 -10 -7 -47 -5 -14 -27 53 55 -3 -6 57 -30 -55 -60 -1 -32
right_child=1 6 8 13 9 14 31 38 10 41 17 19 50 27 23 -17 18 40 21 -21 35 -23 43 37 -26 51 -28 -29 56 -31 61 -33 -34 -35 -36 36 -38 -39 -40 -41 -42 -43 -44 -45 -46 48 -48 -49 -50 -51 -52 -53 -54 58 -56 -57 -58 -59 59 -61 -62 -63
leaf_value=-0.044477691181805369 -0.025778050276736658 0.0057491982573198179 -0.016344346965141223 -0.025557570521592261 -0.0086031485613641476 -0.024211906939952225 0.037674707883796427 0.051919714851710465 0.0068719011672314151 -0.0016644949451193399 0.024893227062638721 -0.03430753308403902 0.015807479102925855 -0.0031671048305953763 -0.018870109679368346 0.019572729315529933 0.011317668292268265 0.027813312031917715 0.0037243879476763797 -0.010638506679607232 -0.024367842982941704 0.029568677076349161 0.014484215794689321 0.012388462945798023 -0.0094496454876947938 0.028456913756449449 0.029160458839253785 -0.019393715217054117 -0.0067962147710013375 -0.020067440558422973 -0.060199684977846328 0.055611021483266188 0.040508333492933743 -0.024156308208319335 -0.012069889671444414 -0.011737232727627887 0.040696669972143384 0.0030340503590332276 -0.050919244094704344 0.0074118968644208876 0.050141592789160187 0.048423215941014307 0.031870015382826307 -0.0082973172838200961 0.044404621751127533 -0.013371992638163938 0.029633492392762618 -0.0032670415893608427 0.060479522630920594 -0.012821590763376346 0.026864536796263466 -0.058997312594960119 0.025948660590437225 0.0022164157466754348 -0.024780237780122297 0.028363423762205821 -0.030033821311203104 0.074553796952669851 0.012283640164887113 0.039014879542065034 -0.015895371918586792 -7.9827509646573919e-05
leaf_weight=1342.3685331642628 1300.6656291335821 400.77280543744564 459.90198042988777 1087.2950245589018 789.36863970756531 272.57978513836861 576.57722759246826 896.4132439494133 1978.7939303517342 151.63940723240376 2651.0335715562105 3505.9885224252939 1200.4175309836864 2394.3331962674856 292.86966986954212 1639.6126698702574 3586.7507097572088 390.0943653434515 432.72842395305634 861.31327693164349 1587.2807559669018 1031.6227076947689 275.64735180139542 2696.9400355666876 796.35900931060314 650.85096916556358 386.50377279520035 481.99480800330639 3288.7345215976238 366.18773664534092 28.309912502765656 2810.0066223293543 94.159039556980133 2412.4774791002274 1668.8229665905237 711.85974313318729 52.637090459465981 3266.2515816688538 12.102869763970373 2065.5401982814074 681.00730168819427 328.44665494561195 622.17112162709236 1384.9264575392008 34.412377804517746 361.95631010830402 270.80249582231045 4629.4750669896603 20.857113480567932 1533.4907613843679 2787.3749678581953 13.621478885412214 264.00729860365391 705.56818205118179 149.72336649894714 81.963736116886139 191.76829347014427 16.073700502514839 664.26956784725189 195.63949365913868 136.17127786576748 1297.0111376047134
leaf_count=9077 6167 1644 1763 5224 3062 1112 2972 5238 7522 617 10745 22059 4559 9280 1154 6322 13336 1682 1666 4217 8868 3961 1060 9982 3102 2901 1551 2026 14042 1681 110 17008 401 12896 7188 3942 221 12171 55 7901 3314 1604 2842 5655 125 1393 1094 17504 74 6915 11255 58 1071 2657 621 307 964 58 2500 786 779 4770
internal_value=0.00297306 0.0127745 0.00842263 -0.0171457 0.00157478 -0.00285655 0.0435458 0.0297843 0.0169932 0.0127884 0.0218254 -0.027755 0.0175792 -0.00729358 0.00144021 0.00862544 0.00944768 0.0298187 0.0111193 -0.0254736 -0.0270186 0.0219315 -0.0132114 0.00604125 0.00349293 0.0153734 0.00971041 -0.00168982 -0.012156 7.83281e-05 0.00789603 0.0525573 0.00373559 -0.0301697 -0.0180742 -0.0190884 -0.00812706 0.00726472 0.0505497 0.00173244 0.0420097 0.0321891 0.0252984 -0.00451569 -0.0121152 0.00685465 0.0096119 -0.00443169 -0.00934828 -0.0181054 0.0235361 0.0266641 0.00730915 0.00528972 -0.00255417 -0.00512581 -0.00769671 -0.00640055 0.0110869 0.0183653 -0.0418453 -0.00136404
internal_weight=67266.5 45231 39626.8 22035.5 22027.2 15788.2 5604.23 2217.64 17599.6 6239.05 10728.8 10610.1 7006.71 11425.4 11158.1 5136.79 6870.74 3722.14 6376.42 9131.56 8270.24 1464.35 4630.06 6256.06 3497.18 1309.13 3018.91 5308.06 6117.36 4826.06 4912.07 3386.58 644.655 5918.47 2969.49 2351.78 764.497 5963.19 908.516 4459.87 1071.1 1102.26 773.811 1660.57 494.314 2632.41 2249.6 4902.05 382.813 2620.79 3987.79 664.472 2700.82 2436.81 550.496 871.332 3496.58 3304.81 1565.48 859.909 1478.54 1325.32
internal_count=296831 186681 155783 110150 86863 61993 30898 10918 68920 24870 43189 62059 27448 48091 41923 19807 25731 15741 23843 52203 47986 5627 20070 23307 13485 5625 11634 20888 27203 18862 18216 19980 2666 34955 13355 13031 4163 22153 5293 17181 4996 5063 3459 6715 1888 10083 8616 18616 1467 12139 15814 2959 10383 9312 2265 3369 15064 14100 5943 3286 9856 4880
is_linear=0
shrinkage=0.05


Tree=27
num_leaves=63
num_cat=0
split_feature=45 30 69 69 38 18 18 28 43 69 1 11 48 8 1 43 69 44 43 36 1 1 29 64 28 69 59 43 1 69 11 20 43 63 1 69 59 43 69 48 1 69 46 68 63 30 57 69 37 47 44 70 5 41 46 59 41 9 43 46 25 9
split_gain=4876.68 1932 1515.08 515.007 406.756 378.429 294.383 217.588 213.816 186.549 173.462 160.302 158.589 158.097 137.997 118.585 118.358 106.198 100.672 97.8482 97.2773 87.7117 79.3024 72.6749 72.5548 68.7456 79.7448 68.7202 67.6627 66.0762 65.3503 63.91 83.9992 63.4748 62.3766 61.3837 59.5616 58.7905 57.9004 56.0732 49.7903 49.5882 49.414 48.747 48.6026 48.1291 48.0591 47.793 47.489 50.8182 46.7417 44.7142 43.419 43.2933 57.6857 71.4075 64.0515 43.0594 42.7635 42.4018 55.0646 41.8787
threshold=0.99990731729870819 20.500000000000004 9.469713848298527 21.380731746782509 5585618.01377331 1044642866.2919484 81753272.656293467 2900469699.1893225 4.3251984126984144 3.2868953971770685 4.6950000000000012 1.5000000000000002 359453317564.0509 0.12250000000000001 4.995000000000001 4.7055718954248382 20.744265141520007 0.4316555694210894 4.6174306076519143 1.0000000180025095e-35 5.0050000000000008 4.8950000000000005 1.5903903324459434e+20 2.5000000000000004 739606104.60959327 12.461106893032289 263.96902072500785 5.3670833333333343 5.8150000000000004 34.010047671205605 6.5000000000000009 30.500000000000004 4.66670396896449 112.52267540617045 6.8550000000000013 2.9777544746209959 127.78107266316873 4.8001315789473704 10.833570859575319 291644924.75999981 7.0750000000000011 0.52281185432277033 9.2020000000000017 7.3726059476560311 517.52033979330156 56.500000000000007 0.89895391378570411 5.6145446964227927 2.7000000000000011 4.546990951816519 0.471593044902064 121.73029870830875 0.62500000000000011 0.65000000000000013 12.955825791855206 98.200906030333798 1.1944444444444446 6941.5000000000009 5.5004166666666672 28.922401433691761 1.1980537431813836 30233437.000000004
decision_type=2 2 2 2 2 2 2 2 2 2 2 2 2 2 2 2 2 2 2 2 2 2 2 2 2 2 2 2 2 2 2 2 2 2 2 2 2 2 2 2 2 2 2 2 2 2 2 2 2 2 2 2 2 2 2 2 2 2 2 2 2 2
left_child=1 3 4 5 9 10 12 15 33 21 17 20 18 14 16 36 30 39 25 -13 35 41 23 57 34 48 50 45 38 -17 59 32 -8 -4 -15 -6 -5 42 44 -1 -11 -2 -19 -40 58 51 -18 -39 -3 -50 -27 -21 -25 -20 55 -55 -57 -7 -12 60 -10 -16
right_child=2 6 8 7 11 22 31 -9 13 40 28 19 -14 24 61 29 46 37 53 27 -22 -23 -24 52 -26 26 -28 -29 -30 -31 -32 -33 -34 -35 -36 -37 -38 47 43 -41 -42 -43 -44 -45 -46 -47 -48 -49 49 -51 -52 -53 -54 54 -56 56 -58 -59 -60 -61 -62 -63
leaf_value=-0.0026328240369471387 -0.050693045953273203 0.0223846882579634 -0.013686246839162215 0.016174126233178415 -0.026755043413160085 0.036329024471607727 0.022412391621051977 0.046909466582138078 -0.025644192184274408 -0.019696752928815984 -0.0030666853244346523 0.066406877453409591 0.05223423331969184 -0.018225695484468021 0.015595091361921521 0.019406259158321948 -0.015698617628944398 -0.051675692597878499 0.024562984013075519 -0.0043902933751021993 -0.0033626682618622516 -0.025201253421431383 0.055682940155939276 -0.059006326758689033 0.01218030546907329 0.036981001685877916 -0.023671784380959657 0.030486240986794012 0.031185245116898849 0.033074060808458844 0.041500965401788659 0.056017768012877459 0.051790595234091102 0.0049274772473452359 0.022411926749638891 -0.014547898608002915 0.0061806464560581293 -0.020016098202970664 0.020920825000220911 0.01098431312852665 0.031852811447043522 -0.035109357489544704 -0.011522699606503442 0.0071413944630779897 0.050700667834055281 -0.054757429076658953 0.010742099733748499 0.0065237880156065672 -0.053051935341104896 -0.0019416746046001174 0.0096647688221164988 0.03437400889039547 0.0061548846306416806 0.057673134374907301 0.047311362952936552 0.0045274262545924862 -0.16983016255870342 0.012968458650100032 0.047842550275228289 -0.0016808612608999931 0.044634348922385658 -0.061704022756742631
leaf_weight=1722.9026906192303 619.22915670275688 151.3131907582283 2903.0121313333511 3974.8504085242748 1492.9175762981176 671.03204229474068 380.62150405347347 636.78027276694775 322.66912032663822 4200.7284688800573 1673.6529816091061 60.929550305008888 646.16484567523003 1358.536754027009 2711.3736423403025 3386.9235274344683 180.94013042747974 78.698371261358261 557.40395799279213 900.75306665897369 1400.6841086000204 2244.3221859186888 231.75074388086796 29.930449992418289 284.9776478856802 510.58785739541054 80.977952569723129 174.24615721404552 303.03202261030674 1196.7229019999504 84.49437440931797 2337.342122361064 674.46460716426373 543.8064129948616 101.48274058103561 3319.9848144501448 2385.9731676727533 212.56624427437782 869.80631758272648 1347.1114006340504 47.370173692703247 2906.6980185508728 2904.385448038578 2448.9217191338539 45.2241081148386 43.800780236721039 3423.7425729632378 839.82562808692455 60.108898818492889 254.7694738805294 225.88632668554783 81.088176816701889 175.26714570820332 18.097605437040329 612.23606732487679 11.177328646183016 9.961761459708212 279.39343199133873 42.291952446103096 5299.2839544564486 30.507092043757439 17.635987281799316
leaf_count=6825 4604 625 12031 15203 8048 2881 1775 3090 1336 21318 6635 290 3605 5784 10179 13742 683 336 2609 3789 6161 13407 1245 128 1095 2192 325 699 1138 5122 338 14647 3935 2147 412 15392 8977 891 3260 5020 184 18920 11317 9179 176 198 12731 3216 265 1062 987 326 740 98 3216 50 53 1166 165 20661 119 83
internal_value=0.00284857 0.0169364 -0.0101176 0.0107124 -0.0204881 0.00421525 0.0411963 0.0184968 0.000391219 -0.0270738 0.00146308 -0.011661 0.0301602 0.00317069 0.00520435 0.0168436 0.0023148 -0.00366591 0.0244378 0.00459431 -0.0149595 -0.032928 0.0289889 0.0236357 -0.0108967 0.0146862 0.0234244 0.00145551 0.00823336 0.0229747 -0.00214638 0.0514069 0.0411924 -0.0107495 -0.0154011 -0.0183344 0.0124255 -0.00899747 0.00686421 0.00334233 -0.0191219 -0.0378462 -0.012582 0.0107528 -0.00046351 -0.00347652 0.00941489 0.00116316 -0.000635949 -0.0116984 0.0286028 -0.00118883 -0.00334963 0.0347924 0.0435448 -0.015227 -0.0776383 0.0294618 -0.00181195 -0.00279883 -0.0195736 0.0150956
internal_weight=66743.4 31988.2 34755.2 25457 17492.8 13875.8 6531.11 11581.3 17262.5 10018.3 12488.4 7474.4 3138.69 13815.6 12070.6 10944.5 9341.64 7105.49 2492.52 1260.82 6213.59 5770.25 1387.37 1155.62 1745 1283.64 817.452 1199.89 5382.93 4583.65 5736.95 3392.43 1055.09 3446.82 1460.02 4812.9 6360.82 4035.48 5079.9 3070.01 4248.1 3525.93 2983.08 3318.73 1761.17 1025.64 3604.68 1052.39 466.192 314.878 736.474 981.841 205.198 1208.88 651.473 39.2367 21.1391 950.425 1715.94 5652.46 353.176 2729.01
internal_count=296831 135896 160935 100452 93336 54318 35444 46134 67599 58433 48158 34903 15087 53421 46130 43044 35868 27605 11482 5302 29601 36931 6160 4915 7291 5456 3504 5012 20553 18864 22454 20357 5710 14178 6196 23440 24180 15760 19415 11845 21502 23524 11653 12439 6976 4313 13414 4107 1952 1327 3179 4115 868 6026 3417 201 103 4047 6800 22116 1455 10262
is_linear=0
shrinkage=0.05


Tree=28
num_leaves=63
num_cat=0
split_feature=38 20 69 69 43 43 38 30 69 30 40 69 1 69 47 40 40 26 1 59 47 42 19 47 1 13 35 30 56 45 19 69 69 19 8 1 59 3 69 63 20 1 8 47 50 9 32 0 59 63 1 26 35 12 1 20 61 19 4 17 25 1
split_gain=4471.21 2012.76 1171.72 674.33 289.623 277.378 272.702 252.587 195.345 193.769 167.858 129.792 128.377 124.995 117.168 100.92 90.9902 83.8889 81.2726 74.5941 89.7672 74.3183 72.2794 77.7745 68.4549 68.3371 67.8614 62.0906 61.9715 61.7912 59.671 59.4167 59.2795 58.6325 57.761 56.2758 53.6263 53.4979 52.9072 52.8791 52.415 51.0515 66.7119 50.8943 47.1927 46.3108 45.9375 45.4938 42.4064 41.1718 40.4539 39.4534 47.6807 39.8117 38.9786 38.8745 48.4212 38.8612 38.6665 49.3329 42.5248 38.6555
threshold=27371871.081451524 12.500000000000002 6.432858903188869 13.088481118219612 4.6500950570342221 4.6400304878048795 11604968356.913292 72.500000000000014 13.779502003933187 8.5000000000000018 34.500000000000007 24.708542854297878 4.7750000000000012 0.64101279530009225 68.869406645895495 2.5000000000000004 6.5000000000000009 8.7575000000000021 6.4850000000000012 207.4341324427983 57.050223925501449 6.5950000000000006 3.5874449613878175e+18 54.615426844926297 4.4850000000000012 4.8573214285714306 1.042306756567805 22.500000000000004 1.0000000180025095e-35 1.3511383881434533 1.0292127244434462e+17 3.2868953971770685 26.363356027980387 3552346356206796 0.12250000000000001 5.5950000000000006 194.22821351962406 90.65000000000002 29.50022715391701 21.479297878092655 3.5000000000000004 4.285000000000001 0.19950000000000004 32.042513859626538 21.500000000000004 34596382.000000007 6.3950000000000005 71.450000000000017 913.99236238627816 67.283455230489878 6.9450000000000012 1.0000000180025095e-35 1.5596726442065199 4.9050000000000011 5.7650000000000006 29.500000000000004 0.095775637902545604 1.3620409170670141e+18 2.3270000000000004 4.1872793838470672 1.2773367114801515 4.8950000000000005
decision_type=2 2 2 2 2 2 2 2 2 2 2 2 2 2 2 2 2 2 2 2 2 2 2 2 2 2 2 2 2 2 2 2 2 2 2 2 2 2 2 2 2 2 2 2 2 2 2 2 2 2 2 2 2 2 2 2 2 2 2 2 2 2
left_child=2 3 13 6 10 7 12 30 24 11 19 22 16 -1 41 -14 -2 -18 31 20 32 -11 23 -6 39 -8 36 57 -28 55 38 61 37 -19 35 -26 -12 -5 51 -4 54 -10 -43 -13 -30 -20 -21 -37 -29 -42 -44 -3 53 -53 -17 56 -9 -7 59 -32 -60 -15
right_child=1 5 8 4 9 27 25 29 14 21 26 43 15 18 -16 40 17 33 45 46 -22 -23 -24 -25 34 -27 28 48 44 -31 58 -33 -34 -35 -36 47 -38 -39 -40 -41 49 42 50 -45 -46 -47 -48 -49 -50 -51 -52 52 -54 -55 -56 -57 -58 -59 60 -61 -62 -63
leaf_value=-0.040686932767137501 -0.016119680094372708 0.075142932337307122 -0.024258355011385679 0.017583125980998635 0.0045113931993237839 0.021876091191743274 0.0095965238323926193 0.045816390281058772 -0.010025159607014797 0.023932621722860595 0.027344274352259796 0.012993248521933985 -0.01173191242550794 -0.031640452922275596 0.017233826686546543 0.0020556185295087901 -0.039848592834453536 -0.0067364902017580169 0.029548470713039812 -0.0076449499530282898 0.014071902156630759 0.040349125659802171 0.037364860395081571 0.018351443011755449 -0.0059771450331113744 0.032650306434006758 -0.0038406526064808026 0.054714980955072871 0.016863509761766982 -0.072782638271785799 0.028631105500584321 -0.020191639121096869 0.010862045303875344 0.0055483453688064989 -0.021255905714806199 0.025447350754118303 0.0087061564469203077 -0.0046661789739941657 0.038602314593691803 -0.010992940552657591 0.012052140687751234 0.0037129331197622243 -0.015301351459570622 0.026109985197356467 -0.036410694812592508 -0.017800132978373 0.038352130587170817 -0.016108374196466588 -0.037949594973449539 0.038896763824257885 0.029269214951933048 0.0079129353449373854 -0.061572233571889116 -0.022992304371427019 0.023740696839706324 0.05501500982873983 -0.020824148702119277 0.048389014175737675 0.030456839830360294 -0.089147873902544708 -0.035255682009297844 -0.022682129411809013
leaf_weight=1371.0188470631838 2235.7376494705677 15.974238649010656 1169.0012295395136 302.86910498142242 3245.4984405487776 262.19369834661484 666.29661212861538 87.160127371549606 1323.9599198848009 1736.5428650826216 1552.3577130585909 1016.9851556718349 861.56377109885216 3488.7216830551624 986.7192724943161 2204.5445472896099 155.22152996063232 2769.5276714116335 106.10167060792446 1491.4548780918121 2334.7008023113012 1143.2885857671499 233.03936672210693 1477.058953717351 3634.9726706147194 621.08750784397125 587.42773933708668 2598.7021368518472 1447.944986552 10.290711447596548 19.246609047055244 3540.6822140961885 1240.3567600995302 1495.86957205832 561.96532851457596 262.22832645475864 513.62851779162884 2502.7648964971304 91.790455460548401 2102.2126803249121 512.95925018191338 3970.9260899871588 733.80732293426991 2710.7226644009352 42.798811540007591 100.61412239074707 56.330995470285416 87.951264813542366 12.405429959297178 197.95086799561977 54.705539807677269 370.99552141129971 34.390329256653786 144.90542604029179 228.72610224783421 714.28348797559738 39.662144288420677 292.28139580786228 587.5556333810091 16.523878246545792 25.69660721719265 1838.9446756988764
leaf_count=9678 9947 60 5542 1112 12167 1282 2737 514 5198 7249 6271 4062 3801 22457 3660 8652 644 11043 440 5567 8736 5607 1003 5563 15115 2821 2232 16945 5462 55 80 18874 4674 5812 2679 1036 1957 9407 401 9210 1987 14993 3158 11318 173 473 211 360 63 789 219 1531 147 599 859 4502 222 1690 2710 68 107 10900
internal_value=0.00272879 0.0129512 -0.0137781 0.00866141 0.0135554 0.0416239 -0.00101873 0.027803 -0.0047711 0.0192108 0.00813863 0.0154833 -0.00364338 -0.0266154 0.00125157 0.00342906 -0.00789952 -0.00374216 -0.0244895 0.00387613 0.00626476 0.0304499 0.0101815 0.0088401 -0.0102174 0.0207186 0.0162935 0.0510478 0.009914 0.0489957 0.0139986 -0.0252119 0.00175973 -0.00242821 -0.00624914 -0.00413296 0.0227106 -0.00226436 0.00338898 -0.0157335 0.00758345 -0.00134073 0.00107507 0.0225315 0.015334 0.00650263 -0.00597091 0.0150102 0.0542747 0.0195269 -0.0122091 -0.00231903 -0.00456765 -0.000767679 0.004094 0.0504856 0.0249754 0.0358519 0.0247559 -0.0257759 0.0277033 -0.0285483
internal_weight=66243.8 40909.3 25334.5 35585.3 23635.8 5324.06 11949.5 2158.48 14888.4 11563.1 12072.6 8683.3 10662.1 10446.1 7070.12 4005.74 6656.36 4420.62 9075.06 7928.48 6380.69 2879.83 4955.6 4722.56 7818.33 1287.38 4144.16 3165.58 2078.17 851.396 1307.08 8868.35 4045.99 4265.4 4547.12 3985.15 2065.99 2805.63 658.056 3271.21 3144.18 6083.4 4759.44 3727.71 1490.74 206.716 1547.79 350.18 2611.11 710.91 788.513 566.266 550.291 515.901 2433.27 841.106 126.822 554.475 649.023 35.7705 613.252 5327.67
internal_count=296831 172839 123992 141863 92771 30976 49092 10996 61170 46969 45802 34113 43534 62822 27228 16088 27446 17499 53144 29707 23929 12856 18733 17730 33942 5558 16095 19980 7867 5293 5703 52231 15193 16855 19190 16511 8228 10519 2738 14752 12287 23568 18370 15380 5635 913 5778 1396 17008 2776 3377 2337 2277 2130 9511 5238 736 2972 2965 148 2817 33357
is_linear=0
shrinkage=0.05


Tree=29
num_leaves=63
num_cat=0
split_feature=45 31 48 18 18 1 40 40 1 48 59 40 43 40 6 43 9 1 17 1 1 1 47 59 47 40 48 47 9 31 33 18 36 18 1 44 43 64 43 39 59 43 40 1 45 53 45 34 47 68 0 40 63 47 48 48 44 40 9 48 48 27
split_gain=4073.52 1734.79 1193.76 413.026 289.281 271.167 247.761 165.43 243.183 153.173 147.399 120.763 115 95.5769 94.7449 91.1145 87.6386 117.277 77.1655 76.1697 75.8647 71.7448 71.4336 69.9062 73.0568 67.2043 66.9746 66.4573 65.004 61.0004 68.6546 60.7125 69.7775 57.8572 66.4401 57.4944 57.4236 57.0371 54.2426 52.7103 51.7007 50.0042 65.486 53.4875 49.4946 51.0893 48.8966 48.2777 43.5854 43.4598 43.3195 42.4292 40.7255 39.5511 68.278 40.2468 40.7897 38.7004 37.9321 37.8169 36.6969 36.2879
threshold=0.99990731729870819 0.68333333333333346 27740389.494676415 2849608823.3497171 81753272.656293467 4.8950000000000005 10.500000000000002 2.5000000000000004 4.7750000000000012 359453317564.0509 462.29718982610228 36.500000000000007 4.8001315789473704 23.500000000000004 5.2150000000000007 4.6174306076519143 127206812.00000001 7.0950000000000006 1.0000000180025095e-35 6.5850000000000009 6.0550000000000006 4.995000000000001 65.309197718760018 287.81716656981069 29.668047302589681 12.500000000000002 8952712.8791563828 25.39916542250155 16482336.500000002 1.216666666666667 4.699913941480208 7309896.0205069082 31.325403225806458 1412840710.1139996 6.9050000000000011 0.51702686411006937 4.8480131578947381 2.5000000000000004 4.9668439716312074 69843523031157576 592.41317732307311 4.7501111111111127 7.5000000000000009 6.3850000000000007 1.3217658144881608 149.50000000000003 0.90478017063177651 0.46053030708847015 125.71726521687114 29.834329034648839 99.550000000000011 58.500000000000007 27.622306274537966 29.668047302589681 1165957902.3540127 403196113.58022732 0.3155682704793582 42.500000000000007 8150.0000000000009 130408747603.88625 3059883085.5140729 38.48481177161964
decision_type=2 2 2 2 2 2 2 2 2 2 2 2 2 2 2 2 2 2 2 2 2 2 2 2 2 2 2 2 2 2 2 2 2 2 2 2 2 2 2 2 2 2 2 2 2 2 2 2 2 2 2 2 2 2 2 2 2 2 2 2 2 2
left_child=1 3 10 5 9 6 23 33 11 15 16 22 13 27 -5 35 17 21 41 25 -12 26 31 24 -1 38 -2 -8 -23 30 -6 32 -9 34 -4 46 -27 48 -7 -15 -34 43 -43 -10 -13 53 -3 57 58 -22 -19 61 -28 55 -55 -46 -57 -48 -16 -39 -29 -17
right_child=2 4 7 14 29 19 12 8 18 -11 20 44 -14 39 37 51 -18 50 -20 -21 49 28 -24 -25 -26 36 52 60 -30 -31 -32 -33 40 -35 -36 -37 -38 59 -40 -41 -42 42 -44 -45 45 -47 47 -49 -50 -51 -52 -53 -54 54 -56 56 -58 -59 -60 -61 -62 -63
leaf_value=-0.0098303604452523348 -0.026839631922978807 0.025379576831386239 -0.015098201020159364 -0.045149082983036368 0.020105510981741955 0.0057390455194125459 -0.006921740282085545 -0.020041889220534393 0.00066054716092085579 0.050675411123549043 -0.037857370702094668 0.014179931425192055 0.019048631802564039 -0.00072296263811739904 0.048876018473148937 0.026342987055148866 -0.04017184170943263 0.052619101700869392 0.030962194327610316 0.055233098597811392 0.049359829449171055 -0.0069175341486452926 0.0018911527952678441 -0.022464354730075659 0.003729944157523795 0.016233774510242212 -0.023044567173976373 0.0067063412011553322 -0.021955412888512701 0.054080938835836027 0.049360222119661276 0.0012967075959010447 -0.0069998845003439994 0.0093728875298927736 0.042434726923024968 -0.0074746544999602371 0.029673273803615619 0.00060122560771494341 0.020090637776476579 0.013839467262490125 -0.032870691952954355 0.0072444150036007392 0.026510086420631535 0.044392760265552167 0.0045237502304619932 -0.079836339763543693 -0.073519081009662063 0.033981797552848934 -0.0077030880466907219 -0.021183751659757392 -0.047154870599148475 0.04166843843151314 -0.011011998289556258 -0.00033761325872744079 0.05056256315234843 -0.068657733253538258 -0.01462244603153149 -0.0047671545833872135 0.027612652821402902 0.060169993023118068 -0.010000327101220686 -0.021294378587968621
leaf_weight=1963.4557560533285 3579.6305184289813 740.70684762299061 3274.0479791164398 35.039258480072021 319.43776077032089 2044.182777389884 1548.0826794505119 1434.0189469158649 2796.8469759523869 609.52061867713928 1685.6558697372675 1088.4830582886934 2128.9817430526018 736.95437698066235 884.4029331356287 498.76260606199503 503.67387371510267 76.235920324921608 337.56891351938248 125.41568113863468 38.698684081435204 1799.7269098311663 2087.8309310525656 520.09621419012547 2010.1236299872398 2557.0034303367138 1302.4340293556452 3738.9809128046036 1196.3285828530788 2312.2288747951388 538.83974736183882 1380.0766754597425 6091.8604182749987 281.98091182112694 50.961844980716705 262.51235502958298 1153.3007936179638 144.25622917711735 971.18121095001698 3962.823344156146 199.4373899102211 2117.596532523632 557.1300992667675 71.710784360766411 179.63257199525833 20.73880635201931 23.398865878582001 75.579973235726357 42.530449062585831 50.096104994416237 12.689866855740545 620.84052445739508 1528.4879777878523 298.12081582844257 84.575426906347275 47.554667338728905 131.50321219861507 163.44052036106586 274.94581490755081 32.679010897874832 360.37305699288845 43.460013329982758
leaf_count=7860 22435 3219 14939 146 1492 7864 6004 6482 11058 3605 11617 4205 8809 2802 4412 2404 3155 290 1342 478 189 9145 8291 2173 7778 9997 6939 14172 6614 15501 3364 5565 24877 1090 190 1141 4895 644 3823 15474 942 8283 2168 260 713 87 94 325 202 271 54 3417 7590 1130 300 209 505 677 1315 181 1423 205
internal_value=0.00261392 0.0156134 -0.00930112 0.00978794 0.0392904 0.00822953 0.00483993 -0.00255883 -0.000688416 0.0282653 -0.0222041 -0.00449416 0.00846575 0.00628828 0.0360444 0.0226411 -0.0198473 -0.0187693 0.0077528 0.0166255 -0.0354845 -0.0193095 -0.00645037 -0.00522678 -0.00297058 0.0159055 -0.0222948 0.00190451 -0.0129222 0.0498555 0.0384721 -0.00836305 -0.0100887 -0.0123723 -0.0142164 0.0133573 0.0204113 0.0381077 0.0103614 0.011556 -0.00782 0.00633942 0.0112573 0.0017538 0.00733776 -0.00243436 0.018809 0.000262686 0.0420096 0.00956066 0.0383812 0.0327436 -0.0165479 -0.000269199 0.0109113 -0.0121979 -0.0289733 -0.0133773 0.0438333 0.0116033 0.00523766 0.0225248
internal_weight=65748.9 31443.5 34305.3 25234.8 6208.73 23821 16969.9 22531.7 18924.7 3038.22 11773.7 13043.8 12476.2 10347.2 1413.85 2428.7 9999.21 9495.53 5880.85 6851.08 1774.45 9406.61 11193.2 4493.68 3973.58 6725.67 6410.55 5647.44 2996.06 3170.51 858.278 9105.39 7725.32 3606.99 3325.01 1265.64 3710.3 1378.81 3015.36 4699.78 6291.3 5543.28 2674.73 2868.56 1850.61 762.126 1003.13 262.419 1201.88 88.7948 88.9258 1163.06 2830.92 741.387 382.696 358.69 179.058 186.839 1159.35 176.935 4099.35 542.223
internal_count=296831 135896 160935 100452 35444 93552 66495 92636 76417 15087 68299 53306 48684 39875 6900 11482 56222 53067 23111 27057 12077 52723 46157 17811 15638 26579 36964 21599 15759 20357 4856 37866 32301 16219 15129 5456 14892 6754 11687 18276 25819 21769 10451 11318 7149 2944 4315 1096 5929 460 344 6026 14529 2857 1430 1427 714 771 5727 825 15595 2609
is_linear=0
shrinkage=0.05


Tree=30
num_leaves=63
num_cat=0
split_feature=38 20 69 69 48 43 31 43 69 69 69 43 14 46 69 20 69 40 20 40 1 22 46 1 67 31 38 59 59 69 45 54 43 31 12 44 43 55 8 19 43 43 48 28 47 46 69 36 40 59 46 47 53 47 59 55 34 65 59 47 20 59
split_gain=3727.85 1803.16 1038.12 593.817 275.461 271.714 246.581 215.821 194.996 168.728 118.969 114.031 113.951 104.897 97.1857 94.6168 78.9702 77.624 77.4934 76.4553 75.8654 75.6638 67.5761 63.2548 61.1513 59.6589 59.0634 62.9299 58.2138 58.003 55.6963 54.9557 53.5739 53.3143 55.1792 53.2307 52.6857 52.1268 50.5917 64.3835 50.3943 50.3493 55.4985 47.9013 52.8065 46.5406 45.329 44.2295 42.6691 42.5806 42.1737 49.9436 87.0025 41.9836 39.6435 39.2397 48.1368 38.7892 68.7621 47.1409 38.706 49.2858
threshold=27371871.081451524 12.500000000000002 6.432858903188869 19.962320455054645 32072638573.705318 4.6463525498891363 2.416666666666667 4.6600145348837225 10.488060416718531 13.779502003933187 0.58645851484902056 4.4708597046413514 0.047140452079103203 80.569047619047623 41.656739314430816 5.5000000000000009 31.309610788877553 84.500000000000014 3.5000000000000004 28.500000000000004 6.4850000000000012 7.5950000000000006 9.9983333333333348 5.1050000000000013 0.98897820466835418 0.75000000000000011 3300178574.507051 234.73027989768534 287.81716656981069 3.2868953971770685 1.3511383881434533 0.7506324378574728 4.5833892617449674 0.58333333333333337 5.3050000000000006 0.48680549331869888 4.7160139372822316 1208947.7844442523 0.12850000000000003 3.4184068520335867e+18 4.5600751879699262 4.7375247035573134 23692498188.357643 187080373.87400869 39.131682857213796 10.231385927505332 5.9055008588285096 155.7416666666667 17.500000000000004 913.99236238627816 76.623750000000015 62.69792201253015 5.5000000000000009 57.588439900169128 384.44102295350791 1209699.736034096 0.3631508544119138 1.0000000180025095e-35 130.5445327181703 1.0000000180025095e-35 29.500000000000004 326.37629440846257
decision_type=2 2 2 2 2 2 2 2 2 2 2 2 2 2 2 2 2 2 2 2 2 2 2 2 2 2 2 2 2 2 2 2 2 2 2 2 2 2 2 2 2 2 2 2 2 2 2 2 2 2 2 2 2 2 2 2 2 2 2 2 2 2
left_child=2 3 10 4 8 6 38 14 12 22 -1 54 19 37 17 16 43 26 28 23 29 33 -4 46 57 -7 27 31 35 -12 60 -5 -24 34 -6 48 -35 -11 39 50 -15 42 -21 44 -9 -20 -2 -29 -13 -27 51 -3 -53 -33 -10 56 -49 58 59 -14 61 -8
right_child=1 5 9 7 21 25 30 15 11 13 20 18 24 40 -16 -17 -18 -19 45 41 -22 -23 32 -25 -26 49 -28 47 -30 -31 -32 53 -34 36 -36 -37 -38 -39 -40 -41 -42 -43 -44 -45 -46 -47 -48 55 -50 -51 -52 52 -54 -55 -56 -57 -58 -59 -60 -61 -62 -63
leaf_value=-0.040051963293554635 -0.019317307114451662 0.0078579204045733948 -0.03722140704758567 -0.018005401470539941 0.00045548219196270409 0.034555723583461775 0.036719247095266354 0.0064478852210735557 -0.0050152202406454505 -0.00098481616346448924 -0.027054399184964863 0.0065576040695976036 -0.0083546896740062503 0.0030548729840290442 0.032155810369006416 0.039436845787206978 0.027594407213865399 0.033248009591787885 -0.062210534127673557 0.0057021461767306856 0.0066243243642343415 0.049021615897604218 -0.011635082275883604 -0.00020378279256975286 -0.03215622273248072 0.053657784063623308 0.025766723893348886 -0.010224041015478351 -0.013617992042687772 -0.018742113300685481 -0.071003138849015088 0.0059678367556344359 -0.0027961336113529658 0.015164823814599972 0.026635521492446093 -0.0018160573172198487 0.045439316125321594 -0.018268101997267524 -0.063876652504490705 0.03637431490548592 0.018342322270421232 0.043331922913030861 -0.091121694936286413 0.026016670424802664 0.018528423888834272 0.019725672628500137 -0.0090220734791723375 0.010522851432713538 0.018381386412817849 -0.040437785687759964 0.041790407139320501 -0.0012007131713198764 -0.16345391662355965 0.014369460789341013 -0.041681428852669428 0.026596746644947763 -0.018434271265781173 0.0015892374040970478 0.044371516840600866 0.023881648992095439 0.053919527779707911 -0.051980808287223103
leaf_weight=1162.7407663464546 1976.5736613124609 904.36098679900169 211.28141051530838 183.95775969326496 584.20909206569195 524.62465550005436 105.48293462395668 1598.4522100687027 1705.9267832487822 4410.3760219812393 5305.5647381544113 3593.2738559246063 238.70019201934338 1101.0390971004963 457.74148574471474 652.2166496142745 2070.785612270236 305.76593761146069 17.570073828101158 384.92444288730621 210.27332282066345 213.22463397681713 4913.4382738620043 1077.7539466023445 105.58171226084232 2370.7573693692684 424.11424703896046 828.80300056934357 386.8471155166626 3472.1653858870268 9.7411568164825422 3313.3689029067755 2632.9780881404877 315.42371389269829 307.05150470137596 1490.2166242003441 263.97453404963017 484.15424966812134 21.122240528464317 259.9330238699913 1056.2018743753433 90.19312858581543 15.391606941819189 924.11208362877369 2083.940648317337 1273.0283136218786 2328.9128906577826 405.20174938440323 968.73879900574684 12.084305882453917 87.240194275975227 27.698060095310211 11.77406023442745 2697.4853325784206 77.048717334866524 182.70462645590305 222.22893781960011 1156.1999885439873 168.28238406777382 216.06128324568272 685.57383093237877 18.391316026449203
leaf_count=8681 9277 3871 1076 718 2272 2939 650 6306 6606 17131 34333 13347 980 4157 1915 3391 9038 1336 72 1459 934 1095 22238 4437 435 16670 1730 3107 1468 18874 55 12471 10628 1386 1457 5595 1331 2004 89 1320 3936 366 64 3917 8487 5092 9495 1487 3575 61 400 118 58 10267 316 671 842 4590 631 834 4645 100
internal_value=0.00250213 0.0118984 -0.0126857 0.00790511 0.00188258 0.0398789 0.0263178 0.0148869 5.25071e-07 -0.00424363 -0.0250023 0.00479854 -0.00588223 0.00135409 0.00970904 0.0212599 0.0194844 0.00850922 0.00742773 -0.00931478 -0.0230554 0.0211864 -0.00933197 -0.0110367 0.00481474 0.0498199 0.00759321 0.00660931 0.0051864 -0.0237663 0.0478417 0.00891437 -0.00855113 0.0171506 0.00947486 0.00638834 0.0289579 -0.00269443 0.0128799 0.0141357 0.0105397 0.00958316 0.0019794 0.0158387 0.0132845 0.0186102 -0.0137484 -0.00210326 0.00906837 0.0531806 0.00852939 0.00545501 -0.0495989 0.00973823 -0.0065997 0.00620464 0.000266562 0.00700863 0.0170655 0.00696109 0.0492719 0.0235502
internal_weight=65305 40344.8 24960.2 35306 18955.1 5038.78 2131.32 16350.9 17271.2 14809.5 10150.7 9512.65 7758.58 7051.77 9021.37 7329.51 6677.29 8563.63 7729.67 5873.75 8988 1683.88 7757.7 5383.24 1884.83 2907.47 8257.86 7833.75 6439.08 8777.73 819.189 6194.81 7546.42 1470.66 891.261 6052.23 579.398 4894.53 1312.13 1291.01 2157.24 490.509 400.316 4606.5 3682.39 1290.6 4305.49 1638.94 4562.01 2382.84 1031.07 943.833 39.4721 6010.85 1782.98 810.135 627.431 1779.24 623.044 454.761 809.448 123.874
internal_count=296831 172839 123992 141863 76180 30976 11306 65683 68639 61170 62822 36071 32568 27228 34544 31139 27748 32629 29149 25098 54141 7541 33942 23209 7470 19670 31293 29563 23985 53207 5450 23456 32866 6446 3729 22517 2717 19135 5856 5767 8093 1889 1523 18710 14793 5164 18772 6107 16922 16731 4447 4047 176 22738 6922 3000 2329 7035 2445 1814 5395 750
is_linear=0
shrinkage=0.05


Tree=31
num_leaves=63
num_cat=0
split_feature=35 48 20 47 48 64 59 62 28 42 64 59 9 1 10 1 48 13 45 0 36 1 40 40 1 30 1 33 59 4 0 36 33 59 47 47 10 64 18 44 6 1 64 18 68 67 44 45 68 40 45 61 45 54 58 59 67 40 12 70 48 59
split_gain=3409.87 1647.47 1010.87 291.035 264.451 217.061 163.242 162.474 144.554 120.978 118.605 116.068 105.057 129.498 100.636 97.8796 92.1595 91.4371 84.7112 80.5263 77.2158 72.825 72.0509 71.0826 70.3702 74.1547 68.9311 67.518 64.295 63.9771 63.6977 53.489 52.988 48.0178 45.9963 44.6804 55.0055 44.0246 43.826 41.8599 41.3444 40.6592 40.5013 40.2763 38.9777 37.8935 37.4497 40.1264 37.1704 36.7261 53.2208 43.2468 36.0673 36.6288 46.7474 36.0126 35.9011 35.7746 36.9536 47.4836 35.5065 35.3797
threshold=0.97230107888787909 37849893.910312466 17.500000000000004 29.668047302589681 13239306167.9065 1.0000000180025095e-35 462.29718982610228 1.3261744236624622 12759296.435991699 7.5950000000000006 1.0000000180025095e-35 342.2143492731139 16482336.500000002 4.995000000000001 3.5000000000000004 4.6950000000000012 717084238072.96545 4.9251262626262644 0.79687060899679185 16.910000000000004 -1.0000000180025095e-35 6.0550000000000006 20.500000000000004 37.500000000000007 4.6950000000000012 4.5000000000000009 6.6950000000000012 4.9875771604938279 203.91774594632514 0.67130000000000012 32.823 6.003000000000001 4.3620903833797398 393.88566249663955 4.0259093893013418 27.298851256214039 4.5000000000000009 1.5000000000000002 2433623.2301538913 0.46411173669915989 3.5900000000000003 7.0250000000000012 1.0000000180025095e-35 833983538.41095054 60.720261967975553 -0.5075190374550268 0.52952801918925163 0.76640202688809256 55.519293386712967 9.5000000000000018 1.3571702559476664 12.706771043560897 0.81430215356859681 1.5105895022721811 3985475.0354192015 408.36147489011154 0.56638466991089664 37.500000000000007 5.9050000000000011 3.4734976176113106 354852392809.20172 45.593792407166937
decision_type=2 2 2 2 2 2 2 2 2 2 2 2 2 2 2 2 2 2 2 2 2 2 2 2 2 2 2 2 2 2 2 2 2 2 2 2 2 2 2 2 2 2 2 2 2 2 2 2 2 2 2 2 2 2 2 2 2 2 2 2 2 2
left_child=2 6 4 7 10 11 12 8 19 20 22 15 13 30 18 23 17 28 -4 -3 -10 -8 27 32 40 -26 -15 35 -6 34 38 -12 -5 37 -16 36 39 43 42 -1 -22 -14 -2 -7 -23 -17 47 -34 -39 -42 -51 -52 53 -24 -55 -21 -13 58 59 -33 -31 -41
right_child=1 3 14 5 16 33 21 -9 9 -11 31 56 41 26 29 45 -18 -19 -20 55 24 44 52 -25 25 -27 -28 -29 -30 60 -32 57 46 -35 -36 -37 -38 48 -40 61 49 -43 -44 -45 -46 -47 -48 -49 -50 50 51 -53 -54 54 -56 -57 -58 -59 -60 -61 -62 -63
leaf_value=0.002651662434162861 -0.021323414377181393 -0.016767686446627589 0.03793778124652547 -0.005158746900800041 0.022937183423961234 -0.0092256709637503678 -0.035427552964801927 0.038765016326547871 0.060604093106206694 0.040602859620299511 -0.046199306196815372 -0.018913828963894527 -0.027664123197426699 -0.0055964282468874511 0.046214229757074003 0.008731541989041176 0.051732527786464345 0.038908206420179808 -0.0047310629947468451 -0.0048591791222394242 -0.041224321551263501 0.0354701118387711 0.023903011118667335 0.018742011631780589 0.00099237271681125168 0.019111918853071209 0.040878426547239638 0.023387466311212406 -0.0024485114069293149 0.045781656017532153 -0.014162822476310602 0.013177924682411383 0.018078430916811626 -0.020442797111828479 -0.084576546554310628 0.010852511375493527 0.020807549589411219 0.0050033856011832967 -0.0066013519234063237 -0.039935272331294513 -0.010597284246736326 0.0037265983256139961 -0.035114301740136786 0.059694271323504494 -0.033359082730907159 0.018042232871911375 -0.0056851989652674682 0.0057664848369162539 -0.0049835598919839661 0.0054666551435045702 -0.01176801467194912 -0.080864455758425768 0.013033186608391601 -0.083359716608293846 0.031054225967495325 -0.021358085667694114 0.0029537337119411936 0.018557351983359029 0.018965142564552655 -0.0056474252648049663 0.057071510639073855 -0.0086442522644293567
leaf_weight=409.03043971955776 1388.1954511404037 2028.9492859393358 490.89481566846371 1188.6823751479387 1675.2474846765399 1543.5804219990969 1755.0814823582768 224.18042431771755 53.063308045268059 194.43734912574291 55.752969190478325 440.0567828565836 2348.8774942681193 2017.7067629545927 12.076411917805673 1515.8094193041325 365.47539783269167 834.42760886251926 152.44408462941647 7475.5573327988386 78.527967691421509 57.426104858517647 2390.7831199765205 990.59895317256451 2379.1050154417753 740.37649337947369 83.069317847490311 683.17041565477848 293.05721648037434 1701.6753805577755 4165.0866898521781 432.6714049577713 843.73682005703449 341.43535181879997 15.161673188209532 1623.5014561116695 200.47567446529865 2708.9702340513468 311.45707175135612 143.92880530655384 1332.2362570762634 107.89479568600655 863.56910287588835 21.493420138955116 32.047775357961655 3915.9361968487501 534.77898018062115 3068.80472022295 1420.104251563549 1251.2752633243799 327.40277042984962 24.328282155096531 1382.252928391099 18.157759308815002 17.562921524047852 346.04833985865116 327.2862296551466 333.72244779765606 252.16347490251064 1483.2894531935453 1178.8852511867881 242.59655921161175
leaf_count=1573 8688 9479 3193 4639 7837 6097 12369 843 282 868 230 1786 14909 10211 56 5883 2125 4507 767 30300 345 282 10114 3806 9594 2933 312 2863 1264 11275 21807 1697 3304 1493 62 6387 811 10598 1706 581 5658 460 5091 83 183 15251 2128 11835 5614 4867 1302 114 5335 82 73 1690 1257 1339 1036 5762 8843 952
internal_value=0.00239638 -0.00427271 0.0221115 0.00134932 0.0155802 0.00558889 -0.0193942 -0.00351008 -0.00409397 0.00176881 0.0114723 0.00926844 -0.0171404 -0.0145957 0.0457218 0.0104683 0.0281171 0.0250377 0.0278271 -0.00789162 0.000548242 -0.0331844 0.0147933 0.00638986 2.8654e-05 0.00529286 -0.00375871 0.00938861 0.0191576 0.0496809 -0.0179793 0.00223824 0.00421881 -0.0022302 -0.0265885 0.00573773 -0.0025992 -0.00113813 -0.0241808 -0.00849757 -0.0054202 -0.0262855 -0.0266123 -0.00827918 0.0108169 0.0154439 0.00672525 0.00842155 0.0015686 -0.00446231 0.000636377 -0.0165472 0.0194798 0.0231521 -0.0271054 -0.00558913 -0.0095869 0.00331766 0.000971928 -0.0013962 0.0504021 -0.020296
internal_weight=64835.6 48447.2 16388.4 35316.8 12837.3 18861.3 13130.4 16455.5 16231.3 6380.75 9669.06 12825.7 11285.9 8829.08 3551.14 12058.3 3168.21 2802.73 643.339 9850.55 6186.32 1844.56 7111.46 6626.6 6133.25 3119.48 2100.78 3302.7 1968.3 2907.8 6728.31 2557.6 5636 6035.58 27.2381 2619.53 996.031 5694.15 2563.22 795.556 3013.77 2456.77 2251.76 1565.07 89.4739 5431.75 4447.32 3912.54 4129.07 2935.24 1603.01 351.731 3808.76 2426.5 35.7207 7821.61 767.343 2501.85 2168.12 1915.96 2880.56 386.525
internal_count=296831 218067 78764 142049 54568 73774 76018 68275 67432 25963 38835 49889 63184 47815 24196 46846 15733 13608 3960 41469 25095 12834 28771 25712 24813 12527 10523 13167 9101 20236 37292 10064 21906 23885 118 10304 3917 22392 15485 3106 12286 15369 13779 6180 465 21134 17267 15139 16212 11941 6283 1416 15604 10269 155 31990 3043 9834 8495 7459 20118 1533
is_linear=0
shrinkage=0.05


Tree=32
num_leaves=63
num_cat=0
split_feature=35 69 20 38 69 48 43 69 69 40 48 14 43 48 43 43 13 1 48 30 47 46 62 18 36 46 57 43 2 69 62 24 44 69 69 38 56 47 64 69 43 64 52 14 26 30 1 43 58 48 69 20 70 5 62 10 54 26 47 44 64 10
split_gain=3119.85 1751.6 989.082 394.752 305.523 246.656 210.104 167.096 131.146 130.004 118.489 110.166 104.995 99.1961 92.5523 90.9333 88.5559 85.9337 77.3494 75.8806 75.7189 73.7225 73.6315 71.232 82.7215 61.7903 61.5803 58.5384 66.7743 55.4595 55.4078 52.0358 51.467 51.2477 50.2356 49.2951 50.8619 49.1948 48.8478 48.2887 50.4438 43.7371 58.5078 43.2687 42.8586 144.918 41.7352 40.8363 39.5255 59.0924 39.4461 37.7907 38.0541 36.9919 43.9637 36.9339 54.6035 108.284 41.9206 48.6733 36.9087 36.7612
threshold=0.95920304504051612 9.6060995494262045 17.500000000000004 5585618.01377331 23.262854422344478 13239306167.9065 4.5833892617449674 3.2868953971770685 26.790697891513783 37.500000000000007 750621859.10567415 1.0000000180025095e-35 4.7055718954248382 354852392809.20172 5.020096153846155 4.6400304878048795 4.9251262626262644 4.9050000000000011 717084238072.96545 80.500000000000014 29.668047302589681 -1.0000000180025095e-35 1.3261744236624622 2462906475.6587548 13.85857142857143 20.901503759398505 0.89270999416077357 4.333615819209041 7.5000000000000009 0.44098043364616263 1.5000000000000007 0.07967751952372451 0.48304589153964811 7.2602654900301227 11.169988922356927 1562837191.7443297 1.0000000180025095e-35 1.0253942301229526 2.5000000000000004 40.574746085484556 4.8071825396825405 1.0000000180025095e-35 1415906.5021573275 1.0000000180025095e-35 10.001271186440681 77.500000000000014 4.6950000000000012 5.4002083333333362 6708931.5447880914 95815251942.373322 41.656739314430816 31.500000000000004 121.73029870830875 0.91500000000000015 1.5000000000000007 18.500000000000004 1.5105895022721811 24.00370370370371 18.852883313059127 0.49708813213627751 1.0000000180025095e-35 6.5000000000000009
decision_type=2 2 2 2 2 2 2 2 2 2 2 2 2 2 2 2 2 2 2 2 2 2 2 2 2 2 2 2 2 2 2 2 2 2 2 2 2 2 2 2 2 2 2 2 2 2 2 2 2 2 2 2 2 2 2 2 2 2 2 2 2 2
left_child=2 3 5 7 6 8 27 17 9 14 21 25 26 15 23 19 18 29 34 35 -14 -5 33 24 37 -8 -6 -3 -29 -2 32 -12 60 43 48 36 -4 -1 -25 40 -10 42 -26 -23 45 -17 -9 51 -7 -50 -28 -33 -53 -19 -55 56 58 -58 59 -37 -27 -30
right_child=1 4 13 10 12 16 11 46 39 -11 31 -13 20 -15 -16 44 -18 53 -20 -21 -22 22 -24 38 41 30 50 28 61 -31 -32 47 -34 -35 -36 55 -38 -39 -40 -41 -42 -43 -44 -45 -46 -47 -48 -49 49 -51 -52 52 -54 54 -56 -57 57 -59 -60 -61 -62 -63
leaf_value=-0.002312780136382538 -0.048543105046283515 -0.011872396656715724 -0.025475867237770979 0.076012647671414135 -0.011285030805503117 0.010316605168922549 -0.019084441644047111 -0.019981504264871389 0.013486730052593397 0.024824495640274769 -0.0053334667474540381 0.027743433477155063 0.0071884317919343943 0.056488963360105365 0.02682964906449627 0.034374305737236981 0.040114033515143255 -0.025176000138582351 0.04935873055856195 0.048465094487648762 0.02239667118759962 -0.017095237228904769 0.026934962996223211 0.033954621300025058 0.0065333431423391947 0.0088161880326848557 0.0072515421320345193 -0.016610289318195363 -0.0016630227982948138 -0.030681310471873238 0.047414391664239997 0.0011331460996067565 -0.0027553768883851015 -0.0056678285872025606 0.024012100440500908 -0.055570642440113727 0.05471622746426047 -0.036123769639176066 -0.0193902564623014 0.034504514819559823 0.030793529665654996 -0.0056748972908346393 -0.054598602775055231 -0.0044295057591519403 0.049101234107415771 -0.21697874068664744 -0.010269985416341205 0.028697648783378261 -0.098750414466124828 0.014414330452423022 0.026145247488902065 -0.055989548839543907 0.052044155475780146 -0.015163306193011242 0.025059590184387581 0.026880858687711763 0.02566126360618582 -0.16223382286310636 0.027501715283956521 0.0072796133253715646 0.000440808137143939 0.030363394492000352
leaf_weight=200.07510095834732 508.7783101350069 2590.6296536773443 23.672286257147789 23.975094974040985 437.80871354043484 573.66176304966211 284.48126707971096 2423.3228941857815 2259.3906832635403 851.65962743759155 1229.7626713365316 509.88767059147358 1230.5315275192261 1271.9810625016689 402.20994359254837 45.835118472576141 936.37613968551159 1216.7907073348761 226.05390562862158 262.07556345313787 2443.9062566012144 4317.7255463451147 120.5758808106184 258.15539705753326 2926.4075588360429 4577.9716624617577 6300.9875904917717 794.8071982562542 5760.7542155086994 2979.720191963017 74.916946798563004 725.05870102345943 2011.4378360956907 1994.0044444799423 1303.9089289531112 46.352850496768951 120.03560735285282 232.71925987303257 51.470134273171425 442.03281018137932 517.45844753086567 1177.2244336307049 39.670284613966942 799.09569307416677 1233.7310048043728 6.5545137301087371 2035.5524034649134 225.77516409754753 21.362758174538612 25.077788501977921 288.92235627770424 9.316477566957472 65.170743688941002 580.64079713821411 76.935383662581444 160.67613509297371 15.695856586098673 14.991778090596197 110.59326902031898 91.835986882448196 1845.750963896513 91.016620323061943
leaf_count=788 4339 11104 96 103 1693 2511 1140 12993 9096 3553 5014 2015 4846 9898 1654 308 5290 7804 1308 1861 10282 22565 494 1143 11340 17168 23896 3625 22460 21152 268 2858 7601 8373 6264 228 544 950 222 2005 2359 4516 161 3450 9031 54 10227 930 95 116 1207 38 354 3679 406 880 79 79 546 431 6972 369
internal_value=0.00229288 -0.00399203 0.0215557 -0.0156696 0.00372766 0.0150231 -0.000155058 -0.0227003 0.0109807 0.0066949 -0.00840881 0.00514814 0.0104545 0.0454385 0.003775 0.0388459 0.0272804 -0.028647 0.0216912 0.0261136 0.0173036 -0.0115202 -0.0118105 0.00187706 0.000306643 0.00383812 0.00687352 -0.00549686 -0.00301188 -0.0332864 0.00460439 0.00160173 0.00422418 -0.0124674 0.0184405 0.0160806 0.0415066 -0.0204934 0.0250869 0.0191552 0.0167118 0.00247934 0.00571572 -0.0151172 0.0472204 0.0029273 -0.015548 0.00991977 0.00672492 -0.0376417 0.0080799 0.00461728 0.0385319 -0.0200123 -0.0104573 0.00777899 -0.00320328 -0.0661308 0.00455892 -0.0138023 0.00640966 -0.00116489
internal_weight=64425 48576 15848.9 19332.2 29243.8 12444.9 18541.7 9821.74 9358.47 6139.59 9510.46 9304.45 10702.2 3404.03 5287.93 2132.05 3086.44 5362.87 2150.07 845.929 3674.44 7255.38 7231.4 4885.72 4576.1 8794.56 7027.72 9237.21 6646.58 3488.5 8510.08 2255.08 8435.16 7110.83 1924.01 583.854 143.708 432.794 309.626 3218.88 2776.85 4143.3 2966.08 5116.82 1286.12 52.3896 4458.88 1025.32 620.102 46.4405 6589.91 799.546 74.4872 1874.37 657.576 440.146 279.47 30.6876 248.782 138.189 6423.72 5851.77
internal_count=296831 219425 77406 104779 114646 53371 72722 60600 37787 24327 44179 35164 41924 24035 20774 14137 15584 37380 10294 4744 15128 34985 34882 19120 17755 33149 26796 37558 26454 25491 32009 9194 31741 34388 8986 2883 640 1738 1365 13460 11455 16017 11501 26015 9393 362 23220 4180 2722 211 25103 3250 392 11889 4085 2243 1363 158 1205 659 24140 22829
is_linear=0
shrinkage=0.05


Tree=33
num_leaves=63
num_cat=0
split_feature=45 20 48 30 43 1 45 30 1 40 40 9 1 40 47 46 1 48 12 43 18 26 54 18 40 62 18 47 14 45 70 58 0 46 44 44 62 43 40 10 70 70 44 18 62 48 43 46 36 45 40 37 20 68 30 18 68 44 48 44 48 68
split_gain=2848.2 1424.63 862.649 301.08 242.894 204.305 158.525 149.22 132.705 151.304 111.015 106.067 137.777 101.013 94.9228 88.9028 86.1784 84.4845 82.624 77.8475 65.6786 82.0071 62.096 61.4127 54.5371 53.5108 53.1252 56.354 50.691 47.8607 47.3391 46.0006 45.2379 44.0885 49.0648 43.4202 43.1866 44.9453 47.1958 43.1021 46.5215 41.6461 41.3309 60.6545 41.2378 40.8783 39.4559 39.4356 53.2296 51.7599 47.3547 40.9417 50.086 38.9244 37.7915 37.4068 37.3301 36.8095 36.7848 36.5671 63.5728 36.5507
threshold=0.99990731729870819 13.500000000000002 27740389.494676415 7.5000000000000009 4.8480131578947381 4.8950000000000005 0.67277211134400716 90.500000000000014 4.6950000000000012 2.5000000000000004 36.500000000000007 57451204.000000007 4.9050000000000011 51.500000000000007 27.298851256214039 28.922401433691761 7.0750000000000011 8952712.8791563828 6.0650000000000004 4.7055718954248382 90066662164.69487 9.5601809954751165 0.95035678370464449 11226529.745928399 21.500000000000004 1.5000000000000007 501260388.720514 32.042513859626538 1.0000000180025095e-35 0.93901509600703126 66.511479477106789 39298645.295996703 74.050000000000011 12.474316720257237 0.51219838308095089 0.52952801918925163 1.976478067387158 4.7501111111111127 8.5000000000000018 3.5000000000000004 13.000323497839164 3.5424162205209293 0.45334946688794447 498370625.75599509 1.4361415289256196 717084238072.96545 4.6174306076519143 38.852277327935234 -1.0000000180025095e-35 1.1329421267041382 58.500000000000007 5.5465974784050109 27.500000000000004 16.505350674744594 61.500000000000007 4855811507.4138002 3.0523318443715093 0.4316555694210894 359453317564.0509 0.35527766918597942 79457477.021716639 74.676968729027166
decision_type=2 2 2 2 2 2 2 2 2 2 2 2 2 2 2 2 2 2 2 2 2 2 2 2 2 2 2 2 2 2 2 2 2 2 2 2 2 2 2 2 2 2 2 2 2 2 2 2 2 2 2 2 2 2 2 2 2 2 2 2 2 2
left_child=1 3 11 5 13 14 -3 20 10 44 15 12 17 18 42 28 -14 -2 24 57 21 30 31 36 41 26 27 -7 -4 33 -8 -15 -18 34 46 -21 37 -11 -39 40 -23 -5 -1 -44 55 -35 -24 48 -12 51 -51 -50 -53 -26 -48 -10 -30 -16 -6 60 -17 -13
right_child=2 6 8 4 58 25 7 -9 9 23 47 61 16 22 19 59 32 -19 -20 35 -22 39 29 -25 53 -27 -28 -29 56 -31 -32 -33 -34 45 -36 -37 -38 38 -40 -41 -42 -43 43 -45 -46 -47 54 -49 49 50 -52 52 -54 -55 -56 -57 -58 -59 -60 -61 -62 -63
leaf_value=0.00012249806037409753 -0.026061011325446977 0.050100974124241505 -0.02140283112555862 0.020781852479368531 0.029804513918354477 0.0035292714582250864 -0.068431412266332356 0.050547555622697041 -0.010503793634149059 -0.00027150384468303292 0.058860808061780734 -0.027792678455437442 -0.0098012974676277929 -0.059318674155923949 0.0037080678469002776 -0.0088697785842033316 0.058281177764097296 -0.01500191976227171 0.030811724766670292 0.014659159000768002 0.058065651039201638 0.046164345869805549 0.038096526720064833 0.016402726484824451 0.015789430989095483 0.040614242982441082 0.029775655199442877 0.015005453314959092 0.034316923316419244 -0.0012076402446513537 0.014169396470217822 0.032996220163489798 -0.045999433646594798 0.025549273885986035 -0.058659798802423169 0.0017525915498387058 0.044868964137454205 0.0055487330865876087 0.02426398932286377 0.027561544171366199 -0.0019865797497319419 -0.0021881923656066563 -0.014128514761401839 0.0086048638240227623 0.044067203962294632 0.05340720864988751 -0.07574612294913069 0.012493716898902975 0.04377511214494003 -0.00069944345314375343 -0.030989733971315471 0.01095777376517325 -0.093154881665709025 0.006467439639507272 0.045058483622067332 0.014666426509363093 -0.0079374664289674473 -0.0060615154917827742 0.051458096569675864 -0.010453525385343922 0.0011613511482645765 -0.04720926686648759
leaf_weight=1792.9003889262676 3972.041474506259 2204.7883801907301 1519.6869214773178 224.70103271305561 1533.2361321374774 1754.1088345646858 43.240876615047455 591.43137834221125 2380.2883222401142 3409.0524918735027 33.489624515175819 920.68023665994406 2857.5808416903019 39.886571615934372 2403.3223248273134 2857.2313164025545 68.732352241873741 3055.3207507357001 417.57389754056931 2005.6710634380579 102.45398376882076 60.174929291009903 60.150014892220497 1176.1810166090727 2100.0825748890638 169.80881024897099 389.55422033369541 2741.7212535589933 61.028974577784538 179.57258389890194 28.964547008275986 20.39459553360939 12.25426661968231 1558.3646534606814 30.184214890003204 965.25793275237083 63.646039709448814 2093.7775011211634 401.45023095607758 649.52476694434881 301.49836262315512 1619.8846574574709 1717.9750327020884 353.84226402640343 37.225709140300751 143.8392508327961 18.461204946041111 1017.1201353222132 82.022658184170723 309.18504984676838 221.44859752058983 73.180168926715851 13.717102557420729 2399.0290084183216 9.9702429920434934 157.36951188743114 364.21329851448536 1610.0890242904425 224.90168349444866 2503.6842199265957 3531.8892229199409 328.98307213932276
leaf_count=7093 27104 17007 7567 917 7253 6825 184 4537 10587 13599 199 6120 15601 176 9193 12572 252 16572 2008 8051 732 293 253 4707 8421 646 1735 10939 246 708 141 84 52 7041 135 3919 230 8269 1593 3512 1458 6260 6920 1456 139 841 82 3857 334 1217 896 277 60 9473 50 620 1525 6228 1325 10310 13832 2598
internal_value=0.0021952 0.0132604 -0.00786128 0.00906795 0.0156041 0.00471978 0.041144 0.0300327 -0.00217392 0.00221502 -0.00556258 -0.019173 -0.0174512 0.0122221 0.00085143 -0.00744951 -0.00835982 -0.0212528 0.00926837 0.00433044 0.0198011 0.0161826 0.0219131 0.00596034 0.00785028 0.0130217 0.0120627 0.0105279 -0.0171329 0.0234197 -0.0352969 -0.0280863 0.0425022 0.0258483 -0.00360554 0.0104658 0.00390232 0.00346071 0.00855978 0.0198585 0.00602473 0.000609939 -0.00543585 -0.0102459 -0.00817652 0.0279033 0.0151543 0.00612204 -0.00271885 -0.00566685 -0.0133404 0.0184385 -0.00547685 0.0108187 -0.0333828 -0.0089429 -0.00187329 -0.000211266 0.0325744 -0.00533168 -0.0033246 -0.0329042
internal_weight=63989 30466.6 33522.5 26484.5 10580.2 15904.3 3982.08 1777.29 22306.9 9718.99 12587.9 11215.6 9965.93 8822.09 10849.1 10837.7 2938.57 7027.36 6761.27 6984.34 1185.86 1083.4 2060.82 7144.11 6343.7 5055.19 4885.38 4495.83 1944.93 2000.54 72.2054 60.2812 80.9866 1820.97 118.766 2970.93 5967.93 5904.28 2495.23 1011.2 361.673 1844.59 3864.72 2071.82 2574.88 1702.2 88.5815 1750.16 733.043 699.554 530.634 168.92 86.8973 4499.11 28.4314 2537.66 425.242 4013.41 1758.14 8892.8 6389.12 1249.66
internal_count=296831 135896 160935 108032 45027 63005 27864 10857 92636 39744 52892 68299 59581 36449 42860 46052 15905 43676 27079 27391 6320 5588 9370 28398 25071 20145 19499 17764 9338 9110 325 260 304 8402 520 11970 23691 23461 9862 5263 1751 7177 15469 8376 11346 7882 385 6840 2983 2784 2113 671 337 17894 132 11207 1771 15421 8578 36714 26404 8718
is_linear=0
shrinkage=0.05


Tree=34
num_leaves=63
num_cat=0
split_feature=35 69 20 39 69 48 69 18 69 1 8 39 59 28 48 18 18 41 1 36 69 36 46 41 1 69 47 54 28 32 69 55 52 63 41 28 30 63 68 46 47 59 41 22 7 63 1 26 60 52 46 68 1 69 1 41 59 61 0 1 1 4
split_gain=2623.62 1504.58 923.5 336.471 266.233 239.991 152.564 147.265 140.683 115.103 103.97 103.47 102.783 96.4865 86.8555 91.4946 81.6436 111.712 80.9823 77.652 68.5458 68.1344 66.7452 66.2867 67.1407 64.386 63.6802 63.2592 54.0864 52.0755 51.1323 50.6254 50.0557 49.2404 48.9311 48.6232 65.3704 46.6709 46.6168 46.5171 46.4728 45.5666 45.0084 41.1647 40.4114 40.0877 39.9609 39.8771 47.1275 38.7975 38.525 38.4758 51.4238 38.4049 38.4012 37.7638 43.6636 46.5105 37.6308 37.2707 36.033 35.8648
threshold=0.95920304504051612 9.469713848298527 19.500000000000004 7031876458114471 23.262854422344478 89902999506.429504 3.2868953971770685 9363200.0064165853 21.789888850165543 4.5950000000000006 0.14550000000000002 8.912738021724233e+17 735.44328314882227 2900469699.1893225 354852392809.20172 141766266.34202841 2299402704.9364161 0.38333333333333336 4.8950000000000005 10.350433333333337 40.574746085484556 13.301833333333336 29.612761627906984 0.11666666666666667 5.1050000000000013 41.656739314430816 68.146789646688518 1.3977293670449484 50294278.041270085 5.6750000000000007 0.52281185432277033 2255581.2523085154 5594345.1870554248 169.69374343741904 1.0277777777777779 260978615803.30365 72.500000000000014 230.56494159877005 7.1581717061368026 11.614614475566521 1.0253942301229526 913.99236238627816 0.1277777777777778 7.5950000000000006 3.6050000000000004 19.871691037159938 5.7950000000000008 -1.0000000180025095e-35 12.857142843897176 1209728.0443487314 7.623193277310925 43.608582769834072 7.0950000000000006 2.8777382937940312 4.6950000000000012 3.1166666666666671 42.647306790180103 5.0655564473340595 142.05000000000004 6.3150000000000004 6.6250000000000009 0.84040000000000015
decision_type=2 2 2 2 2 2 2 2 2 2 2 2 2 2 2 2 2 2 2 2 2 2 2 2 2 2 2 2 2 2 2 2 2 2 2 2 2 2 2 2 2 2 2 2 2 2 2 2 2 2 2 2 2 2 2 2 2 2 2 2 2 2
left_child=2 3 5 6 7 8 18 9 16 22 46 23 28 20 15 35 17 21 30 -14 34 40 -3 24 53 26 31 37 -7 -13 -2 -6 -9 47 54 36 41 -19 -23 -29 -1 -4 -12 -31 -8 -24 -11 -25 50 -40 -49 52 -20 -5 -10 56 57 -52 -48 -26 -46 -17
right_child=1 4 14 11 25 12 44 32 13 10 42 29 19 -15 -16 61 -18 27 51 -21 -22 38 45 33 59 -27 -28 39 -30 43 -32 -33 -34 -35 -36 -37 -38 -39 49 -41 -42 -43 -44 -45 60 -47 58 48 -50 -51 55 -53 -54 -55 -56 -57 -58 -59 -60 -61 -62 -63
leaf_value=-0.00033203854519160095 -0.046621081979199085 -0.018942459358511684 0.015246896701938809 -0.021016664504256231 0.0075142725645256222 0.018312297660673434 -0.030392380344909917 0.013185982243327031 0.0083929964298316753 0.0033188250337326331 -0.015019618790584577 0.060441492918729536 0.01995524780226185 0.038876032479779395 0.055908894164484316 -0.017307920585270788 0.022940255272003596 0.019042483869049484 -0.01652882693101158 -0.14271043041001305 0.033681808046581753 0.013014879915434076 -0.011698096849420969 0.067614384219576121 -0.003059390684992776 0.027376677234080327 0.015304689826542331 0.06243179705146034 0.042447045192755245 0.00091508982826381041 -0.029339804615799769 -0.0094860344857641381 -0.071380598643903129 0.033263256810770907 0.038471878265500595 -0.085342531494600471 0.045650984995093513 0.057519646372639913 0.00059563817370281852 -0.042954666795431473 -0.030427371418002693 -0.10121027590898841 0.054544337000047155 0.042043374565271532 -0.013685381369149536 -0.0024984526422989141 0.02497589031825323 -0.048093994568291089 -0.06974901705387386 -0.041496529888422104 0.0022423732257952234 -0.03068566971414698 0.052387687209579405 -0.011829880239947204 0.018010522508682868 0.062892438397939246 -0.0093992611202994673 0.042779555400128934 -0.015650339118417993 0.037870636075601823 0.016716805543422277 0.047799950946750748
leaf_weight=239.00271655619144 511.8889092952013 891.21511791646481 396.32382766902447 1648.6202646866441 6890.4909591376781 306.45281438529491 361.01125229895115 2035.8389487490058 2489.4979986175895 7237.2559567838907 931.20454548299313 40.308360442519188 15.313479304313661 480.70372080057859 1135.9387043341994 21.542625620961189 652.08678293228149 846.22518365830183 1481.3538653403521 14.084698930382727 464.66540177166462 871.31180590391159 1498.8898012340069 19.635853350162506 966.26143611967564 492.95448668301105 2790.2423024773598 12.593809902667997 957.23815469443798 1331.2147553563118 2613.1118534132838 467.64109709858894 17.649999707937241 99.561980471014977 187.9212896451354 10.129849292337893 241.40856385976076 86.903101652860641 2682.6287432312965 62.115637615323067 276.87613873183727 8.5813774764537794 23.847737923264503 63.752861440181732 3862.2722487002611 5639.4322850853205 375.02600009739399 45.439125895500183 26.841357707977295 55.885093957185745 379.75214467942715 553.09932171553373 27.571911290287971 3670.3319997042418 1780.025631301105 22.543858468532562 811.23939277231693 86.963305845856667 67.215311616659164 59.01611565053463 99.984068378806114 1164.9540007710457
leaf_count=943 4618 3907 2275 9279 26939 1390 2061 7888 10155 27609 4124 241 70 2644 9623 98 3197 3623 9644 65 2166 3410 6278 90 4392 2132 11035 47 5922 5388 19234 1818 75 386 971 79 1832 445 10423 276 1132 44 94 307 20439 22049 1397 208 132 228 1556 3774 110 17489 7565 91 3402 335 264 224 416 8783
internal_value=0.00210018 -0.00365478 0.02002 -0.0147063 0.00341523 0.01405 -0.0213141 -0.000174856 0.011693 -0.00173172 0.00227554 -0.00792839 0.0344441 0.0174949 0.0450341 0.0383312 0.00627501 0.00415811 -0.0270957 -0.0579781 0.0154068 0.000512612 -0.00604092 -0.010189 -0.012419 0.00973001 0.00887283 0.0190814 0.0365942 0.00441369 -0.0321706 0.00643383 0.0124591 -0.00070611 0.0135017 0.0233534 0.0250571 0.0226259 0.00294165 -0.0251896 -0.0164844 0.0127788 -0.0132826 0.00279474 -0.0143774 -0.00443017 0.00421041 -0.00313503 -0.00414701 -0.00026334 -0.00283874 -0.0194046 -0.0152695 -0.0146773 0.0124027 -0.00125753 -0.00238917 0.00979569 0.0188012 -0.000703413 -0.0129182 0.0466178
internal_weight=63601.1 48140.7 15460.4 18781.8 29358.9 12481.5 9510.29 18717.6 11188.4 16664.1 8634.55 9271.48 1293.09 5402.81 2978.88 1842.94 5785.63 5133.54 5187.03 29.3982 4922.11 4125.7 8029.54 7836.21 6344.23 10641.3 10148.4 1007.84 1263.69 1435.28 3125 7358.13 2053.49 1491.98 4457.44 656.444 646.314 933.128 3609.83 74.7094 515.879 404.905 955.052 1394.97 4323.27 7138.32 7679.5 1392.42 1372.78 2738.51 1345.94 2062.03 1508.93 5318.95 4269.52 1300.5 1277.95 466.715 442.241 1025.28 3962.26 1186.5
internal_count=296831 219425 77406 103816 115609 54672 60296 73685 47225 65722 33488 43520 7447 23501 22734 13111 23724 20527 37380 135 20857 16136 32234 37584 31384 41924 39792 4391 7312 5936 23852 28757 7963 6200 18691 4230 4151 4068 14061 323 2075 2319 4218 5695 22916 28327 29270 5814 5724 10651 5592 13528 9754 26768 17720 5384 5293 1891 1661 4616 20855 8881
is_linear=0
shrinkage=0.05


Tree=35
num_leaves=63
num_cat=0
split_feature=39 39 69 69 40 10 10 69 1 69 69 36 40 33 10 46 1 59 66 18 47 59 57 8 1 63 59 63 6 61 47 59 57 48 30 7 1 59 40 33 47 10 40 39 46 8 1 63 57 69 69 5 39 68 68 40 13 1 24 46 39 18
split_gain=2380.18 1354.73 743.086 448.476 358.599 237.147 213.132 177.414 167.209 115.2 104.557 100.788 91.8784 90.192 89.3772 80.8084 76.9175 74.6968 77.1186 70.6668 83.2809 64.1294 61.4904 60.261 59.3114 58.6721 58.4514 58.2828 71.1158 57.073 67.8968 61.2554 56.9321 55.7806 52.6151 51.9754 65.8343 51.3551 51.0464 51.8651 49.4577 49.1166 46.4869 46.4414 45.3944 43.8547 67.5084 42.2743 41.9596 40.0486 39.0171 38.5712 46.5237 38.1419 36.9493 36.4365 35.8823 36.2809 35.3161 35.3011 34.8709 60.4759
threshold=32840891843934304 4.07340222413515e+19 6.432858903188869 11.806455527619429 116.50000000000001 3.5000000000000004 3.5000000000000004 41.656739314430816 4.6950000000000012 21.380731746782509 0.64101279530009225 261.36250000000007 26.500000000000004 4.7002336448598143 2.5000000000000004 27.391333333333339 4.7750000000000012 779.82269281538936 0.33379414889141273 1015884274.1461791 56.537596189131072 222.04092397882437 0.94609324220377078 0.15050000000000002 4.9050000000000011 166.13053771444757 107.98316070541593 71.701260721407849 3.2550000000000003 6.3097175808664128 1.0000000180025095e-35 225.90149813208021 0.4972635677397324 354852392809.20172 19.500000000000004 12.905000000000003 6.4850000000000012 913.99236238627816 31.500000000000004 4.4601063829787249 69.626560648161544 10.500000000000002 39.500000000000007 2.4651264610210697e+19 522.81168478260872 0.12250000000000001 4.995000000000001 8.7422405092687399 1.7643213327319622 5.9055008588285096 2.7686297328918879 0.26050000000000006 1.1238727839330081e+20 17.105159080580169 1.5488808615635459 253.50000000000003 4.4288018433179737 4.7750000000000012 0.30912061651652351 6.003000000000001 5.5590661964584929e+18 125896694.5204816
decision_type=2 2 2 2 2 2 2 2 2 2 2 2 2 2 2 2 2 2 2 2 2 2 2 2 2 2 2 2 2 2 2 2 2 2 2 2 2 2 2 2 2 2 2 2 2 2 2 2 2 2 2 2 2 2 2 2 2 2 2 2 2 2
left_child=2 3 10 5 7 12 11 8 19 15 56 33 16 25 23 -4 49 51 -19 20 38 -22 -23 26 37 43 -10 28 -7 60 31 -31 -21 -3 -6 36 54 50 -5 48 -11 58 -24 -14 -28 46 47 -17 -40 -2 -12 52 -8 -48 -26 -29 -1 -58 -32 -51 61 -30
right_child=1 6 9 4 34 27 17 -9 14 40 24 -13 13 -15 -16 45 -18 18 -20 32 21 22 42 -25 35 -27 44 55 29 30 41 -33 -34 -35 -36 -37 -38 -39 39 -41 -42 -43 -44 -45 -46 -47 53 -49 -50 59 -52 -53 -54 -55 -56 -57 57 -59 -60 -61 -62 -63
leaf_value=0.019937409474500976 -0.017101782476938394 0.020257956869063988 -0.018270965783372509 -0.0018373110840584979 0.0085605052466161489 -0.037957911732305283 -0.071032095082393817 0.031929198801645679 0.01609455319786705 0.0027097340135859281 -0.025398096339455618 -0.048848009247257185 -0.0011024502395927654 0.03035684402087245 0.029194469199338102 -0.015609624252429156 -0.0011502200205110885 0.054902939400616003 -0.07413003540035483 -0.098655360848072138 0.012191028800648818 -0.04528438572330503 -0.0048423587366475404 -0.0054783427181335845 0.014048131914434332 0.052462799292444018 0.0055979812902778522 0.03746704821974179 0.0027528650119359736 -0.010217637089714767 0.051645053319186854 0.062351503345399087 0.026159127399307619 0.041716888479935689 0.047449669631938779 -0.030447886032571661 0.021562502302088976 -0.03997612269137174 -0.0040933528122873838 0.014645386348371049 0.020674262556873532 0.044923575753353318 0.018075903443051967 -0.065606056903869503 0.021197166922680394 -0.015910717967789156 0.012377676464233205 -0.0040531529634980157 0.022995631719453753 -0.049084630315323181 -0.016958936257059676 0.051321723927603528 0.057978016227284358 -0.0016278201585467019 -0.014149814345743698 -0.049533590151431731 -0.045241768766090804 -0.027373189568652662 0.012035813413358146 -0.0068066898608490746 0.031505150899201667 -0.063597373969062232
leaf_weight=28.585910506546497 1800.0734183639288 1012.6520646587014 1135.1825463175774 5561.9487824961543 98.898902103304863 70.542875543236732 14.258928880095484 825.79674846678972 5271.8258106783032 2532.862794727087 2565.1251081973314 45.569322913885117 913.55282413959503 317.22131960839033 799.9666603282094 899.90097764134407 3157.7025048285723 21.819917999207973 24.674130886793137 9.3209800869226438 3782.788681589067 74.261261314153671 768.93023589253426 479.63205783069134 124.36900644004345 50.086516737937927 3159.557430267334 323.95351261645555 87.579509288072586 259.29697900265455 64.939792513847351 32.752047687768936 460.9621260613203 432.03765857964754 721.37364713102579 354.83687424659729 155.42614725232124 376.64585492759943 1022.4729954004288 1132.7927771285176 451.40716269612312 240.92853040993214 310.65415555983782 28.783933416008949 547.14064830541611 741.61984379589558 922.99468883872032 6559.9963693320751 166.18451867997646 50.268878757953644 2938.6639937013388 2023.3309568241239 13.704918041825293 1027.0457977503538 1763.2547372877598 12.498938068747519 599.86289741098881 539.63316956162453 421.79749280959368 2774.571541339159 36.403730623424053 56.497542142868042
leaf_count=207 8499 5180 5427 21427 453 300 63 3817 21078 9781 18681 217 3699 1436 4021 4064 13003 143 122 39 14893 291 2950 1832 731 190 12475 1683 347 1089 269 125 2344 2761 4908 2259 666 2806 3941 4888 1709 1372 1180 130 2290 3640 3601 27437 619 233 17082 16488 101 4092 10661 73 5390 4069 1811 11287 217 244
internal_value=0.00200959 0.00953019 -0.0105098 0.0066019 0.010244 -0.00197443 0.0388242 0.00914974 0.00835091 -0.00330935 -0.0213879 0.0243659 -0.00510408 0.00714848 0.0131466 -0.00561931 -0.00716592 0.0490952 -0.0135741 0.00464934 0.00395104 0.00904364 -0.00127483 0.0117893 -0.0194119 -0.000269913 0.0127117 0.0157307 0.0108314 0.013699 0.0182861 -0.00207932 0.0236853 0.0266753 0.0427609 -0.0127843 -0.00971645 -0.0221145 0.000762023 0.00698975 0.00542709 0.0264598 0.00175245 -0.00307273 0.00790056 -0.00420456 -0.00328197 -0.00544723 -0.00030608 -0.0112732 -0.0208921 0.0505157 -0.00780499 0.00500127 -0.0122919 0.034235 -0.0353917 -0.0367797 0.0173204 -0.00755904 -0.0122179 -0.0232653
internal_weight=63199.4 39482 23717.4 35894 25194.5 10699.5 3588.05 24374.2 23548.4 14271 9446.4 1490.26 9092.26 1309.64 10258.1 11286.7 7782.62 2097.79 46.494 13290.3 12820 4936.63 1153.85 9458.16 8278.32 992.423 8978.52 1607.19 1270.74 1200.2 1019.71 292.049 470.283 1444.69 820.273 2397.89 2043.05 5880.43 7883.4 2321.45 2984.27 727.666 1079.58 942.337 3706.7 10151.6 9409.94 7459.9 1188.66 4624.91 5503.79 2051.29 27.9638 1950.04 1887.62 336.452 1168.08 1139.5 486.737 2824.84 180.481 144.077
internal_count=296831 174528 122303 149453 103446 46007 25075 98085 94268 59751 62552 8158 38477 5455 41696 48261 33022 16917 265 52572 50189 19314 4421 37675 52886 4019 35843 7530 5774 5474 4666 1214 2383 7941 5361 14317 12058 38569 30875 9448 11490 3452 4130 3829 14765 42834 39194 31501 4560 20019 35763 16652 164 7693 11392 1756 9666 9459 2080 11520 808 591
is_linear=0
shrinkage=0.05


Tree=36
num_leaves=63
num_cat=0
split_feature=35 69 20 48 43 48 69 43 20 41 69 41 14 69 59 48 18 69 48 34 62 46 63 26 43 17 62 20 57 47 46 59 47 69 69 69 30 48 66 42 18 48 7 62 58 41 43 42 6 42 43 70 61 43 46 1 30 56 51 43 5 46
split_gain=2208.42 1254.71 861.369 294.265 234.567 214.376 148.994 124.027 109.289 106.433 103.752 100.901 94.8518 94.2436 91.7304 89.7696 89.7136 86.0644 76.9173 82.0573 72.0537 64.366 62.7445 62.419 66.0674 61.7504 55.5085 52.634 51.678 50.6734 50.6457 50.3185 48.1059 47.0178 45.6362 44.8237 44.6721 58.0525 43.4693 41.6025 50.8212 49.5637 40.513 47.564 39.7487 49.3295 50.4871 48.2365 39.6964 39.629 38.6144 48.6299 46.7871 38.5356 38.5102 41.6252 37.3894 37.087 54.3895 37.0342 35.2542 34.6669
threshold=0.95920304504051612 9.6060995494262045 19.500000000000004 15848844.984281095 4.6375216262975796 89902999506.429504 20.744265141520007 4.6895042839657295 1.5000000000000002 0.19444444444444445 26.363356027980387 0.26111111111111113 1.0000000180025095e-35 2.7686297328918879 735.44328314882227 354852392809.20172 141766266.34202841 3.8960848622140354 70364582344.254501 0.59666199824075539 0.52606000718648904 10.231385927505332 18.713612016967421 -1.0000000180025095e-35 5.4002083333333362 0.047569623414906261 1.5000000000000007 3.5000000000000004 0.92251200058356597 32.042513859626538 6.003000000000001 143.09933711201606 59.173820872359933 40.574746085484556 13.95225722536158 7.2602654900301227 162.50000000000003 258227081496.16293 0.49240481012316856 5.3050000000000006 501260388.720514 150609942.11361977 6.4050000000000011 1.6392982456140348 606300.25198847183 0.5277777777777779 4.2666666666666684 5.495000000000001 6.7300000000000013 6.995000000000001 4.6463525498891363 59.362609500338102 12.105993993666214 4.9400354609929087 95.003571428571433 6.745000000000001 37.500000000000007 372.50000000000006 0.82753082049572335 4.5200917431192673 0.42100000000000004 20.901503759398505
decision_type=2 2 2 2 2 2 2 2 2 2 2 2 2 2 2 2 2 2 2 2 2 2 2 2 2 2 2 2 2 2 2 2 2 2 2 2 2 2 2 2 2 2 2 2 2 2 2 2 2 2 2 2 2 2 2 2 2 2 2 2 2 2
left_child=2 3 5 13 6 7 22 11 17 25 12 30 26 20 27 16 36 54 33 -20 31 -16 49 -10 60 35 32 -7 -8 -12 -1 -2 61 38 -34 -9 37 -4 57 41 -41 -24 43 -22 47 46 -46 -30 -19 -3 51 52 -18 56 55 -5 -11 58 -13 -29 -25 -6
right_child=1 4 15 8 10 14 28 9 23 53 29 18 -14 -15 21 -17 50 48 19 -21 42 -23 39 24 -26 -27 -28 59 44 -31 -32 -33 34 -35 -36 -37 -38 -39 -40 40 -42 -43 -44 -45 45 -47 -48 -49 -50 -51 -52 -53 -54 -55 -56 -57 -58 -59 -60 -61 -62 -63
leaf_value=-0.064611448452320891 -0.025110191191967453 -0.013214529173493623 0.018326469059255692 -0.01706737226413927 -0.014789933351890581 0.018251262161050934 -0.0099504853836632715 -0.0094482141451274707 0.061192606641529916 0.018862544478013818 0.0067797979903014135 -0.08573071701166983 0.026984953828821184 -0.01486802774032122 0.018563840498441994 0.0552598108909087 0.048768955258001873 -0.037395968158310922 -0.0081088254855413919 -0.19424699373204563 -0.015398026979503574 -0.12814635152039267 -0.0021220805566326598 -0.027657083078639944 0.023399708934838694 0.023629966013651367 0.047063524353642361 -0.0050471917231227174 0.0074742101544488576 0.020782353507450835 -0.00057976265216921267 -0.038691487302429106 -0.0009892904949158174 0.03285359310960536 0.015637337807371549 0.0090385004047620968 0.051910142889919589 -0.09647648675456437 0.015027869287242918 -0.0090307120208050293 0.040154211467319692 0.012091490670617806 -0.030477649949641902 0.018148909766062715 -0.028481490086361378 0.022979427214547869 0.0085329962532485152 -0.0032932827540114694 -0.0072184534091026785 0.040117321190077306 0.052077494157917043 0.0481413889599333 -0.006741090888858531 0.036957504422868576 -0.036422712847072207 0.052229585090188102 0.043391680443716614 0.06809473661667749 0.0030460064501449981 0.043657243476919773 -0.0021020709000047085 0.0029265011426131797
leaf_weight=31.245236083865166 1562.5914857238531 2158.4906550943851 520.51626175642014 2701.7040384784341 288.48475503921509 345.09904952347279 568.97677519917488 422.00591610372066 40.682858258485794 1820.0316177085042 937.17515830695629 17.52026242017746 498.71914044767618 3021.7820868045092 15.140198335051538 1044.7664308100939 57.824550084769726 111.14706741273403 16.631156101822857 9.1940774098038656 747.58637891709805 14.768891125917433 3844.9481039345264 142.52337989211082 250.31166243553162 574.64901655912399 76.200947597622871 40.972481667995453 2346.0306853204966 2080.3387599885464 2649.7990414202213 1210.1988705173135 575.26775449514389 255.97034349292517 1460.4707302004099 1470.2238483577967 102.7537966221571 11.24969983845949 2015.6754040718079 2380.5451966226101 53.704365849494934 729.74073873460293 366.24836409837008 123.05223846435547 96.637785881757736 610.40754683315754 1972.7339790612459 1868.5690501630306 5574.513869151473 35.403447180986404 726.57026704400778 216.99034659564495 110.49707217514515 464.0079043880105 266.6130199432373 21.845657750964165 169.85312152653933 21.419040963053703 1129.6613772362471 823.54066311568022 2542.4500792622566 6443.8711584508419
leaf_count=138 12170 9336 3280 15093 1159 1602 2211 1721 236 8470 3768 77 2045 17801 70 9623 345 583 84 55 5220 65 15708 657 1047 2650 280 213 8732 9000 10286 10617 2174 1207 5612 6092 868 82 8342 9542 211 2706 2613 648 389 2414 7424 7366 25567 142 6303 1607 626 2442 1520 84 1008 85 4568 5497 10923 24427
internal_value=0.00192267 -0.00335164 0.0185889 -0.0134584 0.00315362 0.0129016 -0.000717211 0.0106933 -0.00858375 0.0166091 0.00837282 0.00595767 0.00576948 -0.021536 0.0326204 0.0436666 0.0367311 -0.0114198 0.0115917 -0.0743761 -0.0265612 -0.0538806 -0.00497459 -0.000315689 -0.00116819 0.00927502 0.00457316 0.0347592 0.00453243 0.0164335 -0.001326 -0.0310378 0.00420389 0.012237 0.0109389 0.00491559 0.0217296 0.0158978 0.0105797 -0.00266477 -0.0079456 0.000145226 -0.0165257 -0.0106567 0.00572767 0.0104888 0.00680445 0.00270038 -0.00780838 -0.0123539 0.045292 0.0324968 0.0123286 0.023982 -0.0182869 -0.0165115 0.0209563 0.00290728 0.00169017 0.041349 -0.00345858 0.00216734
internal_weight=62808.5 47710 15098.6 18683.3 29026.7 12307.4 16666.2 11067.9 11651.8 4920.77 12360.5 6147.12 9343.01 7031.46 1239.52 2791.17 1746.4 8675.82 3466.07 25.8252 4009.68 29.9091 9202.83 2975.97 2935.29 2466.88 8844.3 1209.61 7463.36 3017.51 2681.04 2772.79 8768.09 3440.25 2035.74 1892.23 634.52 531.766 3184.28 7008.94 2434.25 4574.69 1236.89 870.639 6894.38 2679.78 2069.37 4214.6 5685.66 2193.89 1111.88 385.312 168.322 2453.89 2990.16 2723.55 1989.88 1168.6 1147.18 864.513 2684.97 6732.36
internal_count=296831 219425 77406 104779 114646 54672 66181 47225 55710 22383 48465 24842 35697 49069 7447 22734 13111 42847 14418 139 31268 135 37645 12863 12627 10463 33652 7312 28536 12768 10424 22787 33372 14279 7786 7813 4230 3362 13072 28167 9753 18414 8481 5868 26325 10227 7813 16098 26150 9478 8881 2578 971 11920 16697 15177 9478 4730 4645 5710 11580 25586
is_linear=0
shrinkage=0.05


Tree=37
num_leaves=63
num_cat=0
split_feature=20 48 48 40 43 1 59 43 64 47 48 59 40 9 1 47 18 39 30 18 0 62 64 1 59 43 13 8 43 56 12 59 57 39 44 1 39 48 22 43 40 26 63 59 40 43 68 58 32 58 60 48 43 32 34 34 0 59 7 40 3 12
split_gain=2026.69 1212.68 553.606 245.266 329.656 169.214 146.762 145.327 113.038 110.734 110.537 140.105 100.79 96.5362 88.6673 85.427 83.7 82.6534 79.1339 73.429 65.485 63.8231 63.1206 62.9107 62.7249 56.246 55.7629 55.5659 54.2609 53.7363 60.6432 67.5247 85.277 61.1252 49.5609 48.2087 48.1028 52.5997 46.2877 46.0401 45.784 43.6554 41.6676 41.4291 40.7771 43.344 40.6152 52.8211 57.54 84.0297 49.3554 40.1179 51.2268 61.5952 75.3044 40.9406 39.8372 38.57 37.9293 38.3782 36.5006 36.477
threshold=5.5000000000000009 44668419.612829708 32072638573.705318 10.500000000000002 4.8071825396825405 4.4350000000000014 393.88566249663955 4.7333839918946321 1.0000000180025095e-35 1.0000000180025095e-35 354852392809.20172 188.24071947869558 117.50000000000001 16482336.500000002 5.0450000000000008 32.042513859626538 447511503.3655569 3.1264399522441048e+19 24.500000000000004 177859195.78916129 32.823 1.5000000000000007 1.5000000000000002 6.0550000000000006 342.2143492731139 5.0769672855879762 4.6083722741433037 0.13050000000000003 4.9142857142857164 127.50000000000001 6.0650000000000004 32.813528606485995 2.1714724095162645 3.5545661730307205e+18 0.4316555694210894 6.6950000000000012 2.0009810350335218e+19 385284604.07862782 7.4900000000000011 4.4789736842105272 3.5000000000000004 10.001271186440681 24.92635914481205 292.50362589469142 46.500000000000007 4.6286190476190487 4.1790373738090913 126626.88915154275 6.7950000000000008 3108465.1273613279 12.857142835003646 33261411691.198246 4.5666957026713142 6.6950000000000012 0.3631508544119138 0.52494046589120047 27.604500000000005 913.99236238627816 2.1050000000000004 45.500000000000007 240.60000000000002 5.8950000000000005
decision_type=2 2 2 2 2 2 2 2 2 2 2 2 2 2 2 2 2 2 2 2 2 2 2 2 2 2 2 2 2 2 2 2 2 2 2 2 2 2 2 2 2 2 2 2 2 2 2 2 2 2 2 2 2 2 2 2 2 2 2 2 2 2
left_child=1 6 7 5 8 43 13 12 15 -7 11 19 27 14 20 -5 21 -14 -9 51 -1 28 -10 57 44 -6 38 29 34 30 46 32 33 -32 -11 -16 37 -31 -13 -35 -30 -41 -25 56 45 -17 -2 60 50 -50 61 -4 53 54 -53 -55 -3 -8 59 -21 -48 -49
right_child=2 3 10 4 25 9 23 18 22 16 -12 26 17 -15 35 24 -18 -19 -20 58 -22 -23 -24 42 -26 -27 -28 -29 40 36 31 -33 -34 39 -36 -37 -38 -39 -40 41 -42 -43 -44 -45 -46 -47 47 48 49 -51 -52 52 -54 55 -56 -57 -58 -59 -60 -61 -62 -63
leaf_value=-0.019157527303333755 0.020423380987284478 -0.017546791446823123 0.064923523346526554 -1.4820961579294819e-05 0.016669834454046708 -0.0081587581650982479 -0.024061707574694131 0.021710471865023531 -0.01054220908926376 0.0017362542984858858 0.051677261493117847 -0.028710968150675777 0.04052617771689046 -0.022000230239004576 -0.0023406041139581953 0.0059945904935172906 0.019986511100738236 -0.094957679421027674 0.048850591297350393 -0.075678197026780414 -0.0092517846818278467 0.036120900909551217 0.00084284380634411466 0.049350758635194565 -0.0077933779886923448 0.032742457390379807 0.010530736158108397 -0.070487994451440245 -0.0019478383091643969 -0.061220702991295943 -0.10549606411717545 0.038140759559908984 -0.14542248575716296 -0.070586805583045018 -0.0082844930742397155 0.036194399904841336 -0.094198704966603999 0.007885615376920431 -0.14920361843877442 -0.062769594972375053 0.010442228906317077 0.053245477176168447 -0.01520890689298701 -0.020899402253838864 0.020407629199826024 0.01405213880626271 -0.0026826696320648713 0.015774471963870575 0.026163158860969829 -0.11744331215371465 -0.05157168456312821 0.0086133433405126726 0.030279133952205189 0.041485386180827373 -0.13681173201951213 -0.017450085727801892 -0.0053810635696192322 -0.03894217473430444 0.049804530687559231 0.057330904891042866 -0.064998006522279897 -0.028893037432713761
leaf_weight=2609.6197686865926 449.54790056496859 845.59324959665537 58.043203167617321 4108.746253862977 3134.5975910574198 2560.7340764403343 1225.369044996798 1063.9316158592701 1678.5068101733923 4316.5659562498331 1447.6652738600969 49.567193306982517 327.50578397512436 2197.959902882576 1771.1814755350351 5126.8367077559233 712.55813686549664 11.657772950828074 359.28188581764698 12.248710975050928 4626.0095807313919 136.9724046587944 4431.8383767008781 41.580616667866707 542.01534603536129 658.71082115918398 129.59285301715136 22.796669960021973 1071.0456735342741 37.331003844738007 10.705837637186049 320.76189675927162 10.253657802939413 11.556588709354399 1727.7857299894094 85.060075476765633 19.388854116201401 104.93379022181034 9.4977403953671438 9.3998178243637067 2453.7870607972145 59.032670758664608 62.649729304015636 714.95585534721613 811.70082040131092 2474.638081818819 1076.2090045586228 1214.9439194425941 19.800275534391403 20.97983606159687 29.278820678591728 18.60399541258812 424.75288005173206 63.131846815347672 17.069536775350571 55.260799273848534 3294.9359608739614 675.53903787583113 786.60592260956764 9.7324454411864263 24.023616343736649 47.492921128869057
leaf_count=16651 1944 3997 294 16356 13597 11528 8770 5212 6615 17152 12881 271 2210 14834 9025 19621 2957 81 2772 58 24541 508 17383 200 2066 2926 792 98 4392 156 47 1680 53 54 7017 317 88 439 56 40 9610 318 359 3357 3386 10146 4430 5099 97 97 143 95 2959 359 83 273 13693 5763 6495 75 112 203
internal_value=0.00183954 -0.0016961 0.0247939 0.00257711 0.00599315 -0.00182202 -0.0148107 0.0149205 0.0033288 0.00115678 0.0416165 0.0327036 0.00984822 -0.0125968 -0.0103235 0.00595434 0.00344637 0.0358693 0.0285618 0.0379929 -0.0128244 0.00223211 -0.00228462 -0.027276 0.00869306 0.0194609 -0.0078211 0.00731831 0.00174703 0.00783012 0.00920728 0.0269166 -0.00874781 0.00670416 -0.00112819 -0.000574783 -0.0203173 -0.0102482 -0.0480864 0.0217212 0.00667742 0.0373098 0.0105459 -0.00978478 0.00975519 0.0086177 0.0066162 0.00406475 0.0107595 -0.047717 0.0126057 0.0252946 0.0213207 -0.00337729 -0.0609715 0.0139767 -0.00786559 -0.0293499 0.0479943 -0.0167867 -0.00404333 0.0140941
internal_weight=62430.1 54097.5 8332.59 40802.5 22967.6 17834.9 13295 5250.81 19174.3 12979.4 3081.77 1634.11 3827.6 11289.8 9091.87 13063.9 10418.7 339.164 1423.21 1445.45 7235.63 9706.16 6110.35 2005.14 8955.19 3793.31 188.658 3488.44 9569.18 3465.64 3303.99 421.71 100.949 90.6949 6044.35 1856.24 161.654 142.265 59.0649 79.9891 3524.83 68.4325 104.23 4855.49 8413.18 7601.47 2882.28 2432.73 1332.5 40.7801 1291.72 636.862 578.819 154.066 35.6735 118.393 4140.53 1900.91 808.587 21.9812 1100.23 1262.44
internal_count=296831 246767 50064 166307 92096 74211 80460 25373 75573 53164 24691 11810 17389 65368 50534 51575 41636 2291 7984 10691 41192 38679 23998 15092 35219 16523 1119 15098 38171 15000 14317 2192 512 459 24169 9342 683 595 327 412 14002 358 559 21047 33153 29767 12125 10181 5639 194 5445 4063 3769 810 178 632 17690 14533 6628 133 4542 5302
is_linear=0
shrinkage=0.05


Tree=38
num_leaves=63
num_cat=0
split_feature=20 69 48 69 43 26 43 47 43 69 48 59 40 1 69 18 40 39 18 69 6 9 59 40 67 66 56 70 33 66 11 69 69 34 43 43 68 1 59 26 5 1 69 59 48 43 31 32 39 39 47 66 66 5 40 18 34 60 60 11 61 26
split_gain=1864.32 1402.68 535.41 347.216 228.755 183.218 146.29 140.057 135.405 113.173 110.641 132.49 94.291 84.096 83.237 80.4692 78.0578 73.8501 72.7494 70.7877 68.8269 67.7325 63.6371 60.9265 52.968 51.8179 56.7467 51.3194 50.7897 51.7475 48.1783 47.4178 45.8354 45.253 43.9954 51.3782 43.1158 48.8483 43.0101 42.2463 51.2156 41.3713 40.9813 38.5645 38.3738 47.6338 56.1148 52.6258 44.3709 38.324 38.1023 37.8028 37.414 36.2043 35.8604 34.2896 47.1503 59.754 40.1655 33.7625 33.7371 32.7554
threshold=5.5000000000000009 11.933748848671929 32072638573.705318 3.8960848622140354 4.6400304878048795 33.574537037037054 4.6054217359353329 35.787245473242926 4.7333839918946321 26.790697891513783 354852392809.20172 188.24071947869558 117.50000000000001 4.8950000000000005 24.535787632869489 2076824738.7063599 36.500000000000007 3.1264399522441048e+19 177859195.78916129 0.52281185432277033 6.7300000000000013 4148.5000000000009 118.51773684415902 22.500000000000004 0.84335933205092506 0.53727914962411616 434.50000000000006 39.559289847204603 4.6100143266475664 0.46173103126271881 16.500000000000004 2.8777382937940312 37.42878257947276 0.71507133341747731 5.8512500000000012 4.8945195195195206 21.497216062754841 6.495000000000001 373.14419493819605 1.0000000180025095e-35 0.57150000000000001 4.7750000000000012 6.6419836449179765 313.06870053564825 33261411691.198246 4.5666957026713142 2.1166666666666671 6.6950000000000012 2.8951918782831764e+18 7.1713720498204634e+17 58.112022192288684 0.41467745240824994 0.70088257582277247 0.28100000000000008 34.500000000000007 3643603243.6454682 0.41899350299921789 12.857142850105371 5.9999999961428587 3.5000000000000004 12.838162416943709 25.503333333333341
decision_type=2 2 2 2 2 2 2 2 2 2 2 2 2 2 2 2 2 2 2 2 2 2 2 2 2 2 2 2 2 2 2 2 2 2 2 2 2 2 2 2 2 2 2 2 2 2 2 2 2 2 2 2 2 2 2 2 2 2 2 2 2 2
left_child=1 3 8 5 9 -1 20 15 12 24 11 18 25 19 -9 23 42 31 44 -7 -5 -8 -11 34 43 32 30 41 29 -13 -27 -14 39 -30 35 49 37 -15 -22 -2 -41 -23 -10 50 -4 46 47 48 -46 -6 54 -24 61 60 -3 56 57 58 -42 -44 -20 -35
right_child=2 4 10 6 7 13 21 14 16 22 -12 28 17 36 -16 -17 -18 -19 53 -21 38 27 51 -25 -26 26 -28 -29 33 -31 -32 -33 -34 52 -36 -37 -38 -39 -40 40 55 -43 59 -45 45 -47 -48 -49 -50 -51 -52 -53 -54 -55 -56 -57 -58 -59 -60 -61 -62 -63
leaf_value=-0.0069024811231414331 0.066334909535882114 -0.0020637762694106169 0.063963683961477169 -0.034600393968193331 0.00043704999637229403 -0.045491575934062639 0.01548256919541776 0.0099526858915495557 0.005006620582674203 0.0130371791525178 0.051179642538846951 0.021963779900584679 -0.064775406858139331 -0.012063971843137795 0.020552096976291161 0.031968387650829121 0.048016183967870003 -0.085205432427133215 0.04324066634525512 -0.024891598856859619 -0.008343657300016313 -0.006546904180108528 -0.0043076350293366249 0.015495217401225603 -0.0085176902525833081 0.010602620218959797 -0.073954155364651664 0.032262690769521984 0.031653323979575876 -0.088376949339447966 0.040298137337615496 0.043092953609270512 0.028475505785782493 0.00091240557698226701 -0.013379358570980561 0.0087709183590485348 -0.022651875605683928 0.027256172876924473 -0.02096712273336979 -0.032921140981173928 -0.0012873003339820628 0.0018585661291996424 0.015476248589749787 -0.01169560907993469 -0.028615925164012335 0.029384566648853701 0.034066011089613893 -0.0022679591524932988 -0.15314428541659483 -0.019030977278639987 0.0073613206356180506 0.0072482261898919684 0.018826726942014555 0.04919609118815322 0.010525582537240737 0.027836142817197804 -0.016013332106585933 -0.080857568969571442 0.027238773391511817 0.036722047925659598 -0.081381826675955574 -0.1014246879193911
leaf_weight=2511.9363712370396 21.306719526648521 5330.7586792856455 56.019813872873783 283.03551273047924 2331.1570423990488 473.53782124817371 609.5179727524519 3903.1303200125694 295.87400836497545 2607.5965599417686 1390.1135062947869 15.88641346991062 10.535902284085749 1275.3293040245771 3525.0080778449774 263.09066018462181 350.90793720632792 12.323948144912718 11.384885318577291 3494.5280250310898 7283.5477934032679 3147.2154640853405 1245.3716011196375 932.99508395045996 2127.7379209697247 1939.3206680342555 19.068311348557472 107.25553680956364 82.335133947432041 32.087744824588299 146.935875184834 308.6319155395031 123.44252602756023 12.862169623374937 446.90458169579506 2141.6972397118807 1193.4258799105883 84.202697917819023 743.66012822091579 141.93400909006596 339.00996454060078 2737.0229627043009 345.69334245473146 620.87648573517799 16.234568104147915 416.02484915405512 61.00943573564291 63.773112997412682 12.787688195705412 283.54142571985722 1925.8132476508617 1639.2851038128138 26.207650929689407 757.32701625674963 632.7967786937952 94.261120900511742 436.17889512330294 19.123956263065338 194.0210644826293 407.32783787697554 10.383884377777575 19.942411847412586
leaf_count=12677 111 20894 294 1657 8829 4688 2471 15060 1321 10367 12881 85 64 8279 15827 1221 2692 81 72 25312 34896 13543 4716 4201 8491 8240 81 476 569 155 894 2146 552 67 1763 8287 7879 382 4020 624 1335 11163 1694 2494 71 2959 381 298 60 1131 7268 6314 146 6506 2461 521 1835 104 801 2277 50 97
internal_value=0.0017592 -0.00161801 0.0239854 -0.01064 0.00559295 -0.0183759 -0.00595371 0.0103119 0.0143061 0.00154763 0.0408697 0.03188 0.00941581 -0.0227955 0.0149826 0.00489042 0.0276028 0.0348948 0.0371712 -0.0273499 -0.0103676 -0.000396958 0.00737639 0.00372946 -0.00146168 0.00698501 0.0119093 -0.00201239 -0.00738545 -0.0518381 0.0126941 0.0395322 -0.000586296 0.00770207 0.00161976 0.00302906 -0.0157166 -0.00962868 -0.00951313 -0.00346586 -0.00468039 -0.00263714 0.0207736 0.000302466 0.0244767 0.0205947 -0.00318075 -0.0276691 -0.0834852 -0.00167409 0.00124669 0.0022593 -0.0257152 0.0473687 -0.000727911 -0.000977873 -0.00372597 0.00598052 0.00909607 0.0269686 -0.0162053 -0.0612999
internal_weight=62092.3 53902 8190.28 23944.2 29957.8 9032.96 14911.3 13827.5 5205.9 16130.2 2984.38 1594.27 3806.09 6521.02 7428.14 6399.39 1399.8 331.492 1404.95 3968.07 8310.24 6601.01 5492.25 6136.3 10638 3474.6 2105.32 5991.49 189.322 47.9742 2086.26 319.168 1369.28 141.347 5203.3 4756.4 2552.96 1359.53 8027.21 1245.84 1224.53 5884.24 1048.9 8510.25 625.849 569.83 153.805 92.7954 29.0223 2614.7 7889.37 2884.66 59.0122 779.096 5963.56 1082.6 988.334 552.155 533.031 753.021 21.7688 32.8046
internal_count=296831 246767 50064 127443 119324 59217 68226 56319 25373 63005 24691 11810 17389 46540 30887 25432 7984 2291 10691 30000 40573 27653 21397 24211 41608 15098 9215 25182 1119 240 9134 2210 5883 879 20010 18247 16540 8661 38916 5331 5220 24706 5292 33117 4063 3769 810 429 131 9960 30623 11030 310 6628 23355 4596 4075 2240 2136 3971 122 164
is_linear=0
shrinkage=0.05


Tree=39
num_leaves=63
num_cat=0
split_feature=35 48 21 18 40 1 40 59 40 43 40 43 9 43 1 18 30 1 40 6 1 44 43 64 48 36 46 59 40 48 56 44 42 64 40 44 43 16 70 59 43 39 54 55 36 58 56 0 1 39 43 64 62 12 26 33 27 24 62 68 63 30
split_gain=1717.89 838.531 778.501 195.006 188.911 178.438 154.275 122.1 119.902 92.3988 99.0997 87.5507 83.0873 81.2071 80.506 76.6894 74.1198 73.0225 67.7751 67.629 62.2106 61.5253 64.376 58.8032 58.5093 54.8137 50.4332 52.5886 47.8999 44.0928 48.2735 43.9032 43.0411 42.8045 41.9736 40.7777 43.4155 39.0659 38.7058 37.1828 45.8645 40.288 51.0763 42.7778 37.0141 42.018 48.475 36.7728 36.504 36.0429 34.7981 44.2974 34.7909 34.6232 33.3089 108.193 32.8592 44.0153 32.0788 31.9808 30.8677 30.8021
threshold=0.94411843892011371 37849893.910312466 3.0714285714285716 2849608823.3497171 64.500000000000014 4.6950000000000012 2.5000000000000004 462.29718982610228 10.500000000000002 4.9400354609929087 20.500000000000004 4.3251984126984144 127206812.00000001 4.9142857142857164 7.0950000000000006 141766266.34202841 72.500000000000014 6.3850000000000007 7.5000000000000009 5.2150000000000007 6.0550000000000006 0.49708813213627751 4.8143398268398281 1.0000000180025095e-35 3954269.4990041857 14.768333333333334 28.922401433691761 462.29718982610228 12.500000000000002 717084238072.96545 12.500000000000002 0.34618456060315589 7.3650000000000011 2.5000000000000004 16.500000000000004 0.66366954876927242 4.9250850340136072 127.58333333333336 2.8767201857380851 913.99236238627816 4.6286190476190487 4.6885292710899476e+18 1.302883445709756 1414961.7371453333 13.301833333333336 13936884.001522975 15.500000000000002 109.05000000000001 4.4850000000000012 2.3057254672328953e+20 4.6895042839657295 1.0000000180025095e-35 1.4361415289256196 6.9050000000000011 10.072438780609696 4.6500542299349252 20.800000000000011 0.56516967433471077 0.072222222222222368 71.497348995314965 103.33069471524306 9.5000000000000018
decision_type=2 2 2 2 2 2 2 2 2 2 2 2 2 2 2 2 2 2 2 2 2 2 2 2 2 2 2 2 2 2 2 2 2 2 2 2 2 2 2 2 2 2 2 2 2 2 2 2 2 2 2 2 2 2 2 2 2 2 2 2 2 2
left_child=2 7 3 4 9 8 52 12 26 10 25 -10 14 17 23 16 39 28 53 -5 60 22 -13 24 -2 -1 -3 38 31 30 -6 -8 33 37 -11 -35 -37 -21 -28 40 41 43 -43 -4 -32 46 -46 -16 -26 -23 51 59 -7 -15 55 -18 -42 -58 -25 -12 -9 -20
right_child=1 5 15 19 29 6 13 20 11 34 50 21 -14 18 47 -17 54 -19 61 32 -22 49 -24 58 48 -27 27 -29 -30 -31 44 -33 -34 35 -36 36 -38 -39 -40 -41 56 42 -44 -45 45 -47 -48 -49 -50 -51 -52 -53 -54 -55 -56 -57 57 -59 -60 -61 -62 -63
leaf_value=-0.018414321598768456 -0.014303859658453733 -0.015924959324706747 -0.034813688459089852 -0.042671811038513807 0.027513142593419027 -0.0076893641570767828 0.0051302032413953532 -0.0240354597156563 -0.0080697364524942219 0.012504451353750315 0.013330412768937015 0.0037394457099658865 -0.033812405079283479 0.0067272394844704216 0.047059749905290715 0.049208492754837407 0.039366656581229814 0.037897352117796879 0.019445546518060221 0.034200394468695619 0.014268871503203072 -0.0071339128881114273 0.024390604254862357 -0.021301218791932874 -0.010454604614407996 0.001242932515648513 -0.0013775727780373347 -0.024752628403866751 0.0081222474118760775 0.049133756788211524 0.046266763235479923 -0.0038687305171252783 0.050365846135129837 0.034839049143124481 0.031469287631347855 -0.059672068943382423 0.020486514389534798 -0.031329981689911211 -0.0098909939848411833 -0.090866331750804857 0.042668585891200775 -0.005477398444758229 -0.10038596419659856 0.060215894276387807 -0.044866441200848511 -0.075648715598399308 0.027843868854040735 -0.047477773454929428 6.2293952707879568e-05 0.055792411248060871 0.017035613868363823 -0.0023637846092716091 0.044098064783989192 0.040218974330283042 0.050370026087191128 -0.19032433689574321 -0.12616850576199554 0.033746714561573299 -0.012321662973441092 -0.0030022603312763276 -0.038863376592410008 0.04772084541070979
leaf_weight=397.77407205104828 2603.4380958303809 1322.5047391429543 16.72532057762146 30.163917765021324 981.5331175327301 2287.9528756961226 2888.0706103891134 955.61630080640316 2183.8350882530212 742.90597789734602 2014.4635302200913 7728.810720577836 429.95218208432198 2308.6807927787304 80.84062996506691 1633.2664764225483 29.581697680056095 161.18436543643475 1405.3015988469124 711.84645543247461 85.873086720705032 1506.4524403437972 396.74915143102407 1858.3509270995855 1418.6115420609713 3270.1411289349198 4099.0266841351986 326.37578022480011 3984.4393797889352 196.59581568092108 30.417259141802788 2553.8887748122215 275.62068482488394 48.180719718337059 480.42891519516706 39.196010708808899 29.685606129467487 23.493898302316666 1979.968983232975 8.3979957699775678 145.10836554318666 103.14028409868479 16.434646561741829 40.56385064125061 37.888616226613522 23.365356214344501 58.032374523580074 11.785953894257544 1972.1351672783494 23.104996040463448 1310.2917525470257 857.52565538883209 32.897004917263985 79.835431471467018 326.94173640757799 6.2016932517290106 7.0700096413493183 10.994146592915056 2139.8746617883444 352.10719019919634 554.71973084658384 103.40489908307791
leaf_count=1625 17525 6673 78 131 5418 10159 11471 7392 8969 3234 8266 30174 3155 9075 304 15747 254 605 5926 4144 465 6071 1661 11558 7928 13006 16586 1632 15784 1491 157 10238 2161 265 2532 194 147 123 8707 42 1166 506 81 185 190 117 296 52 10476 121 6243 3411 121 401 3121 47 59 93 12187 1400 4977 508
internal_value=0.0016827 -0.00288727 0.0169042 0.0117206 0.00962104 0.00100066 0.00495192 -0.0142425 -0.00219108 0.00713366 0.00522182 0.000971169 -0.0122865 0.00700125 -0.0113688 0.0432412 0.0295367 0.00452743 0.0130871 0.0312142 -0.0271278 0.00301608 0.00474779 -0.0117989 -0.0086663 -0.000888836 -0.00703558 -0.0052002 0.00395683 0.0272777 0.0234794 0.000907041 0.03319 0.0276362 0.0199523 -0.000445762 -0.0251265 0.0321067 -0.00415045 0.0130672 0.015634 -0.00200397 -0.0185218 0.0324724 -0.00296808 -0.0155227 -0.000876571 0.0350306 -0.00433774 -0.00618337 0.0101648 0.00737246 -0.0069553 0.00784669 0.0453574 -0.000441563 0.034752 -0.0288414 -0.0164953 0.0109004 -0.0294815 0.0213835
internal_weight=61739.8 47483.7 14256.1 11911.7 10753.5 35372.5 15805.7 12111.2 19566.8 9425.64 8202.3 11839 10515 13484.8 10085 2344.43 711.16 9587.58 3897.22 1158.19 1596.21 9655.12 8125.56 9992.41 5994.18 3667.92 7727.88 6405.37 9426.4 1327.83 1131.24 5441.96 1128.02 852.403 1223.33 117.062 68.8816 735.34 6079 348.435 340.037 176.864 119.575 57.2892 149.704 119.286 95.921 92.6266 3390.75 1529.56 4534.39 3224.1 2320.85 2388.52 362.725 35.7834 163.173 18.0642 3998.23 2366.57 1510.34 1508.71
internal_count=296831 220901 75930 54551 47386 144882 64288 76019 80594 39717 33951 46996 63185 54008 60030 21379 5632 38098 15910 7165 12834 38027 31835 59674 35929 14631 33598 26925 37493 7669 6178 21709 7034 4873 5766 606 341 4267 25293 2210 2168 850 587 263 760 603 486 356 18404 6192 19320 13077 10280 9476 3422 301 1318 152 23745 9666 12369 6434
is_linear=0
shrinkage=0.05


Tree=40
num_leaves=63
num_cat=0
split_feature=21 69 48 69 43 26 47 43 43 48 59 69 40 1 69 40 19 19 69 38 38 59 42 53 29 26 36 44 61 59 21 68 40 2 67 62 2 29 69 57 59 67 19 62 68 1 43 43 44 53 19 48 40 38 38 66 10 26 69 69 7 24
split_gain=1592.33 1193.26 500.502 306.586 195.528 164.545 125.726 123.758 121.516 111.192 122.386 97.9763 84.4314 78.6082 75.1485 73.4645 71.9026 71.1865 68.7937 66.5609 58.5669 56.6108 52.2141 129.834 87.8575 66.2608 65.1145 61.6198 58.36 90.6268 64.1889 54.029 50.4613 49.7001 47.098 45.9309 45.7712 45.1573 44.7937 45.4208 44.0274 43.2752 41.7997 41.667 40.8906 52.7567 39.7644 46.4868 45.0398 39.5524 39.2603 37.5641 46.1909 48.2039 59.9659 37.5102 39.8724 36.7928 36.3115 54.4258 35.9411 35.2981
threshold=0.78571428571428581 11.933748848671929 32072638573.705318 3.8960848622140354 4.6400304878048795 33.574537037037054 35.787245473242926 4.6054217359353329 4.7375247035573134 354852392809.20172 188.24071947869558 26.790697891513783 117.50000000000001 4.8950000000000005 24.535787632869489 36.500000000000007 2.6145674394002125e+18 2.2391146130024931e+17 0.52281185432277033 24834195282.375343 7098631229.920229 118.51773684415902 6.7950000000000008 5.5000000000000009 1.4389277325499406e+19 20.002238805970155 9.9985714285714291 0.43843464743188848 12.706771043560897 283.30967910500294 4.6428571428571432 45.603126648677957 22.500000000000004 6.5000000000000009 0.84335933205092506 1.5000000000000007 2.5000000000000004 2.2479698658444863e+20 7.0420483682258359 1.0218693691841232 373.14419493819605 0.80382625221112025 94571486446635008 1.5000000000000007 64.304567539336105 6.9850000000000012 5.8512500000000012 4.9200946372239764 0.46216880033165381 43.500000000000007 1.4962734070597678e+18 33261411691.198246 186.50000000000003 6248412961.8616343 4009412946.1181588 0.9426055981926128 3.5000000000000004 500.02000000000004 3.3869115780040331 1.9685002862761696 3.2100000000000004 0.7251395099532415
decision_type=2 2 2 2 2 2 2 2 2 2 2 2 2 2 2 2 2 2 2 2 2 2 2 2 2 2 2 2 2 2 2 2 2 2 2 2 2 2 2 2 2 2 2 2 2 2 2 2 2 2 2 2 2 2 2 2 2 2 2 2 2 2
left_child=1 3 8 5 11 -1 16 33 12 10 17 34 22 18 -8 55 32 51 -7 38 43 -13 24 26 28 -25 -24 -28 30 41 49 -32 35 36 -3 46 -5 61 39 -14 -35 50 -41 -9 45 -15 47 48 -6 -2 -30 -4 53 54 -53 56 -10 -23 59 -31 -19 -12
right_child=2 4 9 7 6 13 14 20 15 -11 37 21 19 44 -16 -17 -18 60 -20 -21 -22 57 23 25 -26 -27 27 -29 29 58 31 -33 -34 40 -36 -37 -38 -39 -40 42 -42 -43 -44 -45 -46 -47 -48 -49 -50 -51 -52 52 -54 -55 -56 -57 -58 -59 -60 -61 -62 -63
leaf_value=-0.0063530764267123608 0.0088190255361882547 0.00028724794114432677 0.062957393877524137 -0.0099461497136356051 0.0022374272211181166 -0.044405582948898514 0.0092209885316296546 -0.0020595627633982275 0.00065345438972810399 0.050302872630673234 0.014843402873736387 0.012216908473313678 0.033760063021131069 -0.012936552189212636 0.019341053894974911 0.046977827807859363 0.030330982628594863 -0.01383749233162155 -0.023562569359518403 -0.07867053841276872 0.016782898159449628 -0.0014467466869420482 -0.092015689519497304 -0.012092253159889186 0.052052736303904369 -0.12843569993891679 -0.099865182687302323 0.020783007427883082 -0.024758894474341694 0.036437869463192961 0.049975303860711938 -0.055760047460762824 0.01411451115811453 -0.0065712890607658369 -0.0080388642950257362 0.051800622210858904 -0.028278102145251078 -0.10002071981651642 0.04927206678553684 -0.088677758088355055 -0.020672728641911952 -0.050088926287832271 0.041291754169734102 0.04082701337288494 -0.028273892094381116 0.037299759599239118 -0.013370199320000373 0.0083873624922641103 -0.011759216885858861 -0.019359640937145692 0.020373804054804323 -0.005802989766880453 0.046378376827793583 0.018080119236378579 -0.13336519103400882 0.035582434737606847 0.024027759301555068 0.01120955009571635 0.06248650242012585 -0.072350442502200921 0.048264641594515573 -0.032834817869360759
leaf_weight=2496.2080026566982 2406.4171084985137 8495.2562356442213 53.586268432438374 753.0348072052002 2016.5659856945276 447.98189707100391 3886.7380959242582 6062.7230525016785 325.17442301660776 1287.5149709805846 116.83957557380199 2593.1592859476805 50.419072695076466 2003.8781732320786 3473.9996903985739 322.67571201920509 256.62303532660007 24.097243838012218 3404.1286072060466 12.734880462288855 463.08705712854862 2088.5034218728542 16.28407546877861 19.381340935826302 109.62434062361717 33.204742386937141 11.345484182238577 157.524907335639 158.61546330153942 36.914493650197983 139.01701559871435 13.231578908860682 919.01373873651028 6255.4570927023888 2122.9072773754597 44.820631757378578 621.53736236691475 12.324077822268007 226.56898505240679 18.709813706576828 607.25770783424377 103.1049237549305 9.2421389743685705 57.169676542282104 449.43472880125046 53.661050096154213 442.19540852308273 1886.6505407691002 803.88770696520805 131.32533734291792 69.209732450544834 47.247158907353878 121.18685088306665 371.94753392785788 11.444630891084669 268.47981382161379 415.66369380056858 791.99258179962635 47.818817026913166 16.697173193097115 702.4012513756752 58.134687408804893
leaf_count=12677 9901 33117 294 4026 7654 4688 15060 25480 1535 12881 740 10367 326 13160 15827 2641 1221 153 25312 81 1965 7996 71 91 726 156 57 854 678 147 848 76 4201 29761 8491 168 3476 75 1724 96 3310 462 74 208 3163 217 1749 7333 3106 548 336 236 965 2514 54 1420 2252 3034 201 72 6475 304
internal_value=0.00160878 -0.00148993 0.0225237 -0.00987081 0.00516355 -0.0172316 0.00954647 -0.00547266 0.0132205 0.0394925 0.0303309 0.00142378 0.00865212 -0.0215018 0.0139973 0.0262101 0.00440321 0.0356527 -0.0259865 0.0333243 -0.000361622 0.00685771 0.00639323 -0.0162219 0.00805677 -0.0855557 0.00346971 0.0126773 0.00651209 -0.0105385 0.00925262 0.0407861 0.00331479 -0.00955725 -0.00137741 0.00140396 -0.0182353 -0.00751319 0.0380014 0.00541821 -0.00781908 -0.0232118 -0.0457041 -0.00165893 -0.0146108 -0.0116264 0.000965298 0.00231201 -0.00175191 0.00736081 -0.0110483 0.0229901 0.0191089 0.011435 -0.030677 0.0195708 0.0137681 0.0020331 0.03081 0.00255612 0.0462048 -0.000997547
internal_weight=61424 53497.9 7926.11 23675.6 29822.3 8855.29 13730.5 14820.3 5119.39 2806.72 1519.21 16091.8 3787.39 6359.08 7360.74 1331.99 6369.76 1331.91 3852.11 317.675 6582.98 5473.66 3469.72 237.741 3231.98 52.5861 185.154 168.87 3122.35 432.361 2689.99 152.249 6113.13 8237.29 10618.2 5194.12 1374.57 187.298 304.94 78.371 6862.71 330.93 27.952 6119.89 2506.97 2057.54 5149.3 4707.1 2820.45 2537.74 227.825 605.412 551.826 430.639 58.6918 1009.32 740.838 2880.5 101.43 53.6117 726.498 174.974
internal_count=296831 246767 50064 127443 119324 59217 56319 68226 25373 24691 11810 63005 17525 46540 30887 7848 25432 10691 30000 2301 27653 21397 15224 1229 13995 247 982 911 13269 1896 11373 924 24211 40573 41608 20010 7502 1119 2220 496 33071 1476 170 25688 16540 13377 19842 18093 10760 10449 1014 4063 3769 2804 290 5207 3787 11030 420 219 6628 1044
is_linear=0
shrinkage=0.05


Tree=41
num_leaves=63
num_cat=0
split_feature=38 38 10 45 46 49 44 40 68 47 1 43 40 1 18 20 33 59 49 1 59 70 47 36 30 43 64 55 43 40 70 40 10 52 40 61 9 18 47 59 40 35 70 59 62 43 44 59 62 1 68 43 60 44 59 59 67 67 9 18 26 61
split_gain=1480.87 885.467 439.448 214.41 171.624 155.679 142.806 120.349 116.439 100.096 94.8739 93.0418 79.5172 107.922 74.4769 69.528 94.6811 78.3739 64.492 63.5179 62.4215 61.8433 60.0555 63.0681 63.3874 55.6765 53.7162 52.4144 51.5716 53.1606 50.1031 49.1177 49.7352 46.9028 46.4361 46.0656 45.0489 44.2485 44.5655 47.1431 40.2086 39.6591 39.5053 39.1816 38.4498 38.0528 37.9848 39.7741 37.7611 37.6558 37.6059 36.7517 35.2405 34.5184 34.4966 34.0132 33.6534 33.5095 33.4935 32.6164 32.406 41.4274
threshold=4991429223.2918406 10765011.357497785 5.5000000000000009 0.89854030738603907 46.30438095238096 4.4673269474346762e+20 0.46216880033165381 57.500000000000007 66.975080059957222 5.4805370823098238 6.9450000000000012 4.8561828874976296 3.5000000000000004 4.995000000000001 5398335.7123591248 34.500000000000007 4.5586515151515163 779.82269281538936 9.0275556970711745e+20 4.4850000000000012 263.96902072500785 2.5712868388802876 74.662013037468597 1.0000000180025095e-35 55.500000000000007 4.3179029304029317 1.0000000180025095e-35 7017773.3902633013 4.9142857142857164 8.5000000000000018 2.6921330624377604 25.500000000000004 4.5000000000000009 2443314.5707458998 15.500000000000002 12.28732744133352 71332671.000000015 2849608823.3497171 26.687681753891876 333.98830153008242 39.500000000000007 0.96509884867389351 167.19941662671292 351.73630410521577 1.3261744236624622 4.8071825396825405 0.35527766918597942 486.54259682889079 1.4361415289256196 6.2950000000000008 16.901628849972905 4.9200946372239764 7.4808358073659376 0.55621150912872963 203.91774594632514 779.82269281538936 -0.49240481012316828 0.80382625221112025 1011552483.0999991 69898535.163809404 9.5601809954751165 12.776665759902452
decision_type=2 2 2 2 2 2 2 2 2 2 2 2 2 2 2 2 2 2 2 2 2 2 2 2 2 2 2 2 2 2 2 2 2 2 2 2 2 2 2 2 2 2 2 2 2 2 2 2 2 2 2 2 2 2 2 2 2 2 2 2 2 2
left_child=1 4 5 6 8 14 7 11 10 -8 19 26 21 22 34 16 33 60 28 43 30 -5 23 -14 25 40 56 -26 37 -30 48 32 46 -4 -2 -34 -21 38 -11 50 -25 -9 -37 -1 -23 49 47 -27 -6 -15 -40 53 -24 -36 -7 -10 -3 -16 -12 -43 61 -18
right_child=2 3 15 12 20 54 9 41 55 18 58 -13 13 45 57 -17 17 -19 -20 36 -22 44 52 24 27 31 -28 -29 29 -31 -32 -33 35 -35 51 42 -38 -39 39 -41 -42 59 -44 -45 -46 -47 -48 -49 -50 -51 -52 -53 -54 -55 -56 -57 -58 -59 -60 -61 -62 -63
leaf_value=-0.016942429602741775 -0.0075695884755583535 0.0037090440894405972 0.0041560884863787607 0.00017743734551228834 0.00029614506943145455 0.044827650951066278 -0.01716281009298784 0.035144456284384736 -0.025566777181227265 -0.0065279858843618381 0.030259060257546311 0.019808373385896146 0.058657310164012669 0.0037440265646528285 0.021353004509015894 0.050474288444857053 0.061571530533504532 -0.036067743697243013 0.049215996917972252 -0.0091667883463249691 -0.013769736843291726 -0.01372420810477505 0.005625675799430678 -0.013601242987097962 -0.070278173121363696 0.00034612852207662918 2.3595453712585474e-05 0.021533963749014801 -0.0024676114644084429 0.018628205499984087 -0.014206026950754045 0.0062809170883392097 0.037908145122899466 -0.081476067325430682 0.014136870509219943 -0.012874430082633229 -0.024037107462825294 0.034927513498583578 0.01007385939975875 -0.025842663868256649 0.0028036638187174763 0.015010976113396199 0.078841766765857094 -0.032802891037426646 0.04341313055923314 0.01708288466644101 -0.0082664600782196979 -0.022121950810700123 0.037500268070385749 0.036395567122070406 -0.00050512714224063655 0.029894557050828458 0.061178932060509228 -0.0056405491650957139 0.010409454920007343 -0.04836282723439525 0.012109111706088804 0.0039544550542868484 -0.038655099010565575 -0.072327761444831537 0.043429962511534366 -0.035610212248139934
leaf_weight=2611.8514392450452 619.21135687828064 1731.1586730927229 92.808959379792213 1640.3556463271379 3840.0391738861799 464.70274295657873 634.40005045384169 641.0145146176219 992.72298672795296 1658.1918111890554 164.04273147881031 1724.3785796836019 42.362414442002773 1767.0984584987164 1432.1776628196239 1217.8462045639753 17.500052437186241 34.214370734989643 76.658812209963799 5634.1965480744839 1250.9339481368661 1996.7646148949862 2494.9248480498791 1550.1457718908787 60.082694157958031 4576.8629583716393 2048.4489271640778 20.97065182030201 442.63620187342167 917.93128842115402 633.01281306892633 2061.9968176782131 144.35393196344376 19.319239318370819 500.10177014023066 113.65794119238853 559.92735091596842 93.515561237931252 1616.21932721138 132.39008125662804 492.09076525270939 208.60852172970772 13.093511357903479 457.62115889787674 29.884491056203842 1107.2746329456568 2460.1270920783281 205.83216904848814 69.436187267303467 92.945273295044899 1749.2575053945184 184.96886740624905 28.877624042332172 394.78503518551588 86.325320683419704 195.92730168998241 3830.9367906302214 343.03178512305021 19.754482671618462 11.266974180936812 812.69891709834337 29.371890246868134
leaf_count=15948 2470 6996 514 6688 16603 3753 2633 3723 7451 6775 657 7507 282 6890 7922 13078 108 171 465 32987 6646 10750 9894 6740 283 18582 8065 117 1761 4111 3365 7873 551 97 2381 454 4159 440 6753 538 1895 872 48 3921 118 4385 9907 970 270 344 7150 975 113 1839 550 1988 15442 1822 99 51 6743 148
internal_value=0.00153849 -0.00108911 0.0246002 0.00306554 -0.0108039 0.0147451 0.00714565 0.0109712 -0.0145754 0.00181803 -0.0127198 0.00932152 -0.000354194 0.00106849 0.0108291 0.0424392 0.0327112 0.0381445 0.00361881 -0.0134256 -0.00387967 -0.00703996 -0.000736138 -0.00224021 -0.00246072 -0.00215332 0.00694543 -0.0465239 0.00309001 0.0117651 -0.00115609 -0.000554862 -0.00243076 -0.010598 0.00334622 0.0185951 -0.010511 0.000841643 0.000223427 0.00342399 -0.00964837 0.0288592 -0.00340008 -0.019307 -0.0128817 0.00974425 -0.00321777 -0.000620827 0.000956927 0.0053756 0.00457527 0.00960557 0.00626132 0.00541194 0.0394356 -0.0293243 0.00949466 0.017991 0.0228522 0.0105355 0.0410985 0.000673447
internal_weight=61095.2 54846.2 6249.06 38416.7 16429.5 4025.3 17517 10195.8 10636 7321.2 9447.39 9334.92 20899.7 17232.7 3474.28 2223.76 1005.91 893.785 6686.8 9263.6 5793.42 3667 14265.4 11741.6 11699.2 11618.2 7610.54 81.0533 6610.14 1360.57 4542.49 9575.92 7513.93 112.128 1699.07 271.105 6194.12 5249.57 5156.06 3497.87 2042.24 860.89 126.751 3069.47 2026.65 2967.32 7242.82 4782.7 3909.48 1860.04 3365.48 1079.86 2523.8 894.887 551.028 1188.65 5562.1 1775.21 183.797 219.875 859.571 46.8719
internal_count=296831 254260 42571 160166 94094 21712 73282 42656 67210 30626 57771 38010 86884 69328 17409 20859 7781 7170 27993 57015 26884 17556 57709 47702 47420 47020 30503 400 27528 5872 20238 38385 30512 611 7665 1053 37146 21656 21216 14441 8635 4646 502 19869 10868 11619 29459 19552 16873 7234 13903 5195 10007 4220 4303 9439 22438 9744 756 923 6999 256
is_linear=0
shrinkage=0.05


Tree=42
num_leaves=63
num_cat=0
split_feature=10 69 48 48 40 69 1 59 1 69 40 59 46 69 48 20 1 48 2 69 40 55 66 38 28 36 26 59 62 1 63 46 61 59 35 5 47 28 61 59 66 17 30 68 63 24 46 48 36 59 35 34 1 16 61 47 47 38 68 68 63 6
split_gain=1373.39 1147.06 327.342 257.747 232.111 176.102 118.563 95.2135 92.1331 88.8764 76.8392 74.0521 71.9815 71.3712 71.0665 68.031 67.6467 63.712 59.82 59.2195 56.9923 55.7747 55.8842 54.4654 54.3381 51.8307 49.0169 48.7211 48.2358 48.1067 47.6715 45.7743 51.9952 45.5163 44.5849 44.3876 42.0506 43.0046 40.6281 66.9539 85.8243 54.6355 41.0824 40.4819 39.7155 38.3877 38.1189 37.3356 36.7805 36.2864 35.8819 41.1203 35.758 34.924 34.3283 33.819 33.5197 33.2638 33.1945 33.1775 32.9914 32.9541
threshold=3.5000000000000004 11.933748848671929 29461618077.40765 12223183.666937871 92.500000000000014 26.590665529859852 4.7750000000000012 117.27520445318387 4.4850000000000012 1.1410936994349159 21.500000000000004 185.34377659491963 418.04354838709685 3.8960848622140354 11587686249.807207 33.500000000000007 6.6750000000000007 359453317564.0509 7.5000000000000009 33.609982947897741 2.5000000000000004 3480101.789221996 0.13917310096006538 4009412946.1181588 26335986319.976635 16.991287878787883 10.001271186440681 86.787871088087329 0.6960363309058174 4.8950000000000005 339.33474946437985 10.004687500000001 12.793425614756172 83.882943717932491 0.95920304504051612 0.95500000000000007 59.173820872359933 11218445.981906753 12.76074855311651 779.82269281538936 0.28400453026986799 2.0001999800039991 36.500000000000007 44.893753480019768 3.8758508564433209 0.66629031614487078 23.020937500000006 2685489380.8204656 86.00833333333334 70.15939337229706 0.60599230033011919 0.52797565277639824 6.3350000000000009 23.581944444444449 3.1585445537858212 36.524634394714219 86.449178493770987 2823492273.4341512 65.595200177774345 24.602299640540028 132.22316551234059 3.5000000000000004
decision_type=2 2 2 2 2 2 2 2 2 2 2 2 2 2 2 2 2 2 2 2 2 2 2 2 2 2 2 2 2 2 2 2 2 2 2 2 2 2 2 2 2 2 2 2 2 2 2 2 2 2 2 2 2 2 2 2 2 2 2 2 2 2
left_child=1 3 15 9 5 8 10 19 36 28 13 26 23 53 16 21 58 38 -15 55 -10 22 56 -9 31 45 33 52 49 -11 50 32 -17 -4 -6 -31 37 46 41 -40 -41 42 -13 -33 61 54 -3 -45 -16 -1 -12 -52 -22 -5 -23 -7 57 -2 60 -27 -8 -24
right_child=2 4 11 6 34 7 14 12 20 29 30 17 -14 18 48 24 -18 -19 -20 -21 27 25 44 -25 -26 59 -28 -29 -30 35 -32 43 -34 -35 -36 -37 -38 -39 39 40 -42 -43 -44 47 -46 -47 -48 -49 -50 -51 51 -53 -54 -55 -56 -57 -58 -59 -60 -61 -62 -63
leaf_value=-0.022265793644190356 -0.03440658846205872 -0.02476448040082594 0.030036121075249472 -0.0067855512487995156 0.038228433473930068 0.0037977462684917087 -0.0028774963898202063 -0.0015940856344758749 -0.0048555414350824081 -0.017912593172485787 0.027378276205248936 0.055975010577518275 0.012323535352633943 -0.025465705716951621 0.016931588366191987 0.045246545889072232 0.041096613320750132 0.048333222471364214 -0.00695004568998445 0.02086261916144079 0.0087136708283642225 -0.02681110403297023 -0.055389973224510947 0.030502108301620836 -0.098021484371963383 -0.055716005394210781 0.049392412199380044 0.0026547704637855649 -0.013581984656943977 -0.012154108856303246 0.055852927289105951 0.048233069402430717 -0.043774650049447958 -0.057980041762846705 0.010823906486941213 0.0053987893848535043 0.004553017763595465 0.0014385700614929027 0.043589126251979214 0.047299141069149786 -0.1063161836259555 -0.12506176456253576 -0.084426800755864034 -0.089153978882163795 0.019978877163562836 -0.069114889153451098 -0.005962739928701815 0.056116565149036284 -0.035122106127344781 -0.039424013323807877 0.0014764009363056082 -0.022317297651178028 0.042536025184959102 -0.021494469977364462 0.053297269887966819 0.014115206247893931 0.049640125135718395 0.014976236455473602 -0.013311938955084222 0.020264035849187581 0.010575389774974001 0.004401725113246921
leaf_weight=533.20439005643129 109.30529165267944 292.15470907092094 65.287879958748817 520.55922401696444 627.79916548728943 1242.9715292155743 4453.4288418218493 2757.696057960391 1381.4321557283401 2905.0702007338405 111.09462634474039 13.079928591847422 1974.9419204816222 465.72548823058605 690.13775443285704 31.547425799071789 88.672633998095989 95.91539254784584 6886.0153099820018 2220.7575831785798 5589.4467545300722 18.746231280267239 27.151985377073288 138.83040856570005 7.5476223602890959 71.394253872334957 1556.8189000859857 5751.6161376461387 481.44618744403124 1409.8589775413275 39.216211631894112 340.53134080767632 34.168044716119766 18.952713876962662 194.36655019968748 483.74643484503031 1782.8816835954785 2151.9414346665144 61.756625838577747 15.766565918922423 21.479567244648933 14.577888257801531 8.659514553844927 10.567959673702719 1870.8766603767872 11.393275097012518 3488.5018753707409 7.6062892526388159 35.69054602086544 729.98756413906813 1196.1262486129999 214.08122108876705 79.253879509866238 1795.4289048537612 46.658787205815315 2200.0587849840522 20.028284102678299 49.562704935669899 675.92197857797146 17.987441770732403 507.6852689832449 152.33466310799122
leaf_count=4559 454 1347 483 2547 4496 5110 19928 10934 5863 21167 701 73 8184 2416 3247 213 329 1014 31316 10152 22162 102 120 667 53 329 16393 22496 3642 8799 172 3074 173 132 852 2959 6924 8529 477 107 96 89 56 66 8987 52 13699 70 149 7537 5102 976 317 10914 203 9387 82 265 3153 76 2165 695
internal_value=0.00147028 -0.000704857 0.0274337 -0.00890643 0.00552792 0.00483365 -0.00576873 0.0100883 0.0021355 -0.0173844 -0.00887245 0.0436496 0.00496296 -0.0105342 -0.00036702 0.0166955 -0.00223543 0.0171594 -0.00812299 0.0144966 0.00473665 0.013402 0.0154851 -5.57162e-05 0.0349595 -0.0145419 0.0473823 0.00589694 -0.0270487 -0.0138708 0.00142271 0.0373244 -0.00103906 0.010234 0.0317498 -0.00766999 -0.00218041 -0.00420395 -0.00493678 0.0116566 -0.0412897 -0.0501712 4.84847e-05 0.0443526 0.0178235 0.0155828 -0.00741567 -0.0283553 0.014372 -0.0321814 1.96062e-05 -0.00213568 0.00918654 -0.0181884 0.0303368 0.0103905 -0.0113158 -0.0190004 -0.00291706 -0.0404256 -0.00150082 -0.00464331
internal_weight=60797.5 56097.7 4699.7 24223.1 31874.7 31052.5 17679.8 10535.3 20517.2 6543.31 11228.2 1872.29 4871.47 9667.73 6451.54 2827.41 5725.71 231.235 7351.74 5663.79 12801.7 2395.44 2229.26 2896.53 431.969 166.18 1641.06 11420.3 1744.64 4798.68 1560.52 424.421 65.7155 84.2406 822.166 1893.61 7715.48 5932.6 135.32 99.0028 37.2461 36.3173 21.7394 358.706 2050.36 76.7983 3780.66 18.1742 725.828 1263.19 1521.3 1410.21 5668.7 2315.99 65.405 3443.03 178.896 158.868 5637.04 89.3817 4961.11 179.487
internal_count=296831 262897 33934 131778 131119 125771 83115 44434 81337 48663 54144 18920 19785 47193 28971 15014 25575 1912 33732 24649 50838 11365 10603 11601 3649 762 17008 44975 15738 32925 6951 3596 386 615 5348 11758 30499 23575 898 680 203 218 129 3210 9802 357 15046 136 3396 12096 6779 6078 22479 13461 305 14497 801 719 25246 405 22093 815
is_linear=0
shrinkage=0.05


Tree=43
num_leaves=63
num_cat=0
split_feature=38 69 10 69 43 18 49 69 9 46 69 40 58 66 20 33 68 1 54 64 55 40 27 22 9 1 53 30 23 40 34 57 1 69 46 57 13 67 9 27 69 62 36 68 70 67 1 28 63 26 69 47 3 46 69 64 40 42 49 49 32 66
split_gain=1273.29 930.218 412.31 248.545 155.012 151.367 144.375 117.295 115.748 98.0592 81.9896 79.8628 90.2882 76.1453 70.2426 88.907 67.8547 67.1921 61.734 60.9007 60.2397 55.7069 51.9675 50.844 50.4189 69.2554 50.0778 49.6668 59.858 49.4941 48.5958 48.2273 47.849 46.63 46.0625 60.3333 45.2968 45.2239 47.0105 44.7816 43.8895 41.5645 40.8557 39.1299 39.1196 38.4277 38.3152 38.0853 38.1029 47.3544 39.809 37.5943 37.7085 37.3388 36.1095 35.9705 35.8956 35.8902 36.72 35.8325 55.5199 64.0279
threshold=4991429223.2918406 11.933748848671929 5.5000000000000009 1.9685002862761696 4.5739834710743805 4248357.8319515651 4.4673269474346762e+20 29.709351895646119 237334.00000000003 9.9983333333333348 14.270490527992832 37.500000000000007 126626.88915154275 0.85260769842926931 34.500000000000007 4.5586515151515163 66.975080059957222 4.7750000000000012 2.0472868959001356 2.5000000000000004 8172023.9343339792 84.500000000000014 1.1472315808458509 6.3850000000000007 34596382.000000007 6.8750000000000009 8.5000000000000018 82.500000000000014 4.8334368530020724 137.50000000000003 0.53113896587301546 0.63657580755814902 7.0950000000000006 5.5054361355206494 104.85092592592592 0.84100639404819999 4.6223180076628365 0.83385407025023295 57451204.000000007 1.3000000000000027 0.44098043364616263 1.5000000000000007 -1.0000000180025095e-35 24.925648984705344 10.260791786827626 0.99353402350479769 4.4850000000000012 3048627449.7748208 15.023203002666994 7.5726153846153847 2.4776735704861719 66.006485237608572 71.450000000000017 138.3366666666667 41.656739314430816 1.0000000180025095e-35 5.5000000000000009 6.495000000000001 1.0668002405530038e+19 3.7089979670222832e+19 6.7950000000000008 0.96359376111369366
decision_type=2 2 2 2 2 2 2 2 2 2 2 2 2 2 2 2 2 2 2 2 2 2 2 2 2 2 2 2 2 2 2 2 2 2 2 2 2 2 2 2 2 2 2 2 2 2 2 2 2 2 2 2 2 2 2 2 2 2 2 2 2 2
left_child=1 3 6 8 11 9 10 13 22 -5 18 26 57 51 15 39 32 33 27 -17 -20 31 45 42 25 43 37 28 -2 36 -29 44 46 -11 -33 -36 -12 38 -3 -4 -8 55 -7 -19 -14 -1 -10 48 -44 -50 56 52 -6 -30 -9 -15 -51 -13 -59 60 61 -41
right_child=2 4 14 5 7 23 40 54 16 17 29 12 21 41 -16 19 -18 24 20 -21 -22 -23 -24 -25 -26 -27 -28 30 53 -31 -32 34 -34 -35 35 -37 -38 -39 -40 59 -42 -43 47 -45 -46 -47 -48 -49 49 50 -52 -53 -54 -55 -56 -57 -58 58 -60 -61 -62 -63
leaf_value=-0.0081324385998316415 -0.0091217053527404453 0.0020483219207692209 0.053600670931358223 -0.030941159499171624 0.022677989952154018 0.054445210564725899 -0.079886277740563727 0.014155531584691043 -0.029042961867109102 -0.014932536206502931 0.009390911243455315 -0.0017355191799722895 -0.0011107642550726576 0.011732448721981167 0.049677968684077436 0.042328354335635129 -0.036292078153146001 0.0018841842994547439 -0.023672514017497023 0.0044567453283268195 -0.16004338134035698 0.036662347392110002 0.015967084539836224 -0.037186551473413057 -0.020187704067941358 0.045178032743192341 -0.012903762796984098 0.046878853951001852 0.012429737026999836 0.052161884997372766 -0.072296089535733007 0.021479066640611853 0.052194108568526076 -0.0073064885164737942 -0.059639262631331583 0.0079412885935331995 0.026995951601467585 -0.0063870216553129121 -0.033818832225782663 0.020138292391047072 0.039859458031742456 0.051106373705468049 -0.0044003593002491601 -0.0071515266842439879 -0.057753713268879271 -0.054452938995838078 -0.016503766946457624 0.041236810550784771 -0.0487988051584912 0.00061863401874896751 0.0063032043826914755 0.0091926533548494973 -0.00033541801977791773 -0.041747204352484329 0.028819686030672944 0.0024304349127188662 0.046908169081211155 -0.083153854732132618 -0.017284251682673852 0.019290101558949564 -0.11698269332413357 -0.1277543815627554
leaf_weight=1121.2384469136596 709.65016651898623 7991.3905916213989 21.68252819776535 444.03453031182289 184.1290502846241 41.373718820512295 7.7666776180267325 2956.8353222683072 829.63024787604809 2878.5826403126121 1020.6355650350451 634.49492840468884 114.29098826646805 4554.1057426035404 1123.9333942979574 722.30428355932236 722.79408095031977 2773.949894502759 35.471698217093945 124.44224782288074 10.493700027465819 226.23941221833229 231.12241812795401 72.772600933909416 379.00639855116606 78.983771026134491 825.28341126441956 99.340178847312927 846.97488753497601 98.819851741194725 9.3599682375788671 835.58417771756649 23.228095531463623 6601.3456737026572 34.138563945889473 1013.1978187412024 569.09869319200516 2242.3717729598284 92.413291588425636 30.913004092872143 518.72615583240986 60.967668808996677 999.65416075289249 2109.2705923989415 41.568445339798927 46.637697659432888 2293.0760038718581 68.728614769876003 36.664013639092445 64.442225843667984 1822.0598218888044 1572.28965806216 5346.3766542226076 33.044019244611263 489.27105291187763 1346.5801417380571 119.62482563406229 26.309130296111107 108.06012125313282 28.877259835600853 19.831011846661568 9.5883679389953596
leaf_count=5822 3147 31016 119 2685 737 291 38 13394 7199 18541 5008 2483 452 18545 13078 6292 6769 12834 188 878 54 1186 995 295 2408 291 3445 697 3832 872 52 3402 92 30586 135 4001 3416 8861 491 163 4265 245 4470 10157 179 253 17128 357 168 321 7721 6321 21132 143 2465 5260 559 105 463 186 95 48
internal_value=0.00140527 -0.00101081 0.0231842 -0.00843895 0.00473847 -0.00570933 0.0137129 0.00803193 -0.0180203 -0.00778877 0.00997375 0.000905168 0.00809782 0.00586748 0.0411997 0.0312493 -0.0224773 -0.00709514 0.00237115 0.0367625 -0.0548054 0.0131233 -0.00569522 0.00413251 -0.00261005 -0.00126749 -0.00105167 0.0039186 0.00168271 0.0178275 0.0366169 0.0105112 -0.0193033 -0.00962214 0.0127237 0.00573846 0.0156932 -0.000104438 0.00163829 -0.0108489 0.038093 0.010034 0.0050863 -0.00201872 -0.0162177 -0.00998219 -0.0198351 0.00442991 0.00359844 0.00751271 0.00854186 0.00237032 0.000430775 0.0103954 0.0162375 0.00960966 0.0307021 -0.0067068 -0.0301813 -0.0265135 -0.0484368 -0.0148741
internal_weight=60495.1 54454.1 6040.95 23758.2 30695.9 18490.5 3959.38 16510.6 5267.73 15265.2 3432.89 14185.3 3033.88 13064.4 2081.57 957.639 3868.73 14821.1 1744.33 846.747 45.9654 2265.02 1399 3225.32 5341.21 4962.2 11151.5 1698.37 1589.67 1688.55 108.7 2038.78 3145.93 9479.93 1882.92 1047.34 1589.73 10326.2 8083.8 110.892 526.493 5961.65 3152.55 4883.22 155.859 1167.88 3122.71 3111.17 3042.45 2042.79 2006.13 7102.8 5530.51 880.019 3446.11 5900.69 184.067 768.864 134.369 89.2096 60.3324 40.5014
internal_count=296831 254260 42571 129942 124318 91684 21712 68099 38258 77502 17409 56219 12406 52240 20859 7781 31188 74817 8113 7170 242 9355 7070 14182 25690 23282 43813 7871 7122 9296 749 8169 24419 49127 7538 4136 8424 40368 31507 611 4303 24050 13887 22991 631 6075 24327 13596 13239 8769 8601 28190 21869 3975 15859 23805 880 3051 568 492 306 211
is_linear=0
shrinkage=0.05


Tree=44
num_leaves=63
num_cat=0
split_feature=10 69 38 69 41 26 69 30 48 6 69 1 69 1 33 59 69 1 63 30 57 53 27 47 68 44 38 12 38 67 59 28 9 62 35 61 19 61 69 34 69 47 34 28 33 41 45 46 38 59 30 54 54 45 66 69 10 57 30 48 1 67
split_gain=1183.99 944.034 313.074 229.196 206.525 156.73 152.811 113.552 99.3854 89.3063 83.9531 82.408 74.7963 71.788 66.5632 65.8466 65.3836 63.2658 60.4703 66.2544 59.0406 58.9906 58.2988 61.7983 54.6778 59.4678 54.409 49.569 44.1906 44.6242 46.0441 43.5615 42.788 47.4924 42.3352 42.2093 41.6471 41.1502 58.3297 48.3878 39.3345 38.2699 38.2285 36.8752 36.866 57.224 36.076 35.5961 35.2942 35.1755 35.0589 34.6723 38.98 36.0894 34.7694 36.1324 35.3078 34.1631 42.9447 34.0162 33.2411 33.11
threshold=3.5000000000000004 11.933748848671929 45676960285.925697 3.8960848622140354 1.0277777777777779 34.95754377431907 26.790697891513783 71.500000000000014 359453317564.0509 7.6300000000000008 41.656739314430816 4.4850000000000012 0.10456237086455401 4.7750000000000012 4.7436322211924633 779.82269281538936 5.8054846780015437 4.9050000000000011 169.69374343741904 3.5000000000000004 0.92251200058356597 1.0000000180025095e-35 1.95 22.922122168273752 8.6419944941559361 0.12472191289246456 183150284014.59192 6.705000000000001 4120975412.130218 -0.49240481012316828 156.56984351685708 2833726884.5512481 34596382.000000007 1.976478067387158 0.95920304504051612 11.806879526703336 3.6652479085987169e+18 12.793425614756172 0.96833847800652217 0.34480268109295348 2.7686297328918879 59.173820872359933 0.68192475757688675 11218445.981906753 4.6182406686263189 0.3611111111111111 1.3362907135484685 31.643650793650799 7098631229.920229 839.60587267989297 71.500000000000014 2.2992060806642747 1.0857362047581294 1.3714562586418511 0.39873388578253705 2.3958421498095643 15.500000000000002 0.99525818769495233 123.50000000000001 177919219725.96808 6.7950000000000008 0.99535829673000953
decision_type=2 2 2 2 2 2 2 2 2 2 2 2 2 2 2 2 2 2 2 2 2 2 2 2 2 2 2 2 2 2 2 2 2 2 2 2 2 2 2 2 2 2 2 2 2 2 2 2 2 2 2 2 2 2 2 2 2 2 2 2 2 2
left_child=1 3 7 5 6 18 11 14 9 50 20 41 -7 -11 22 -4 35 49 26 -20 -8 -17 31 27 -13 -26 59 51 29 30 -22 37 33 48 57 -16 -25 39 -39 -2 -40 43 -21 47 45 -29 -9 -3 -15 -14 -5 52 53 54 55 -24 -56 58 -6 61 -27 -1
right_child=2 4 15 8 34 12 10 46 -10 13 -12 24 17 32 16 21 -18 -19 19 42 28 -23 23 36 25 60 -28 44 -30 -31 -32 -33 -34 -35 -36 -37 -38 38 40 -41 -42 -43 -44 -45 -46 -47 -48 -49 -50 -51 -52 -53 -54 -55 56 -57 -58 -59 -60 -61 -62 -63
leaf_value=-0.0065025447175736262 0.043423810507934257 -0.018116812941659854 0.047713140534313768 -0.031637271484519967 -0.082045284663060075 -0.047513420052785797 -0.012079481609394179 0.04666513175107212 0.030421343169001615 -0.0069303521833229444 0.024857577471500705 0.0092447221474294544 -0.020292680275533201 -0.00046993413805027296 -0.038838925708594436 -0.065574302180256477 0.030195955850827016 -0.010889414281503919 -0.0076642011445600365 0.051425948796010285 0.0071288248225047507 0.056773040801155299 0.061118035142504148 0.0062731040490194819 -0.010137408636105245 0.0032799728568177833 0.038913370182273671 -0.02304274520150177 0.02281291485304093 0.01026250282976407 -0.0072902353679107738 0.046466954436220648 -0.0205361434211279 0.033454989062264802 0.0097969932878016405 0.01144026735346289 0.044779778188131475 0.05662338787838514 -0.053906606169882826 0.0060479960677121084 0.011712377618282012 0.0042023306752618497 -0.023178906560634958 0.0010853918154128713 -0.0038662500359062206 -0.16392405887562608 -0.062629209912464776 -0.0049562044351292925 0.01736904530117378 -0.037110602553446205 0.064997339951702787 -0.075751884410169182 0.052307028025570967 -0.048686781520255934 -0.0030755908612844075 -0.044586734413660525 0.041865510154979108 0.039351659113436452 0.042691526729770196 -0.058246939279429637 0.04550913434136232 -0.039189068936731249
leaf_weight=2253.9658731520176 148.03188747167587 612.56080341339111 1338.6260385066271 361.4584399536252 13.349081069231035 222.63336665183306 351.21939605474472 338.77528461068869 201.77659520506859 9333.103463947773 805.01438383758068 3941.3827511146665 3438.4629234299064 4662.4994992166758 49.686401054263115 24.605710551142693 851.5605386942625 2040.9992533028126 135.33972582966089 123.82383944094181 1655.2855783104897 16.431387208402157 9.1315229386091215 419.71407888829708 883.41695594787598 8053.1415487974882 62.510828949511051 13.948704689741136 530.73587693274021 6045.8274587988853 831.9115589261055 121.79752614349127 234.28656610846519 112.42445262521505 192.64685862511396 261.05905018001795 84.326696082949638 24.68133257329464 61.180247917771339 208.65251980721951 36.440624095499516 1804.8106530457735 19.935379438102245 2175.3678035363555 17.499865345656872 14.915475755929945 7.7223862782120696 3186.6687427014112 294.80146986246109 341.81849689036608 9.6360446587204915 17.670309327542782 28.456256836652756 48.646126598119736 256.33597026765347 70.500235125422478 52.687154352664948 573.09244851022959 14.283227249979971 33.665497362613678 46.871739558875561 80.232953704893589
leaf_count=11555 617 2725 15385 2138 63 2495 1372 3673 1294 44287 4002 15906 27019 20351 220 113 5429 13594 810 551 6914 139 42 1850 3815 31590 362 70 2804 25128 3248 676 1423 431 852 1241 546 97 272 865 154 7024 94 8636 120 73 47 12417 1375 3369 49 96 148 215 1202 327 317 4310 123 147 190 434
internal_value=0.00134285 -0.00065561 0.0259446 -0.00814569 0.00500332 -0.0145915 0.00435708 0.0172297 -0.00443613 -0.00490477 0.00935974 0.00188767 -0.0190711 -0.00429064 0.0138849 0.0458006 0.0230322 -0.0179833 -0.00459896 0.0174433 0.00803462 -0.016586 0.00738062 0.000182385 0.00433496 0.00218086 -0.00713025 -0.0117414 0.00881404 0.00794334 0.00230597 0.0197674 0.000354292 0.0013197 0.0301927 0.00340092 0.0127153 0.0129782 -0.0120494 0.0215598 -0.0294119 -0.0021783 0.0410803 -0.00410577 -0.0611267 -0.0958427 0.0442293 -0.00707813 0.000590917 -0.0218134 -0.029128 -0.00700499 -0.00439681 -0.00808667 -0.00300494 -0.0324654 0.00458668 0.0367334 -0.0175684 -0.00834578 0.00352434 -0.00762607
internal_weight=60204 55681 4523.08 23963.4 31717.6 8753.39 30924.2 3143.42 15210 15008.2 10220 20704.2 6043.91 14637.1 2796.92 1379.66 1162.31 5821.28 2709.47 279.099 9414.98 41.0371 1634.62 1033.83 12924.8 8983.43 2430.38 529.792 9063.76 8533.02 2487.2 600.784 5304.01 5069.73 793.372 310.745 504.041 478.987 122.302 356.684 97.6209 7779.41 143.759 5974.6 46.364 28.8642 346.498 3799.23 4957.3 3780.28 371.094 483.428 465.757 437.301 388.655 79.6318 309.023 600.725 27.6323 2367.86 8100.01 2334.2
internal_count=296831 262897 33934 131778 131119 60430 125771 18297 71348 70054 43468 82303 46477 67867 14577 15637 6890 43982 13953 1455 39466 252 7687 5006 51501 35595 12498 2610 38094 35290 10162 2681 23580 22157 5348 1461 2396 2005 523 1482 426 30802 645 23778 263 143 3720 15142 21726 30388 2187 2347 2251 2103 1888 369 1519 4496 186 12136 31780 11989
is_linear=0
shrinkage=0.05


Tree=45
num_leaves=63
num_cat=0
split_feature=10 69 39 39 40 69 69 30 32 69 23 47 33 59 62 68 63 17 32 46 66 57 40 58 16 46 69 28 42 23 67 69 61 42 6 59 7 62 18 67 65 48 60 69 59 59 39 67 45 64 28 61 69 69 48 58 15 59 40 51 8 62
split_gain=1094.52 853.233 241.992 230.313 214.719 141.344 135.789 98.2574 83.1149 82.7251 76.7189 77.1517 68.2443 66.2609 64.3997 57.8173 79.7584 57.0245 57.5014 56.802 56.5925 54.9876 54.1823 53.2066 86.4425 63.2571 52.4455 49.3897 48.4723 45.8946 45.3587 44.2061 43.4238 49.7996 41.9834 41.1203 40.3879 43.8943 40.1022 39.4067 39.2959 38.481 41.4167 37.9606 37.7303 37.6784 37.3595 37.4348 35.2332 33.2584 33.1997 39.8748 70.4157 45.3199 44.8375 40.5373 39.4247 33.1634 32.9716 32.7104 31.3154 35.3015
threshold=4.5000000000000009 11.933748848671929 5.750388603746499e+19 10011872336272718 92.500000000000014 26.790697891513783 3.2868953971770685 77.500000000000014 7.5950000000000006 41.656739314430816 4.8062940140845081 59.727820691231621 4.7375247035573134 779.82269281538936 0.4000000000000008 28.28858805711824 120.90048261334711 1.6500000000000015 6.7950000000000008 12.955825791855206 0.33379414889141273 0.92251200058356597 201.50000000000003 501642.65077328141 23.581944444444449 12.000787401574806 0.58645851484902056 4032529212.2290168 6.7950000000000008 4.3955050505050517 0.84335933205092506 3.4869277588309981 12.840490878191931 5.0950000000000006 7.7750000000000012 162.87352571587158 6.4050000000000011 1.5000000000000007 3009975.86020101 -0.49240481012316828 1.5000000000000002 717084238072.96545 0.19780219778850378 15.097897114834087 78.356211667331237 139.78673502612926 6.283837090374103e+18 0.91702515554752073 1.3217658144881608 1.0000000180025095e-35 5025238979.7750559 12.659731359303448 0.96833847800652217 3.3869115780040331 36606493520.552925 1549565.8883862437 0.73290612386050225 126.37861785162376 43.500000000000007 1.4753601697922329 0.12250000000000001 1.3261744236624622
decision_type=2 2 2 2 2 2 2 2 2 2 2 2 2 2 2 2 2 2 2 2 2 2 2 2 2 2 2 2 2 2 2 2 2 2 2 2 2 2 2 2 2 2 2 2 2 2 2 2 2 2 2 2 2 2 2 2 2 2 2 2 2 2
left_child=1 3 7 6 5 10 14 12 15 21 11 30 17 -4 26 16 31 50 29 57 -15 -7 58 25 -25 -20 -1 39 45 -19 60 -5 33 -31 -8 43 37 -16 -33 40 -23 42 -6 -13 -10 -12 47 -35 -9 -39 51 54 -53 -54 55 -2 -55 -14 -18 -48 61 -3
right_child=2 4 13 8 41 9 34 48 44 -11 28 35 19 20 36 -17 22 18 23 -21 -22 27 -24 24 -26 -27 -28 -29 -30 32 -32 38 -34 46 -36 -37 -38 49 -40 -41 -42 -43 -44 -45 -46 -47 59 -49 -50 -51 -52 52 53 56 -56 -57 -58 -59 -60 -61 -62 -63
leaf_value=-0.038492124239288779 0.015040271337318787 0.00034507779442869606 0.04808480780990998 -0.0090346562056566136 -0.001736045911759258 -0.011548867107346619 -0.030248477457159903 0.049599087060328381 0.046836286628561485 0.024397327311868638 0.009070934403574385 -0.0011082371397751554 -0.020986932907516229 0.051397871690271692 -0.010740498014948884 -0.0081864489330632471 0.012208241331657869 -0.031136235594010287 -0.086318811832972256 0.031587972103248228 -0.074941221078143286 -0.00070394104894332566 -0.091716849006424891 0.027658361660066688 -0.12020331673813787 0.040523391569199804 -0.020694455171126475 0.032350496698115426 0.023230254992020818 0.089099691673354769 -0.0075157123569558745 -0.003367631286842877 -0.038050284300009694 0.0085365980383028655 -0.0072859471265071312 -0.0038417046910850607 -0.025378567969687117 -0.0025875458842505045 0.0057301386985263037 0.010068302133363891 0.013674300092545054 0.050897195478921436 0.030422795852564022 0.011976930376958477 0.0077511544484256739 -0.0035532705562083887 0.04569039037914549 -0.041740489324040037 -0.064523603738527474 0.040576441189929147 0.044342784349148734 0.06411916912553553 -0.056150065068282573 -0.077098957711407304 -0.072466990587136362 0.054029962585899351 0.031821228502116591 0.030642750215451556 0.051047365357051289 -0.056318487474734683 -0.010297464529699608 0.023205228605651121
leaf_weight=492.66862545162439 237.08026759326458 9840.6324050724506 1186.503586910665 2076.8256554156542 122.96984602510929 355.38811935484409 205.85407499969006 269.55267853289843 113.24294155836105 809.69003361463547 2580.1903318986297 712.90511004626751 91.265695795416832 15.550059035420416 1050.9023929685354 4548.9847634062171 767.63634917885065 81.975590035319328 14.464199319481848 717.58334036171436 20.614707380533218 1976.0570315346122 12.073970481753348 14.092624291777609 33.102669134736061 30.674245156347752 2589.7828753143549 211.98582521826029 476.08632443845272 20.958423942327499 2448.0362519770861 3836.0984512269497 44.269166685640812 291.96366554498672 6028.6641975566745 764.33994167298079 384.04716414958239 104.59592347592115 1770.2177243381739 6300.2279988378286 625.65548381209373 173.57353396713734 538.76763493567705 2490.7212156429887 135.77961565554142 766.67280396074057 91.726737059652805 42.399983212351799 6.9371835291385642 77.837345913052559 106.2802489772439 26.231729999184608 60.30677655339241 10.575150169432161 11.980149127542971 92.743075869977474 38.75077323615551 47.182428419589996 58.831827364861965 8.5950542762875539 687.04842722415924 171.82742556929588
leaf_count=5695 994 38340 14436 10404 613 1391 1387 3150 852 4091 10492 2735 420 128 7933 20950 3244 353 68 4921 96 8100 59 96 182 208 21760 1297 2720 73 9868 16603 192 1309 31953 2961 3042 635 7671 26486 2636 1704 3624 9671 890 3052 664 181 43 410 686 103 267 50 63 424 158 229 289 52 3064 663
internal_value=0.00128316 -0.000428709 0.0279592 -0.00750432 0.00492534 0.00425592 -0.0128819 0.0187056 -0.00308977 0.00905776 0.00189863 0.000468244 0.0150399 0.0460527 -0.0192994 -0.00363494 -0.00120529 0.00763016 -0.00227626 0.0259306 -0.0206182 0.00774612 0.0134368 -0.0389325 -0.0760515 -0.000122026 -0.0235391 0.00849851 0.00830253 0.00354032 -0.00137596 -0.00280333 0.00922658 0.0138199 -0.00804413 0.00657888 -0.0112194 -0.00681039 -0.000494972 0.00793051 0.00275371 0.029943 0.0244468 0.00906508 0.0255251 0.00617908 0.0101902 0.00216106 0.0467357 0.0158289 0.019068 0.0134445 -0.00946906 -0.0270765 0.0225524 0.0260038 0.00846946 -0.0033918 0.014973 0.0369508 2.88071e-05 0.000737389
internal_weight=59920.2 56306.8 3613.36 24254 32052.8 31217.5 10934.4 2390.69 13319.7 10279 20938.5 17115.5 2114.2 1222.67 4699.83 13070.7 8521.68 1258.17 674.222 856.031 36.1648 9469.31 838.542 92.3337 47.1953 45.1384 3082.45 9113.93 3822.95 581.889 13147.5 7683.14 499.913 455.644 6234.52 3967.97 1617.38 1233.34 5606.32 8901.94 2601.71 835.311 661.737 3203.63 249.023 3346.86 434.685 334.364 276.49 182.433 583.948 477.668 135.864 109.633 341.803 329.823 49.3259 138.448 826.468 100.322 10699.5 10012.5
internal_count=296831 267285 29546 133777 133508 127567 72815 14886 60962 44001 83566 67302 11693 14660 39475 59220 38270 6123 3378 5570 224 39910 3592 554 278 276 27455 38519 16264 2824 51935 34678 2471 2279 33340 15367 12020 8978 24274 37222 10736 5941 4237 12406 1742 13544 2206 1490 3193 1045 2745 2059 578 475 1481 1418 208 649 3533 716 42067 39003
is_linear=0
shrinkage=0.05


Tree=46
num_leaves=63
num_cat=0
split_feature=38 69 10 69 9 18 48 40 59 46 69 69 1 33 46 13 65 66 1 38 59 35 68 26 47 66 64 69 7 47 57 25 20 69 44 69 7 1 67 40 59 38 47 30 46 10 20 63 8 16 68 58 59 70 64 2 69 3 56 24 30 33
split_gain=1016.92 736.561 302.533 253.262 159.205 137.471 103.982 95.9592 90.8559 96.7571 84.887 82.4679 69.7873 63.3852 59.5428 58.9297 55.9621 62.4058 55.0594 53.4734 68.0554 50.379 50.2286 48.9595 47.4424 45.0775 44.8772 44.0284 40.9368 42.858 42.4197 40.9338 40.8281 39.9245 39.7254 39.4218 38.979 46.5781 37.219 36.4703 36.288 50.9478 40.0358 37.4349 36.2222 35.6526 34.4304 67.3243 33.8945 31.4714 31.3925 31.2239 30.0469 29.7727 29.181 28.5202 28.0831 27.8601 33.4252 27.5508 27.5236 43.9985
threshold=10046030800.95509 5.9055008588285096 5.5000000000000009 21.162514624978222 201328.00000000003 7309896.0205069082 354852392809.20172 84.500000000000014 441.9246103158444 26.289117647058827 0.10456237086455401 41.656739314430816 4.9050000000000011 4.7002336448598143 225.07857142857145 4.6502427184466031 1.0000000180025095e-35 0.68832836526074803 4.5950000000000006 357108618513.30475 188.24071947869558 0.99132436086611675 14.976542208875104 -1.0000000180025095e-35 45.628835315338875 0.73724926354828246 2.5000000000000004 30.15487851932987 2.8050000000000002 4.0259093893013418 0.50737998807245421 1.2160245493291051 9.5000000000000018 1.5775279430434892 0.46216880033165381 0.44098043364616263 12.905000000000003 6.4850000000000012 0.99535829673000953 25.500000000000004 253.66859616057994 5823628996.9336138 57.050223925501449 30.500000000000004 9.9983333333333348 6.5000000000000009 2.5000000000000004 169.69374343741904 0.11650000000000002 92.725000000000009 2.3038073513814421 43066394.339065269 1131.3816962159628 7.6345043451055412 1.0000000180025095e-35 7.5000000000000009 23.435609643772874 108.85000000000001 23.500000000000004 0.21603596060433652 18.500000000000004 4.791341829085459
decision_type=2 2 2 2 2 2 2 2 2 2 2 2 2 2 2 2 2 2 2 2 2 2 2 2 2 2 2 2 2 2 2 2 2 2 2 2 2 2 2 2 2 2 2 2 2 2 2 2 2 2 2 2 2 2 2 2 2 2 2 2 2 2
left_child=1 4 6 5 23 8 14 11 9 31 -6 13 33 40 15 27 32 34 55 20 28 -9 25 -1 45 -20 -22 60 29 -4 -30 48 -7 -12 -18 -8 37 50 46 -24 42 43 -5 -42 -35 -15 -25 -48 -3 -19 -14 52 -37 -16 -49 -11 -17 -57 -59 -32 -2 -62
right_child=2 3 19 7 10 16 35 21 -10 18 12 -13 36 24 53 56 17 49 22 -21 26 -23 39 38 -26 -27 -28 -29 30 -31 59 -33 -34 44 -36 51 -38 -39 -40 -41 41 -43 -44 -45 -46 -47 47 54 -50 -51 -52 -53 -54 -55 -56 57 -58 58 -60 -61 61 -63
leaf_value=0.055609326367050606 -0.0057704556160213779 -0.051572417526152693 0.060406686658255243 0.0022405073651960705 -0.046601090221692197 0.012086303298228032 -0.074104506799599221 0.038895370546810186 -0.019212774643066727 -0.02056886440720505 -0.024078723467688763 0.022696796624223997 0.01205802864684468 0.0045951630641279549 -0.0074518324933037089 0.016609842620385642 0.0034699385374133552 0.012624617580563359 0.0006479992717379246 0.052903774701267163 0.0204179479646764 0.0036136070651718874 -0.0019678684432118416 -0.0069892896695219857 0.015268493496577523 0.010985297445994295 -0.042197337500345725 0.029818376175636509 -0.042257007136093282 -0.051618846269906905 -0.083091775126832232 0.020790105585670897 0.03555616235252259 -0.038880765383107863 -0.013253523625930434 0.041245907343367666 -0.022302501931617751 0.020031451594217094 -0.031864760479636357 0.015267034126309724 -0.0033149975500663038 0.065950604070838484 0.0090921399378586891 -0.089062356369848245 -0.013947816445320364 0.047518030551476603 0.00033533658635427269 0.051122998448369629 -0.01284416786060434 -0.01102254843003801 -0.0093216132048510435 -0.060348329080533052 -0.074007661700657965 -0.069838536630835668 -0.020587194398867734 -0.0047430129745947396 0.037505449370351496 0.003386144607028534 -0.015716111068894426 0.043327370274313874 0.0016124639657808387 0.031534472638648316
leaf_weight=35.807571478188038 599.11676934361458 58.385155498981476 13.182926811277865 5572.3847013711929 212.55143552273512 746.89014469832182 7.9836909472942343 353.8872759565711 765.29999899864197 236.83024342358112 1724.219216838479 748.29318141937256 189.13962002843618 2396.5884712412953 47.589517191052437 684.9067862406373 882.75470434129238 1648.5199745669961 2011.5867800265551 604.49986321479082 91.484334878623486 141.68832375854254 5705.0436928272247 1733.8290840238333 2487.3273281306028 2216.751842238009 41.640660382807255 160.16676818579435 14.947750143706797 24.229119792580605 4.3313560634851447 88.187058985233307 246.44297786056995 151.62576241791248 594.08590143173933 435.74236030131578 396.18063586950302 168.03738486021757 109.29751113802195 324.39958512037992 1763.5664896816015 26.468368217349052 3453.3635746240616 12.820990726351736 3707.9742792546749 49.375356234610081 1379.6414738669991 96.039835266768932 1745.5459007546306 153.83084496110678 1861.8963372781873 7.9305574819445601 5.7293294072151175 31.971441879868507 16.645367659628391 6402.9379763975739 210.12817149609327 2269.9913374856114 254.69993384182453 862.6431400924921 494.86721967160702 163.42891122400761
leaf_count=254 2521 323 94 21884 2518 2982 38 2653 3838 1151 15547 3760 1174 10241 219 3766 3686 7141 8184 8370 696 631 23227 9411 11472 8838 247 953 76 144 28 374 1520 1128 2536 3897 2866 748 569 1332 6730 110 13924 54 25095 366 6042 433 8215 609 12103 60 25 146 75 26831 1481 9283 1096 9361 2696 1059
internal_value=0.00122613 -0.000640256 0.0240628 0.00237226 -0.0117255 -0.000697542 0.0141841 0.00712923 -0.00228614 -0.00167838 -0.0154049 0.00647851 -0.0145962 0.00570855 0.0100076 0.0114708 0.00751205 0.00436257 -0.000626905 0.0410519 0.0342445 0.0288081 0.0018894 -0.00254502 0.0104062 0.00606744 0.000832281 0.0051287 0.0390828 -0.0121443 0.0412559 -0.0124716 0.0179091 -0.0177532 -0.00325738 0.0360272 -0.00785584 -0.00527661 -0.00316933 -0.00104059 0.00356841 -0.00290788 0.00486203 -0.00393387 -0.0149273 0.00546162 -0.00219717 0.00337045 -0.0140976 0.0106063 -0.00735005 0.0379837 0.0397502 -0.0325218 0.0405303 -0.0034434 0.0215155 -0.0029891 0.00145904 0.0426958 0.00198377 0.00904092
internal_weight=59647.4 55140.8 4506.52 43357.9 11782.9 26352.2 2849.56 17005.8 22079.7 21314.4 8411.62 16510.2 8199.07 15761.9 2392.18 2312.61 4272.52 3279.19 19422.2 1656.96 1052.46 495.576 10257.8 3371.26 4933.29 4228.34 133.125 1417.58 919.334 37.412 881.922 1892.12 993.333 5583.82 1476.84 457.386 2615.25 2219.07 3335.45 6029.44 10828.6 1802.86 9025.75 1776.39 3859.6 2445.96 3226.16 1492.33 1803.93 1802.35 2051.04 449.402 441.472 79.561 112.685 9164.46 895.035 8927.63 2524.69 866.974 1257.41 658.296
internal_count=296831 260954 35877 182991 77963 111166 16861 71825 92692 88854 61179 68541 58661 64781 12841 12476 18474 13972 79942 19016 10646 3284 41581 16784 22079 17022 943 7229 9703 238 9465 8912 4502 41770 6222 4020 16891 14025 16530 24559 42702 6894 35808 6784 26223 10607 15961 6550 8538 7750 13277 3982 3922 365 508 38361 5247 37210 10379 9389 6276 3755
is_linear=0
shrinkage=0.05


Tree=47
num_leaves=63
num_cat=0
split_feature=10 69 38 38 40 69 69 30 59 48 23 47 33 59 69 46 62 69 17 12 40 63 62 63 33 66 32 69 32 38 64 35 53 48 47 61 38 17 65 60 64 59 7 36 30 59 40 46 66 66 7 62 53 69 57 60 53 36 61 42 35 3
split_gain=942.17 708.663 233.162 195.729 189.577 119.299 118.775 94.3176 74.3091 74.0997 65.2678 67.1065 62.5047 61.7423 60.9552 58.228 56.5081 53.4501 52.9446 51.3855 52.2415 72.93 51.5131 53.3718 50.9515 49.8692 49.0022 48.6039 47.0383 46.2614 64.8753 45.652 45.2504 43.827 41.5919 45.6278 40.9655 41.8941 43.196 38.6967 38.4683 38.2074 37.2548 37.1503 36.4962 36.1384 36.1382 57.3745 39.1393 35.4463 35.0172 35.4126 34.9663 34.8472 34.6545 40.6546 35.4119 34.5639 34.3646 33.9652 33.408 33.2862
threshold=4.5000000000000009 11.933748848671929 45676960285.925697 7952712.8791563809 92.500000000000014 3.2868953971770685 26.790697891513783 75.500000000000014 117.27520445318387 359453317564.0509 4.8062940140845081 59.727820691231621 4.7375247035573134 779.82269281538936 0.10456237086455401 418.04354838709685 0.41867732558139498 5.7145608772497587 1.6500000000000015 5.7550000000000008 21.500000000000004 192.03301682185685 1.3261744236624622 13.978977794713476 4.7291787090558772 0.33379414889141273 6.7950000000000008 33.609982947897741 6.3950000000000005 1441898588.5121479 2.5000000000000004 0.95920304504051612 5.5000000000000009 49525764906.738258 15.184056461166378 12.829637568249757 10046030800.95509 15.900741205339648 1.0000000180025095e-35 3.714285713489796 1.0000000180025095e-35 146.67256286342555 3.2100000000000004 33.620273972602746 23.500000000000004 162.87352571587158 36.500000000000007 28.922401433691761 0.98897820466835418 0.84335933205092517 6.4050000000000011 1.5000000000000007 27.500000000000004 1.8139298249981335 0.91452103774393989 11.868131859328585 2.5000000000000004 108.35227272727275 11.107535822324465 5.5550000000000006 1.4476482730108382 71.450000000000017
decision_type=2 2 2 2 2 2 2 2 2 2 2 2 2 2 2 2 2 2 2 2 2 2 2 2 2 2 2 2 2 2 2 2 2 2 2 2 2 2 2 2 2 2 2 2 2 2 2 2 2 2 2 2 2 2 2 2 2 2 2 2 2 2
left_child=1 3 7 5 6 14 10 12 27 19 11 46 18 -4 -1 28 40 58 -2 20 22 24 23 -5 29 -15 36 -8 -10 -22 43 -6 34 41 35 -28 37 38 39 -20 -16 -12 -7 -31 -26 -13 47 -3 -48 61 51 -18 -25 -32 -40 56 -56 -24 -14 -17 -9 -49
right_child=2 4 13 9 31 42 8 60 15 -11 33 45 17 25 16 59 50 -19 26 -21 21 -23 57 52 44 -27 32 -29 -30 30 53 -33 -34 -35 -36 -37 -38 -39 54 -41 -42 -43 -44 -45 -46 -47 48 49 -50 -51 -52 -53 -54 -55 55 -57 -58 -59 -60 -61 -62 -63
leaf_value=-0.044941401204575786 0.017852094323590615 -0.013979259518492122 0.047216175397792493 -0.011970794482774751 0.035146321224079451 -0.022828668126836749 0.0084339940747682716 0.048474923906192124 -0.0022544337921689638 0.023356097692878833 0.008896379900182886 0.008437729105516387 -0.053901032652762748 0.050731022707655386 -0.015927546057739422 0.018884960956109476 -0.0085184414967013587 0.03184469288026099 -0.051966785013266528 0.0076295703697131876 0.0031548426090208812 0.042970961254014395 0.034443524617563344 -0.0034215000484584292 0.0045977865856980972 -0.069000487149766906 -0.11610788896475228 0.01806241950770714 0.028502698084112765 -0.00070434017917262294 0.018586814047849978 0.0073402424238931917 -0.099432667511001979 0.02813302170878498 0.022004588374109523 -0.0011725699638655039 0.042160893991922188 0.028747235672153273 0.018034772991643477 0.028331600516216651 -0.027657457299884166 -0.0038411098866083914 -0.0063895184431729413 -0.054772553320495909 0.038581218483737835 -0.0036710067153913305 0.010505825005962737 0.015052596818073877 -0.013813064408306378 0.002040595942001852 -0.022919308556157782 0.015699177682870307 -0.033855646503469949 -0.062886022549477213 -0.0095240941144201542 -0.080098453196306124 -0.062136517319134277 -0.030085283030749518 0.0098901729851694938 0.0051484751088044928 -0.064722050959303459 -0.0044222481450083622
leaf_weight=200.90859637409449 573.31091919541359 948.49247060716152 1095.8422118872404 2787.8721574693918 611.2665127441287 366.3381647542119 3303.1588672101498 256.96574089676142 2702.8542352467775 265.03795152157545 2811.0832741186023 3191.6580946743488 23.814643390476704 14.834379002451895 1645.273304104805 735.78585210442543 990.21026232093573 620.03594981506467 17.556842252612114 984.90096817165613 961.86344209313393 109.86040408164263 123.3687461912632 7119.1355747133493 188.28159309923649 21.019472107291222 16.430102713406086 2172.8935290947556 130.30100582540035 324.05070133507252 15.403655633330343 194.60608597844839 21.998680703341961 244.03383855521679 34.250757783651352 18.200396418571472 58.512832351028919 91.171377189457417 52.875428415834904 103.17779096215963 1215.2296465709805 744.69992297142744 5818.2131811156869 35.223385237157345 136.12348225712776 763.60896083712578 1063.7619486004114 227.93244617432356 195.92172623425722 4829.2878026366234 346.82418137788773 178.10070751607418 95.645112074911594 88.701437793672085 179.16173211485147 31.0126126781106 38.932429358363152 24.948367983102798 186.03391099721193 1158.6436472609639 6.687736064195632 5868.047972381115
leaf_count=2505 2734 4102 14436 13496 5065 2317 14189 3204 10788 1749 11701 12406 109 128 14358 3030 7459 4496 77 4086 3893 504 476 32338 759 96 85 10351 662 1547 67 876 110 1563 251 105 455 413 226 494 11361 3000 31023 157 903 2961 4483 861 833 18734 2790 1002 461 426 811 146 180 100 948 4981 42 22922
internal_value=0.00117134 -0.000395699 0.0264841 -0.00688189 0.00448887 -0.011892 0.0038683 0.0174409 0.00828995 -0.00281609 0.00170842 0.00039049 0.0138477 0.0451037 -0.0180119 0.00369767 -0.0167755 0.0244626 0.00672399 -0.00334986 -0.00425021 0.00345442 -0.00566159 -0.00609531 0.000973181 -0.0194621 -0.00289465 0.0122545 -0.000839868 -0.00309755 -0.016076 0.0284316 -0.0370018 0.00763547 -0.0170632 -0.0557025 0.00252053 -0.00199304 -0.00862309 0.0166549 -0.0209108 0.00622872 -0.00736328 -0.00600521 0.0188576 0.0061 -0.00132899 -0.00218327 0.00672345 -0.00115918 -0.00896817 -0.00482664 -0.00382496 -0.0508311 -0.0187294 -0.026533 -0.018916 0.0235892 0.00265083 0.0104836 0.0456036 -0.00369407
internal_weight=59381.4 55919.6 3461.83 24021.5 31898 10761.1 31092.2 2330.13 10203.6 13260.4 20888.5 17088.7 2066.48 1131.7 4576.55 4727.58 4375.64 829.885 1236.59 12995.4 12010.5 1859.51 10151 10002.7 1749.65 35.8539 663.281 5476.05 2833.16 1425.24 463.379 805.873 90.8799 3799.82 68.8813 34.6305 572.401 513.888 422.717 120.735 2860.5 3555.78 6184.55 359.274 324.405 3955.27 13133.4 11873.8 1259.68 10925.3 1515.14 1168.31 7214.78 104.105 301.982 249.107 218.094 148.317 209.849 1894.43 263.653 6095.98
internal_count=296831 267285 29546 133777 133508 72815 127567 14886 44001 60962 83566 67302 11640 14660 39475 19461 36970 5553 6087 59213 55127 8256 46871 46295 7752 224 3353 24540 11450 6090 2197 5941 551 16264 441 190 2802 2347 1934 571 25719 14701 33340 1704 1662 15367 51935 46619 5316 42517 11251 8461 32799 493 1363 1137 991 576 1057 8011 3246 23783
is_linear=0
shrinkage=0.05


Tree=48
num_leaves=63
num_cat=0
split_feature=20 69 43 30 45 9 69 43 69 40 1 30 59 59 2 40 27 62 1 40 61 51 1 69 17 27 26 26 22 62 29 38 10 29 69 69 67 68 3 53 54 68 59 34 44 45 26 59 65 1 38 36 51 67 26 48 16 66 53 70 7 58
split_gain=881.227 644.809 272.946 214.506 174.99 162.04 152.551 88.0916 79.6958 75.4556 68.0391 67.3409 66.4696 65.331 63.6556 60.0819 60.4261 59.2497 57.5069 57.0827 64.955 59.3393 53.99 53.1625 50.6166 50.4901 49.1913 48.7771 81.0245 48.3209 47.4693 45.9877 43.0678 42.2333 38.2405 38.1617 37.7836 37.3343 35.1403 43.8186 34.9711 34.8509 62.0227 34.8451 34.3325 33.8518 33.0446 37.6843 45.8386 57.8354 35.7151 32.6299 52.025 45.5911 47.0606 35.5835 38.8831 31.9608 31.9256 38.5449 31.8047 31.7473
threshold=18.500000000000004 5.9055008588285096 4.6928230765777901 5.5000000000000009 0.78962633073318611 201328.00000000003 21.789888850165543 4.999744897959185 0.10456237086455401 149.50000000000003 4.9050000000000011 81.500000000000014 441.9246103158444 207.4341324427983 6.5000000000000009 82.500000000000014 16.899999999999991 0.62604683195592303 5.7150000000000007 59.500000000000007 7.142815016599573 1.3571702559476619 4.6950000000000012 26.590665529859852 2.5499999999999985 3.7109350160469594 42.133854166666673 10.001271186440681 7.5950000000000006 1.976478067387158 6.0093656891615273e+19 32356183980.192245 2.5000000000000004 3.6514750104484101e+18 34.010047671205605 1.5775279430434892 0.99535829673000953 8.8922506644007857 108.85000000000001 3.5000000000000004 0.7506324378574728 12.369161775601139 112.41806039489289 0.39999999999999991 0.52460243705322196 0.64557287850483336 55.169047619047625 148.576123743392 1.0000000180025095e-35 4.7750000000000012 93110891.981110781 32.301477000218007 1.3105596074571266 0.66259481767468287 1.0000000180025095e-35 25508130562.905334 10.444538606403016 0.89490028524376763 75.500000000000014 7.1225177093588465 24.950000000000003 5120015.3088483
decision_type=2 2 2 2 2 2 2 2 2 2 2 2 2 2 2 2 2 2 2 2 2 2 2 2 2 2 2 2 2 2 2 2 2 2 2 2 2 2 2 2 2 2 2 2 2 2 2 2 2 2 2 2 2 2 2 2 2 2 2 2 2 2
left_child=1 5 6 17 19 31 12 9 -7 32 35 15 14 33 29 51 25 18 23 20 26 -22 38 30 -23 -17 45 28 -21 -3 44 36 34 40 -5 -10 46 -24 43 -40 -8 42 -12 58 -4 -2 47 -1 50 -50 -49 52 53 55 -55 56 -6 -15 59 -16 -20 -42
right_child=4 2 3 7 11 8 13 -9 10 -11 41 -13 -14 57 22 16 -18 -19 60 27 21 24 37 -25 -26 -27 -28 -29 -30 -31 -32 -33 -34 -35 -36 -37 -38 -39 39 -41 61 -43 -44 -45 -46 -47 -48 48 49 -51 -52 -53 -54 54 -56 -57 -58 -59 -60 -61 -62 -63
leaf_value=-0.0050058912788689229 0.041150165308345886 -0.014558012278302522 0.0037929786140688537 0.0067025841366769728 0.014498306104357104 -0.045527352458605681 -0.012302185551595873 0.029927992827286112 -0.022820752985822847 0.044339164473517663 -0.006948232488874018 0.035669176245527949 -0.01883743494691947 -0.0068220888570783081 -0.0052303916811828497 0.031687984050268209 0.0400353584029918 0.016628815131497287 -0.0068971481005062176 0.048677900864207035 0.036801026389664634 0.0096473882989437914 0.010366801256279493 0.011872928768706222 -0.13405596190911237 -0.10039035812835564 -0.16322466978967021 0.050201751113316456 -0.14026885020848376 0.01512060283032484 0.049120706528337311 0.016275814378435127 0.02350360173977744 0.031287648728222206 0.021229749250873023 -0.013825583785009544 -0.032016750655067643 0.0001168903517008081 0.003623412957030182 -0.0097541607648213846 0.0057193778117830335 -0.011221436657144266 0.021500869354116055 -0.012619153821062054 -0.0037584784450265872 -0.056855439162138803 -0.022179394224931422 -0.0043131118994337633 -0.011150313863095139 0.018234652460780983 0.03389885593011354 0.028093575126787791 0.059394707940786773 0.060605055308135869 -0.051807021432667633 0.047741104158235938 -0.033100373199611947 0.0052515727766234369 -0.056246562040312614 0.0069887364480844365 -0.039555576427682856 0.019249181361466694
leaf_weight=2070.6175125539303 17.208816193044186 1531.8008830100298 6567.8420957997441 2609.0820526555181 108.46292524784803 198.04952211678028 254.90435952693224 971.5966827198863 1698.1258845627308 184.71645249426365 716.65328399091959 206.13619600236416 662.66631956398487 1655.7951506823301 4751.2106640189886 9.0433276668190938 15.633402183651922 867.17749564349651 604.72598642110825 15.262396968901157 552.92628668993711 18.322541013360027 1240.8533527329564 1771.4548385366797 9.2068111747503263 36.200451098382473 6.0613033324480048 932.76600946858525 9.0312337353825569 150.63421909511089 53.928778439760208 326.22168722748756 634.17104046046734 167.51422104984522 548.18237449228764 3857.677631944418 111.3921520486474 3127.6971753612161 2649.5393077209592 796.04242289811373 7351.5676166117191 1674.7909601181746 261.48316790163517 1423.3115975186229 1952.6606478691101 18.055013999342918 198.54201932996511 85.246693104505539 447.18729019165039 267.68368510901928 216.32448526471853 142.39757789671421 32.80077351629734 10.631712473928927 74.919353738427162 40.14874766767025 70.985550321638584 819.36386127024889 28.91558887809515 746.84783882647753 85.031084701418877 460.74783673882484
leaf_count=10060 167 7685 25841 11799 514 2520 1022 5865 15652 1575 4588 2350 3429 6342 20824 70 116 3464 2461 158 5826 119 4995 8045 50 172 48 13162 81 675 301 1963 3898 931 2918 26478 580 12734 10901 3474 29808 10984 1586 5830 7788 108 1067 518 2303 1221 877 820 201 63 364 281 344 3188 134 3092 355 2046
internal_value=0.00111888 -0.000116422 0.00265967 0.00768156 0.0312819 -0.0103397 -0.000382152 0.0164315 -0.0141855 0.0131335 -0.0134294 0.0113496 -0.00331154 0.00429767 -0.00268598 0.00208701 -0.0447084 0.0040444 0.00305553 0.040717 0.0289219 0.0332339 -0.00163594 0.00398748 -0.0384122 -0.0739905 -0.031645 0.0483801 -0.0215636 -0.0119008 0.00235837 -0.00165594 0.0116132 0.00643866 0.00922487 -0.0165749 -0.00337797 0.0030283 -0.00359594 0.000532755 0.00592268 -0.00684185 0.000657006 -0.00564273 0.0020624 -0.00902852 -0.00240702 -0.00113538 0.00674934 -0.000147103 0.0230973 0.00801767 -0.000441471 -0.00687334 -0.0378372 0.00518962 -0.0043306 -0.00282529 -0.00384615 -0.00357056 -0.0109232 0.00651733
internal_weight=59126.2 56800 44670 16850.6 2326.2 12130 27819.4 4947.75 8406.78 3976.15 8208.73 747.36 17109.5 10709.9 16446.9 541.224 60.8772 11902.8 11035.6 1578.84 621.781 580.456 14764.4 10345.9 27.5294 45.2438 41.3251 957.06 24.2936 1682.44 8574.43 3723.22 3791.44 8234.73 3157.26 5555.8 3396.99 4368.55 10395.9 3445.58 8067.22 2652.93 978.136 6950.29 8520.5 35.2638 3285.6 3087.06 1016.44 714.871 301.571 480.347 337.949 305.148 85.5511 219.597 179.448 2475.16 5526.97 5498.06 689.757 7812.32
internal_count=296831 271817 191420 74310 25014 80397 117110 26055 61808 20190 59288 5295 73773 43337 70344 2945 358 48255 44791 19719 6318 5995 61984 41975 169 242 323 13401 239 8360 33930 18589 18615 33807 14717 42130 16626 17729 44255 14375 32876 17158 6174 29880 33629 275 16046 14979 4919 3524 1395 2587 1767 1566 427 1139 858 9530 24050 23916 2816 31854
is_linear=0
shrinkage=0.05


Tree=49
num_leaves=63
num_cat=0
split_feature=38 69 18 69 18 9 30 69 59 46 36 47 42 51 28 22 59 69 66 30 41 36 5 59 47 69 46 61 60 69 66 64 22 41 3 63 70 44 69 64 5 38 10 69 4 64 56 41 57 47 44 62 8 63 46 59 41 48 41 45 46 30
split_gain=820.537 602.586 224.163 184.326 171.433 131.721 123.54 76.1767 75.8024 81.1205 69.5696 64.161 59.712 57.7107 59.3302 54.7167 54.6133 57.7642 53.2784 52.1046 51.5115 46.938 55.4416 45.0257 44.193 41.2003 44.4356 39.5921 59.5518 42.2268 38.9216 44.9396 37.883 37.0396 36.7034 36.5065 36.4375 41.2436 34.9212 33.2887 33.2398 42.3187 38.5898 31.8498 34.9552 31.7536 31.6129 31.1873 31.089 30.8716 30.7016 30.6189 35.429 30.1227 29.9811 29.9746 30.8822 29.7525 29.6651 29.5418 36.1147 32.4818
threshold=32356183980.192245 5.9055008588285096 10369976.88598053 23.262854422344478 24886821.341418948 183581.50000000003 66.500000000000014 0.10456237086455401 441.9246103158444 26.289117647058827 384.45000000000005 94.824699196759653 7.5950000000000006 0.53996861153780018 5025238979.7750559 6.8950000000000005 139.78673502612926 33.19173346443953 0.85260769842926931 16.500000000000004 0.41666666666666669 -1.0000000180025095e-35 0.19050000000000003 313.06870053564825 36.524634394714219 1.6320822234945609 9.9983333333333348 12.357007003803135 8.8392857089584673 39.629138557665989 0.66259481767468287 1.0000000180025095e-35 5.7550000000000008 0.14999999999999999 80.050000000000011 720.0510843326382 85.799965072546357 0.18639378459902914 0.52281185432277033 2.5000000000000004 0.28100000000000008 48804021104.410027 6.5000000000000009 8.4695520400288782 0.94430000000000014 1.0000000180025095e-35 1.0000000180025095e-35 1.6166666666666669 1.1428802155348745 39.886798289065204 0.49708813213627751 0.66835686777920345 0.17250000000000001 40.90364208123858 140.99722222222226 319.43392558249212 1.9722222222222221 49525764906.738258 0.20555555555555557 0.89421789473568747 68.133908045977037 17.500000000000004
decision_type=2 2 2 2 2 2 2 2 2 2 2 2 2 2 2 2 2 2 2 2 2 2 2 2 2 2 2 2 2 2 2 2 2 2 2 2 2 2 2 2 2 2 2 2 2 2 2 2 2 2 2 2 2 2 2 2 2 2 2 2 2 2
left_child=1 5 3 8 11 21 13 -7 9 19 12 33 23 -4 27 -8 17 24 -18 -3 30 -1 -23 40 48 51 -27 28 29 -15 50 34 -10 -2 -32 -28 54 -38 -14 53 41 -6 -42 -29 -45 -26 -47 -39 -5 -20 59 -9 -53 -25 -24 56 -35 -22 -50 -11 61 -61
right_child=4 2 6 16 10 7 15 25 32 20 -12 -13 38 14 -16 -17 18 -19 49 -21 57 22 36 39 45 26 35 43 -30 -31 31 -33 -34 55 -36 -37 37 47 -40 -41 42 -43 -44 44 -46 46 -48 -49 58 -51 -52 52 -54 -55 -56 -57 -58 -59 -60 60 -62 -63
leaf_value=0.053316859540174212 -0.0055893436573586745 -0.013627622774886806 -0.04941460026345941 -0.00077491796315133155 -0.11081102120835987 -0.04488082855146211 0.043168529755879891 -0.020443379624736583 -0.018505484328125474 0.0038223090751325949 -0.060099023539000151 -0.053246257806572342 -0.081712287416784116 0.0070256277035120954 0.02189012558559144 -0.11939701672311516 -0.0031761082453299035 0.01563610764547986 -0.0026312316674309074 0.0089552018742176491 0.0064969875539584018 -0.053137649326469555 -0.0034476624875702543 0.043695072293572307 0.011966474303888211 -0.0357122353261453 -0.0096170189892500688 0.012070165786454652 0.034004064704426309 0.029708086561147814 0.017562511245331151 -0.0028373397445670941 0.048674576381397869 0.019065955123802065 0.0026933220090073198 0.071375772559386458 -0.033654823238204352 0.015869800635169028 0.048991280349142116 -0.037459240050861285 0.024280956204324872 0.02547764270359178 0.048569120514311538 -0.076883924811863263 -0.0094336170860017596 0.0075514880777051881 -0.015043185370883116 -0.041570186351945745 -0.048596798025079185 0.011275663756370305 -0.0098527498418198717 0.00048885997023582302 -0.023216149008847199 -0.035952107843296464 -0.035229426552131113 -0.010585824906708884 0.054973709691306986 0.02775840019521604 0.032864039072625251 -0.0064928173536617549 0.0010255335396184516 -0.070526132653853171
leaf_weight=37.759013131260872 191.1419080644846 1808.6114729046822 41.856056988239288 2221.5480748713017 8.8360868692398089 190.60359957814217 322.0519045367837 2254.0908950567245 779.88224022090435 1743.9185099229217 17.805539451539516 37.339652590453625 5.1405634880065909 5000.5289766266942 843.97827703878284 5.2606546431779853 2589.5768508687615 2055.3999663218856 542.08321151137352 297.42746794223785 874.64214066416025 53.712398365139961 2784.4319389909506 42.724514968693256 2701.5729613155127 165.64198061078787 5019.6430797949433 189.1142408773303 229.06912402063608 213.96555849909782 441.68285346031189 4326.4965825527906 21.565004765987396 503.77591667696834 6875.5681744068861 13.951581522822378 51.189115695655346 523.19958950579166 870.51502741500735 40.064498387277126 340.66079777851701 16.026569247245789 314.53984162211418 20.272480428218842 365.82751978188753 462.10958686470985 232.79382495582104 24.74924973398447 12.40224704146385 1512.5070245116949 1441.3684069663286 424.79918562620878 250.61323784291744 16.438693985342979 76.236445151269436 73.504606790840626 67.95594061166048 202.6703470274806 113.03733512759209 3466.6870297938585 2489.6576406955719 19.918509379029274
leaf_count=302 810 8631 187 9008 40 2520 3897 19732 3955 6668 119 189 30 21309 5589 33 10263 9633 2183 1312 3710 291 13784 357 11492 1245 33234 793 1227 1162 1712 18100 83 3235 27606 63 313 2455 11994 213 2587 113 4086 91 1583 1903 915 146 49 6352 5659 3015 2041 100 412 426 776 1089 524 15222 10182 81
internal_value=0.0010687 -0.000186188 0.00248568 0.000921075 0.0288306 -0.0101945 0.010541 -0.0136357 -0.00157135 -0.00106598 0.0382066 0.0108801 0.0392643 0.00911812 0.00947511 0.0405557 0.0058867 0.0084429 0.00159413 -0.0104383 -0.000163965 -0.00213304 -0.00272895 0.0291967 0.00586869 -0.012903 -0.010231 0.00773422 0.00905246 0.00795635 -0.000715987 0.00120231 -0.0166978 0.0137429 0.00359085 -0.00939253 -0.00194637 0.00926578 0.048224 -0.00226691 0.0337876 -0.0229588 0.0359409 -0.00474095 -0.0129751 0.00951455 -1.7766e-05 0.0132754 0.00059252 0.00760647 -0.00315403 -0.0176453 -0.00830693 0.0215648 -0.00429464 0.0194698 0.0233339 0.0104968 0.02481 -0.00190336 -0.00357416 -0.00685863
internal_weight=58882.1 56335.7 44465.1 37233.1 2546.47 11870.6 7231.92 8319.34 24790.1 23988.6 1672.75 873.718 1654.95 6904.61 6862.76 327.313 12443 7798.86 4644.17 2106.04 21882.6 3551.28 3513.52 779.291 5743.46 8128.74 5199.24 6018.78 5443.56 5214.49 20805.3 11643.7 801.447 836.378 7317.25 5033.59 3459.81 599.138 875.656 99.2277 680.063 24.8627 655.201 575.214 386.1 3396.48 694.903 547.949 2346.99 2054.59 9161.55 2929.5 675.412 59.1632 2860.67 645.236 571.732 1077.31 125.44 7720.18 5976.26 3486.61
internal_count=296831 271756 192203 156332 25075 79553 35871 61850 104010 99972 19639 5436 19520 31941 31754 3930 52322 33524 18798 9943 90029 17703 17401 7496 23891 59330 34542 26165 23698 22471 85230 47418 4038 5247 29318 33297 17110 2914 12024 670 6826 153 6673 2467 1674 14310 2818 2601 9581 8535 37812 24788 5056 457 14196 4437 4011 4799 573 32153 25485 15303
is_linear=0
shrinkage=0.05


Tree=50
num_leaves=63
num_cat=0
split_feature=10 69 48 40 38 43 69 40 26 43 1 69 68 1 43 18 40 58 56 46 3 40 45 36 47 43 20 33 17 32 17 60 31 67 22 56 67 37 36 65 28 34 31 67 7 1 44 43 36 28 18 0 16 31 44 3 2 2 0 69 38 68
split_gain=764.17 543.365 186.191 174.803 160.505 128.879 98.6977 72.5409 71.4683 68.458 67.2854 63.5811 59.4211 57.4323 49.3222 49.1447 48.3865 55.3617 50.4668 50.7646 48.5405 47.1184 58.5763 46.3645 56.6218 51.9134 45.8002 51.6338 53.0637 56.3964 48.1209 55.137 45.062 44.8905 44.6006 60.3081 43.6893 44.8403 43.4536 39.5328 43.3289 39.2317 38.3685 38.0666 37.7161 42.7142 37.1615 47.1955 38.3571 36.9051 36.255 36.2315 35.2421 35.0733 77.0316 35.4357 35.0177 34.3625 33.8299 33.4382 33.205 33.1845
threshold=5.5000000000000009 11.933748848671929 29461618077.40765 137.50000000000003 7952712.8791563809 4.7333839918946321 1.6320822234945609 10.500000000000002 10.001271186440681 4.9200946372239764 4.995000000000001 41.656739314430816 59.585640920802327 4.6950000000000012 5.5004166666666672 90066662164.69487 37.500000000000007 89230.906121783555 25.500000000000004 15.000759878419455 79.250000000000014 21.500000000000004 0.5998793022029616 142.17750000000004 1.0000000180025095e-35 5.1502830188679267 69.500000000000014 4.7250231910946212 1.6500000000000015 6.7950000000000008 15.900741205339648 3.4285714263673479 0.65000000000000002 0.70088257582277258 6.7950000000000008 5.5000000000000009 0.66259481767468287 3.535678207549481 12.84481053910738 1.0000000180025095e-35 11429809256.922129 0.53372044176436362 0.58333333333333337 -0.98624804680367262 15.320000000000002 6.8550000000000013 0.64645257778336429 4.6143701298701325 23.503846153846158 813249543.75444484 127861768152.67482 10.910000000000002 18.684659090909097 8.3166666666666682 0.41963580909856008 329.95000000000005 7.5000000000000009 7.5000000000000009 42.030500000000011 25.254085658808599 32356183980.192245 58.519031553931661
decision_type=2 2 2 2 2 2 2 2 2 2 2 2 2 2 2 2 2 2 2 2 2 2 2 2 2 2 2 2 2 2 2 2 2 2 2 2 2 2 2 2 2 2 2 2 2 2 2 2 2 2 2 2 2 2 2 2 2 2 2 2 2 2
left_child=1 4 26 5 6 11 12 14 15 -9 21 16 51 57 -7 36 18 46 19 -3 58 56 42 24 -12 -26 27 28 43 30 31 -30 -5 60 -19 -36 -4 -38 -29 -33 -41 53 -23 -2 45 -15 47 48 -18 -11 -16 -1 -31 55 -55 -24 -6 -8 -21 -35 -22 -58
right_child=2 3 8 32 10 7 13 9 -10 49 23 -13 -14 44 50 -17 17 34 -20 20 33 22 41 -25 25 -27 -28 38 29 52 -32 39 -34 59 35 -37 37 -39 -40 40 -42 -43 -44 -45 -46 -47 -48 -49 -50 -51 -52 -53 -54 54 -56 -57 61 -59 -60 -61 -62 -63
leaf_value=-0.0097492344889725802 -0.035649922262489683 -0.047154466501995021 0.014842221315994546 -0.0042359768180047974 -0.019188986447338754 0.0062587009853051117 -0.024921494157426588 0.0081894196779547321 0.045423308644971079 0.016657915288180083 -0.0042579150408367924 0.019158728376109813 -0.03258365341152171 -0.0024727114417747581 -0.0083542780483521258 0.045405733051232661 0.028327333707833954 0.011099932333583699 -0.011819227218067187 0.0237301224701549 0.0014050951945088449 0.00066280999568299633 0.0051697301623509599 -0.018360640128478021 0.0057594252491498131 0.024301240797377565 0.047791515437086783 -0.0017098524791512042 -0.054249848376226331 0.00085719513084304337 0.038656724555892863 0.028320154390031035 0.041498444666574492 -0.0079735531949455332 0.046254266862520363 -0.077090623521552229 -0.011476464575713457 -0.14052833403824397 0.032623215359833167 -0.018178335700433285 0.058340289260048694 -0.017412852384145507 0.045021998532873315 0.022491591447595102 -0.018477653307657584 0.030970976201873241 -0.088729407735751553 0.01818445196002574 -0.010847422528107761 0.034272884503935931 0.055129147577996973 -0.023652219531504506 -0.09046878880897169 -0.12392289069738104 0.051023358375832023 -0.08253403896195273 -0.0036513053222528118 -0.010179177119823407 0.0045274010915715137 0.0014199750345553514 0.047355849001204459 -0.012278481155205591
leaf_weight=1289.05910782516 30.226719930768013 55.807166427373886 25.323198080062866 62.644232362508774 469.53596432507038 4492.6517663672566 441.11557611823082 3211.8330864459276 1081.467215988785 1369.3804606422782 1004.6951712742448 489.70231322944164 611.8531942255795 3190.0199781432748 856.64429410547018 33.319543927907944 67.948651909828186 2499.0092476904392 883.87056423723698 352.37694279104471 10958.185946293175 79.006961651146412 1311.1744763441384 218.39582240581512 1573.2057626731694 496.67844685539603 103.06003308296204 116.85339281708002 53.138879656791687 16.361081622540951 67.918511651456356 92.077066101133823 384.08659448847175 2608.6168210059404 14.418036431074141 31.695110253989697 13.329739142209293 13.596937298774717 436.1086320951581 193.50276016443968 20.456286534667015 276.40686934813857 127.27561657503247 410.18145613372326 361.92154848575592 98.419319927692413 12.584099620580671 222.5233426913619 777.04614598304033 379.81972720101476 23.096246495842934 736.2585540227592 29.811691209673882 15.741877660155298 10.481843080371616 11.619187846779822 6496.4991568550467 3803.1230521351099 656.98360180854797 1487.6633508428931 39.45654208958149 1345.5085501894355
leaf_count=11423 146 278 208 332 2459 17688 3218 15197 15592 6629 4706 2506 6799 18054 3456 373 277 10430 3733 1357 42895 323 5782 911 6720 2175 1382 628 263 103 363 474 3840 10367 103 154 106 76 3332 912 194 1342 1042 2082 2235 394 68 1242 3207 2708 139 6720 152 101 113 50 30170 23972 2534 5901 203 6492
internal_value=0.00102064 -0.000242193 0.0268177 0.00402801 -0.00593236 0.00358743 -0.0105539 0.00816442 0.0419428 0.0125239 -0.00230984 0.00135205 -0.0189286 -0.00775635 0.00413871 -0.00204492 0.00093015 0.00617564 -0.000185622 0.000450713 0.000615692 -0.00432587 0.00293334 0.00390008 0.00548132 0.0102086 0.0155725 0.0133085 0.00601011 -0.00561368 6.14275e-05 -0.00723678 0.0350852 -9.41907e-05 0.0102008 -0.0385248 -0.032304 -0.0766427 0.0253679 0.000926375 -0.0108625 -0.000251966 0.0280323 0.0185011 -0.00315786 -0.00147178 -0.00330919 -0.00230224 -0.00769726 0.0204828 -0.00668762 -0.0148034 -0.0581079 0.00326421 -0.0539954 0.00439936 -0.00592566 -0.0117114 0.0112312 -0.00456207 0.00156995 -0.00513153
internal_weight=58642.8 55906 2736.73 31938 23968 31491.3 10531.8 10333.4 1167.04 4961.03 13436.2 21157.9 2637.17 7894.6 5372.39 85.5694 20668.2 3625.22 17043 16159.1 16103.3 10143.3 1831.71 3292.98 3074.58 2069.88 1569.7 1466.64 913.674 473.266 427.094 359.175 446.731 15093.9 2545.12 46.1131 52.2499 26.9267 552.962 306.036 213.959 1625.42 206.283 440.408 3650.36 3288.44 1080.1 1067.52 844.995 1749.2 879.741 2025.32 46.1728 1349.02 26.2237 1322.79 8311.54 4244.24 1009.36 4096.28 10997.6 7842.01
internal_count=296831 270445 26386 135244 135201 131072 72815 45817 16355 24534 62386 85255 24942 47873 21283 763 82749 15481 67268 63535 63257 47874 8753 14512 13601 8895 10031 8649 4689 2461 2206 1843 4172 59366 10687 257 390 182 3960 1580 1106 7388 1365 2228 20683 18448 4794 4726 3484 9337 3595 18143 255 6046 214 5832 39121 27190 3891 16268 43098 36662
is_linear=0
shrinkage=0.05


Tree=51
num_leaves=63
num_cat=0
split_feature=20 69 43 30 43 20 69 30 69 43 30 8 63 63 32 69 16 44 28 8 18 65 67 69 68 69 0 69 7 66 60 37 18 34 58 58 5 3 37 69 69 30 69 42 44 44 47 66 63 47 32 20 6 47 33 48 2 18 64 46 46 58
split_gain=719.304 495.706 229.254 184.835 159.335 130.165 118.425 113.903 81.9551 81.0174 71.6361 59.7675 56.3107 54.2231 68.5948 46.8454 46.6643 47.0054 44.2753 40.3275 39.8945 38.0692 43.4918 37.5747 36.3956 39.0816 42.5721 36.1487 34.5456 34.494 34.2333 49.8245 34.7388 33.6004 32.8925 44.4571 31.7264 30.7767 30.233 61.468 40.521 43.3565 41.8513 39.3265 35.9707 35.4925 36.4532 30.806 31.7667 30.126 29.9026 29.7157 29.5738 29.5318 29.517 28.5914 27.982 27.8637 49.7886 100.912 42.2064 44.3752
threshold=21.500000000000004 5.9055008588285096 4.6928230765777901 5.5000000000000009 4.6143701298701325 1.5000000000000002 21.789888850165543 81.500000000000014 0.10456237086455401 4.999744897959185 36.500000000000007 0.15050000000000002 14.675766539806103 144.64433641859861 7.5950000000000006 25.463210400537704 30.419398496240607 0.49708813213627751 3258780754.5595803 0.18950000000000003 11296214591.046471 1.0000000180025095e-35 -0.46173103126271875 41.656739314430816 2.4320420801751319 1.6957288840208113 16.910000000000004 34.382835254287926 4.830000000000001 0.80382625221112025 6.1714285690481629 21.552692697467787 1259636480.9241874 0.31592573472498947 1.0000000180025095e-35 3248503.6563450946 0.90500000000000014 78.520000000000024 0.996328580057119 1.8139298249981335 1.8139298249981335 71.500000000000014 1.2502022603370593 4.5650000000000004 0.32971156605956092 0.59299456488229174 7.8033035490534015 0.9426055981926128 19.105236921714152 66.006485237608572 7.4900000000000011 5.5000000000000009 6.7300000000000013 117.45955762148239 4.2753378378378395 639437024.70506656 6.5000000000000009 141766266.34202841 2.5000000000000004 30.55043859649123 51.326136363636373 679226.29794259218
decision_type=2 2 2 2 2 2 2 2 2 2 2 2 2 2 2 2 2 2 2 2 2 2 2 2 2 2 2 2 2 2 2 2 2 2 2 2 2 2 2 2 2 2 2 2 2 2 2 2 2 2 2 2 2 2 2 2 2 2 2 2 2 2
left_child=1 5 6 11 7 8 12 30 -1 10 20 15 52 14 19 29 34 56 23 38 27 -15 -23 -8 -10 26 -26 37 -13 -4 31 32 -2 -9 -14 -36 -32 -5 40 44 42 43 -7 -42 -40 46 -46 50 49 -49 -41 -44 -3 -20 -54 -24 -18 58 60 -60 -6 -62
right_child=4 2 3 9 57 13 18 33 24 -11 -12 28 16 21 -16 -17 17 -19 53 -21 -22 22 55 -25 25 -27 -28 -29 -30 -31 36 -33 -34 -35 35 -37 -38 -39 39 47 41 -43 51 -45 45 -47 -48 48 -50 -51 -52 -53 54 -55 -56 -57 -58 -59 59 -61 61 -63
leaf_value=-0.044141078107960134 -0.074064492937490831 -0.026115002267003563 0.00023498501376323247 0.024144252553542841 0.04478551336438899 0.0014542411354521319 0.0026539532863260745 -0.024936166570829636 0.0025277785070671396 0.028220319214195756 0.037012180020271651 0.0094366659120398468 -0.0040980684433661917 0.047167242471197933 0.039506010644867189 0.01153038026383349 -0.0093097335684413571 -0.011106194169346849 0.032411413761779237 0.028207324825375371 0.035998504281401646 -0.029934780597204648 -0.013328554726585088 0.017497849502081841 -0.012223648564781378 -0.0094051124619593685 -0.024413394757977418 0.021085896289023746 -0.0116678222964786 0.0065807989411420702 -0.0066219170500639302 0.030938486559060643 0.025880011651664803 0.04458159705989944 0.02753753884847808 0.0017436902699957627 0.020187613939268781 0.0055231734038372728 0.041717896933050301 -0.021359324801215492 0.069476669043928282 -0.089969720146252943 -0.015573736274801454 0.008273523847350259 -0.046741412155162122 0.016478925801667311 0.011083903505082454 -0.012116188016015156 0.01712012882451178 -0.10207593617579398 -0.10323929642403101 -0.05837867277512046 -0.016653874654756786 -0.042584623640431855 -0.0050112497948753085 0.037285181024410433 -0.00048340190110091378 0.048699595358059455 -0.10733550751519777 0.049751038339476278 0.020515791689785901 -0.14285401751940649
leaf_weight=194.06036374345422 45.683452323079109 224.58172259479761 4639.7618760317564 241.21115657687187 234.49456208199263 341.04579202085733 10053.542506858706 18.604534804821014 451.97919631004333 955.48220606520772 266.96478262171149 246.35391671210527 326.56705112010241 93.200810879468918 95.620816178619862 2076.2070405632257 984.81923571974039 1360.3050175756216 184.91473745554686 95.423233695328236 143.92674996331334 53.768923245370388 38.801354683935642 445.20252964645624 2078.8316140845418 5294.2996809855103 1092.7955701500177 537.87723376601934 910.72123532742262 3977.0271763429046 232.71969528868794 24.022542126476765 10.737981814891098 264.46056323871017 350.8487066924572 318.88109259307384 209.86953316256404 2771.3140064366162 64.038736753165722 648.26426557451487 27.446784280240536 10.826174035668371 150.92886644601822 600.39487300813198 62.236944630742073 139.76223338395357 48.488436326384544 76.236112840473652 112.97780861705542 10.600504860281942 11.34563224762678 55.437699183821678 683.07641144841909 14.129649356007574 2681.3049912452698 99.332697525620461 10181.6666540429 790.76092147454619 18.420626163482666 22.975083127617836 12.710032202303411 6.1765024065971366
leaf_count=2620 207 1369 18384 1098 2858 1574 40192 148 3061 6143 2403 992 1409 399 799 9551 4910 5596 1086 422 1380 259 199 2282 17025 35007 9637 2993 3719 15609 1352 144 76 3743 1467 1462 1239 12970 320 3036 160 51 718 2647 275 588 208 381 554 52 66 238 3348 71 12061 514 42577 12564 132 305 127 54
internal_value=0.000974714 -4.0267e-05 0.00238388 0.00700182 0.0313038 -0.00908438 -0.000400324 0.0144641 -0.011996 0.0151518 0.0119996 0.00362026 -0.00298014 0.000269809 -0.00204138 0.00478834 -0.00150253 -0.00233085 0.00372632 -0.00365933 0.0101921 0.02095 0.00821723 0.00328341 -0.0112965 -0.0120345 -0.0164237 0.00914599 -0.00717445 0.00316386 0.000637269 -0.029367 -0.0550433 0.0400125 0.00891225 0.0152562 0.00609078 0.00701415 -0.00494779 -0.0106361 0.00068235 0.00923839 -0.00930001 0.0109491 0.00827623 -0.000273347 -0.0214188 -0.0175575 -0.000358097 -0.0230979 -0.0227677 -0.0270727 -0.00854774 0.0270876 -0.00737507 0.023068 -0.00126183 0.0438087 0.0306884 -0.0201507 0.0389941 -0.0329114
internal_weight=58416.5 56524.8 44576.7 16766.8 1891.64 11948.1 27809.8 806.098 9111.97 4916.78 3961.29 11850.1 17112.1 2836.18 2551.07 10693 13523.1 12526.8 10697.8 2455.45 3694.33 285.104 191.903 10498.7 8917.91 8465.93 3171.63 3550.4 1157.08 8616.79 523.033 80.444 56.4214 283.065 996.297 669.73 442.589 3012.53 2360.03 1173.95 1186.08 638.668 547.412 627.842 314.526 250.488 110.725 859.424 199.814 86.8366 659.61 206.367 3588.96 199.044 3364.38 138.134 11166.5 1085.54 294.777 41.3957 253.381 18.8865
internal_count=296831 273882 193072 75242 22949 80810 117830 6909 67350 26987 20844 48255 74199 13460 12089 43544 57421 53083 43631 11290 18441 1371 972 42474 64730 61669 26662 17061 4711 33993 3018 427 283 3891 4338 2929 2591 14068 10868 5480 5388 2858 2530 2807 1391 1071 483 4089 987 433 3102 956 16778 1157 15409 713 47487 16040 3476 437 3039 181
is_linear=0
shrinkage=0.05


Tree=52
num_leaves=63
num_cat=0
split_feature=20 69 19 43 70 20 69 45 69 69 19 47 59 38 44 1 63 64 37 38 63 59 33 45 47 11 46 59 69 47 58 69 68 46 30 38 6 1 1 66 47 46 47 45 69 38 55 56 44 37 48 44 50 32 47 5 38 44 56 66 58 36
split_gain=674.998 449.586 232.954 171.272 142.335 133.325 104.958 82.6413 81.0129 78.4014 64.7878 64.2298 63.0864 74.1608 65.3712 61.3562 58.4572 57.1367 56.9746 56.9058 59.9701 53.0187 50.0106 50.1712 44.7956 43.6876 41.6297 40.0947 38.732 37.7758 46.6262 36.4378 36.3668 36.2702 36.1901 39.7238 37.6338 34.2952 33.7919 33.1541 40.4214 40.0342 38.6417 37.4414 33.6547 32.9064 32.3985 35.5938 32.124 31.6661 31.2693 32.065 31.8316 30.4435 30.1576 29.9159 29.7549 36.1899 40.7819 29.8059 36.6926 29.0137
threshold=32.500000000000007 5.9055008588285096 3.5874449613878175e+18 4.6928230765777901 25.928144495726748 1.5000000000000002 21.789888850165543 0.78962633073318489 26.590665529859852 0.10456237086455401 8.0340999548170387e+19 5.837757459472507 326.37629440846257 10046030800.95509 0.5370363115698259 4.9050000000000011 58.159691774333744 2.5000000000000004 72.829967732634074 183150284014.59192 144.64433641859861 207.4341324427983 4.5600957592339277 0.82722758457762413 6.4068101618722961 1.5000000000000002 129.05852272727279 913.99236238627816 0.52281185432277033 6.9359842530030855 44721.390993231558 0.18639379154116154 2.4320420801751319 26.289117647058827 76.500000000000014 1441898588.5121479 6.7300000000000013 7.5950000000000006 4.1050000000000013 0.98897820466835418 29.668047302589681 42.358012820512833 8.6434713512857417 1.9853462029862983 43.193351547135997 272663847.52846628 10252903.212695427 27.500000000000004 0.40639335077675132 11.701686131420525 503769687336.08356 0.56945222135677931 3.5000000000000004 7.4900000000000011 57.050223925501449 0.15020000000000003 5823628996.9336138 0.3807886552931955 15.500000000000002 0.87878364999916148 11945464.489365352 293.53333333333336
decision_type=2 2 2 2 2 2 2 2 2 2 2 2 2 2 2 2 2 2 2 2 2 2 2 2 2 2 2 2 2 2 2 2 2 2 2 2 2 2 2 2 2 2 2 2 2 2 2 2 2 2 2 2 2 2 2 2 2 2 2 2 2 2
left_child=1 5 3 6 8 9 12 18 25 -1 11 17 14 -14 16 27 34 -4 -2 20 53 39 46 -24 -10 33 -13 -11 -21 30 31 -22 -17 -5 35 36 -3 -34 -38 41 43 42 -8 -41 54 -29 47 -9 -27 -36 51 52 -35 55 -43 -7 57 59 -59 60 -23 -53
right_child=7 2 10 4 -6 19 21 22 24 15 -12 26 13 -15 -16 32 -18 -19 -20 28 29 56 23 -25 -26 48 -28 45 -30 -31 -32 -33 37 50 49 -37 38 -39 -40 40 -42 44 -44 -45 -46 -47 -48 -49 -50 -51 -52 61 -54 -55 -56 -57 -58 58 -60 -61 -62 -63
leaf_value=-0.043508413262223544 0.045995571879005985 -0.028432205750564894 0.0069123443665413259 -0.0081583043985629291 0.035214052536579436 -0.043932131823466954 0.038965687270318773 0.017647759871392454 -0.010091743200654209 -0.012638435964035428 0.046384267507615859 0.027256040417686464 -0.012167322632619916 -0.12880001340648667 -0.013615335971673838 0.013424444868224281 0.0022802458101129973 -0.05916127676172115 -0.12017414493368306 -0.088941823350569979 -0.042400864773207231 -0.0058926605366573645 0.026717040328036658 -0.093979553601534482 0.01334199820118559 0.026000027930314806 -0.026872134925935875 -0.032953249272619688 0.040193994399122662 -0.011997188238130847 -0.06715014775920812 0.043084707082733348 -0.0070981031454728687 0.0043225278391479651 0.047122647713457491 -0.025164439776894643 -0.010054627460683767 0.056188791541863049 -0.0016189151983153815 -0.017179169099086039 0.0046829247401576363 0.00072987134280632564 0.011754887471859866 0.027351339390074669 0.021466924626579023 0.02467912233750999 0.052170120487831186 -0.10438769179841328 0.0069295474159884783 -0.055276374780960896 0.038275804936464673 -0.0020985484386885143 -0.055319977689434821 -0.059409966473156411 0.008248198044448013 -0.0018606926044835298 0.027806478131855772 -0.0087732149574116427 -0.044672023253270091 0.01079903036578988 0.043016870831717395 -0.03861131663781904
leaf_weight=187.21261506900191 898.23375215381384 151.80128293484449 140.99652334302664 764.48479733616114 404.65707186609507 42.979733735322952 152.23929494991899 261.22148347645998 217.45850799977779 5524.4563879594207 258.20717480033636 714.69930743053555 1337.9484936743975 13.769569166004656 1142.2099735736847 247.93352850526571 6608.4558844454587 42.605807952582836 5.1882270053029051 6.1066637709736815 13.362434104084967 1086.2577972412109 15.593521893024443 19.225385032594204 3279.3414439707994 331.5457658469677 37.379787914454937 370.09212221577764 118.13974737748504 64.502865247428417 11.279962651431559 185.68966068327427 2663.6303688064218 8559.5093798190355 55.679715018719435 223.63442549109459 1479.4651909470558 21.579954072833061 6008.6268806308508 470.06428137049079 926.80769042298198 2912.0456866398454 912.46330492198467 52.473074644804001 296.87967198714614 26.544247388839722 74.353429187089205 6.1149291247129431 661.23898398131132 8.7342545539140684 62.890001185238361 1682.7193088084459 22.429666832089424 23.778387673199177 2461.0586715191603 2502.3217848427594 75.519935104995966 700.493054240942 89.18547634780407 472.27533351629972 39.750230118632317 56.224706001579762
leaf_count=2620 14400 964 752 3275 3582 220 805 2188 894 41859 2876 4936 6551 73 4723 1485 27291 204 39 34 67 4110 169 122 16583 1437 192 3874 1090 312 56 868 17312 34031 371 976 6774 86 26120 1898 3763 11666 4015 209 1534 114 928 26 3350 46 397 6953 97 122 10079 11701 357 2726 351 1796 148 234
internal_value=0.000930647 0.000123241 0.00242098 0.00182594 0.0059365 -0.00846999 -0.000556612 0.0368393 0.00517889 -0.0114885 0.0242118 0.0180931 -0.0029912 -0.0133554 -0.00209765 -0.0108114 -0.00119264 -0.00842036 0.0450413 0.000724676 -0.00072239 0.00333742 0.017159 -0.039926 0.0118847 0.00324752 0.0245658 -0.0137409 0.033847 0.0214765 0.031742 0.037346 -0.00489775 0.00235247 -0.00408752 -0.00439327 -0.00378526 -0.00658949 -0.00328561 0.00527318 -0.00158688 0.00674951 0.0156457 -0.0127074 0.00507899 -0.0290963 0.022976 0.0148564 0.0132982 0.0332378 0.00312631 0.00291213 0.00416665 -0.00309719 0.00417351 -0.00257111 -0.00309344 -0.00407066 -0.0128276 0.000255961 -0.00416606 -0.0032791
internal_weight=58203.8 56923.8 44914.2 43720.3 16042.5 12009.6 27677.8 1279.93 15637.8 9041.45 1193.89 935.681 17030.3 1351.72 15678.6 8854.24 14536.4 183.602 903.422 2968.16 2843.91 10647.5 376.509 34.8189 3496.8 12141 752.079 5921.09 124.246 274.835 210.332 199.052 2933.14 11148.3 7927.94 7863.53 7639.89 2685.21 7488.09 8184.03 1449.35 6734.69 1064.7 522.537 5669.98 396.636 341.69 267.336 992.785 64.414 10383.8 10320.9 8581.94 2569.08 5373.1 2545.3 2463.48 2387.96 789.679 1598.28 1126.01 1738.94
internal_count=296831 278959 197139 188179 70833 81820 117346 17872 67251 67350 8960 6084 73889 6624 67265 64730 62542 956 14439 14470 13346 43457 3433 291 17477 49774 5128 45847 1124 1303 991 935 18883 44987 35251 34834 33858 17398 32894 33969 5870 28099 4820 2107 23279 3988 3142 2214 4787 417 41712 41315 34128 12043 21745 11921 9488 9131 3077 6054 4258 7187
is_linear=0
shrinkage=0.05


Tree=53
num_leaves=63
num_cat=0
split_feature=20 69 18 43 30 9 69 69 30 48 62 69 18 47 1 18 28 64 38 40 56 57 46 43 9 56 69 46 26 68 13 69 40 59 22 59 10 55 43 44 61 46 69 68 5 30 40 47 26 24 67 67 63 68 69 61 40 48 38 43 61 48
split_gain=630.648 408.126 214.912 155.49 144.62 129.758 90.609 82.8558 75.4322 72.8727 67.4915 66.1678 63.0238 59.1558 56.9479 54.5281 65.2585 51.0305 48.146 47.4255 76.5151 53.8256 45.7339 45.5921 45.5215 44.949 41.5373 40.1229 38.9682 38.3377 37.5721 37.0645 36.5778 41.6425 40.9534 42.6124 36.5294 36.0748 36.0464 44.9062 44.2385 35.6174 34.4059 34.3796 39.1985 33.9979 36.3258 33.2651 33.0294 32.2489 34.2555 32.0519 31.9112 31.3353 30.3097 32.3988 47.7503 34.8852 34.0438 30.6362 40.4734 30.2749
threshold=32.500000000000007 5.9055008588285096 2849608823.3497171 4.6143701298701325 36.500000000000007 201328.00000000003 30.15487851932987 13.088481118219612 160.50000000000003 354852392809.20172 1.5000000000000007 0.10456237086455401 63817124347.082779 5.837757459472507 4.9050000000000011 394435804.7914477 260978615803.30365 2.5000000000000004 183150284014.59192 45.500000000000007 1.0000000180025095e-35 0.84740386712829718 93.917083333333366 4.2252118644067815 178220.50000000003 25.500000000000004 0.52281185432277033 28.922401433691761 37.721111111111121 10.258084665061707 4.688935969868175 22.353616414826622 320.50000000000006 319.43392558249212 5.5050000000000008 32.813528606485995 5.5000000000000009 4897757.2754503144 4.9200946372239764 0.4697371166704053 12.357007003803135 138.3366666666667 0.52281185432277033 4.4901945172652153 0.34100000000000008 81.500000000000014 93.500000000000014 8.8218023962413756 32.759194015444024 0.5715476066494084 0.62249093318774806 -0.47714059151611382 9.5990189738936245 36.584556461417883 37.083272136615975 0.020616902158538553 60.500000000000007 36606493520.552925 452934631.95180577 4.333615819209041 0.1001601746810125 8998042212.6060047
decision_type=2 2 2 2 2 2 2 2 2 2 2 2 2 2 2 2 2 2 2 2 2 2 2 2 2 2 2 2 2 2 2 2 2 2 2 2 2 2 2 2 2 2 2 2 2 2 2 2 2 2 2 2 2 2 2 2 2 2 2 2 2 2
left_child=1 5 3 7 6 18 10 8 32 15 24 -7 13 17 42 16 45 -4 43 25 23 41 -23 -21 38 29 -20 -26 -15 -9 -30 -32 33 34 36 -36 52 -24 39 40 -5 -22 -13 -1 -45 46 48 -40 53 -37 -51 -29 -3 -2 55 -25 -57 58 -58 -60 -61 -35
right_child=9 2 12 4 -6 11 -8 19 -10 -11 -12 14 -14 28 -16 -17 -18 -19 26 20 21 22 37 54 27 -27 -28 51 30 -31 31 -33 -34 61 35 49 -38 -39 47 -41 -42 -43 -44 44 -46 -47 -48 -49 -50 50 -52 -53 -54 -55 -56 56 57 -59 59 60 -62 -63
leaf_value=0.0095079747798923718 0.0090486788928936055 -0.010302199142261142 0.0065856637695700625 0.0093201400543415722 0.032628178986908361 -0.042825885870211716 0.012724958288443021 0.0051134644529827172 -0.1043734390289419 0.052494354829980605 0.035779877776930945 -0.031296997825987882 0.045755659336004353 0.031070106359174759 -0.0049581828836418318 0.041799595186875274 -0.11164890727574245 -0.055646100479637528 -0.08103593436782662 0.059606688767798593 -0.0030556495358713275 0.026376249495282451 0.0059040304660895257 0.0038864484430561827 -0.0095399261458563988 -0.011105211760470983 0.036937708506753091 -0.00258030354378671 -0.085894081027453162 -0.0010777825372897776 -0.01200695757592047 0.03054006486306058 0.058736638851774908 -0.014273869908315091 -0.053727885213652828 -0.03121995777356178 0.029484193821951207 0.062329181913867188 0.00056229051402995262 -0.0026094921035709619 -0.040704848017256851 -0.073910303118422491 -0.013071263008289575 -0.04170031004554911 -0.0028510761792176192 0.037158542607029194 -0.056762409868276721 0.0171733699771278 0.043325146682825562 0.023005194602341492 -0.033944975528323894 0.0034249415427615015 -0.0017152656792132522 -0.05962971615055801 0.013704832791169986 -0.0048954612999160731 -0.055284669594771775 -0.10742502938338078 0.040225761813241313 0.030876068247402768 -0.078231535797766538 -0.087677376413534375
leaf_weight=587.28080315515399 174.84018378332257 1360.4487383067608 140.60145711153746 2237.0775153636932 459.92227403819561 167.27945506200194 2736.9738287813962 3527.5535685122013 19.130406484007835 440.39849218353629 155.0074925199151 272.94993667304516 248.9036425165832 524.53293485566974 2583.5672202184796 354.46237664669752 9.8651167899370176 43.021136030554771 7.9561156183481208 24.17718805372715 207.56040833890438 683.70590886473656 679.90489038825035 140.45283701270819 855.51086518913507 859.91939823329449 119.94261914491653 3112.9905562251806 10.61346000805497 8587.1090605556965 96.423526629805565 109.1070673763752 22.468871511518955 853.86320771276951 77.560173124074936 106.48666302114725 85.154838904738426 29.558355577290058 407.97043436020613 1591.9465192183852 45.084959417581558 19.393624499440193 5045.7940818741918 66.326147973537445 3084.4822636991739 155.34104730188847 20.102902106940746 1153.7135188095272 66.73888185992837 89.041747316718102 37.535466596484184 7762.6463702470064 5285.2541171833873 18.351933740079403 104.98447901755571 152.77361667156219 86.239943042397499 19.030366480350494 22.306597769260406 14.167305603623388 21.246160231530666 14.282153531908987
leaf_count=2861 1250 6846 752 9236 4355 2520 13743 13874 117 8251 632 3433 2876 3663 17161 5312 90 204 41 85 892 3462 2862 642 3659 3587 1102 12394 62 33505 573 830 114 4603 319 438 348 113 1727 7177 221 77 38707 357 15638 2103 127 5458 594 337 152 31169 24139 145 520 611 343 118 81 63 99 61
internal_value=0.000888438 0.000117775 0.00230563 0.00173803 0.00490652 -0.0080986 0.0042709 -0.0010726 -0.00520737 0.0361614 0.00293511 -0.0117071 0.0234237 0.01741 -0.0110483 0.0271668 0.0155174 -0.00799468 -0.00056658 0.00109316 0.00787164 0.0134697 0.017148 -0.00762172 0.00263854 -5.9085e-05 0.029599 0.000885901 0.0237081 0.000724988 0.00584217 0.0105794 -0.00496821 -0.00514917 -0.0038753 -0.0216254 -0.00305615 0.00825487 0.00642097 0.00383586 0.00833188 -0.00911031 -0.0140066 -0.00159869 -0.00366887 0.0183988 0.00799237 0.0128339 0.0130005 -0.0109422 0.00611707 0.00170603 -0.00347311 0.0025247 -0.010518 -0.0160921 -0.0249787 -0.043803 -0.0353927 -0.00567202 -0.0345826 -0.0154815
internal_weight=57999 56758.9 44823.4 43650.2 20518.8 11935.6 20058.9 23131.3 7951.23 1240.1 17321.9 8069.59 1173.2 924.3 7902.31 799.702 445.24 183.623 3865.99 15180.1 2205.5 1620.12 1393.17 585.378 17166.9 12974.6 127.899 11731.1 740.677 12114.7 216.144 205.531 7932.1 7909.63 7041.48 310.624 6730.86 709.463 5435.79 3874.11 2282.16 226.954 5318.74 3738.09 3150.81 435.375 280.034 1561.68 259.931 233.064 126.577 10875.6 6645.7 193.192 561.201 456.217 315.764 162.99 143.96 57.7201 35.4135 868.145
internal_count=296831 278959 197139 188179 89771 81820 85416 98408 37474 17872 71673 61821 8960 6084 59301 9621 4309 956 19999 60934 9968 7406 6437 2562 71041 50966 1143 47222 5128 47379 1465 1403 37357 37243 32579 1246 31333 2975 23819 16634 9457 969 42140 18856 15995 4219 2116 7185 1989 927 489 43563 30985 1395 2477 1957 1315 704 586 243 162 4664
is_linear=0
shrinkage=0.05


Tree=54
num_leaves=63
num_cat=0
split_feature=20 69 19 43 30 9 69 45 40 69 8 1 48 43 44 59 1 44 59 33 45 63 32 59 7 40 69 16 69 52 46 33 30 67 0 69 46 63 30 1 55 26 5 46 58 1 62 26 14 52 7 59 46 66 40 46 43 43 54 62 69 40
split_gain=589.279 370.346 198.257 143.155 129.491 118.709 88.2127 82.8056 68.9778 63.3433 63.0293 77.8153 61.3868 58.3164 55.0156 57.5401 52.5033 50.3758 47.0224 45.2769 45.6253 44.4662 42.8929 41.3153 38.9953 38.4431 37.4363 36.6465 39.8671 38.7121 34.9454 60.2952 34.0685 33.9774 33.1338 32.6743 32.2853 31.7029 42.3345 31.4431 29.7144 29.6517 40.2137 29.2663 29.0346 28.7588 28.2829 27.6037 30.0691 33.6062 27.4995 27.1006 26.9834 26.7026 38.3042 29.8809 47.3295 26.4127 30.2124 25.9599 25.8664 25.68
threshold=32.500000000000007 5.9055008588285096 3.5874449613878175e+18 4.6928230765777901 8.5000000000000018 201328.00000000003 21.999013591894656 0.78962633073318489 143.50000000000003 0.10456237086455401 0.19950000000000004 5.0850000000000009 177919219725.96808 4.999744897959185 0.5370363115698259 373.14419493819605 4.9050000000000011 0.48680549331869888 207.4341324427983 4.5501101321585926 0.83518169596779213 58.159691774333744 7.5950000000000006 188.24071947869558 10.550000000000002 253.50000000000003 0.52281185432277033 62.359440559440579 23.435609643772874 1002472.1708944392 43.001333333333342 4.7143074912892002 75.500000000000014 0.99535829673000953 91.750000000000014 0.52281185432277033 529.89117647058845 169.69374343741904 3.5000000000000004 4.1950000000000012 10252903.212695427 -1.0000000180025095e-35 0.24050000000000002 33.526222462983036 19406326.107202783 7.5950000000000006 0.46666666666666728 32.759194015444024 0.20026007846263302 707985.55245214782 18.750000000000004 70.15939337229706 9.9983333333333348 0.98897820466835418 56.500000000000007 52.929100529100531 4.2252118644067815 4.4500877192982466 0.99648648644394344 1.5000000000000007 2.3958421498095643 46.500000000000007
decision_type=2 2 2 2 2 2 2 2 2 2 2 2 2 2 2 2 2 2 2 2 2 2 2 2 2 2 2 2 2 2 2 2 2 2 2 2 2 2 2 2 2 2 2 2 2 2 2 2 2 2 2 2 2 2 2 2 2 2 2 2 2 2
left_child=1 5 3 6 10 22 14 23 13 -7 11 17 24 -6 15 21 35 36 25 40 -21 39 33 -2 27 53 -24 28 29 -4 -25 -32 44 34 37 -11 -5 41 -39 -3 47 -1 -43 -19 -17 50 -12 48 49 61 -18 -45 -37 54 -8 56 -55 -56 -59 -13 -40 -9
right_child=7 2 12 4 8 9 18 19 -10 16 46 59 -14 -15 -16 32 45 43 -20 20 -22 -23 26 30 -26 -27 -28 -29 -30 -31 31 -33 -34 -35 -36 52 -38 38 60 -41 -42 42 -44 51 -46 -47 -48 -49 -50 -51 -52 -53 -54 55 57 -57 -58 58 -60 -61 -62 -63
leaf_value=0.076890558322953467 0.047585196104391089 -0.0099249972935367761 0.021891424464012054 0.0037735950317987679 0.0098165536431573074 -0.042224731320558408 0.0048528253186736836 -0.05717865316808201 0.044300947617488012 -0.030501904625222065 -0.011208820952822796 0.010195484718949807 0.048603430772375479 0.030913499432215719 -0.01293084895495652 -0.014504290869044791 -0.0031653913141780538 -0.016148314202202526 -0.002988138606807 0.014678346754428565 -0.088110407866801743 0.0017028749139585851 -0.074194239365994272 0.023426479792828282 -0.0075180725505471814 0.050258467405110356 0.036134120885229569 -0.018889701503438851 0.044645601372089921 -0.023907108097149282 -0.17327855020887764 0.053396697410244442 -0.10092715563187651 -0.027743971998473473 -0.026459154827106885 -0.031080222981499064 0.021197098684873891 -0.0057757055373892736 0.043055453629987854 -0.0021749880620621108 0.051393990797879013 -0.043653039479475859 -0.00064874919018426244 0.0051653414079368722 0.061702755120721986 0.052194811166904331 0.014158457622977003 0.05395065693919561 0.020790908709437964 -0.063626165680911825 -0.018350297582790828 -0.005777476557015159 -0.011799026379933819 0.025193217198445746 -6.0112113446019543e-05 0.0054982025243836708 -0.013968282816008457 -0.048205833372422478 0.027325374805776095 0.035767312651851138 -0.017937187735345046 0.028005053752206591
leaf_weight=12.143862359225748 764.35590728744864 1642.1575300395489 542.19482648000121 6007.3019958660007 1895.0929673053324 161.32956906780601 6000.1998031623662 11.793943330645559 196.92028511688113 266.23448414728045 933.85728696733713 3267.8204816803336 190.36723468825221 396.00906283780932 1227.994442500174 837.94172819703817 2209.5073743090034 395.38961289823055 2440.7447026595473 23.644212648272514 19.866847723722458 6959.594839092344 8.2472978234291059 60.748997792601585 133.79193499684334 46.516902375966311 113.54103992134333 52.420090958476067 183.84499593451619 50.432432696223259 6.4689669013023359 5.3681757636368275 11.256270237267016 119.29916194081306 119.99314107000828 188.56107340753078 278.18437479436398 114.82350639998913 127.21400069445372 6446.38057301566 68.169832073152065 55.309675686061382 3170.5953065045178 935.51016373187304 12.687955319881437 22.002506256103516 124.53183925151825 37.238778710365295 141.90004603564739 26.507446840405464 344.66397850215435 1431.6798560619354 4814.8460330963135 88.437117427587509 142.6793407201767 735.30351478606462 604.67265528067946 13.687493957579134 404.53798426315188 102.35620313882828 20.134007513523102 35.414966579526663
leaf_count=84 13508 7681 3568 24645 10392 2520 24242 57 2084 3433 3777 13525 2382 2697 5100 4381 14418 1615 9409 255 117 28781 41 819 763 498 1075 300 1654 293 36 76 65 631 677 1527 1325 667 623 28387 915 301 15811 3907 56 87 483 295 1382 188 2656 5955 37180 345 588 3010 2419 68 2316 428 89 224
internal_value=0.000848236 0.000112701 0.00219598 0.00165453 0.00542351 -0.00773923 -0.000524391 0.0354989 0.0159038 -0.0112117 0.00348866 0.00448692 0.0226599 0.0134631 -0.00273391 -0.00194688 -0.010574 0.00207135 0.00308997 0.0156096 -0.0322543 -0.00122725 -0.000538324 0.0441618 0.0175297 0.00493604 0.0286629 0.0215726 0.0243043 0.017994 0.00811236 -0.0704807 -0.0145111 -0.00148935 -0.000624163 -0.0134339 0.00454473 0.000261502 0.0169848 -0.00374842 0.022097 -0.00109251 -0.00138608 -0.00355615 -0.0133676 -0.00472415 -0.00822406 0.0141985 0.00733293 -0.018573 -0.00521447 -0.00145289 -0.0125257 0.00467216 0.00602089 -0.00152293 -0.00897148 0.0185161 0.0248534 0.0109721 0.0347213 0.00672407
internal_weight=57802.4 56600.9 44732.5 43579.4 15964.7 11868.4 27614.8 1201.48 2488.02 8007.15 13476.6 12418.2 1153.05 2291.1 17138 15910 7845.82 9048.07 10476.8 364.536 43.5111 15048.1 3861.3 836.942 962.684 8036.03 121.788 828.892 776.472 592.627 72.5861 11.8371 861.886 3739.51 3620.21 5269.64 6285.49 3500.22 262.172 8088.54 321.025 3238.05 3225.9 2762.58 850.63 2576.17 1058.39 252.855 215.616 73.7164 2554.17 2367.19 5003.41 7989.52 6561.1 1428.41 693.11 560.905 418.225 3370.18 147.348 47.2089
internal_count=296831 278959 197139 188179 70833 81820 117346 17872 15173 61821 55660 51400 8960 13089 74451 69351 59301 37447 42895 3433 372 64849 19999 14439 6578 33486 1116 5815 5515 3861 931 112 4502 18883 18252 42140 25970 17575 1379 36068 3061 16196 16112 11477 4437 17161 4260 2146 1851 469 17074 9862 38707 32988 27214 5774 2764 2972 2384 13953 712 281
is_linear=0
shrinkage=0.05


Tree=55
num_leaves=63
num_cat=0
split_feature=10 69 70 18 69 43 48 30 69 69 6 1 6 47 8 38 65 63 22 56 37 46 68 22 67 1 46 44 3 59 10 48 47 68 17 54 44 43 16 59 17 70 2 48 59 59 32 43 30 28 69 32 51 67 16 54 69 18 0 1 59 3
split_gain=556.538 351.436 172.734 146.16 125.139 97.8441 82.0858 75.5466 65.9711 62.2327 61.6033 58.307 56.0094 53.2079 50.7507 49.8857 47.0204 43.3843 39.8583 39.1709 39.6775 38.6652 38.1071 35.5086 35.4647 35.2408 34.5604 34.4012 33.7307 34.3107 32.7867 32.7669 34.6241 50.5981 32.7174 32.4202 31.5242 31.1767 63.9941 46.3648 38.5748 30.5064 30.4559 30.395 30.2696 29.7627 30.8872 29.5571 31.8473 29.5004 29.4417 45.0734 35.375 33.199 35.2253 29.0956 28.8695 33.184 28.5174 28.2321 27.0054 26.9473
threshold=10.500000000000002 13.95225722536158 41.379979079462196 4248357.8319515651 4.7689533494311824 4.8071825396825405 119356201642.28355 5.5000000000000009 41.656739314430816 0.10456237086455401 6.7300000000000013 4.4850000000000012 5.0600000000000014 66.006485237608572 0.19950000000000004 48804021104.410027 1.5000000000000002 216.8610349357036 6.4050000000000011 25.500000000000004 80.934062666717992 103.47321428571429 24.925648984705344 7.0750000000000011 0.095842103007655763 6.495000000000001 225.07857142857145 0.20483055327649619 90.65000000000002 158.59135285534043 22.500000000000004 23692498188.357643 113.52883867545587 38.760037486265993 4.352403589819569 1.149603040332138 0.67749399218457895 4.66670396896449 33.967708333333341 913.99236238627816 15.900741205339648 91.444518700826734 7.5000000000000009 538218161385.24695 225.90149813208021 169.68417681478135 7.2950000000000008 4.5947391107078053 16.500000000000004 135528065.52262321 29.091070050533968 6.3950000000000005 0.48254942433694664 -0.14780378300014804 12.849242424242425 3.6191206825271025 5.9055008588285096 11296214591.046471 34.850000000000001 6.8250000000000011 441.9246103158444 109.65000000000002
decision_type=2 2 2 2 2 2 2 2 2 2 2 2 2 2 2 2 2 2 2 2 2 2 2 2 2 2 2 2 2 2 2 2 2 2 2 2 2 2 2 2 2 2 2 2 2 2 2 2 2 2 2 2 2 2 2 2 2 2 2 2 2 2
left_child=1 3 5 4 9 8 12 14 13 -1 -6 42 -2 23 -7 16 35 27 -9 21 -21 61 25 28 26 -13 59 -14 29 -3 34 -23 -33 -34 -29 41 43 38 -36 -39 -40 56 -11 50 55 -17 -47 49 -49 -26 52 -52 -30 54 -54 -37 57 -5 -16 60 -12 -15
right_child=6 2 -4 15 10 7 -8 18 -10 11 24 22 17 19 58 45 -18 -19 -20 20 -22 31 -24 -25 47 -27 -28 30 36 -31 -32 32 33 -35 37 44 -38 39 40 -41 -42 -43 -44 -45 -46 46 -48 48 -50 -51 51 -53 53 -55 -56 -57 -58 -59 -60 -61 -62 -63
leaf_value=-0.041697858223064772 -0.029128391807701257 0.013267475410416835 0.041014440694515215 -0.0032042965878768073 -0.026096775405750217 0.0076350224004163112 0.049257579291045586 0.01426189137566861 0.018750474488863092 -0.033612059066782433 -0.0036490083108638022 -0.0044557811921090429 -0.047248572330401167 0.008207237326614129 0.002562969014994582 0.028797319261222466 -0.0048056811552741208 -0.061742111220685715 0.035196274237725804 -0.060484522545494149 0.029208349870058548 0.0041189232752530747 -0.012289108269178659 0.036749517597661492 -0.002445195259621748 0.024901636235733406 -0.018293453567517343 0.032959625979818628 -0.050847411347829663 -0.0050173189086863672 0.043192257581236668 -0.0014358360810883585 -0.0011794104153575473 -0.11240172676407026 0.012571228454309989 -0.050010832021671996 -0.023856197867674508 0.03553401730618494 -0.10608748183391195 -0.12253467342871086 0.013028110654074788 0.022018678993924626 -0.014786158715012014 0.044757755316920167 0.022352904479058178 0.058122742334959357 -0.011199083918227118 0.0021443613403273414 0.025314365948040721 -0.029761238337233001 0.0021535475348754261 0.030952259774475861 0.030407924761763822 -0.0042234243586941776 0.00076799507662740998 0.01737731426247913 0.0084950727189282912 0.033461781047984133 -0.016803837387151358 0.033711642709881862 -0.016439978905381354 0.021930824365147341
leaf_weight=161.65403118729591 47.86368590593338 849.91065824776888 311.63907409831882 1171.2616517096758 285.1575344055891 4152.4032526910305 480.05301870033145 1692.8270151615143 564.46313030272722 237.83599422872066 6215.8160101994872 2676.8629220761359 14.880180984735487 1136.2520632781088 411.57389681786299 287.75263772159815 1750.1608398966491 13.681043133139609 262.65098302811384 42.479508444666862 17.372812151908875 3416.0527276545763 2073.2261642701924 65.18399353325367 3863.4983196631074 106.28190184384584 466.63305133581161 283.92733988910913 37.02344822883606 367.49526289105415 280.00587259232998 65.237160332500935 19.318389542400837 21.725326798856258 83.91000809893012 70.358889531344175 148.35679651796818 94.058221887797117 22.586987856775522 4.87981854379177 9.7224966548383218 276.46120870113373 2221.1458568684757 36.70034110173583 31.259055472910404 18.986973494291306 104.54290951415896 3280.4464062973857 155.32902148365974 101.43475161492825 2970.6688352227211 142.37896998226643 102.66586282104254 6243.3549569807947 4242.1021297201514 20.739075254648924 1948.9280220456421 65.139651648700237 353.19692929834127 48.696633353829384 441.99507985264063 522.04544738307595
leaf_count=2572 260 3520 4175 5587 1926 17536 9323 9149 3167 2195 28021 19387 88 4636 1656 2842 8076 71 2627 170 71 13720 15908 620 18851 486 2125 2283 160 1434 3942 321 90 111 544 367 672 1151 127 21 77 1689 18151 337 140 117 805 13585 893 430 12352 837 439 25089 16695 146 8446 287 1426 202 2523 2177
internal_value=0.000809743 5.2685e-05 0.00399592 -0.00390649 -0.00573601 0.00358219 0.0327098 0.00876092 0.00188822 -0.0110119 -0.00308121 -0.0103338 0.0234244 0.0014227 0.00545506 0.0032058 0.00191213 0.0265388 0.0170737 0.0057675 -0.0344502 0.00623214 -0.00715741 -7.46741e-05 -0.00263087 -0.00333469 -0.00513619 0.02806 -0.000233211 0.00774789 0.0294983 0.0032683 -0.0240722 -0.0600518 0.0218155 0.00519248 -0.000931053 0.0071094 -0.0104516 0.0277378 -0.0702435 0.00608651 -0.016607 -0.000684148 -0.0201017 0.0199845 -0.000544078 -0.000202591 0.00319186 -0.00314402 -0.000805542 0.00347069 -0.00205843 -0.00188783 0.00146838 -0.0346695 0.00470372 -0.00127255 -0.00638127 -0.00422072 -0.00449817 0.0125275
internal_weight=57612.3 56276.7 28195.1 28081.6 22336 27883.4 1335.57 6872.65 21010.8 7477.01 14859 7315.35 855.516 20446.3 4917.17 5745.59 5334.31 807.652 1955.48 5240.48 59.8523 5180.63 4856.37 15205.8 14573.8 2783.14 7173.14 793.971 15140.7 1217.41 779.091 3522.33 106.281 41.0437 499.085 3584.15 13923.3 215.158 116.219 98.938 32.3095 3461.79 2458.98 13774.9 122.357 411.283 123.53 7400.71 3435.78 3964.93 13738.2 3113.05 10625.1 10588.1 4344.77 91.098 3185.33 1236.4 764.771 6706.51 6657.81 1658.3
internal_count=296831 278944 123187 155757 127255 119012 17887 32394 86618 58699 68556 56127 8564 83451 20618 28502 24738 8304 11776 21296 241 21055 35781 62155 66630 19873 32871 8233 61535 4954 8145 14242 522 201 4203 16662 56581 1920 748 1172 204 16009 20346 55909 653 3764 922 33759 14478 19281 55572 13189 42383 42223 17134 513 14320 5874 3082 30746 30544 6813
is_linear=0
shrinkage=0.05


Tree=56
num_leaves=63
num_cat=0
split_feature=10 69 48 18 69 43 20 48 46 6 69 1 69 0 39 48 45 16 50 61 63 46 58 9 1 41 58 22 27 42 48 42 63 54 67 54 28 59 60 69 66 65 54 0 50 9 44 42 69 59 46 16 46 67 39 22 57 42 46 57 26 33
split_gain=518.652 318.715 167.101 121.007 101.434 89.96 99.6725 82.0109 64.754 61.3544 53.0473 50.3711 47.8889 49.5916 46.2272 45.7747 45.2221 45.7098 53.0278 43.1547 47.6302 41.4094 45.1064 39.7335 47.1531 39.5035 62.1494 67.4484 50.8572 44.5203 50.9906 40.6688 38.3794 37.3978 35.2706 35.0413 35.0193 34.8031 34.0152 47.1718 33.4661 33.046 34.3 32.6301 32.1567 31.7328 31.7292 33.6688 31.3075 30.9512 35.3327 30.488 30.3514 29.8887 29.1648 41.346 28.9453 34.5617 32.2369 30.9391 28.3483 28.1468
threshold=10.500000000000002 11.933748848671929 538218161385.24695 4248357.8319515651 1.6957288840208113 4.5739834710743805 5.5000000000000009 89902999506.429504 9.9983333333333348 3.0400000000000005 24.708542854297878 4.995000000000001 0.10456237086455401 14.719500000000002 6.1440622366080754e+19 11220684543.019653 0.6681453567742347 33.967708333333341 3.5000000000000004 12.856098706041319 216.8610349357036 67.555050505050517 3490965.2879594718 34596382.000000007 6.8750000000000009 0.41666666666666669 126626.88915154275 6.7950000000000008 12.300000000000004 7.1950000000000012 79845990406.063477 5.3950000000000005 9.898619843229385 0.53406380686401922 0.84335933205092506 1.737177927613009 1817214841.7040446 319.43392558249212 4.5918367334639223 17.434638794154989 0.8869770585236475 1.5000000000000002 2.2286560211320734 64.050000000000011 7.5000000000000009 57451204.000000007 0.51462998389974424 7.1950000000000012 41.656739314430816 656.45388571880233 27.391333333333339 26.730180180180181 170.01428571428576 0.92384435400961407 5.0475518442446746e+18 6.1850000000000014 0.58332519816940243 4.8850000000000007 93.917083333333366 0.37383954225588245 -1.0000000180025095e-35 4.385839598997495
decision_type=2 2 2 2 2 2 2 2 2 2 2 2 2 2 2 2 2 2 2 2 2 2 2 2 2 2 2 2 2 2 2 2 2 2 2 2 2 2 2 2 2 2 2 2 2 2 2 2 2 2 2 2 2 2 2 2 2 2 2 2 2 2
left_child=1 3 5 4 12 25 10 9 -6 -2 40 32 -1 -14 41 53 -11 19 -19 20 38 48 -23 24 43 31 29 36 -29 -27 -31 35 -10 -33 45 -3 37 56 39 -18 46 42 60 -13 -21 54 -7 -48 51 -16 -51 -12 -17 -8 55 -35 57 -28 -58 -59 -5 -43
right_child=7 2 -4 14 8 6 15 -9 11 16 21 23 13 -15 49 52 17 18 -20 44 -22 22 -24 -25 -26 26 27 28 -30 30 -32 33 -34 34 -36 -37 -38 -39 -40 -41 -42 61 -44 -45 -46 -47 47 -49 -50 50 -52 -53 -54 -55 -56 -57 58 59 -60 -61 -62 -63
leaf_value=-0.04107704312125611 -0.03811676650213925 0.0020369352421117648 0.043299446008608716 0.059162496837909195 -0.023078328882075307 0.0017144448361232562 0.013104443018788537 0.047611775633594443 -0.011260182213582447 0.042551482139972473 0.028704321819616879 0.0042319625962184207 -0.0076797380520071184 -0.020454746223756162 0.025240631817483001 0.030115106887548693 -0.066023934375729523 0.0047583519432900061 -0.10367218136525841 -0.032191074379573255 -0.070593354605914968 0.011999573979332066 -0.059910756449254032 -0.014426775375910625 0.038711801830933049 -0.0043053093692742728 -0.065426027143997853 -0.10077720167452248 0.0017889553072007868 -0.14254526499221529 -0.015851712129003836 -0.050369888950281487 -0.0040878060083570219 -0.0016775467180920945 -0.012290919356992301 -0.018063483874036109 0.040518999271691516 -0.011603377078607846 0.037024154115069145 0.037119078139927181 0.0056313952302146 0.020803650251074716 -0.037256732634104131 -0.0074913537118255118 0.064022572672705544 -0.031249081060642548 -0.0091947420273526814 0.018502221420770518 0.021954756055047476 0.0096291881223640394 -0.087199683776540332 0.00033409638658370546 -0.061741900140599486 -0.024187037202376936 0.020895785747242723 -0.055664677126556865 0.019177573009299308 0.038290697238376727 0.0061543052974443527 -0.014435068042498443 0.0045737890356533882 -0.0062816861167002136
leaf_weight=156.03559465333819 40.411634229123592 6050.2704182565212 259.16454593464732 23.974977098405361 452.39780455082655 4618.3270458728075 747.87357883900404 511.47923411801457 2356.9032473489642 248.54972312226892 98.856916211545467 2734.3672558218241 1930.6191147007048 1252.5222670771182 319.52050808444619 586.34729049727321 20.226887807250023 38.938313838094473 15.871682394295929 52.980621308088303 11.828166782855986 3450.8485353142023 21.945680245757103 378.94941125810146 88.164957031607628 824.58472236245871 23.49862802028656 24.126533959060907 24.21782860532403 12.58545410633087 21.524521328508854 44.547302708029747 8939.1965168192983 3489.1836091428995 1084.4318129271269 224.88480225205421 91.912177868187428 187.32138375937939 321.97612418606877 24.527021341025829 3943.4694852754474 102.48508597910404 48.77912437915802 758.11425863951445 10.386935271322725 90.829908818006516 1293.9150570780039 119.8912647664547 203.8419703245163 31.961692877113819 13.358979053795336 2251.1991803348064 9.1328452080488187 57.890498585999012 141.86701705306768 35.828619807958603 946.26977063342929 38.44500695168972 954.46169720590115 100.7004829980433 2966.2433167360723 1496.9000862762332
leaf_count=2572 198 23794 3339 219 3006 17795 4230 10222 13743 3660 469 13208 16228 11369 3090 6169 113 332 69 293 55 16434 109 2605 326 3376 105 112 152 59 123 184 47540 13741 4331 995 589 724 2600 286 15609 482 249 3539 59 495 5208 604 1150 196 61 10027 74 290 615 144 4308 149 3949 428 13696 6935
internal_value=0.000772918 5.04942e-05 0.0033132 -0.00430072 -0.00611842 0.00298748 0.00540691 0.0320299 -0.00443612 0.0218863 0.0042872 -0.0038833 -0.0140322 -0.0127065 0.00261927 0.018194 0.0251398 0.0164276 -0.0266406 0.0217692 0.0281618 0.00799095 0.0115451 0.000969403 0.00259882 6.57271e-05 0.0049173 0.00906116 -0.0493973 -0.00662085 -0.0625974 -0.00134676 -0.0055843 -0.00476685 -0.0043473 0.00131659 0.0102676 0.00903218 0.0313469 -0.00949723 0.00204961 0.00127136 0.00433302 0.00168718 -0.0164202 -0.00205487 -0.000291952 -0.00684603 0.00315793 0.0197559 -0.0189126 0.00152751 0.0287063 0.0104252 -0.00133171 -0.00222628 0.0109056 -0.00933913 0.0126379 0.000132723 0.00501147 -0.00454612
internal_weight=57421.9 56124.7 32074.2 24050.5 19047.3 31815 17403.5 1297.18 15708.1 785.697 16002.3 15255.7 3339.18 3183.14 5003.22 1401.24 745.285 496.736 54.81 441.926 378.558 6026.69 3472.79 3959.6 3580.65 14411.5 3249.65 2390.95 48.3444 858.695 34.11 11161.8 11296.1 4886.69 4842.14 6275.16 2342.61 2250.7 366.73 44.7539 9975.6 4638.38 3039 3492.48 63.3676 3757.71 6032.13 1413.81 2553.9 364.841 45.3207 2350.06 595.48 805.764 3666.88 3525.01 2063.38 162.644 1900.73 139.145 2990.22 1599.39
internal_count=296831 278944 139880 139064 114136 136541 78168 17887 83967 7665 67405 80961 30169 27597 24928 10763 7467 3807 401 3406 3054 28189 16543 19678 17073 58373 14074 10516 264 3558 182 44299 61283 19510 19326 24789 10252 9663 2999 399 39216 21581 14164 16747 352 14995 23607 5812 11646 3347 257 10496 6243 4520 14500 13885 8939 682 8257 577 13915 7417
is_linear=0
shrinkage=0.05


Tree=57
num_leaves=63
num_cat=0
split_feature=20 44 18 69 48 45 18 43 69 33 44 48 69 48 43 30 7 37 69 68 9 47 56 37 46 47 20 45 48 46 10 61 45 41 41 17 18 58 30 26 41 7 55 23 57 46 47 52 69 7 34 34 34 46 44 28 57 58 47 57 0 59
split_gain=490.379 291.48 173.894 148.755 90.4404 72.3552 70.4577 69.1345 68.5425 66.3526 65.0008 93.2981 63.8351 60.1975 59.914 58.2223 48.949 48.6481 46.3537 45.0264 43.4943 37.4115 41.6806 38.96 37.0457 36.3998 51.4108 35.7664 40.0655 35.6258 34.8372 55.761 34.5298 33.4151 55.7999 40.3688 36.4877 39.3241 33.3112 31.2547 79.5947 31.1913 30.7364 30.5203 30.2572 30.1186 29.8879 42.7048 33.5051 29.645 29.4578 29.3361 29.1602 28.9576 34.7141 34.0475 28.789 33.3123 28.6226 28.4547 27.8011 27.235
threshold=34.500000000000007 0.05000000000000001 2849608823.3497171 15.752548480246947 717084238072.96545 0.81430215356859681 177961840574.29214 4.3179029304029317 1.6320822234945609 4.5600957592339277 0.44891448935097072 305833761.47833329 41.656739314430816 359453317564.0509 4.8071825396825405 255.50000000000003 13.215000000000002 69.09504181505288 23.608364865201271 65.595200177774345 7516.5000000000009 66.006485237608572 25.500000000000004 80.934062666717992 7.623193277310925 9.4167832309577069 1.5000000000000002 0.8042490405615782 2526325039.0286708 247.98571428571429 5.5000000000000009 12.639634480727777 0.59715491261697151 0.60555555555555574 3.5611111111111118 0.3499271061118826 129006735.46621619 3323062.6811408419 16.500000000000004 10.001271186440681 1.0944444444444448 1.8550000000000002 10252903.212695427 4.533428030303031 2.720652931690442 100.95396825396828 0.74579828516494751 772388.08246517053 6.205549401309403 25.850000000000005 0.21602468994692867 0.30276854609533327 0.2742413778650723 67.555050505050517 0.82800832358843324 54092454.713354416 3.4743558552260336 8230482.1759099504 117.45955762148239 0.82780582966612792 10.910000000000002 36.86033060866631
decision_type=2 2 2 2 2 2 2 2 2 2 2 2 2 2 2 2 2 2 2 2 2 2 2 2 2 2 2 2 2 2 2 2 2 2 2 2 2 2 2 2 2 2 2 2 2 2 2 2 2 2 2 2 2 2 2 2 2 2 2 2 2 2
left_child=1 8 3 7 12 17 18 46 19 42 11 24 14 29 21 27 -10 39 20 60 41 25 45 -24 -9 26 -5 28 -13 32 61 52 38 35 36 -29 37 -35 -12 40 -2 -4 43 -7 59 -23 47 -3 -48 -43 -47 56 -32 55 -55 -16 -50 -58 -20 -39 -1 -26
right_child=5 2 6 4 -6 9 -8 10 16 -11 13 15 -14 -15 53 -17 -18 -19 58 -21 -22 22 23 -25 30 -27 -28 33 -30 -31 31 -33 -34 34 -36 -37 -38 44 -40 -41 -42 49 -44 -45 -46 50 48 -49 51 -51 -52 -53 -54 54 -56 -57 57 -59 -60 -61 -62 -63
leaf_value=-0.0076704530681919588 0.041983923409999027 0.0021175084853875059 -0.034352803249918872 -0.0016976321573007672 0.043546175277868408 0.016048538780118363 0.045866096786786277 -0.030354981436603673 -0.0033922293905992319 -0.072926843830967009 -0.00021469078015308311 0.0110895092677627 0.018247712117772156 0.020261727981956315 -0.00036804453354866693 -0.078459714469702249 -0.015818816161756229 -0.10643080874561937 0.036737036575605578 -0.028881018401826764 -0.0061390902553438769 0.012064151978236522 -0.061531213878990847 0.028032370912341332 0.0033100989689159414 -0.00034984271738457769 0.025046797628001594 0.0047209750994132819 0.033356855711274787 -0.025990128168135181 0.071537472537687108 -0.017712063523316654 -0.006624850053631651 0.0070199461215335992 0.061977760041740527 0.029822486577695664 -0.10068188348239289 0.0087458198551258089 0.026224840116051491 0.046254913911248141 -0.13293399799296077 0.019803613653797278 0.051750915130708112 -0.06155121042970662 0.011882789431797533 0.011328935659231591 -0.022735519047694594 0.1008672239485958 -0.007328626749331899 -0.032736307894583538 0.00064891102566424228 -0.024634110158065999 0.016504962740248742 0.012180320576612644 -0.05046910983082608 0.011332157866495657 -0.017291258211504162 0.046938081458025388 -0.073065357278677232 -0.073176146463291972 -0.019782967955914253 -0.0027836224979346787
leaf_weight=1264.2360881790519 25.475179720669985 242.01418697834015 29.707213293761015 371.85603359341621 142.33123666793108 191.17735584452748 199.05921924114227 107.92324901372194 4485.9422617480159 20.670952845364809 1059.2878851667047 963.02988209575415 718.0996495001018 232.93256105110049 1610.054867208004 19.155776049941778 962.49452734738588 5.4123623408377162 233.02174513414502 506.42921671643853 312.33525245264173 1425.5172563157976 42.718163028359413 16.963959440588951 2440.1472254320979 12070.772466350347 347.72041162103415 1683.3274734318256 255.63361856713891 207.41755001991987 51.272633731365204 54.056360751390457 5489.8363272100687 88.963532045483589 21.775100350379944 177.01510750502348 13.844235226511953 13.246494948863981 134.22585963085294 712.68682150542736 8.7331309877336007 731.04914392530918 59.425483580678701 13.570362899452446 21.145182996988297 869.40019400417805 514.08463809639215 11.467009216547011 1409.6714849099517 27.87162084877491 2508.7090514600277 234.64719592034817 45.37131530046463 2528.4466898664832 22.306241273880005 1012.9835477918386 32.566449508070946 53.10749913752079 6.0901796370744696 53.048559591174126 757.6305792927742 7376.4631822369993
leaf_count=11470 290 1714 156 1451 1692 1618 2754 712 28063 141 4313 3943 4106 1651 6670 138 5508 39 2147 6213 1806 5883 171 71 11944 48871 1784 6710 1517 925 188 220 24038 414 113 719 59 55 961 14037 85 4771 887 92 82 3364 3837 61 7088 150 10343 1046 174 11727 102 5526 157 224 34 222 7164 34420
internal_value=0.000737631 0.000109037 0.00157325 0.00102819 0.00380942 0.0348055 0.0181093 -0.00183539 -0.00874475 0.0133431 -0.000878907 0.00117458 0.00356921 -0.00473741 0.00310746 0.00845727 -0.00558745 0.0429317 0.0139862 -0.0155487 0.00965248 0.00172073 0.00545349 -0.0360738 -0.00121812 0.00030141 0.0112261 0.00896318 0.0157604 -0.00558247 -0.000902635 0.0229549 -0.00494912 0.00496603 -0.0138407 0.00710943 -0.0225186 -0.0163843 0.00275877 0.0440141 -0.00267134 0.0159067 0.0200935 0.0109053 -0.0401963 0.00596944 -0.00968966 0.00658476 -0.011528 0.0178741 0.00339755 -0.00819751 0.0457014 0.00783917 0.0116325 0.00415042 -0.00561831 0.0225232 0.0339404 -0.0568072 -0.0122092 -0.00126889
internal_weight=57247.6 56210.4 48233.7 46694.6 23687.9 1037.15 1539.13 23006.7 7976.73 284.844 20509.1 13385.4 23545.5 7123.7 22827.4 3310.18 5448.44 752.307 1340.08 2528.3 1100.96 17653.7 4863.31 59.6821 10075.2 12790.3 719.576 3291.03 1218.66 6890.77 9967.31 150.7 6683.35 2072.37 212.023 1860.34 190.248 176.404 1193.51 746.895 34.2083 788.628 264.173 204.748 87.4402 4803.63 2497.56 253.481 2244.08 758.921 3378.11 1729.99 96.6439 5173.79 2550.75 2623.04 1495.35 85.6739 239.112 66.2951 2021.87 9816.61
internal_count=296831 279642 221224 209406 101761 17189 11818 107645 58418 2738 93518 61630 100069 31888 95963 13972 33571 14451 9064 24847 6883 71938 19832 242 47658 52106 3235 13834 5460 30237 46946 582 29312 8374 945 7429 832 773 5274 14412 375 5077 2597 1710 359 19590 14127 1775 12352 4921 13707 8515 362 24025 11829 12196 7469 381 2181 277 18634 46364
is_linear=0
shrinkage=0.05


Tree=58
num_leaves=63
num_cat=0
split_feature=20 69 18 28 30 40 47 45 51 69 23 70 63 32 69 55 59 66 15 62 9 37 53 47 59 57 68 6 30 44 9 69 26 59 38 68 62 2 5 68 54 26 60 66 42 7 65 67 44 45 53 16 34 4 69 42 34 37 69 38 45 47
split_gain=457.995 264.989 160.705 107.548 90.2268 88.0627 73.3842 71.2499 64.8438 63.8666 58.0037 56.0698 52.7269 62.1075 51.4651 50.6944 47.6334 46.652 54.9658 45.2539 48.9655 43.9931 42.7602 41.4415 39.2371 38.7225 38.5343 37.9552 36.1521 35.7435 36.727 35.4808 35.0316 45.3782 39.6497 32.5034 40.8723 31.2372 31.6322 31.109 30.7828 30.3534 79.6075 29.6208 29.0721 28.3167 27.8049 34.6766 29.4421 27.6447 36.9009 32.7916 27.9872 26.998 26.7493 26.4164 26.2059 26.129 25.8228 25.4299 25.0466 24.3596
threshold=34.500000000000007 5.9055008588285096 45880939962.825127 32481542.102725748 2.5000000000000004 141.50000000000003 59.173820872359933 0.81430215356859681 0.529878756093208 0.10456237086455401 4.533428030303031 56.38417202496418 169.69374343741904 7.5950000000000006 31.964262154290413 42459385.282821544 158.59135285534043 0.67556448321067852 0.7199218644372446 1.976478067387158 15092809.000000002 69.09504181505288 322.00000000000006 10.001296706855136 592.41317732307311 0.94097137745704484 15.52238325424446 6.7300000000000013 21.500000000000004 0.48680549331869888 16482336.500000002 16.04350464265266 7.5726153846153847 135.21545015949479 2299732653.8647618 66.975080059957222 1.8270790289256202 2.5000000000000004 0.97500000000000009 4.4901945172652153 2.0808370393799351 10.001271186440681 8.5714285607142866 0.85260769842926931 6.8850000000000007 10.140000000000002 1.5000000000000002 -0.46173103126271875 0.46596768804244648 1.3714562586418511 11.500000000000002 22.510000000000002 0.4166533331199932 1.8405000000000002 2.3958421498095643 4.6950000000000012 0.23570226039551598 19.486555862294423 38.456221527967948 452934631.95180577 0.59715491261697151 6.0187972508578689
decision_type=2 2 2 2 2 2 2 2 2 2 2 2 2 2 2 2 2 2 2 2 2 2 2 2 2 2 2 2 2 2 2 2 2 2 2 2 2 2 2 2 2 2 2 2 2 2 2 2 2 2 2 2 2 2 2 2 2 2 2 2 2 2
left_child=1 4 3 6 9 8 14 21 -5 -1 56 -12 13 37 19 28 31 32 -19 24 -21 41 26 46 27 -18 -20 -3 44 30 49 -8 33 -10 -35 36 -11 38 -6 55 58 42 -2 -27 -7 -38 48 -48 -14 50 51 -29 59 -41 -37 -39 -9 -13 -34 -51 -31 -16
right_child=7 2 -4 5 12 15 16 10 17 35 11 57 23 -15 61 -17 25 18 22 20 -22 -23 -24 -25 -26 43 -28 29 -30 60 -32 -33 40 34 -36 54 45 39 -40 53 -42 -43 -44 -45 -46 -47 47 -49 -50 52 -52 -53 -54 -55 -56 -57 -58 -59 -60 -61 -62 -63
leaf_value=-0.040717970367414258 -0.12044668538543134 -0.025674100575117799 0.04067496479286789 -0.050166926137331119 0.029695273784369536 -0.072183657348212471 0.0015941018689862093 -0.035601820696479575 -0.045666663133757918 -0.0080907145180856618 -0.099553293931012879 0.038498381343160956 0.059203866722337566 0.035890997906598658 -0.014042213614345492 -0.08400280292688711 -0.031033694287724518 0.032422882503840553 0.010783549506671791 0.040096309010127479 -0.0026755763926819757 -0.095964108523729205 -0.086853349272958111 -0.014597280274223507 -0.016612088812441288 -0.00466654697823454 0.0029267547168257812 0.020092308802555782 0.037496979238286099 0.0014712185403900765 -0.014506561639763972 0.0097044608889792234 0.0019464850902453556 -0.032537968214263926 0.053283161512929278 -0.023380771839718806 0.026359760207258137 0.058978035298502186 -0.012017360730894379 -0.059372980137919189 -0.025405847875108911 0.04585596413893251 0.046936509002540504 0.0058365039492429662 0.016329775249263958 -0.019727505863640079 -0.043375397205346354 0.028709109262254957 0.008165369284283552 -0.0040605948955564361 -0.015434490878383439 0.00065817981172276111 -0.029133039134749135 -0.0061191209316907389 -0.0090172061706197161 0.0047605755591761251 0.02733461483718343 -0.097818993332924958 0.018737658336087964 0.0402976663685174 -0.0088746337996597462 0.0093267062916466189
leaf_weight=160.09355873987079 10.075916834175585 166.26526069641113 265.1281310133636 53.242407880723476 137.11351782828569 13.405992805957792 2149.0687417536974 17.885395765304565 86.117973461747169 6584.0776063092053 20.782370414584875 19.04918967187405 99.534720711410046 106.42849808558822 120.98198522627354 9.6673818156123144 104.96278186142445 221.18629099056125 3465.4282988384366 132.48320414125919 135.19812490046024 5.694704331457614 12.096101358532904 63.921516578644514 461.66277620196342 1539.2618095949292 2839.2429436817765 220.64524707198143 336.0385961458087 761.16256681084633 476.17353596538305 3620.0127611383796 4541.6649228818715 25.477484315633774 28.528212666511536 637.44465938955545 143.22744994610548 23.686167731881142 67.985692448914051 24.044771328568459 98.778439916670322 683.6789112649858 24.079135298728943 1190.4449732378125 30.118205279111862 43.436457112431526 23.457521669566631 57.775308892130852 39.457353502511978 3287.719200797379 351.50828678905964 13345.58156927675 111.13021080195904 2334.2747245207429 659.47424971312284 436.30997082591057 219.87572088837624 4.3107918091118327 241.12772766500711 32.630516037344933 2527.6942135840654 1425.0477320551872
leaf_count=2646 81 1098 3428 242 598 66 8766 130 413 50320 115 259 468 1058 506 73 436 1826 16458 501 649 39 52 333 2555 6199 12922 924 3628 3166 2717 15153 20669 122 126 6538 653 134 307 132 420 14037 294 5005 186 282 118 343 178 14287 1549 54926 465 11368 4484 2018 2204 30 1435 120 10177 6399
internal_value=0.000703946 0.000104158 0.00186374 0.00163074 -0.00661072 0.00566975 0.000123358 0.0341515 0.00488565 -0.00944615 0.0128278 -0.0398091 0.000222705 -0.00164955 -0.00132012 0.0290637 0.0040754 0.00513922 0.00792301 -0.00193953 0.0184935 0.0424598 0.00706513 0.0208454 -0.00219109 -0.00123202 0.00724532 -0.00187824 0.0319435 -0.00169086 -0.0008072 0.00668323 0.00151488 -0.0231341 0.0127966 -0.0088256 -0.00743661 -0.00297103 0.0158685 -0.00434205 0.00222242 0.0435579 -0.0024424 -8.60901e-05 -0.0109335 0.0156353 0.0311328 0.00789334 0.044715 -0.000431202 0.000559841 0.000974262 -0.00445077 -0.00666208 -0.016077 0.00755235 0.0226003 0.0133427 0.00279302 -0.00362467 -0.00648022 0.00749801
internal_weight=57074.1 56068.6 44426.9 44161.8 11641.7 12002.1 32159.6 1005.43 11612.9 8227.75 281.903 44.1424 3413.99 3129.84 23555.9 389.23 8603.75 11559.6 6537.95 22009.9 267.681 723.529 6316.77 284.146 21742.2 2834.67 6304.67 21280.5 379.563 21114.2 17825.4 5769.08 5021.69 140.124 54.0057 8067.66 6770.74 3023.41 205.099 2818.32 4881.57 717.834 34.1551 2729.71 43.5242 186.664 220.225 81.2328 138.992 17349.2 13917.7 13566.2 3431.48 2358.32 1296.92 459.996 237.761 23.36 4782.79 3320.35 3288.86 1546.03
internal_count=296831 279642 197664 194236 81978 58638 135598 17189 54685 64923 2738 404 17055 15615 100039 3953 35559 54443 31258 93134 1150 14451 29432 1440 91984 11640 29380 89429 3880 88331 74988 23919 23185 661 248 62277 51255 14557 905 13652 22524 14412 375 11204 252 935 1107 461 646 72271 57399 55850 14872 11500 11022 2152 2334 289 22104 14407 13343 6905
is_linear=0
shrinkage=0.05


Tree=59
num_leaves=63
num_cat=0
split_feature=11 69 42 1 8 9 20 69 28 33 46 41 46 68 1 68 52 70 59 17 61 26 62 41 1 1 22 0 59 47 58 5 63 1 0 0 67 63 69 59 25 1 37 36 47 37 36 50 35 59 60 34 54 60 65 25 58 16 59 35 52 58
split_gain=433.486 246.771 152.942 89.8032 108.171 88.2493 81.0914 73.0033 70.7528 66.0775 57.6835 54.6376 53.0825 52.2828 48.1899 49.3854 42.9032 40.8773 37.9072 36.8801 47.8587 37.7073 36.3759 36.2103 34.4874 34.2993 33.4432 32.3379 32.1298 34.6713 32.3351 31.6093 32.8269 31.5304 30.866 29.1119 28.2608 28.1365 27.5978 27.5688 27.4525 27.4254 26.9522 26.8098 26.4525 31.6545 39.7883 40.0849 45.8316 31.3313 30.2929 27.5339 32.5784 30.9764 26.0529 32.9362 26.2581 29.2805 25.8417 25.572 32.5474 35.2713
threshold=10.500000000000002 9.469713848298527 7.870000000000001 4.6950000000000012 0.13050000000000003 183581.50000000003 68.500000000000014 1.6320822234945609 5025238979.7750559 4.7291787090558772 9.9983333333333348 0.41666666666666669 28.922401433691761 76.476538286777938 5.6950000000000012 27.573483192955475 2980433.0023505827 91.444518700826734 84.836879305338769 1.9496977088907834 12.857142857142852 10.001271186440681 1.8270790289256202 0.14999999999999999 6.8450000000000006 4.285000000000001 7.5950000000000006 34.850000000000001 268.777959470658 59.173820872359933 3068035.8009254546 0.96500000000000008 46.735976112271814 7.0950000000000006 16.117500000000003 14.719500000000002 0.78257835753184646 216.8610349357036 0.27731759229294767 913.99236238627816 1.0030574137502635 4.4850000000000012 33.500684454299183 526.01333333333343 7.8033035490534015 3.0351916853841172 12.000787401574806 15.500000000000002 1.0265142299531413 160.66422946579024 12.85714283969388 0.53601197658112565 1.6703633919355843 2.1428571424844294 1.0000000180025095e-35 0.9734186663348755 2417912.1885741376 13.061680911680915 913.99236238627816 0.94411843892011371 6742861.008415346 327475.05246235628
decision_type=2 2 2 2 2 2 2 2 2 2 2 2 2 2 2 2 2 2 2 2 2 2 2 2 2 2 2 2 2 2 2 2 2 2 2 2 2 2 2 2 2 2 2 2 2 2 2 2 2 2 2 2 2 2 2 2 2 2 2 2 2 2
left_child=1 5 3 11 8 17 9 13 14 19 -9 12 16 33 18 -16 -3 26 -5 20 37 -22 23 25 27 -12 41 34 29 36 -31 32 -24 35 -6 -7 -14 -2 -19 -28 -18 -1 44 -20 45 -40 47 48 49 -47 -46 52 -48 -53 56 -56 -21 -58 -11 -13 61 -61
right_child=6 2 -4 4 24 7 -8 10 -10 58 22 59 28 -15 15 -17 40 38 43 54 21 -23 31 -25 -26 -27 39 -29 -30 30 -32 -33 -34 -35 -36 -37 -38 -39 42 -41 -42 -43 -44 -45 50 46 51 -49 -50 -51 -52 53 -54 -55 55 -57 57 -59 -60 60 -62 -63
leaf_value=-0.0065110298231408972 0.040689980622765611 -0.015422994366525743 0.043116370633030483 0.0076295502841674523 -0.011479097455548261 -0.0076871366992617403 0.051115499560659153 -0.026703404129504667 0.025970704482216014 0.039723233396997459 -0.01194727829671313 0.0104952717625965 7.8968679593450545e-05 -0.029969725075563159 0.021581538742088225 -0.00010730415425152362 0.0041380086768952528 -0.021450349570161873 0.001318512005283173 0.04901555945092128 -0.04673917410780018 0.058040066722370789 0.021966824772073575 0.0052412262429425739 0.018783840508031571 -0.0041293380035495389 0.041964958444569739 -0.017121746032730669 -0.0064308491407372263 0.005252953780891312 -0.010967903903009045 0.046088941099693748 -0.02369965677858164 0.051123030510087646 0.0074503047478508668 -0.019282913765333733 -0.0063779755349431498 -0.059879024293137885 0.018180865886056857 -0.066540559491720858 0.072868718425751558 0.0011329084330585898 -0.080583528254042608 0.013421752462432794 0.039939644456537589 -0.0181468932349679 0.036376582038588137 0.0274783740275262 0.024608623600390553 -0.12501033546588641 -0.069466059951181644 -0.099916992848806563 -0.046790416549116018 -0.0010216489208100009 -0.0027400730742329657 -0.057704423368774176 0.058281966897744432 -0.061029661986787234 -0.048606468772769189 -0.0063384073980139724 -0.045063762751293077 0.0072421594223857676
leaf_weight=1894.0181767754257 170.20406904816628 908.55823243036866 228.90275970101357 6086.3346019051969 461.18645575642586 1550.4556712470949 338.52002941444516 296.88474693149328 442.73652368411422 373.83402526751161 1779.1588945016265 1495.2585784122348 7539.8782354779541 439.26276173442602 872.18625769764185 375.44023236632347 45.508755765855312 60.870149079710245 6303.8541735820472 40.579292997717857 34.518146201968193 11.429628722369669 100.47718292474747 817.29100047051907 119.44363921135664 6634.6888518631458 66.285377088934183 695.27070892974734 2039.487573236227 3997.5337358228862 332.81055027991533 61.43925279378891 64.688401229679585 20.118564039468765 403.99715802446008 831.56954393535852 2185.8977684080601 7.2510418891906729 395.3170707449317 6.4211153686046591 21.341768465936184 3084.3208616524935 7.5211764536797991 493.34903355687857 128.22609772160649 9.6699141599237901 79.14199235662818 16.012630186975002 10.798185169696806 23.595748726278543 6.6554479822516432 10.277504615485666 13.833411008119581 34.490530826151371 162.62492150813341 32.742905773222446 7.9982173293828991 14.400947101414202 8.4678955376148206 709.66403330117464 36.090362675487995 1465.2854130342603
leaf_count=9465 1380 4289 3263 26317 2125 13789 7885 2205 3911 6224 11770 9193 30715 5613 3719 1571 201 340 26171 283 180 98 481 3488 503 39581 633 3145 8288 16512 1385 240 328 82 1817 7947 8924 35 2361 33 82 14564 47 2279 1016 58 670 135 48 123 61 55 115 231 1402 177 64 112 47 2908 166 5981
internal_value=0.000671592 3.03934e-05 0.00237179 0.00211994 0.00490381 -0.00469976 0.0303721 -0.00705628 0.00628866 0.0222452 -0.00500188 -5.78495e-05 -0.00125256 -0.0141091 0.00567201 0.0150549 -0.0125785 0.000376421 0.00476339 0.0099278 0.0248047 -0.0206751 -0.00432065 -0.00480649 -0.0071104 -0.00578249 -0.00128357 -0.00909245 -0.000566192 0.000284747 0.00400629 0.0154707 0.00408119 -0.0112088 -0.00264002 -0.0117352 -0.00137225 0.0365806 0.0109045 0.0323822 0.02608 -0.00177524 0.0135821 0.00219698 0.0145549 0.0100099 -0.00631864 -0.040273 -0.0648936 -0.0939465 0.0345412 0.00849049 0.0240025 -0.0237253 -0.00293688 -0.0119519 0.0250289 -0.0184263 0.0377668 0.00544491 0.00202951 0.00281096
internal_weight=56906.1 55703.5 37260 37031.1 16253.8 18443.5 1202.57 12596 14573.9 864.051 9754.63 20777.3 17071 2841.41 14131.2 1247.63 975.409 5847.46 12883.5 481.749 223.403 45.9478 9457.74 9231.14 1679.9 8413.85 5051.05 1560.45 16095.6 14056.1 4330.34 226.605 165.166 2402.14 865.184 2382.03 9725.78 177.455 796.41 72.7065 66.8505 4978.34 735.54 6797.2 728.019 593.137 197.82 60.0765 44.0638 33.2657 134.882 137.743 92.9754 44.768 258.346 195.368 62.9785 22.3992 382.302 3706.3 2211.04 2174.95
internal_count=296831 278944 163465 160202 71558 115479 17887 85524 63968 10002 58093 88644 70396 27431 60057 5290 4572 29955 54767 3731 1693 278 55888 54839 7590 51351 24695 7087 65824 57536 17897 1049 809 21818 3942 21736 39639 1415 5260 666 283 24029 4920 28450 4873 3796 1435 364 229 181 1077 1071 785 286 2038 1579 459 176 6271 18248 9055 8889
is_linear=0
shrinkage=0.05


Tree=60
num_leaves=63
num_cat=0
split_feature=38 44 1 40 45 31 1 18 31 47 12 46 44 43 20 1 7 43 37 5 43 32 26 8 67 63 3 56 8 55 20 68 1 67 47 63 47 15 2 9 26 3 38 42 42 47 60 45 45 66 47 56 35 68 33 16 70 37 47 26 36 47
split_gain=409.209 225.964 161.935 125.489 101.465 75.856 75.7862 68.9521 67.8691 60.3487 57.1105 61.8082 50.282 49.8644 47.6283 47.2932 61.9586 46.026 39.6063 39.2094 38.799 39.1493 59.4451 39.353 35.8973 35.8798 35.1001 47.2891 37.7869 33.4777 40.1425 32.4814 36.6682 32.4793 32.3305 37.7939 30.4272 30.0595 29.5162 29.3173 28.6064 28.5097 40.2673 31.0057 39.0965 70.0582 79.8382 37.4798 36.6238 30.8504 28.4795 28.0659 27.3473 27.336 27.2998 27.2769 27.2462 47.6362 26.7038 26.4038 56.6378 25.2203
threshold=183150284014.59192 0.05000000000000001 4.995000000000001 22.500000000000004 0.6237053582766684 1.216666666666667 6.5850000000000009 30832353.647841897 0.31666666666666671 59.173820872359933 5.7950000000000008 7.623193277310925 0.4330041050429338 4.3179029304029317 76.500000000000014 4.6950000000000012 13.74 4.8945195195195206 53.640087879587853 0.89500000000000013 4.8561828874976296 7.4900000000000011 15.505263157894738 0.12250000000000001 0.59480013772226092 304.08775348070554 117.75000000000001 22.500000000000004 0.12050000000000001 1387172.0823267295 4.5000000000000009 80.329612155336065 6.8750000000000009 0.87032255546191728 2.2508330249197726 71.701260721407849 0.74579828516494751 1.0022180351613532 5.5000000000000009 14989.000000000002 37.404136231884074 107.95000000000002 4991429223.2918406 5.6950000000000012 5.995000000000001 4.7144388860107158 7.7142856994081646 1.6089063293670975 0.80177442812908062 0.97233289553061597 107.13020042795991 2.5000000000000004 2.3162372368173489 21.759888115171766 6.1010000000000009 5.7560000000000011 113.30282033220597 10.56815970551496 1.2572830495136293 10.001271186440681 10.119718309859158 18.852883313059127
decision_type=2 2 2 2 2 2 2 2 2 2 2 2 2 2 2 2 2 2 2 2 2 2 2 2 2 2 2 2 2 2 2 2 2 2 2 2 2 2 2 2 2 2 2 2 2 2 2 2 2 2 2 2 2 2 2 2 2 2 2 2 2 2
left_child=1 15 3 9 5 -5 8 18 19 10 11 52 13 34 20 38 31 -10 -2 -4 21 23 -23 26 39 29 41 28 -28 37 -31 32 -17 53 51 -36 -26 -11 -1 -12 55 -6 43 -43 45 -45 49 61 -48 -47 56 -13 -3 -30 -8 -38 -44 -58 -16 60 -9 -46
right_child=7 2 6 4 14 -7 54 59 17 25 24 12 -14 -15 58 16 -18 -19 -20 -21 -22 22 -24 -25 36 -27 27 -29 33 30 -32 -33 -34 -35 35 -37 40 -39 -40 -41 -42 42 50 44 47 46 48 -49 -50 -51 -52 -53 -54 -55 -56 -57 57 -59 -60 -61 -62 -63
leaf_value=-0.028842080691954309 0.017357164705763633 -0.031163951367256051 -0.0040178421708268281 0.011278985675869144 0.0056330595449018955 0.041329899208450649 0.03900513730161434 0.040861347886782737 0.011338789428576263 0.0036010413981306965 0.019493106875436803 0.0016018633395459593 -0.0076633416374749762 -0.000726123779367848 -0.074312006583829415 -0.0021573186707546945 -0.016591893395145323 0.03222412318793072 -0.075401017983467211 0.0058389743861151236 0.026250342774971278 0.056913501466032024 -0.10177315997179692 -0.063282865661979243 -0.034388078448841661 -0.016238139948925742 -0.059240799654146969 -0.0078278805378442212 0.015905497840440409 -0.010567352848105916 -0.095483550556133737 -0.017270168833885557 0.022124493096610118 -0.0010621731312986595 -0.016253154859715357 0.00021082684444999152 -0.061809706046316353 0.050254864377059998 -0.011440347474247466 -0.0060592754400971916 -0.031791650316064728 0.00088049019168215956 0.017741221202762985 0.04201082909577359 -0.014910659779282902 -0.011939805762747167 -0.19495074234243492 0.038784320974759215 -0.062868415746520454 -0.036435089352782217 -0.04764089133234526 0.0536480342495987 0.065634335015210446 0.0053077184977935801 -0.016723961124203907 0.011922727441421914 0.0022064607010005058 -0.10272681650064922 0.048086572556258339 0.046033670020458141 -0.092518575760607652 -8.7284506838240729e-05
leaf_weight=271.76142157241702 263.73386911675334 249.668521348387 1170.0533694699407 1016.0242368839681 1598.023744713515 264.70921855047345 232.75837574526668 28.729402828961611 1240.1181666590273 5505.5322974659503 568.46386397629976 186.78436172753572 5533.0164198130369 11371.547912634909 4.7348580099642268 3752.3279141485691 944.96123552322388 335.06396855041385 12.033071912825106 7326.1367514282465 165.70669185370207 8.2727842777967471 20.590902928262949 23.013468261808157 69.40174113214016 248.40849999338388 20.551918186247349 527.71336507424712 1429.9766743443906 183.09827185422182 15.062508299946783 339.65391674637794 162.19808429479599 662.38654933124781 1249.1649291478097 483.48514824360609 13.167423252016304 34.74391832202673 2358.012440059334 139.87442738935351 52.573388334363699 1865.9971171431243 446.9600578956306 47.246652245521545 410.60958033800125 529.66349829733372 8.6212852895259875 51.788076564669609 13.414148971438406 169.72909153997898 20.313248343765736 30.072923079133034 7.516244798898696 1059.1761929020286 24.266344010829926 264.70085313543677 78.167249292135239 12.552401524037121 75.703814178705215 582.63440296426415 11.009042516350744 952.73504155501723
leaf_count=2718 2452 1721 5032 6290 7209 4087 1006 367 7142 23446 2883 1334 23887 50891 54 24501 5992 2697 76 31275 1083 83 106 112 302 1155 95 2401 6731 819 69 2954 657 2757 7027 2505 63 144 21498 650 259 7582 2830 206 1879 2213 54 190 73 703 96 184 44 4491 106 1254 617 93 1438 12061 102 4085
internal_value=0.000640638 0.000102191 0.00138638 -0.000133581 0.0042246 0.0174901 0.00693308 0.0341222 0.00624886 -0.00204347 -0.00334908 -0.00398897 -0.00365687 -0.00199275 0.00255955 -0.00777447 -0.00501063 0.0157814 0.0133097 0.00448154 0.00225505 0.00185573 -0.0562911 0.00202477 0.00768618 0.00236601 0.0021765 0.00603122 0.00833684 0.00317135 -0.017022 -0.00243814 -0.0011512 0.00877753 -0.00938103 -0.011659 -0.00429144 0.00389361 -0.0132386 0.0144473 0.00202967 -0.000121623 -0.0021174 -0.00385239 -0.00789649 -0.0169738 -0.0208368 -0.00296584 -0.114545 -0.0178843 0.0104748 0.00881942 -0.028335 0.011396 0.0337436 0.00842875 0.0126704 -0.0123126 0.0408818 0.0433441 0.0039101 -0.00455176
internal_weight=56746.1 55848 48019.1 37690.7 11484.4 1280.73 10328.4 898.14 10071.4 26206.3 20219.4 19111.3 18854.1 13321.1 10203.6 7828.92 5199.14 1575.18 275.767 8496.19 10123.2 9957.5 28.8637 9928.64 1108.18 5986.85 9905.63 3699.8 3172.09 5738.44 198.161 4254.18 3914.53 3151.54 1949.51 1732.65 399.843 5540.28 2629.77 708.338 330.442 6205.82 4607.8 4049.8 2183.81 768.675 721.428 1415.13 22.0354 699.393 557.993 216.857 257.185 2489.15 257.025 277.868 537.68 90.7197 80.4387 622.373 39.7384 1363.34
internal_count=296831 281773 223453 176195 57558 10377 47258 15058 46146 118637 93004 87593 85828 61941 47181 58320 34104 9839 2528 36307 45689 44606 189 44417 5411 25633 44305 16475 14074 24478 888 28112 25158 13979 11050 9532 1878 23590 24216 3533 1576 27830 20621 16985 9403 3249 3043 6154 127 2916 3636 1518 1765 11222 1112 1317 3540 710 1492 12530 469 5964
is_linear=0
shrinkage=0.05


Tree=61
num_leaves=63
num_cat=0
split_feature=10 48 40 1 64 62 20 40 46 66 22 70 47 66 9 1 63 20 67 30 35 1 63 10 58 45 59 59 28 59 22 58 66 46 53 60 38 50 70 0 46 5 47 59 42 43 60 8 1 0 43 27 26 46 46 45 30 38 36 20 36 47
split_gain=387.042 203.843 183.221 152.984 84.1111 75.3042 64.5748 57.2856 55.4743 49.4562 48.3995 57.6227 48.3006 46.6365 44.7698 45.1317 44.5499 44.0202 41.8197 40.7813 39.2358 38.468 37.3651 36.3853 36.168 35.7466 34.158 33.78 32.5658 31.464 31.2835 82.2033 31.1146 34.2628 31.0855 60.6031 30.702 39.5587 31.9107 30.6343 30.4865 30.187 29.8254 45.7486 29.1933 29.9338 28.8365 28.681 30.5282 36.4286 26.9268 26.5456 26.3691 26.3026 25.9044 25.8981 25.6855 25.601 49.5863 30.5276 26.9525 25.3262
threshold=16.500000000000004 367065762881.72784 1.5000000000000002 4.8950000000000005 1.0000000180025095e-35 1.8270790289256202 4.5000000000000009 34.500000000000007 10.004687500000001 0.14780378300014815 7.2750000000000012 32.659349149065484 6.5729211218154111 0.86159635224327558 127206812.00000001 4.6950000000000012 216.8610349357036 3.5000000000000004 0.66259481767468287 49.500000000000007 0.65311748766393574 7.5950000000000006 13.978977794713476 5.5000000000000009 126626.88915154275 1.9853462029862983 735.44328314882227 351.73630410521577 11250037728.453127 913.99236238627816 6.7950000000000008 2417912.1885741376 0.23343647497176648 7.623193277310925 87.500000000000014 0.76379066470784185 417276577.28036624 1.5000000000000002 11.440383617312543 54.050000000000004 10.004687500000001 0.89500000000000013 50.975106094770794 150.49535103226688 7.6950000000000012 4.7001182033096951 10.075088157471525 0.14550000000000002 5.5950000000000006 99.550000000000011 4.7375247035573134 19.700180132982471 1.0000000180025095e-35 181.95555555555561 10.231385927505332 1.1844394960997777 19.500000000000004 48804021104.410027 39.667543859649122 24.500000000000004 32.498623853211022 20.588545224084196
decision_type=2 2 2 2 2 2 2 2 2 2 2 2 2 2 2 2 2 2 2 2 2 2 2 2 2 2 2 2 2 2 2 2 2 2 2 2 2 2 2 2 2 2 2 2 2 2 2 2 2 2 2 2 2 2 2 2 2 2 2 2 2 2
left_child=1 2 14 4 7 6 41 13 18 -6 22 27 26 23 15 29 -10 -3 55 -14 51 47 -11 42 25 28 -13 -12 44 -1 40 -32 52 -34 53 -36 -15 -38 -39 -7 -26 -5 -4 -44 54 -46 -35 48 -17 -50 -8 -9 -24 -19 -22 -2 -52 59 -59 -56 -61 -54
right_child=8 17 3 5 9 39 50 20 16 10 11 12 19 36 -16 21 -18 34 -20 -21 24 -23 32 -25 30 -27 -28 -29 -30 -31 31 -33 33 46 35 -37 37 38 -40 -41 -42 -43 43 -45 45 -47 -48 -49 49 -51 56 -53 61 -55 57 -57 -58 58 -60 60 -62 -63
leaf_value=-0.010736862637777124 0.051600318887367394 0.010531443923782587 -0.0043918457708498814 -0.0022527596352700653 -0.014957696639598509 0.043535840604876017 0.0081179726586314439 0.029060764393946992 0.043718480049409258 -0.0076087685591151519 0.044120222720261129 0.038557535757755494 -0.061206828051978503 0.0014848834266060682 -0.022456404013729211 -0.0032703296634383977 -0.065326465976946885 0.042356149337172383 -0.035106614996903825 -0.18719287864302259 0.038297077102895268 0.047041827237158107 0.06281778434745984 0.014748148162733605 -0.057704138500908081 0.065430358213146675 -0.089870216651107337 -0.09703003315603273 0.039594570039467175 -0.033202636903606142 0.049683152927012558 -0.075724016682931189 -0.036059974709548186 -0.002189382083391075 -0.14466145727257074 0.049411386568626509 0.011904524047700229 -0.0031140920012269571 -0.079717689757222265 0.0058484089299910549 0.0093686931002732281 0.0048840777649713021 0.0038968798430092239 -0.0084922436094379498 -0.0099518091372659111 -0.14047077012925749 0.018386422184434387 -0.0089869495299474047 0.01706797091879422 -0.021880102348862722 0.016730455231490592 -0.00093699542696053988 -0.0098319758493328954 -0.082816669427680914 -0.002729141652295171 -0.062684900066302979 0.039122297636518005 -0.0061793753794335722 -0.14829821192687828 -0.100321891116946 -0.0033568402668129392 0.013644481670771281
leaf_weight=2037.0903753787279 34.913467321544886 223.15592478960752 7487.8290915712714 1752.308899641037 968.20238776504993 181.08133671432734 672.83525646850467 289.67597018182278 626.27397564426064 3095.6436634361744 20.881694205105308 11.22837343811989 13.0748986043036 5433.0520014800131 478.50682124868035 2119.5664764344692 9.5086831450462324 387.34480649605393 43.596060499548912 12.626040406525133 35.086257971823215 37.047295808792114 22.421836383640766 313.41049795597792 17.056674148887396 19.15404999256134 9.6074752621352655 5.3182927072048178 42.456960786134005 168.76327802613378 20.849825277924538 35.007732782512903 73.316412817686796 7360.5519410669804 6.7256514281034496 10.008805125951765 1252.9947716854513 39.268834859132767 20.793854773044586 76.784961260855198 2510.7565401531756 9592.9796848222613 3101.7409424707294 980.74559991806746 9.773952431976797 7.9792070463299742 174.31442951783538 1788.9738620854914 384.80699323117733 71.13388779759407 531.74461169913411 98.937449105083942 154.78803278133273 4.2427747808396807 1051.9744061864913 5.7773912847042075 168.70209911465645 18.777074869722131 9.1179564222693426 15.3063857331872 13.476145971566437 445.57534369453788
leaf_count=18273 337 1237 34583 7644 4793 761 3553 2926 12613 15343 216 148 95 23378 5220 15736 76 6185 277 87 164 141 208 1778 105 68 46 30 464 2314 212 193 570 33080 40 132 6035 163 96 317 11475 41236 13003 4103 53 59 970 9617 2344 401 3388 741 794 36 4675 32 2064 148 59 76 100 1820
internal_value=0.000611057 0.000141759 -0.000181059 0.000923232 -0.000787804 0.00556365 0.0050213 0.0010115 0.0370346 -0.00410855 -0.00318708 -0.0438429 -0.0772349 -0.000177186 -0.00768792 -0.00661839 0.0420876 0.0283887 -0.00108106 -0.1231 0.00628992 -0.00369301 -0.00292599 -0.00206205 0.004745 -0.00233839 -0.0206609 0.0154684 -0.00341655 -0.0124557 0.00809826 -0.0289136 -0.00116482 -0.00204436 0.038148 -0.0285873 0.00314312 0.0100044 -0.0296345 0.0323136 0.00891611 0.00378177 -0.00251739 0.000920611 -0.00498877 -0.0686139 -0.00171337 -0.00412366 -0.000745571 0.0109915 0.0152615 0.0214236 0.00957997 0.0409999 -0.00400117 0.0353738 0.0221235 -0.00533982 -0.0526333 -0.00411914 -0.0549223 0.00759169
internal_weight=56606.6 55886.6 55255.1 48169.2 35192.8 12976.4 12718.6 22825.2 720.07 12367.6 11399.3 72.7368 46.5368 18629.8 7085.89 6607.38 635.783 631.478 84.2869 25.7009 4195.39 4401.53 11326.6 11883.7 3806.77 1223.1 20.8358 26.2 1203.95 2205.85 2583.67 55.8576 8230.97 7608.18 408.322 16.7345 6746.11 1313.06 60.0627 257.866 2527.81 11345.3 11570.3 4082.49 1161.49 17.7532 7534.87 4364.48 2575.51 455.941 1373.28 388.613 622.785 391.588 1143.74 40.6909 700.447 1108.65 27.895 1080.76 28.7825 600.363
internal_count=296831 283496 275866 221820 162857 58963 57885 104657 13335 58200 53407 622 376 83139 54046 48826 12689 7630 646 182 21518 28239 52785 53467 17851 5866 194 246 5798 20587 11985 405 37442 34620 6393 172 29672 6294 259 1078 11580 48880 51689 17106 5334 112 34050 28098 18481 2745 9005 3667 2822 6221 5222 369 5452 5058 207 4851 176 2614
is_linear=0
shrinkage=0.05


Tree=62
num_leaves=63
num_cat=0
split_feature=32 69 10 43 40 43 47 36 28 30 43 7 1 26 36 69 69 1 69 68 7 60 30 43 1 9 26 43 38 18 64 51 67 65 47 52 44 30 32 53 7 1 3 3 69 48 35 43 69 44 44 12 44 48 69 66 61 68 40 35 30 3
split_gain=363.183 214.123 150.093 88.8042 87.1355 82.3167 73.0122 65.5709 58.1285 57.1231 51.0225 45.8868 47.9867 45.732 69.2623 49.8751 45.011 44.5812 41.4437 41.174 41.1715 37.5695 36.1162 36.0579 35.6696 34.7817 33.7768 36.9201 33.3943 33.6018 59.7143 33.1942 33.0966 32.3167 32.2507 50.9941 32.1697 73.5212 34.2981 40.7107 31.2918 30.912 30.7377 35.1019 31.5531 29.8232 29.7029 29.3254 32.6329 29.0411 29.0411 34.8931 28.9999 32.6217 28.7372 27.7638 30.5345 27.7542 27.1638 26.9364 32.5294 31.9911
threshold=7.5950000000000006 5.9055008588285096 4.5000000000000009 4.5105457131772928 22.500000000000004 4.6960830341526298 29.668047302589681 42.040090293453737 581769126.50774348 92.500000000000014 4.9400354609929087 6.1200000000000001 6.6950000000000012 10.001271186440681 10.119718309859158 0.52281185432277033 24.708542854297878 6.2950000000000008 0.10456237086455401 54.507431619296909 7.0500000000000007 3.6734693826947105 46.500000000000007 5.0002732240437178 4.9050000000000011 71332671.000000015 -1.0000000180025095e-35 4.333615819209041 10046030800.95509 8004178995.9459391 1.0000000180025095e-35 0.49215940295759464 -0.33379414889141262 1.5000000000000002 0.37282548461146886 700749.5000134263 0.58943240117553408 79.500000000000014 6.7950000000000008 5.5000000000000009 6.0150000000000015 5.7350000000000012 109.65000000000002 98.250000000000014 35.583029424211503 18405899430.285458 0.75243852505647857 4.5571521577380976 13.315790620099078 0.38729833462074181 0.35527766918597942 5.7550000000000008 0.40959564822068412 16771531282.1355 37.083272136615975 0.80382625221112025 7.142815016599573 22.016913030310445 149.50000000000003 1.042306756567805 55.500000000000007 107.25000000000001
decision_type=2 2 2 2 2 2 2 2 2 2 2 2 2 2 2 2 2 2 2 2 2 2 2 2 2 2 2 2 2 2 2 2 2 2 2 2 2 2 2 2 2 2 2 2 2 2 2 2 2 2 2 2 2 2 2 2 2 2 2 2 2 2
left_child=1 7 3 17 6 9 11 24 49 21 36 12 23 14 -10 -15 19 20 -9 55 52 22 47 50 26 -14 -1 34 29 -7 -31 -23 33 -18 35 -28 38 54 42 -40 -25 -13 43 -6 -45 -42 -41 48 -4 -2 -5 -52 53 -3 -38 -8 -57 -44 -51 -29 61 -61
right_child=8 2 5 4 10 28 16 18 13 -11 -12 41 25 15 -16 -17 32 -19 -20 -21 -22 31 -24 40 -26 -27 27 59 -30 30 -32 -33 -34 -35 -36 -37 37 -39 39 46 45 -43 57 44 -46 -47 -48 -49 -50 58 51 -53 -54 -55 -56 56 -58 -59 -60 60 -62 -63
leaf_value=0.051620927224594604 -0.086645871948496767 -0.0030716536831471393 -0.085036811594939893 0.0012777598965094583 0.013744340820271126 0.022686308070063312 0.00069390293244875789 -0.038438975596987585 0.035540915615857989 0.045325646206542419 0.025707908964335491 -0.0037689375085634153 0.038776924541654191 -0.13238681877022462 -0.091765292483717412 0.046543928833278139 -0.002958281764683227 0.032718299832846874 -0.009140751831850551 -0.0049261861216575963 0.0018092321185481639 -0.065686853240346635 -0.080672506245677178 -0.0055316940323165897 0.0044984865463087945 -0.040423191278994242 -0.010380074845819908 -0.0047142630364643487 0.041956381094042566 0.021633285629258266 -0.1907758962857464 0.010459024467268235 0.012025840074008896 0.0180496652476889 -0.030332519269988797 0.088585153361472213 -0.0050969900697778849 -0.14114289250867698 0.032560924317594761 0.023506841085590261 0.0075882493830337558 -0.015218899594265593 0.017592110782655459 -0.0017946172262543318 0.01171782568738902 0.035409240679396096 -0.11220269921275161 0.020362908525796423 -0.011908489784058611 0.0011592043789990329 -0.0072186535019371049 0.014419196069009089 -0.00997135654488868 0.04591191596354105 0.040609367430742144 0.0054814790274381317 0.021523838482805101 0.0034692394267073785 0.047380007479035348 -0.022625150644950937 -0.047988541264761243 0.017961983657615345
leaf_weight=26.60416129976511 7.6451415568590155 8090.0783937387168 18.044639721512794 3038.5041765421629 761.45161688327789 338.12710548937321 3494.7780674248934 123.3540759421885 33.653461758047342 89.730088330805302 385.44743635505438 1986.4525267183781 120.61693462729454 3.9214634820818892 15.65374758467078 566.83592810109258 857.40848613530397 91.148209825158119 5614.9618745371699 1706.0491020604968 4159.2859976179898 14.617373831570147 19.425506219267845 446.38744968920946 1474.737767457962 15.662489637732504 226.01885763928294 3268.0193026848137 312.78649083524942 9.1052816398441774 5.1975782327353945 685.76678588613868 2410.4414949901402 232.75825340300798 250.51966527849436 13.811957620084284 515.88187001645565 9.6665848307311517 217.68827680870891 7.4904048293828991 1247.4826314970851 838.19399786740541 1058.4801771268249 1819.2112108245492 566.58333924040198 104.38783843070269 8.732600372284649 57.692226648330688 98.694756843149662 123.93270190432668 2692.8399267047644 200.16566941142082 1744.2815075479448 34.132927358150482 36.84621661901474 2869.1899651587009 330.81519404053688 518.17554580792785 42.753209840506315 56.657042272388935 23.835746742784977 339.31735324859619
leaf_count=246 46 35330 81 13126 3642 2724 13738 2434 416 1881 2565 8442 481 20 108 12035 3878 344 46667 6737 17356 68 129 1836 7409 82 2054 19002 5509 117 38 4191 11459 1068 1963 76 2671 71 1732 67 5051 3984 5177 8708 3021 513 45 352 453 894 10828 863 7131 208 246 11251 1406 2312 659 257 171 1462
internal_value=0.000582886 0.000103984 0.00167867 0.00110593 0.00271247 0.016479 0.0012989 -0.00600094 0.0341519 0.00729419 0.0081201 -0.00170016 0.00026281 0.0413235 -0.00487547 0.0453146 0.00399287 -0.00213673 -0.00977056 0.00200796 -0.00236321 0.00347803 -0.0160019 -0.000255732 -0.0021923 0.0296745 -0.00453896 -0.00489655 0.0300649 0.019511 -0.055555 0.00886982 0.00875629 0.00152706 -0.0177862 -0.00468063 0.00689203 -0.00444085 0.00817759 0.0268665 0.00594644 -0.00716663 0.00725217 0.00439749 0.00141435 0.00973651 -0.0495436 -0.00879991 -0.0232121 0.00864385 -0.00213604 -0.00572154 -0.00412177 -0.00286585 -0.00205009 0.00377501 0.00713993 0.0129506 0.0130144 -0.00318269 0.00873989 0.0121547
internal_weight=56478.1 55683.7 44265.9 42616.7 28497.8 1649.19 22592.1 11417.8 794.396 983.971 5905.66 10690.7 7866.05 620.065 49.3072 570.757 11901.4 14118.9 5738.32 8400.83 14027.8 894.241 193.857 7729.77 5679.52 136.279 4204.78 4178.18 665.216 352.43 14.3029 700.384 3500.61 1090.17 490.35 239.831 5520.21 562.395 4957.81 233.911 1798.26 2824.65 4723.9 3147.25 2385.79 1351.87 16.223 174.432 116.739 174.331 5931.51 2893.01 9868.49 8124.21 552.728 6694.78 3200.01 1576.66 166.686 3687.83 419.81 395.974
internal_count=296831 282653 200912 185369 125000 15543 94743 81741 14178 7155 30257 45206 32780 12579 524 12055 49537 60369 49101 33132 60025 5274 1015 32217 32640 563 25231 24985 8388 2879 155 4259 16405 4946 4093 2130 27692 2988 24704 1844 7400 12426 22860 15371 11729 5564 112 886 534 1599 24817 11691 42669 35538 2917 26395 12657 7489 1553 20892 1890 1719
is_linear=0
shrinkage=0.05


Tree=63
num_leaves=63
num_cat=0
split_feature=10 69 70 19 28 69 46 69 1 47 46 69 48 63 46 45 20 1 8 44 65 59 52 47 56 1 42 36 40 36 66 9 1 46 1 69 68 1 36 66 38 70 40 68 1 66 24 23 59 70 45 7 10 28 0 3 44 40 52 33 7 5
split_gain=344.637 186.012 153.914 93.0206 76.4744 73.7731 52.8436 51.3071 47.838 47.0015 46.464 44.5753 42.9528 41.66 40.9898 40.1695 39.7503 39.0716 41.8029 35.6691 34.8827 55.7484 36.8346 39.6264 34.5419 34.2448 34.1058 33.5397 50.2634 33.2214 33.6502 32.2178 31.7326 30.558 30.4366 30.2907 28.9213 28.6794 28.639 30.3049 27.8834 27.765 27.2011 26.855 36.1394 27.8425 26.2831 27.4923 27.2258 25.6475 25.4718 25.453 25.3232 24.5999 24.341 24.063 23.4338 22.4627 23.3721 22.3977 21.9688 21.933
threshold=16.500000000000004 13.95225722536158 48.056661163319596 5348365633038602 31656980512.409153 3.8960848622140354 10.004687500000001 41.656739314430816 4.6950000000000012 66.006485237608572 175.46031468531473 0.52281185432277033 717084238072.96545 216.8610349357036 9.9983333333333348 0.60538018689544237 6.5000000000000009 4.6950000000000012 0.19950000000000004 0.75001851806129383 1.0000000180025095e-35 185.34377659491963 354831.38966323453 1.0000000180025095e-35 25.500000000000004 5.6950000000000012 5.3950000000000005 13.301833333333336 82.500000000000014 1.0000000180025095e-35 0.81408451933196979 9051260.5000000019 6.7950000000000008 103.47321428571429 5.3050000000000006 9.3333281471708478 86.937496002661291 7.0950000000000006 17.667261904761908 0.97625883275952052 2525855692.6230783 2.3398716480548889 50.500000000000007 14.976542208875104 5.0050000000000008 0.14780378300014815 0.47532324868741865 5.0335784313725496 42.647306790180103 121.73029870830875 1.1291656529484577 12.040000000000001 2.5000000000000004 191869854.55716696 34.850000000000001 109.65000000000002 0.58943240117553408 16.500000000000004 22426.292288590466 4.6800255754475719 6.1200000000000001 0.9850000000000001
decision_type=2 2 2 2 2 2 2 2 2 2 2 2 2 2 2 2 2 2 2 2 2 2 2 2 2 2 2 2 2 2 2 2 2 2 2 2 2 2 2 2 2 2 2 2 2 2 2 2 2 2 2 2 2 2 2 2 2 2 2 2 2 2
left_child=1 3 4 5 7 8 26 9 11 12 50 -1 17 -8 49 16 -5 19 25 -3 21 22 23 -17 33 51 -2 28 40 -22 34 -27 54 42 46 -28 37 -10 -25 61 -18 56 55 44 45 -16 48 -48 -31 -7 -6 53 -23 -19 -20 -11 -35 58 -13 -12 -43 -40
right_child=6 2 -4 15 10 14 13 -9 36 24 59 57 -14 -15 43 20 27 18 32 -21 29 52 -24 38 -26 31 35 -29 -30 30 -32 -33 -34 41 -36 -37 -38 -39 39 -41 -42 60 -44 -45 -46 -47 47 -49 -50 -51 -52 -53 -54 -55 -56 -57 -58 -59 -60 -61 -62 -63
leaf_value=-0.033648117541383242 -0.067905984482938733 -0.0010803045364401831 0.043245559278439233 0.0039742845612824856 0.032159369347671933 -0.021983330975630464 0.042870548557637334 0.015403781587516749 -0.0038130568176439257 0.0066795970078199207 -0.10931659706961867 -0.011878085984430931 0.036253818582548739 -0.061902236385664222 -0.014773699386784309 -0.0048418445155024616 -0.044440434076331921 0.0012369532232436745 -0.0012331563834188783 -0.034889728312904621 0.050954768276971901 0.012394975385005292 -0.023246645821527408 0.034524935726641406 -0.0318514255937574 0.017206745574356416 0.033313284465299665 0.036760153508228852 -0.10028430887604496 0.0055907635227239807 0.0044653675742556487 -0.044981745787661051 0.021790304469323195 0.010666712749835961 0.0094486967352367494 -0.044546598405794884 -0.01878724752528951 0.036199702346517586 0.014627827065889776 0.047501075083424021 0.030432139650811735 -0.003822301156253767 0.03890594083233441 -0.0036817244464462384 0.0075050229203511122 -0.00041628435693494303 -0.02289019310840203 -0.00059036684538052832 -0.0095325051014603195 0.059504447506411706 -0.082123464452506623 0.012896095259873714 0.039443576339183023 0.010268643566862771 -0.01657752039208003 0.019128904092167661 -0.013259588246251381 0.0025262968369479909 -0.032186852763983496 -0.00046074711811223317 0.0050786042362458298 -0.007887798620023638
leaf_weight=252.5766393840313 15.661037452518938 11038.009770810604 235.61279265955091 461.08029367029667 322.30824263766408 330.81834287196398 586.1578818038106 734.36450948566198 2906.3747543618083 1568.3007178269327 8.6529710441827792 2248.1115139983594 85.094933282583952 9.6438214592635614 369.87208886444569 524.66819072514772 15.724659435451029 5536.0751873999834 556.14857330918312 78.566481653600931 29.792846672236919 185.63077874481678 126.08689920976758 131.87033289670944 60.724469386041164 651.92450112849474 50.471227522939444 233.38113917037845 10.865264654159544 477.19228709861636 1255.782608628273 21.513788968324661 95.244608327746391 1439.5849121809006 285.53733016178012 16.60028188303113 330.79182066768408 45.483794309198856 233.36724131181836 44.527607776224613 59.43648948892951 1392.1592778638005 83.253726050257683 9620.4329040125012 1437.6202245280147 3878.8078030087054 458.44260665774345 197.86624148860574 790.73076330125332 9.9463692009448987 4.9505993798375121 643.80324029549956 162.08563131839037 872.79930696263909 482.83363380283117 515.812897965312 110.16830667853355 252.29004820808768 151.19572007656097 10.410777959972618 1380.8072913438082 201.5966187492013
leaf_count=4083 82 45386 4356 2190 3802 2163 12613 4365 22050 6765 48 20722 920 76 1806 2628 70 22560 2418 359 296 855 694 617 249 2858 447 2846 81 2263 6242 102 385 6139 1313 117 3265 181 1049 229 499 5791 510 45911 6367 18240 2323 899 3866 51 28 2776 793 5063 2129 2199 497 1129 1287 79 5771 933
internal_value=0.000556356 0.000124492 0.0030044 -0.00277714 0.00266203 -0.00428095 0.0359751 0.00236635 -0.00890303 0.00200659 0.0260103 -0.0135774 0.000805876 0.0411747 -0.00245343 0.00280158 0.0133659 0.00065488 0.00313171 -0.00131925 0.00118649 0.00727659 0.00239278 0.00523847 0.00568382 0.0044476 -0.00146982 0.0269232 0.000236594 -0.0016184 -0.00207036 0.0152201 -0.00583181 0.00603502 -0.00578453 0.0140429 -0.00476759 -0.00319652 0.0138894 0.00821414 0.0147679 0.00360564 0.0108803 -0.0020716 0.000652499 -0.00166618 -0.00804499 -0.0161672 -0.00384075 -0.0196048 0.0304306 0.00341897 0.0250035 0.00246694 -0.00836396 0.00976077 0.00896585 -0.0116656 -0.0131579 -0.04987 0.000609932 0.00419231
internal_weight=56327.6 55649.1 27929.1 27720 27693.5 21834.3 678.534 27347.2 6186.82 26612.8 346.323 2904.17 20062 595.802 15647.5 5885.67 780.488 19976.9 8860.34 11116.6 5105.18 1609.83 1262.12 1136.03 6550.81 7726.12 82.7325 319.408 86.0264 3495.34 3465.55 673.438 1134.23 6490.09 2209.77 67.0715 3282.65 2951.86 611.362 479.491 75.1611 4322.72 2167.37 15306.7 5686.3 4248.68 1924.23 656.309 1267.92 340.765 327.259 7052.68 347.716 6408.87 1038.98 2084.11 1549.75 2651.6 2399.31 19.0637 2772.97 434.964
internal_count=296831 283496 125555 157941 121199 127255 13335 117242 52717 112877 3957 27221 84956 12689 74538 30686 5686 84036 38291 45745 25000 7798 6150 5456 27921 33359 646 3496 650 17202 16906 2960 4932 27672 10664 564 25496 22231 2828 2211 569 18198 9474 72324 26413 20046 9351 3222 6129 2214 3830 30399 1648 27623 4547 8964 6636 23138 22009 127 11562 1982
is_linear=0
shrinkage=0.05


Tree=64
num_leaves=63
num_cat=0
split_feature=38 69 10 43 70 36 10 69 8 40 28 1 6 69 44 63 38 46 69 63 40 26 69 65 28 63 40 38 8 10 36 57 61 28 70 35 68 66 46 26 18 17 28 40 45 66 33 68 40 47 38 38 43 0 23 30 51 67 56 55 8 65
split_gain=323.113 172.278 132.506 96.948 92.7298 61.5659 56.383 55.7669 51.8811 50.1838 46.5274 46.3664 46.2013 47.1167 45.2394 44.3782 39.8938 51.4498 38.6509 36.8162 53.686 40.1315 36.1541 34.16 36.8027 34.0248 33.7591 33.6458 33.4789 33.1628 30.0565 37.4768 51.6071 31.9196 35.2976 43.0229 29.4311 33.62 29.2474 45.5745 34.0097 30.703 28.5951 28.2718 36.0075 43.0401 48.6165 29.6533 27.812 27.4335 26.7361 28.3947 26.3545 26.1633 25.9834 25.6032 25.1668 25.1475 25.1354 25.1317 24.8987 24.4679
threshold=295746033815.01532 5.9055008588285096 17.500000000000004 4.7333839918946321 25.928144495726748 42.040090293453737 6.5000000000000009 21.999013591894656 0.18950000000000003 253.50000000000003 260978615803.30365 5.0850000000000009 8.2250000000000032 0.52281185432277033 0.5370363115698259 216.8610349357036 126563347414.96918 42.358012820512833 0.10456237086455401 150.16325639125057 21.500000000000004 -1.0000000180025095e-35 35.001117099400069 1.0000000180025095e-35 11429809256.922129 15.723519508022546 10.500000000000002 183150284014.59192 0.19950000000000004 2.5000000000000004 23.503846153846158 0.89270999416077357 12.659731359303448 3258780754.5595803 32.659349149065484 0.76640202688809256 9.3731723274494723 0.50751903745502713 12.000787401574806 34.855646630236798 4086646767.2006803 3.2999158227686101 873309728.52938259 51.500000000000007 1.8726930752792319 0.97988739209073483 4.2921538461538473 22.016913030310445 2.5000000000000004 117.45955762148239 899025311.76531076 3724231179.3580117 4.6200467289719649 34.850000000000001 4.4470294117647065 31.500000000000004 0.4380240489931625 -0.5075190374550268 25.500000000000004 1107301.7230560009 0.13550000000000004 1.5000000000000002
decision_type=2 2 2 2 2 2 2 2 2 2 2 2 2 2 2 2 2 2 2 2 2 2 2 2 2 2 2 2 2 2 2 2 2 2 2 2 2 2 2 2 2 2 2 2 2 2 2 2 2 2 2 2 2 2 2 2 2 2 2 2 2 2
left_child=1 5 3 7 6 19 8 14 11 30 -6 22 -2 -14 25 56 38 -18 -7 21 23 -1 -5 57 -25 -3 53 28 -23 -15 -9 32 42 34 43 -36 37 -27 61 40 55 -41 -32 47 45 -45 -47 -33 -30 54 58 -52 -19 -10 -35 -40 -4 -21 -49 -48 -58 -16
right_child=12 2 15 4 10 18 -8 9 26 -11 -12 -13 13 29 16 -17 17 52 -20 20 -22 27 -24 24 -26 36 -28 -29 48 -31 31 33 -34 49 35 -37 -38 -39 39 41 -42 -43 -44 44 -46 46 59 50 -50 -51 51 -53 -54 -55 -56 -57 60 -59 -60 -61 -62 -63
leaf_value=0.061831035907591009 -0.1110175299292776 -0.0054855875865542914 -0.09340407682908633 0.0019233999402972159 0.03494605852212853 -0.037486518991757665 0.030238258214791921 0.020012885559000649 -0.0020901020432437275 0.047628687386644879 -0.083369514106359247 0.0096644612984004216 -0.068980665165052121 0.023652171090368865 0.0026375830450871135 -0.086146929213855916 -0.14934279215908355 -0.067694617375888902 -0.0084477955216898694 0.057150003168711806 0.047115092074197298 -0.0045132710730384955 0.01451039220552873 -0.011057528864817572 0.050001811769053467 -0.0031180666004741687 0.032585464038331131 0.041236856242118571 -0.00050271803975684721 0.048441748360425869 -0.011094167634325913 0.004048248385051763 -0.098482270463506189 -0.037746970094571092 -0.17484987817491285 0.0045989775958118527 -0.0013698838670596868 0.0076626019652929964 -0.0044092414048579288 -0.011755051916665961 0.034369401686331 -0.05083098128641339 0.031253414419664227 0.014074885281142247 0.067967085969412075 -0.044120276669480506 -0.007149834960810667 -0.00015070172828321777 0.03172987989374601 -0.041109316991423533 -0.023159782710401873 0.0093491982075733747 0.057288622637260124 -0.017922448501413637 0.032861356672763194 0.034226743456137951 0.039714476902445686 0.0070889428955462326 -0.045735027037258999 0.03092132526721646 -0.047160085580064459 -0.046343971841773537
leaf_weight=23.83552984520793 5.2465041130781165 3653.5406511351466 3.7196626663207999 8278.4826907739043 303.39325987920165 117.00448573753238 203.76437609642744 232.94907946139574 662.76675763353705 61.235376134514809 8.5432957485318166 3388.3715102262795 10.119926594197748 206.8547091409564 35.86056699603796 7.6240232698619357 11.646853338927032 9.6678819693624991 5551.3867819942534 43.715537384152412 87.096987459808588 4877.9352889731526 612.72253532707691 258.09018827974796 27.287528719753027 1081.9058002270758 52.869482960551977 42.258323300629854 154.0649199783802 387.91532752290368 530.61382354795933 4744.9267230331898 16.171778947114944 14.090939097106455 6.2434505820274335 7.1825991757214069 10162.442574005574 2181.0893468111753 471.17388492077589 831.53805760294199 78.768787521868944 53.503778859972954 43.101447261869907 833.32543576136231 25.890354618430138 71.448347017168999 155.34701851755381 3857.0011483728886 118.32134359329939 15.779610127210615 263.39015360176563 90.162166841328144 7.4821069426834574 430.39225846529007 172.95581896975636 47.172605492174625 310.67527139559388 58.867107853293419 30.479890778660774 60.125542059540749 8.4725870192050916 88.213831391185522
leaf_count=247 22 17641 16 35883 3661 2434 2205 1224 2734 938 85 15203 48 2149 171 38 72 54 46670 213 455 28259 3578 1688 140 4794 269 484 723 10271 2095 19386 81 65 57 54 43788 9456 1950 3394 507 257 216 4155 90 279 699 15349 540 78 1130 397 59 1765 1382 333 5658 348 121 288 57 428
internal_value=0.000530667 0.000133396 0.00154437 0.00130685 0.00475106 -0.00535882 0.00413414 -0.000296566 0.00373795 0.00248848 0.0317056 0.0046875 0.0367186 0.0379999 -0.00196819 0.0330856 -0.00991355 -0.0682435 -0.0090472 -0.0016854 0.0116403 -0.00289896 0.00279081 0.00367624 -0.0052191 -0.00120756 -0.00643628 -0.00319609 -0.00356067 0.0398202 0.00224104 0.00186256 -0.0103957 0.00256132 0.00216868 -0.0788493 -4.33506e-05 0.00408807 -0.0088678 -0.00691569 0.00375854 -0.0141173 -0.00791273 0.00227604 0.00967144 0.00832415 -0.00837814 0.00133278 0.0134987 0.0222012 -0.00170533 -0.0148694 -0.0131676 -0.00832352 0.0275422 -0.000893138 0.0359011 0.0284224 -0.000508107 0.00347356 0.0374082 -0.0321871
internal_weight=56188.2 55578.1 44218.2 43887.7 13941.3 11359.9 13629.4 29946.4 13425.6 11232.4 311.937 12279.6 610.136 604.89 18714 330.492 1635.03 28.7968 5668.39 5691.47 475.057 5216.42 8891.21 387.96 285.378 17079 1146.03 5192.58 5150.32 594.77 11171.2 10938.2 589.887 10348.3 10145.5 13.426 13425.4 3263 1606.23 1482.16 597.115 885.042 573.715 10132.1 1146.14 1120.25 286.921 8985.96 272.386 202.826 4241.03 353.552 17.15 1093.16 187.047 518.346 322.868 102.583 3887.48 215.473 319.148 124.074
internal_count=296831 284341 202140 196371 65383 82201 61637 130988 59432 48084 3746 54664 12490 12468 82904 5769 7225 185 49104 33097 2844 30253 39461 2389 1828 75679 4768 30006 29522 12420 47146 45922 2392 43530 42005 111 58038 14250 7040 6441 2790 3651 2311 41894 5511 5421 1266 36383 1263 1525 16997 1527 113 4499 1447 2283 5731 561 15470 987 5715 599
is_linear=0
shrinkage=0.05


Tree=65
num_leaves=63
num_cat=0
split_feature=10 48 44 1 1 41 46 28 9 46 43 44 9 1 30 53 60 59 67 3 58 63 70 10 59 46 43 68 1 9 44 61 0 44 59 63 66 70 30 8 1 0 68 2 32 25 44 63 47 63 42 42 48 33 63 63 60 70 67 47 22 46
split_gain=303.364 158.038 134.43 118.861 67.8592 54.2131 50.3189 49.236 47.8869 60.9017 42.9494 39.5257 39.3195 39.5335 39.0842 47.9181 47.3524 38.0911 37.4935 37.1442 40.5701 35.9707 35.1658 34.3227 34.0767 31.8761 31.5662 31.2949 30.2619 29.6175 28.6024 26.5008 26.2797 25.9563 25.5476 27.0007 25.4144 25.2319 25.6463 25.1067 31.9715 34.7453 24.8207 24.2204 24.0786 23.9326 23.6923 23.0909 22.6672 23.8331 23.7128 23.2034 31.4067 22.245 22.0938 21.9617 21.7496 25.1128 21.579 21.4998 21.0796 36.9282
threshold=16.500000000000004 367065762881.72784 0.05000000000000001 4.8950000000000005 6.5850000000000009 0.24999999999999997 10.004687500000001 581769126.50774348 8150.0000000000009 7.623193277310925 4.8111487758945399 0.4316555694210894 127206812.00000001 4.6950000000000012 33.500000000000007 87.500000000000014 0.76379066470784185 462.29718982610228 0.66259481767468287 117.75000000000001 7495286.7758558532 216.8610349357036 27.142567383387831 2.5000000000000004 779.82269281538936 10.857389610389612 4.3179029304029317 21.759888115171766 7.5950000000000006 66657.500000000015 0.58591726872071104 12.659731359303448 32.823 0.56945222135677931 41.14633787401565 17.552454708339479 0.8869770585236475 98.155628915914988 27.500000000000004 0.14550000000000002 5.5950000000000006 90.450000000000017 7.2663084672068363 12.500000000000002 4.9150000000000009 1.2160245493291051 0.3155682704793582 720.0510843326382 2.0026489291549501 84.244140975213625 7.1950000000000012 5.6550000000000011 750621859.10567415 5.9452777777777781 72.510084894111586 30.088451059723173 7.7142856994081646 4.4134256181455847 0.68832836526074803 2.2508330249197726 7.2750000000000012 51.745941558441565
decision_type=2 2 2 2 2 2 2 2 2 2 2 2 2 2 2 2 2 2 2 2 2 2 2 2 2 2 2 2 2 2 2 2 2 2 2 2 2 2 2 2 2 2 2 2 2 2 2 2 2 2 2 2 2 2 2 2 2 2 2 2 2 2
left_child=1 2 12 5 7 8 18 33 23 -10 19 17 13 24 -3 -16 -17 26 45 48 25 -8 -12 -4 55 37 54 30 39 -9 32 -20 -27 47 -28 -36 -37 38 -21 40 -15 -42 -41 -13 -25 -2 -39 -5 49 50 -7 56 -53 -6 59 -1 57 -50 -46 -11 -54 -62
right_child=6 14 3 4 53 10 21 29 9 11 22 43 -14 28 15 16 -18 -19 31 20 -22 -23 -24 44 -26 27 34 -29 -30 -31 -32 -33 -34 -35 35 36 -38 46 -40 42 41 -43 -44 -45 58 -47 -48 -49 51 -51 -52 52 60 -55 -56 -57 -58 -59 -60 -61 61 -63
leaf_value=-0.013424586987026206 0.050060867292499547 0.01440517913039184 -0.0002693236280135772 0.0039136073778089035 0.036435209728989885 -0.0068498963780317989 0.04188339781097869 0.017148211229143066 -0.029927884859367322 0.0095530079083934651 0.0090435312384110275 -0.0051513782430229454 -0.020527212114400312 -0.0025699993159873005 0.046101987352689777 -0.11936303912518938 0.047773151463629468 -0.01242398028625907 0.036751834874273331 -0.018446479234593204 -0.0057286057429913649 -0.054360796066230843 0.038545795501840951 0.03179923098665112 -0.029503734103322424 0.022455725353641764 0.0044997974546431225 0.0032201202575326453 0.041819828586060516 0.0017826851227734808 -0.019200737522364567 -0.055748776487588705 0.0092106685710839024 -0.0044769555177115788 -0.0080429974197912552 -0.0019413819129436999 0.0039071596448133081 -0.060568712349885992 -0.094040552900892152 0.0028834416573524525 0.017368569110249348 -0.018023333121138029 -0.010834500175445133 -0.021723412193891831 0.013986927209952878 -0.065780562399517989 0.034642838952538543 0.047610269253872607 0.0079570595195205679 0.039830434869994692 0.038878882179045407 -0.022452204559512079 -0.0022963273971660088 -0.0088485468979461364 0.0020075381493006839 -0.0035637216056969936 0.049964607679757952 -0.0024945071499402347 -0.0027178496748260111 -0.011715458736664625 -0.053653093279297404 0.047650506198934281
leaf_weight=1180.5469898171723 32.684627585113049 324.77732989564538 1510.33026227355 9802.7957856357098 218.40716752037406 118.41078567132354 546.26693430170417 1110.6069932151586 204.21472979336977 131.06253449618816 494.81311860308051 6310.0332647748291 457.0781942345202 2351.1852452419698 242.8948527071625 9.0049347281456011 8.0050590634345991 702.74801512807608 10.127019029110668 30.926969826221466 663.51785651966929 9.8838686980307084 126.91357339732349 128.90196059644222 215.78172959759831 657.41589093953371 2953.8738216534257 1365.089154727757 37.827664732933044 437.01742501184344 64.028826843947172 32.891256887465715 870.23315623030066 981.97253029793501 1141.2298053875566 5132.3572255223989 2911.0361848883331 8.7921451665461046 17.607817001640797 430.24768050014973 411.80669680982828 83.389595672488213 1411.5976456962526 228.46327641606331 608.56666204333305 5.1629295572638503 25.437541123479605 30.326790325343609 988.7127310782671 66.642079096287489 37.273192785680294 216.91277880966663 3272.7851026281714 30.964811205863953 561.33061039447784 1082.2980182878673 23.75494197010994 1372.6919036656618 283.33426480740309 1272.4264434166253 44.670368170365691 11.264493156224487
leaf_count=10587 338 2664 6770 42346 964 566 12613 7554 1502 919 3096 27432 5220 17158 4801 47 118 4493 83 141 3030 76 1398 547 2991 3269 13497 5822 144 2153 371 194 3960 4342 5527 21841 12258 70 77 2146 2471 467 7763 1017 3093 31 147 166 3983 452 215 855 16060 138 2792 9403 138 5501 1359 7023 508 124
internal_value=0.000506478 0.000112105 -0.00016362 0.000834158 0.00498883 -0.000682117 0.0348144 0.00446794 -0.00198847 -0.00275265 0.00232008 -0.00249265 -0.00630648 -0.00540429 0.0259696 0.0404206 -0.0407072 -0.00106282 -0.00203869 0.00151608 0.00547275 0.040173 0.0150659 0.0045174 -0.0105186 0.00791796 -0.000496705 0.00877463 -0.00272202 0.0128093 0.0135384 -0.033973 0.0149106 0.0032743 0.000454994 -0.000845858 0.000175301 -0.0226866 -0.0458711 -0.00308141 -0.000138073 0.0114087 -0.00763004 -0.00573043 0.0115996 0.0342585 0.0101871 0.00404837 -0.000865109 0.014809 0.00409829 -0.00145268 -0.00401776 0.0308123 -0.00637622 -0.00870823 0.00236041 0.00188153 0.00868024 -0.00972934 -0.0028165 -0.033252
internal_weight=56053.4 55416.3 54831.7 47169.9 12612.1 34557.8 637.017 12362.7 24079.9 21548.8 10477.9 21344.6 7661.76 7204.68 584.682 259.905 17.01 14806.1 80.8658 9856.17 3703.05 556.151 621.727 2531.13 2478.63 3039.53 14103.3 2956.77 4726.05 1547.62 1591.68 43.0183 1527.65 10815.1 12138.5 9184.62 8043.39 82.7645 48.5348 4688.23 2846.38 495.196 1841.85 6538.5 1020.8 37.8476 34.2297 9833.12 6153.12 222.326 155.684 5930.79 3545.63 249.372 1964.82 2262.85 2385.16 2361.4 891.901 1403.49 3328.72 55.9349
internal_count=296831 283496 275866 217516 57663 159853 13335 56561 110070 98301 49783 96799 58350 53130 7630 4966 165 68350 646 45289 16887 12689 4494 11769 22981 13857 63857 13422 30149 9707 7600 277 7229 46854 53123 39626 34099 435 218 30005 20096 2938 9909 28449 4999 369 217 42512 28402 1233 781 27169 17547 1102 10734 19990 9622 9484 4452 7942 16692 632
is_linear=0
shrinkage=0.05


Tree=66
num_leaves=63
num_cat=0
split_feature=20 69 19 43 70 30 48 69 59 9 69 22 38 63 32 43 69 1 63 70 59 32 69 28 52 46 46 36 43 44 40 20 48 26 38 16 19 66 46 32 38 61 10 25 59 19 40 68 26 2 32 33 37 57 26 69 45 70 16 45 3 59
split_gain=294.109 147.291 123.895 86.0897 114.526 58.0643 51.0436 50.1038 49.0643 48.7239 42.1231 62.4336 46.0702 41.6484 45.3964 40.2711 43.8018 40.0751 40.0088 38.6077 35.6897 68.5715 36.8805 35.5399 34.0207 33.9541 33.6511 33.2668 32.8172 42.1116 33.1825 32.7723 32.6496 30.2775 29.9026 43.0434 29.8957 28.9388 30.5298 32.6607 37.8867 32.3494 29.6003 30.7181 27.5562 31.7664 26.105 25.8518 25.408 25.1031 27.3785 34.6329 35.9255 25.6265 26.2359 37.8798 28.6191 25.5547 25.0951 25.0506 24.7719 25.6306
threshold=39.500000000000007 5.5054361355206494 5.7760681236203258e+19 4.6928230765777901 25.928144495726748 2.5000000000000004 354852392809.20172 0.10456237086455401 333.98830153008242 27159.500000000004 23.608364865201271 6.7950000000000008 22432160661.166283 169.69374343741904 7.5950000000000006 5.8512500000000012 33.609982947897741 4.8950000000000005 58.159691774333744 24.796913119081733 96.076892165577362 7.4900000000000011 8.0876720768713763 1497473425.0448112 15926.06450722358 34.260822510822514 23.020937500000006 10.119718309859158 4.9250850340136072 0.46411173669915989 8.5000000000000018 21.500000000000004 538218161385.24695 14.718055555555557 98794983665.985031 22.510000000000002 1.8677241058476234e+18 0.39873388578253705 67.555050505050517 5.4050000000000011 10046030800.95509 11.28758316190334 14.500000000000002 1.1697544831548912 913.99236238627816 1.5849454799272214e+17 11.500000000000002 4.7117087004359108 60.002941176470593 2.5000000000000004 4.995000000000001 4.5400431034482773 2.1652380213986135 1.5410449357857339 10.001271186440681 3.3869115780040331 0.9833082609130227 85.799965072546357 20.016666666666669 1.2904436461529134 125.75000000000001 393.88566249663955
decision_type=2 2 2 2 2 2 2 2 2 2 2 2 2 2 2 2 2 2 2 2 2 2 2 2 2 2 2 2 2 2 2 2 2 2 2 2 2 2 2 2 2 2 2 2 2 2 2 2 2 2 2 2 2 2 2 2 2 2 2 2 2 2
left_child=1 5 3 8 9 7 20 -1 10 -5 11 18 19 14 34 16 28 44 37 58 -2 -22 -23 31 25 32 -12 -14 29 -11 -30 -10 -15 -29 47 -36 -28 38 39 41 -41 -3 43 59 -9 -46 -17 -7 -6 -49 -51 52 53 54 55 -52 -56 -53 -13 -39 61 -19
right_child=6 2 -4 4 48 13 -8 17 23 15 26 12 27 24 -16 46 -18 60 -20 -21 21 22 -24 -25 -26 -27 36 33 30 -31 -32 -33 -34 -35 35 -37 -38 42 -40 40 -42 -43 -44 -45 45 -47 -48 49 -50 50 51 57 -54 -55 56 -57 -58 -59 -60 -61 -62 -63
leaf_value=-0.037717828452340785 0.033603180249877476 -0.0095670491447673242 0.036440853990312438 0.009789048327359896 0.033604497497071388 0.0090246765637774628 0.051399773938107789 -0.0091008614203174978 -0.0087654365277052265 0.0025251122530523529 0.037163507611342399 0.02792052906448636 -0.10182504982303718 0.036237914783559595 0.036008011433473243 -0.013016776231955358 0.012249012762143168 -0.0053117526207998112 0.0014706802964219922 -0.13889908681674243 0.017154998298499795 0.044122217468331199 -0.10983756680245951 0.03583221823638498 -0.06026132310268343 -0.01819310764963817 0.0022909744691150921 0.056626704903864414 0.002178438843451804 -0.0055227910000693187 0.011235765477308944 -0.096763333829408771 -0.049939457569420753 -0.018865944619657311 0.057463514382595865 -0.055798880672756103 0.030677677465738337 -0.00093184595635364032 0.00086423090711931945 -0.032363330909065895 0.018911253296013675 0.03312681823953105 0.038576416752354153 0.01299970525659189 -0.029157829235964772 0.054354892365892721 0.029929018461678697 0.015686732531491065 -0.027105872754001038 0.0054694827417048411 -0.046993226398777815 -0.0088617875765080161 -0.044600068004921611 0.05155951549650916 -0.025920765251948287 0.028500639176773368 0.043775197452776742 0.0076735439876610264 -0.06642229544117019 -0.0081655717372374481 0.032137497597408825 0.007147510166328923
leaf_weight=135.78650258854032 294.66623800620437 1433.7977416291833 249.78856061585248 2485.9905155580491 371.65144651755691 475.21436282247305 237.50764725729823 4072.7955808825791 1886.5320326164365 4759.62910650298 71.026799358427525 9.1304008141159994 8.8501430451869947 200.60970721766353 79.449919197708368 573.59286808595061 1112.735884770751 2443.5188427865505 8012.3421327825636 15.026513349264858 153.14894248172641 4.9856090471148518 17.696525769308209 44.729424558579922 12.741500239819286 40.985770620405674 8406.8382500037551 18.099828369915485 3034.4379226788878 2468.4629563800991 1516.6522214859724 10.640094369649885 11.62793083116412 49.893071297556162 10.053698923438786 50.639347307384014 93.785865005105734 4948.8347647674382 707.95823965966702 281.45878177508712 41.314764507114887 45.785331174731255 45.397689256817102 328.00598309189081 260.96010354161263 11.906334206461905 37.711676176637411 152.9662096761167 18.07197230681777 455.91299729049206 78.352033071219921 967.30732997134328 122.36822260171175 15.756098136305807 27.750812135636806 21.08798997849226 31.390153609216213 308.07970304787159 30.916728913784027 1578.6063940301538 50.424270864576101 496.67673882842064
leaf_count=2646 5624 7105 3921 13420 4425 2290 7670 35248 8994 19702 489 69 40 1017 930 2390 6243 16772 33564 75 2141 113 110 229 72 222 35104 150 12166 10701 7316 61 90 353 92 268 663 22033 2916 1192 258 226 300 1384 3404 52 273 674 158 2613 351 4480 573 62 131 86 137 1549 159 7292 345 3698
internal_value=0.000482713 7.22397e-05 0.00132574 0.0011284 0.00400905 -0.0052464 0.0325041 -0.00762282 -0.000552533 0.0033563 1.73793e-05 -0.00138547 -0.0356537 0.000552128 -0.00124618 0.00217201 0.0027666 -0.0070658 -0.00112602 -0.0705565 0.0229655 0.00513847 -0.0759967 -0.00822034 0.0194594 0.0234707 0.00289053 -0.0106387 0.00187083 -0.000223324 0.0051968 -0.00925896 0.0315165 0.00123033 -0.00233561 -0.0370372 0.00260416 -0.00333676 -0.00793378 -0.0113896 -0.0258002 -0.0082459 -0.00166451 -0.00193099 -0.0101314 -0.0255138 -0.0103674 -0.00154269 0.0307893 -0.00384522 -0.00531846 -0.008447 -0.0238333 -0.00925695 -0.0152995 -0.0309834 0.0110716 -0.00486755 -0.0449129 -0.00268126 -0.00261112 -0.00320705
internal_weight=55940.1 55232.1 44697.7 44447.9 16378.9 10534.4 708.005 7472.07 28069 15989.2 26127.1 17555.4 131.917 3062.29 2796.33 13503.2 12891.9 7336.28 17423.5 55.0736 470.497 175.831 22.6821 1941.9 265.965 253.223 8571.65 76.843 11779.2 7228.09 4551.09 1897.17 212.238 67.9929 2716.88 60.693 8500.62 9411.16 2510.31 1802.36 322.774 1479.58 6900.84 6855.45 4345.66 272.866 611.305 2656.19 389.723 2180.97 2028.01 1572.09 296.705 174.337 158.581 99.44 59.141 1275.39 40.0471 6527.44 2990.62 2940.2
internal_count=296831 281173 203371 199450 76794 77802 15658 62165 122656 72211 113372 77116 846 15637 14236 58791 56128 59519 76270 303 7988 2364 223 9284 1401 1329 36256 543 49885 30403 19482 9055 1107 503 13306 360 35767 42706 11697 8781 1450 7331 31009 30709 38704 3456 2663 12946 4583 10656 9982 7369 1340 767 705 437 268 6029 228 29325 20815 20470
is_linear=0
shrinkage=0.05


Tree=67
num_leaves=63
num_cat=0
split_feature=38 41 43 1 41 10 59 47 18 31 7 1 0 7 64 67 59 9 18 33 49 46 43 10 51 47 63 25 63 68 45 43 45 35 41 41 43 63 47 9 56 56 56 37 61 41 44 25 43 47 27 35 45 60 31 31 62 7 3 43 49 49
split_gain=272.008 132.818 112.061 92.1901 66.0323 64.1531 60.2717 58.7799 50.2494 49.8808 46.6805 53.1897 59.814 45.5034 39.2269 47.6526 41.079 39.1474 39.0412 41.3948 40.7445 47.4138 85.452 37.0635 36.9261 39.3004 35.4325 32.3436 31.2197 30.8688 37.8962 29.5664 29.6941 28.7775 27.8073 28.3528 27.2008 29.7506 26.9389 26.5373 26.4976 30.0871 30.7264 43.6789 31.9429 29.866 28.2171 26.9516 25.6264 23.9425 23.1221 22.6149 49.1311 41.3398 26.1576 23.4319 22.5033 23.7964 22.3771 22.2755 21.747 30.8893
threshold=357108618513.30475 0.24999999999999997 4.8111487758945399 4.4850000000000012 1.9944444444444447 2.5000000000000004 913.99236238627816 27.298851256214039 17339064707.055447 1.3500000000000003 13.74 6.4850000000000012 64.050000000000011 6.7350000000000003 1.0000000180025095e-35 -0.47714059151611382 351.73630410521577 8150.0000000000009 15849431924.611111 4.6590109890109899 1.6417488627878458e+20 23.802083333333339 4.5785853251806579 2.5000000000000004 1.5595464031502151 5.1002156771536029 13.978977794713476 0.99429034492713397 153.2874826657318 12.513726330279503 1.2904436461529134 4.8945195195195206 2.4127471216847423 0.76001534333069165 0.73888888888888904 1.6166666666666669 5.0668333333333342 339.33474946437985 6.2108830233636132 127206812.00000001 785.50000000000011 20.500000000000004 1.0000000180025095e-35 13.017853212934115 12.856590046223458 0.6611111111111112 0.21999999999999983 0.80813891947027394 4.6375216262975796 222.61456555557581 4.6000000000000059 0.67128141549550058 0.5998793022029616 3.1034482748301344 0.68333333333333346 0.61666666666666681 1.2764780673871583 2.6100000000000008 67.750000000000014 4.0987500000000017 3.7089979670222832e+19 2.1114106925781103e+19
decision_type=2 2 2 2 2 2 2 2 2 2 2 2 2 2 2 2 2 2 2 2 2 2 2 2 2 2 2 2 2 2 2 2 2 2 2 2 2 2 2 2 2 2 2 2 2 2 2 2 2 2 2 2 2 2 2 2 2 2 2 2 2 2
left_child=1 3 4 6 8 7 26 10 18 36 11 31 13 -13 15 16 -9 38 20 -20 29 22 -22 -2 25 -23 -1 -6 -10 30 40 33 -33 -5 -24 -36 37 -4 -7 56 41 42 44 46 -3 -43 -44 -47 50 -17 -8 52 -27 54 -54 -53 57 -35 -58 -28 61 -29
right_child=23 2 9 5 27 17 48 14 28 -11 -12 12 -14 -15 -16 49 -18 -19 19 -21 21 24 34 -25 -26 51 59 60 -30 -31 -32 32 -34 39 35 -37 -38 -39 -40 -41 -42 45 43 -45 -46 47 -48 -49 -50 -51 -52 55 53 -55 -56 -57 58 -59 -60 -61 -62 -63
leaf_value=-0.0087415182807396314 0.018799781259479953 0.0043240659192643359 0.009377724557416818 -0.017737851746014367 0.037263886280457834 0.0063520022495417543 -0.037858483466363384 0.00021543336104705923 0.039072187534112436 0.043042385210563743 -0.01043113710003642 0.030212704910310362 -0.032511017802584946 -0.010379540481286011 -0.0019057996244725966 0.0073549579868070862 -0.029125813195015345 -0.00065772436883358113 -0.090347771237987762 0.054151311773474445 0.013823769218099033 -0.09340519855921256 -0.0090731233502145212 0.047564459343619747 -0.086404745262998794 0.052196019544521736 -0.028267912629186976 0.0092695297473421295 -0.06922824791986916 0.00058412285963828782 -0.0061614727682807275 0.001331916699364094 0.053151152268277893 -0.019697714290967672 -0.12147772820585656 -0.020553331185898902 0.033131432371011106 0.059774747979244175 0.023813588548613082 -0.021790732026458693 0.064473952161739401 0.003197161963714213 -0.069466974860084893 0.0084777618958029721 -0.069819290926480981 -0.096448755021895372 0.027318772881168664 -0.020451634463142992 -0.003938992614700175 -0.026631113468428676 0.066928089416652334 -0.0037224471563781975 -0.052001892968552156 0.039630079681925195 -0.17067631502739808 0.033408543767751694 0.033683721776274343 -0.0027361821177840427 0.0033887105062137069 -0.0024752436448178907 0.022333223504334854 -0.055979275050271393
leaf_weight=3088.1969975754619 172.45149011164904 1500.1820328868926 836.15288894996047 339.94617411494255 197.94275696016848 366.2289672717452 217.18657483905554 2394.8470107316971 123.18826704658568 182.82943097688258 1541.5640138499439 331.24669215083122 57.798691436648369 87.217790238559246 3449.2768401876092 5531.5065267384052 125.5430434346199 485.38885009661317 21.502990726381544 6.4408454932272425 35.927331164479256 10.406305387616156 9.7837594505399448 319.39862770028412 12.662534505128859 12.48070186562836 84.361984372138977 61.390622220933437 7.0343818105757228 6884.0280403923243 552.6609969586134 4020.616875551641 27.837185502052307 212.65311831980944 36.253722462803125 8.6120470352470857 167.89618746377528 30.346522200852633 556.53071798011661 181.94269287586212 20.576171204447746 178.60519719496369 7.6476564928889266 1318.9021852724254 14.668832171708344 13.824991870671509 491.97554562799633 74.712010599672794 91.937544770538807 52.311207830905914 5.3952528834342948 89.466878734529018 10.036685243248945 6.4841122403740874 8.6407070942223054 80.917448487132788 69.130141519010067 7495.1775994598866 515.36299910768867 10822.149348400533 128.8095001205802 25.745299063622952
leaf_count=18073 1942 7468 5705 1416 3735 1798 2998 9973 2055 3255 8954 1409 277 402 14624 23716 594 2410 115 105 261 54 85 9700 88 142 697 402 51 29748 2294 18503 106 1404 189 83 1488 224 3263 2365 85 770 41 6432 78 75 2760 346 567 250 33 382 52 75 71 590 359 44042 2915 53457 1113 167
internal_value=0.00046028 0.000131147 0.00451434 -0.00123823 0.00304237 0.000438115 -0.00449997 -0.000115835 0.00233845 0.0189671 -0.00219338 -0.00124136 0.015167 0.0217523 0.00255998 0.00446068 -0.00124608 0.0108369 0.0019859 -0.0570418 0.00213085 -0.0154108 -0.046073 0.037479 -0.00339293 0.00141926 -0.0040135 0.0226648 0.033222 0.00264114 0.0060339 -0.0018489 0.00168823 -0.00347354 -0.0854499 -0.102105 0.0147118 0.0111427 0.0168834 -0.00290133 0.00789519 0.00757186 0.00886578 0.0132471 0.00360611 -0.00857355 0.0258373 -0.0323185 -0.0261459 0.00703656 -0.0353185 0.00616275 -0.0289112 -0.0691423 -0.106904 0.0139115 -0.00248688 -0.00320414 0.00697181 -0.00267475 0.00928286 -0.010009
internal_weight=55811.9 55320.1 13168.7 42151.4 11951.5 27842.1 14309.2 26434 11537.6 1217.23 14880.5 13338.9 476.263 418.464 11553.5 8104.21 2520.39 1408.15 11407.4 27.9438 11379.5 321.672 90.5769 491.85 231.095 218.433 13994.7 413.888 130.223 11057.8 4173.76 12862.7 4048.45 8814.21 54.6495 44.8658 1034.4 866.499 922.76 8474.27 3621.09 3600.52 3333.38 1818.53 1514.85 267.142 499.623 88.537 314.519 5583.82 222.582 208.027 37.6422 25.1615 18.6774 170.384 8292.32 7707.83 584.493 10906.5 215.945 87.1359
internal_count=296831 285189 70584 214605 59912 138780 75825 131309 54495 10672 82152 73198 2088 1811 49157 34533 10567 7471 52389 220 52169 2072 618 11642 1454 1366 72227 5417 2106 50097 20349 71110 18609 52501 357 272 7417 5929 5061 51085 18055 17970 16779 9233 7546 1191 2801 421 3598 23966 3031 1312 340 198 123 972 48720 45446 3274 54154 1682 569
is_linear=0
shrinkage=0.05


Tree=68
num_leaves=63
num_cat=0
split_feature=20 69 19 43 70 69 42 36 69 59 9 69 22 39 63 39 64 42 42 63 69 70 28 28 47 46 62 27 37 46 27 47 27 40 20 46 0 2 24 62 28 47 66 25 61 52 10 36 5 22 59 8 40 44 2 34 24 16 19 47 59 7
split_gain=260.88 127.232 110.989 73.6541 101.659 53.622 49.0109 44.9293 43.0156 42.8944 40.2628 36.4056 55.0183 37.9538 36.2403 45.1625 40.1327 39.6386 35.1085 34.7736 34.533 32.2443 32.0977 32.0167 31.9808 31.621 31.0101 30.965 30.3208 42.8875 97.7322 37.7873 37.456 30.3028 29.9301 29.402 29.3959 27.6949 27.4622 27.1193 26.7426 25.6155 31.4815 33.3978 27.6977 25.9978 25.5747 24.8841 28.8122 24.7998 24.6125 24.3024 29.4928 24.1874 23.8924 23.8191 23.7845 23.6341 23.2185 26.3673 23.1481 22.9638
threshold=39.500000000000007 5.5054361355206494 5.7760681236203258e+19 4.6928230765777901 25.928144495726748 0.10456237086455401 7.6950000000000012 42.040090293453737 33.609982947897741 333.98830153008242 12924.000000000002 23.608364865201271 6.7950000000000008 2.8240417097791705e+19 169.69374343741904 2.3057254672328953e+20 1.0000000180025095e-35 6.3650000000000011 7.8050000000000006 58.159691774333744 14.270490527992832 23.699704804120767 11250037728.453127 1497473425.0448112 5.6422070718007733 529.89117647058845 1.5000000000000007 2.854976218808245 34.315085282384885 18.404761904761909 10.700000000000005 21.173009239494824 0.19441633935269853 99.500000000000014 21.500000000000004 21.501785714285713 183.95000000000002 23.500000000000004 0.51420771556576672 1.3261744236624622 11429809256.922129 50.041104799941614 0.39873388578253705 0.79444112543277823 12.357007003803135 2980433.0023505827 14.500000000000002 -1.0000000180025095e-35 0.20050000000000004 6.6950000000000012 486.54259682889079 0.19950000000000004 2.5000000000000004 0.60000042083130301 1.0000000180025095e-35 0.35316735762293416 1.0000000180025095e-35 20.016666666666669 5.9373519612326669e+17 79.8275234188648 511.3473367788601 1.6050000000000002
decision_type=2 2 2 2 2 2 2 2 2 2 2 2 2 2 2 2 2 2 2 2 2 2 2 2 2 2 2 2 2 2 2 2 2 2 2 2 2 2 2 2 2 2 2 2 2 2 2 2 2 2 2 2 2 2 2 2 2 2 2 2 2 2
left_child=1 5 3 9 8 -1 20 14 10 11 24 12 19 21 15 39 18 -18 -16 40 28 57 35 34 38 26 50 -15 29 30 31 32 33 -2 55 -13 -24 -22 -5 47 41 42 43 -3 -43 -45 -44 -7 -49 -40 54 -50 -53 -29 -12 -11 -6 -14 -26 -60 -20 -4
right_child=6 2 61 4 56 7 -8 -9 -10 23 25 22 13 27 16 -17 17 -19 60 -21 37 -23 36 -25 58 -27 -28 53 -30 -31 -32 -33 -34 -35 -36 -37 -38 -39 49 -41 -42 44 46 45 -46 -47 -48 48 51 -51 -52 52 -54 -55 -56 -57 -58 -59 59 -61 -62 -63
leaf_value=-0.036168595633299959 -0.0048506218769427088 -0.046153017546070707 -0.048947771769973142 0.0036276831199861651 -0.009842403015524491 0.054192135666376873 0.051273102551194993 -0.0078206689740232989 0.011685487797503046 -0.005360422417764907 0.015919229216237455 0.041016186243167413 0.035531357660443408 0.044202090333341555 0.029417355804294748 0.032668591697726727 -0.027357895681304825 0.032742904125649411 -0.11744809547526065 0.0013799863889929734 0.040522768458628962 -0.12060010606748513 0.052709913298760472 0.034471831095291762 0.0070954656825461086 0.017472078867118022 0.028989759966170089 0.012919455884752313 -0.070259823828981494 0.040818606164925192 -0.2184185166647267 -0.12851192456399746 0.020704765227018609 -0.12338939419855016 -0.092064299413281703 0.0022057957099765125 -0.042135972826537943 -0.1093260570034853 -0.049088703081118776 0.026089782480847451 0.055120822646510463 0.0018899046954850649 -0.0030328872162343804 -0.0098678144801166955 -0.057826338904623902 0.035922148405656475 0.037671539159670336 -0.042310969551346812 -0.0042480513834954802 0.011971226918991369 -0.017632678005347607 -0.0023526737221745025 0.033262598017273361 -0.054406511060846777 0.0006882468200958802 -0.019348310465752 0.033501720234428406 -0.059720688802412047 0.02291736768340448 -0.014953062200663093 0.010688440552334533 0.038157099799870309
leaf_weight=135.34618870168924 14.62909007817507 62.814376592636108 7.8239496424794188 215.00108303129673 34.902561850845814 18.57579617574811 212.65743176266551 5114.3863890916109 1339.1377235949039 1496.8299047723413 263.12614194303751 49.083826469257474 8.3342981673777086 19.312718205153942 242.69125972688198 90.071435779333115 90.52944615483284 39.363523233681917 6.871071092784403 8006.9373204838485 192.51707592047751 17.674176804721355 53.471358548849821 43.986998490989208 857.71982022002339 297.04781372845173 97.949661541730165 21.385138917714357 11.164570422843097 93.322426874190569 5.0470557734370223 5.106234833598136 124.44283721223474 8.5379994586110097 10.700587078928946 8444.216958636418 9.6426032111048681 3.1336148753762236 55.52840019017458 78.405450645834208 19.678654216229916 2263.7560384571552 5195.0826200805604 1755.5298188887537 19.585743069648743 31.555374376475811 38.87819866836071 48.049782115966082 4347.928658682853 23.73841618001461 179.53779759258032 143.70390815287828 97.611355401575565 35.461511746048927 11999.382948800921 382.01383525878191 339.62965159118176 29.787860348820686 564.03017590753734 50.040472690016031 7.2367946207523346 230.00422296673059
leaf_count=2676 159 304 57 914 177 201 7529 44534 7884 7400 1131 396 65 169 1346 997 738 201 53 33564 4512 85 470 229 4007 1418 439 154 105 1692 54 24 1526 42 61 35339 51 15 241 371 112 9344 23867 8575 86 153 265 319 25213 163 812 676 427 220 51112 1594 4406 153 3797 293 50 3864
internal_value=0.000439 6.12793e-05 0.001226 0.00104325 0.00371375 -0.00490128 0.0314376 -0.00449142 0.00310883 -0.00051208 0.00232233 2.0608e-05 -0.00128463 -0.0334485 -0.00122392 -0.00240443 0.013504 -0.0091446 0.0249599 -0.00104062 0.0222256 -0.0647772 0.00269407 -0.00769773 0.00940063 0.00134853 0.000966596 -0.0104963 0.0103656 0.0139507 -0.00194267 0.00521156 0.00983742 -0.0485369 -0.0086794 0.00243009 0.0382193 0.0381227 -0.00564684 -0.0030717 -0.00310538 -0.00322771 -0.00471216 -0.0103188 0.00137768 -0.00905928 -0.00273053 -0.00356279 -0.00379414 -0.0308028 0.000745984 -0.00339086 0.0120536 -0.0290792 0.00101507 -0.00820449 0.0294625 -0.0388966 0.0124092 0.0198313 -0.051719 0.0352916
internal_weight=55701.7 55031.1 44570.3 44332.5 16316.8 10460.8 670.558 10325.4 15942.2 28015.7 14603.1 26082.2 17525.8 131.956 5211.04 4824.35 386.692 129.893 256.799 17393.8 457.901 55.7963 8556.41 1933.53 1766.06 12837 12540 76.1594 262.25 251.086 157.763 152.716 147.61 23.1671 1889.54 8493.3 63.114 195.651 294.268 4734.27 9386.88 9367.2 7083.86 1849.9 2283.34 1787.09 5233.96 4655.87 4637.29 79.2668 12442 4589.24 241.315 56.8467 12262.5 1878.84 374.532 38.1222 1471.79 614.071 14.1079 237.828
internal_count=296831 281173 203371 199450 76794 77802 15658 75126 72211 122656 64327 113372 77116 846 30592 28204 2388 939 1449 76270 8129 303 36256 9284 9415 54912 53494 543 3602 3497 1805 1751 1727 201 9055 35735 521 4527 1318 27207 42706 42594 33164 9032 9430 8728 24132 26836 26635 404 53055 26316 1103 374 52243 8994 4583 218 8097 4090 103 3921
is_linear=0
shrinkage=0.05


Tree=69
num_leaves=63
num_cat=0
split_feature=11 48 69 43 11 69 9 8 43 46 40 48 37 20 43 50 63 32 48 56 50 62 40 62 35 43 69 0 8 67 42 0 43 68 59 36 61 59 56 68 70 69 47 67 61 58 70 35 52 69 65 29 48 69 55 67 59 67 36 60 20 27
split_gain=244.532 125.934 113.423 63.0779 57.3242 52.6008 48.3334 47.9407 53.4859 43.7418 41.1751 39.9471 55.052 39.3336 38.4407 36.6831 36.0795 34.2615 37.8739 33.1695 34.4519 33.0719 31.2535 31.0647 32.0204 48.7614 34.3219 31.0359 40.3752 30.1608 29.6534 29.6041 28.8007 28.5945 28.4879 27.9466 31.8429 32.9285 27.3896 27.2809 26.7301 24.7628 27.8679 27.0577 26.7276 36.5581 24.3173 24.2797 65.5349 49.1905 44.9632 35.1513 24.5088 24.118 24.865 23.3108 23.3182 23.0727 22.9888 29.6432 30.7658 28.6965
threshold=17.500000000000004 367065762881.72784 9.469713848298527 4.4708597046413514 2.5000000000000004 0.10456237086455401 8150.0000000000009 0.12250000000000001 5.0273205741626814 10.004687500000001 53.500000000000007 49525764906.738258 14.697848081244837 3.5000000000000004 4.6960830341526298 21.500000000000004 216.8610349357036 6.2250000000000005 2042979890.7838721 32.500000000000007 9.5000000000000018 -0.050000000000000246 103.50000000000001 1.8270790289256202 1.042306756567805 4.8893019480519486 3.0868630355231388 63.350000000000001 0.19950000000000004 0.66259481767468287 6.2950000000000008 12.899000000000003 4.333615819209041 104.21953067533433 535.17466620435641 12.84481053910738 11.427598484234336 72.551374740322203 190.50000000000003 7.1581717061368026 7.6345043451055412 2.0412393268775983 2.6466787174673585 -0.38266886095259284 5.0655564473340595 126626.88915154275 23.699704804120767 0.7951870795411663 707985.55245214782 14.270490527992832 1.5000000000000002 1.5122946340656042e+19 16211875160.263414 0.52281185432277033 42459385.282821544 0.99353402350479769 169.68417681478135 0.026175951569892299 10.001250000000001 7.1428571398809524 24.500000000000004 8.9937690620401565
decision_type=2 2 2 2 2 2 2 2 2 2 2 2 2 2 2 2 2 2 2 2 2 2 2 2 2 2 2 2 2 2 2 2 2 2 2 2 2 2 2 2 2 2 2 2 2 2 2 2 2 2 2 2 2 2 2 2 2 2 2 2 2 2
left_child=1 2 5 11 7 -1 17 8 10 29 21 15 -13 -3 38 34 -11 18 41 20 23 -5 -21 24 26 -26 32 28 -25 -2 -12 -23 -8 53 58 36 -16 -38 47 -9 -36 55 -43 -44 -45 -46 -37 48 50 -50 -6 -51 -52 -15 -55 56 -7 -28 -4 60 -60 -61
right_child=9 13 3 4 14 6 19 39 -10 16 30 12 -14 33 35 -17 -18 -19 -20 22 -22 31 -24 27 25 -27 57 -29 -30 -31 -32 -33 -34 -35 40 46 37 -39 -40 -41 -42 42 43 44 45 -47 -48 -49 49 51 52 -53 -54 54 -56 -57 -58 -59 59 61 -62 -63
leaf_value=-0.035017824094665431 0.032733543038083554 0.0070158310460869747 -0.02273753397709883 -0.00055582332122945481 0.0127301185577397 -0.0095651158038680788 -0.020243968384260111 0.0040283379254256822 0.0098282649889312335 0.041722502187815841 0.022599413087837403 0.048616272412801344 -0.090394909822431771 -0.080311347915181033 0.058854349764864547 -0.026444349741096114 -0.058795023938751904 0.013373472888526651 -0.02345591235569405 -0.021114165034739688 0.053543381475725717 0.015882234593917754 0.031522757230023853 0.037323160989138154 0.0010869520617970768 0.040516027470142463 -0.005808217422209141 -0.030407292801400344 -0.00042605542227013444 -0.032448713796651922 0.0054464771882954685 0.0028611082732834751 -0.0069260779366300878 -0.094885514883691291 -0.012442454501750027 0.018435216401923932 -0.018086863785947534 -0.1460132307484274 0.059878906598021732 -0.010331878150693729 -0.063698428667022453 0.015969688191889347 -0.015717371975632746 -0.0087519792153948756 0.0039688414884206458 0.043290298474733861 0.047147583454762804 0.011037870570752161 -0.10329348793321534 0.010323046464056292 -0.054946077530126383 -0.088541815417473399 0.016157414532151939 0.040235065386679925 -0.036610348211627626 -0.055794322245795537 0.016717896708245913 -0.00055824057670036758 -0.00094001102638442886 0.039697953822455813 -0.057528994745855412 -0.022805998138285238
leaf_weight=130.68770736083388 33.008151901885867 211.740414083004 120.81716284900904 10695.921751860529 252.98278835043311 427.63225698471069 444.25932573899627 463.04708968102932 2345.683226518333 452.84904522821307 377.19818071648479 9.6472614333033544 27.21098218485713 4.3877180516719809 8.5045058950781804 149.29678609222174 9.1067547313868982 631.91264853812754 158.98714667186141 420.57379209622741 26.130927462130785 458.17119678109884 30.227426033467054 132.42588705196977 788.01009465008974 87.076800674200058 3776.7540239002556 39.040486417710781 152.29454384744167 38.384651657193899 758.89324095845222 9233.3633844479918 4707.6752538904548 4.2166372761130324 151.9536397382617 686.16253567673266 18.464644357562069 6.913781749084591 21.50392098352313 1157.4294766336679 30.550136208534241 452.0042337924242 196.07078251987696 174.79650960862637 189.27527397498488 85.953870128840208 82.621819842606783 418.2353041395545 26.717476952821016 31.988713746890426 43.748351812362671 12.505637794733046 16.763209199532866 318.19777998700738 10.886888712644575 22.996109340339899 105.13635959103703 4693.6167428418994 8890.3110502585769 81.463385041803122 24.083508480340242 23.707629922777414
leaf_count=2673 353 1237 638 44389 1785 2281 4795 2032 10425 12130 1973 48 121 23 127 651 69 3849 732 2714 130 1919 169 550 3713 366 21154 205 881 257 4898 38234 39562 49 675 5503 134 46 101 5329 129 2276 900 798 830 351 1823 2269 159 287 207 91 170 6369 92 139 583 25359 36406 398 147 128
internal_value=0.000418905 9.24665e-05 -0.000147653 0.00144578 0.00267453 -0.00341287 -0.00318008 0.00209371 0.0026587 0.0341118 0.00187735 -0.00205823 -0.0540102 0.0239106 0.0117735 -0.00185607 0.039741 0.00334794 -0.00014669 -0.00422332 -0.00381763 0.0013611 -0.0175847 -0.00391876 -0.00426084 0.0050104 -0.00485642 0.011399 0.0171314 -0.00231198 0.0111415 0.00347669 -0.0080745 0.0345041 -0.00146231 0.0195623 -0.0248781 -0.0529375 0.00419047 -0.00622848 -0.0210224 0.00209404 0.00644659 -0.000215696 0.0065382 0.0162489 0.021521 0.00269906 -0.00636653 -0.0496658 0.00346912 -0.017464 -0.0352486 0.0361402 0.0376928 -0.00650589 -0.00437844 -0.00289909 -0.00107176 -0.000781549 -0.00109289 0.0256083
internal_weight=55582.2 55048.8 54499.4 36625.9 27116.8 17873.5 17742.9 25489.7 23869.2 533.349 21523.5 9509.04 36.8582 549.429 1627.11 9472.18 461.956 2444.77 1812.85 15298.1 14847.3 20387.5 450.801 14821.2 14497.4 875.087 13622.3 323.761 284.72 71.3928 1136.09 9691.53 5151.93 337.689 9322.89 802.667 33.8829 25.3784 824.445 1620.48 182.504 1653.87 1098.1 646.096 450.026 275.229 768.784 802.941 384.706 71.2118 313.494 44.4944 60.5116 333.472 329.085 555.765 532.769 8470.37 9140.38 9019.57 8914.39 105.171
internal_count=296831 284022 276252 161242 121901 115010 112337 109199 101838 12809 91413 39341 169 7770 12702 39172 12199 12739 8890 99598 96715 84542 2883 96585 94949 4079 90870 1636 1431 610 6871 40153 44357 6533 38521 7633 307 180 5069 7361 804 8158 5155 2879 1979 1181 7326 4968 2699 537 2162 378 377 6484 6461 3003 2864 46513 37717 37079 36553 526
is_linear=0
shrinkage=0.05


Tree=70
num_leaves=63
num_cat=0
split_feature=20 69 18 64 48 48 30 68 6 67 16 8 44 43 69 69 67 62 59 10 64 48 47 10 64 69 48 69 48 69 45 59 29 62 58 25 40 58 58 43 18 43 32 4 25 3 43 51 67 69 47 17 43 37 45 27 27 16 25 59 58 3
split_gain=231.933 106.665 111.819 72.3596 59.3536 49.8008 48.3955 45.4206 45.3067 42.8037 39.8421 39.364 44.5103 54.0186 38.3992 36.2159 34.2409 32.7804 32.77 32.6226 38.6686 53.7727 65.2924 32.6087 33.1115 43.4481 34.7811 34.4274 32.3231 31.1309 36.9793 33.7949 31.0702 30.5715 30.1296 29.8164 29.3801 29.3783 43.2359 28.9301 32.6771 28.3438 28.2673 27.9409 27.5701 26.5797 26.3034 26.6705 25.9414 25.7817 45.2333 31.3794 25.4951 25.1457 24.9351 24.6748 28.3889 24.3565 24.185 23.8835 24.6364 23.3461
threshold=39.500000000000007 3.8960848622140354 45880939962.825127 1.0000000180025095e-35 778215756472.28735 354852392809.20172 2.5000000000000004 11.489186042581347 6.7300000000000013 -0.46173103126271875 25.366666666666671 0.18150000000000002 0.45152519309557909 4.5105457131772928 0.10456237086455401 39.019949092629012 0.99353402350479769 0.55887944531424749 302.07971598668348 18.500000000000004 1.0000000180025095e-35 22751352802.89983 6.2108830233636132 14.500000000000002 1.5000000000000002 31.964262154290413 484076989611.0094 8.0876720768713763 45903774432.835686 2.3958421498095643 0.88833905653204537 913.99236238627816 8.4332982358593423e+18 0.41867732558139498 3144211.9546784186 1.0340344807220296 56.500000000000007 9043260.6640915573 126626.88915154275 5.2006250000000014 2026941451.5792737 4.712513269639067 7.5950000000000006 0.25950000000000006 1.0285921939813887 151.65000000000001 4.5755389718076289 1.9301976973477872 0.86159635224327558 2.2685488287570643 1.0000000180025095e-35 0.047569623414906261 5.9101666666666688 4.2427716287782209 1.696462819934579 10.700000000000005 2.3406105334047438 23.003500000000006 0.9734186663348755 253.66859616057994 480855.39427130384 116.45000000000002
decision_type=2 2 2 2 2 2 2 2 2 2 2 2 2 2 2 2 2 2 2 2 2 2 2 2 2 2 2 2 2 2 2 2 2 2 2 2 2 2 2 2 2 2 2 2 2 2 2 2 2 2 2 2 2 2 2 2 2 2 2 2 2 2
left_child=1 6 3 4 7 19 14 10 43 18 37 12 13 -11 -1 17 29 48 36 20 -2 45 28 24 32 26 27 39 -23 49 31 42 -10 57 54 -21 -9 38 -3 40 59 -14 -31 53 -15 -22 47 -39 61 51 -51 -8 -29 -5 58 56 -24 -16 -32 -26 -61 -12
right_child=5 2 -4 8 -6 -7 16 9 23 11 15 -13 41 44 33 -17 -18 -19 -20 35 21 22 55 -25 25 -27 -28 52 -30 30 34 -33 -34 -35 -36 -37 -38 46 -40 -41 -42 -43 -44 -45 -46 -47 -48 -49 -50 50 -52 -53 -54 -55 -56 -57 -58 -59 -60 60 -62 -63
leaf_value=-0.035415799558371035 0.028228431705329106 0.0064845303724169736 0.034568965491735659 0.0077657899933935588 0.034786387446715659 0.051169386504752445 0.00097184083860633777 -0.0026099983177185005 -0.0062736079110211592 -1.0188679455574225e-05 0.0016023607005454209 -0.011795588005391988 -0.0072288336685871705 0.006967026025741091 0.00039664623057202269 0.017545413126904601 -0.030564804591307705 0.0096976928449105052 -0.014365836094440525 0.044719775813525153 0.041531640910872941 -0.061538535480609315 -0.10486413106840696 0.0382888385463514 -0.010668650831909519 0.013951000254681609 0.036860085745997341 0.00050009373105723478 0.051921225835933865 -0.019130941394628335 0.046673744699054387 -0.10330468624041651 0.03430933696951171 -0.0013521663772073714 -0.044145537827365938 -0.059548745893281407 0.016166570432687839 -0.029510391871819121 0.028510979069234967 0.014396651597613858 -0.048359806232620539 0.0020363537278922216 0.04412374499822886 -0.031735105267916425 0.025911034501452219 -0.028561026974499457 0.058660094820535115 0.045116302725877577 -0.0046571159128978761 0.051643673814426666 -0.0095213691271933878 0.022044116466902006 -0.028728159475899656 -0.070253289000325028 0.046523989283745654 -0.17567073451003054 -0.0047916220582828115 -0.010976918237638141 -0.00070453491912715615 -0.0044656312200592177 0.019082625095206137 0.0085765727503132657
leaf_weight=122.20219558849931 152.62928501702845 468.14944785647094 246.29499361291528 98.075313173234463 138.8726045191288 198.80161515809596 1134.7111775875092 5008.1423005238175 3793.9297342132777 4000.3080023229122 6321.4017107263207 492.25743040442467 1572.652063857764 5136.4440307244658 544.40260561555624 444.05591026879847 83.284171279519796 1548.7870116587728 578.9894953109324 144.10950888879597 49.551687061786652 9.2763320058584231 18.633340112864975 50.979316487908363 1484.9040916077793 504.59412963315845 60.108090868219733 8148.9485370516777 19.415826333686709 308.34453263133764 29.628115370869637 11.340568572282789 47.75620399415493 1648.1697714962065 29.915632724761963 7.198776599019765 217.37704078294337 84.524765182286501 425.08613562956452 152.16161850467324 49.396092548966408 1737.3302862066776 18.735134143382311 204.52420196309686 199.51907836645842 18.602977963164449 12.282157011330126 13.948093041777609 1318.2842927705497 77.580213401466608 49.521266240626574 209.24896312132478 75.2982517182827 11.543178394436834 37.753123089671135 6.2940786425024262 11.436786586418746 3477.8630467690527 296.40797428041697 479.59947746247053 144.54602644592524 1481.1002488788217
leaf_count=2646 2489 2430 4192 643 2072 7670 5569 22020 16836 17230 28455 2418 7000 22508 3172 2688 420 6968 2904 3961 669 75 91 568 8171 2472 577 34059 286 1516 158 48 305 13071 168 53 1458 401 2268 707 238 8694 270 1414 1015 138 81 70 5924 359 264 1093 317 65 218 67 159 33257 1546 2769 804 6657
internal_value=0.000399429 5.1228e-05 0.000967971 0.00079002 0.00217144 0.0304212 -0.00525378 0.00202562 -0.00202578 0.000496382 0.00441622 0.00207616 0.00261612 0.00438234 -0.00768506 0.00355449 0.000905736 0.00297221 -0.00307945 0.0209855 0.0110478 -0.0086372 -0.0411522 -0.00163201 -0.00176822 -0.000383461 -0.00106615 -0.00128255 0.0152391 0.00209538 -0.00632949 -0.0184498 -0.00576912 -0.00708744 0.00408887 0.039759 -0.00182891 0.0139551 0.0169668 -0.00667508 -0.00816055 -0.00236576 -0.0155077 -0.0208183 0.00767537 0.0223997 -0.0103345 -0.01894 0.00183016 0.00628831 0.0278126 0.00425271 0.00023249 -0.000449869 0.00805535 -0.0856462 -0.0668028 -0.00943754 0.00360091 -0.00721904 0.000987916 0.00292623
internal_weight=55467.2 54831.3 46752.2 46505.9 31199.5 635.95 8079.11 31060.6 15306.4 18943 12117.6 13138.5 12646.3 9336.27 5792.64 11113.6 2286.47 10669.6 5804.51 437.149 285.84 133.211 65.0564 14992.2 14941.2 11099.6 10595 10534.9 28.6922 2203.19 732.125 338.42 3841.69 5670.44 393.705 151.308 5225.52 1003.99 893.236 2310.61 2158.45 3309.98 327.08 314.143 5335.96 68.1547 110.755 98.4729 9120.79 1471.06 127.101 1343.96 8224.25 109.618 363.789 36.3642 30.0701 4022.27 326.036 2109.05 624.146 7802.5
internal_count=296831 281173 217398 213206 143261 15658 63775 141189 69945 85247 55942 58865 56447 40753 52146 50692 11629 48004 26382 7988 3974 1485 678 67823 67255 50114 47642 47065 361 11209 3924 1834 17141 49500 2090 4014 23478 5250 4698 12689 11982 15694 1786 2122 23523 807 552 471 41036 7285 623 6662 34376 708 1922 317 250 36429 1704 11744 3573 35112
is_linear=0
shrinkage=0.05


Tree=71
num_leaves=63
num_cat=0
split_feature=20 69 9 18 18 69 54 40 48 1 69 1 63 69 68 40 42 10 64 48 47 48 66 1 25 8 1 59 0 1 7 7 6 33 62 18 64 45 0 59 3 3 57 70 63 54 28 58 15 54 34 47 9 47 37 45 68 59 48 66 48 69
split_gain=216.672 99.1612 79.9112 73.6231 61.8444 58.984 50.9073 49.5345 49.3666 42.6538 41.0598 38.385 36.0501 32.321 32.064 33.3457 45.1917 31.4513 35.5769 48.4522 56.7021 29.6165 29.4332 28.818 27.9292 26.9975 28.3848 26.9868 29.3171 36.9359 39.6203 26.6839 26.0725 28.7466 29.3798 25.3313 28.3593 36.8403 31.7208 25.3801 25.0157 24.7102 24.4214 30.5905 34.4341 27.8964 27.4413 24.1723 23.2654 23.5769 23.1044 22.5263 22.37 22.243 28.5799 21.5382 23.9836 25.229 25.2877 21.4181 31.2816 21.1084
threshold=39.500000000000007 21.162514624978222 8150.0000000000009 3319135619.9656978 177961840574.29214 3.2868953971770685 0.58357095760436362 179.50000000000003 354852392809.20172 5.1050000000000013 0.52281185432277033 7.4850000000000012 18.312667171592889 41.656739314430816 7.3726059476560311 40.500000000000007 5.3050000000000006 18.500000000000004 1.0000000180025095e-35 22751352802.89983 6.2108830233636132 45903774432.835686 0.53727914962411616 4.8950000000000005 1.0340344807220296 0.19950000000000004 6.9450000000000012 167.28008845243571 27.042500000000004 6.0850000000000009 6.6200000000000001 6.8185000000000011 6.7300000000000013 4.2753378378378395 -0.035087719298245244 2299402704.9364161 2.5000000000000004 0.84740386712829674 34.107000000000006 283.30967910500294 104.11500000000001 151.65000000000001 2.7143405118953257 59.362609500338102 159.49831817381701 1.6891990432023896 63097440716.79174 44721.390993231558 1.0022180351613532 2.0472868959001356 0.44089083877089641 125.71726521687114 42919.500000000007 9.8287143078839296 3.6812767973694602 0.47500958958168177 5.2291154642104232 735.44328314882227 7796745685.7620459 0.82409480842201688 2196241763.2221208 1.9685002862761696
decision_type=2 2 2 2 2 2 2 2 2 2 2 2 2 2 2 2 2 2 2 2 2 2 2 2 2 2 2 2 2 2 2 2 2 2 2 2 2 2 2 2 2 2 2 2 2 2 2 2 2 2 2 2 2 2 2 2 2 2 2 2 2 2
left_child=1 2 4 7 35 9 -5 13 17 10 -4 12 32 23 22 16 -16 18 -2 41 21 -21 -14 31 -19 -25 -27 40 29 -29 -31 -3 -7 -34 -35 59 38 53 39 -37 -11 -20 43 46 45 55 47 -12 49 -33 -8 52 -52 54 -38 -45 -57 58 -58 61 -61 -1
right_child=8 3 5 6 -6 11 50 -9 -10 27 42 -13 14 -15 15 -17 -18 24 19 20 -22 -23 -24 25 -26 26 -28 28 -30 30 -32 48 33 34 -36 36 37 -39 -40 -41 -42 -43 -44 44 -46 -47 -48 -49 -50 -51 51 -53 -54 -55 -56 56 57 -59 -60 60 -62 -63
leaf_value=-0.010938226063866029 0.027388441593980774 -0.0011588042870815903 -0.024083705020640698 -0.086707247990693043 0.045181394444695253 -0.019998345054622044 -0.0067352461221977583 0.034201079127172754 0.051111290051247565 0.014138484047577747 -0.0072139001272841568 0.042121459538055003 -0.0022806282853410878 0.013107184925438413 0.00088395667410955852 0.0089367266501246666 -0.0043870305193115496 0.044262479971101248 0.040748213230168084 -0.056745834764517201 -0.079190828437425212 0.051596115023984847 0.0072813650921585635 0.007072208933229099 -0.05758477371363268 -0.0063510310304470026 0.03513166341297877 0.0088322678398556186 -0.0064278250209943294 0.078983163683944632 0.010063751668248057 0.0046761599681882562 -0.012263090120638448 -0.0059879735582263442 0.0012968031636865639 0.015926012194420455 -0.013326593054674636 0.025312324368806767 -0.015229184379116781 0.043914415558263177 -0.0075474575116430661 -0.027094518854649498 -0.056435001598100713 0.052855291118173824 0.035666567504949613 0.064454780567974365 -0.085683927339004373 -0.020048982800499424 -0.056442175093502391 -0.019764129205830698 0.042061019184033037 -0.060985733204182206 -0.027547638558506216 0.0057629286050510367 -0.079573567790319766 0.019641036360462605 -0.017923111685533739 -0.043392357374826815 0.014002358966752525 0.011530582406511183 -0.0094322470288819068 0.0016369261581161262
leaf_weight=403.71793220937252 149.52506700158119 7039.5355212651193 422.17304931394756 9.4293439686298353 93.478645214810967 260.73404266685247 35.115970745682716 124.51473252847791 189.31547181494534 155.75361675396562 3011.9656523838639 50.969892244786024 1220.5460598971695 693.97662774659693 8420.1739841848612 777.60988207347691 7864.5543491337448 138.46198804676533 48.018379481509328 9.5494175255298632 37.314854061231017 18.582352532073855 2362.6122320182621 3855.2025994155556 7.0752883329987517 642.58384378999472 44.065326411277056 269.66611589118838 192.03435193374753 44.70968770980835 39.081441927701235 4120.1205278076231 880.53177492320538 2923.199814144522 2628.6739806309342 471.99978589266539 38.048208571970463 58.811470322310925 68.730476319789886 97.777989830821753 909.61592068523169 18.628703257068992 25.520033776760101 16.110145442187786 74.168534241616726 15.544386520981787 11.638189036399124 417.69819631427526 15.933191034942864 101.09795531257987 240.65032077021897 5.7944376319646826 12.12339513003826 39.325226185843349 28.457104060798883 73.245649006217718 162.49437026679516 53.543930176645517 100.31935206614435 973.6413943246007 217.76641188561916 1924.398992292583
leaf_count=2191 2489 30066 6301 42 1927 1913 214 1766 7670 981 27267 208 5542 4210 38323 4539 33635 3961 669 75 317 286 10291 18093 53 2854 175 2174 1459 230 326 17468 4781 14181 12813 3325 233 265 461 605 6622 138 141 71 418 64 60 3772 92 425 3355 35 100 262 178 328 731 228 556 4412 1432 9032
internal_value=0.0003808 4.8843e-05 -0.00137575 0.00322774 0.00494509 -0.00221187 0.0276482 0.00278282 0.0298578 -0.00670398 -0.00926031 -0.0012286 -0.00130942 0.00254591 -0.000275617 -0.0011786 -0.00166162 0.0204382 0.0106849 -0.00822279 -0.0387813 0.0148191 0.00402422 0.00208258 0.0393112 0.00544532 -0.0036889 0.000253809 0.00929807 0.017842 0.0468381 0.000728182 -0.00449826 -0.00386997 -0.00253881 0.00407497 0.0120874 -0.00641515 0.0168584 0.020729 -0.00437704 0.0217853 -0.00768089 -0.00736484 0.00425145 -0.00127964 -0.00903718 -0.00877708 0.00386319 0.00409082 0.0313198 0.0364881 0.0387225 -0.0240465 -0.0416732 -0.00379817 -0.0061408 -0.01211 -0.00573675 0.00224654 0.00769898 -0.000543727
internal_weight=55357.7 54741.2 37801 16940.1 4416.15 33384.9 303.113 16637 616.472 5995.28 4384.42 27389.6 27338.6 16512.5 20645.5 17062.3 16284.7 427.156 281.619 132.094 65.4466 28.1318 3583.16 15818.5 145.537 4541.85 686.649 1610.86 545.492 353.457 83.7911 11276.7 6693.14 6432.41 5551.87 4322.67 803.15 164.642 638.508 569.778 1065.37 66.6471 3962.25 3936.73 495.426 421.258 3441.3 3429.66 4237.15 4221.22 293.684 258.568 252.774 105.831 66.5053 405.713 389.603 316.358 262.814 3519.52 1191.41 2328.12
internal_count=296831 281173 202278 78895 24323 177955 3746 75149 15658 51729 39937 126226 126018 73383 92330 76497 71958 7988 3974 1485 678 361 15833 69173 4014 21122 3029 11792 4189 2730 556 48051 33688 31775 26994 22396 5329 938 4391 3930 7603 807 33636 33495 2396 1978 31099 31039 17985 17893 3704 3490 3455 673 411 1914 1843 1515 1287 17067 5844 11223
is_linear=0
shrinkage=0.05


Tree=72
num_leaves=63
num_cat=0
split_feature=22 30 69 18 9 46 45 44 69 34 54 59 69 36 36 56 43 44 48 43 43 40 40 1 27 55 57 30 18 8 40 40 48 30 48 69 59 20 10 69 58 67 67 4 59 69 60 23 61 66 40 7 20 0 1 66 16 69 0 43 10 1
split_gain=204.995 116.539 91.026 64.0225 56.5113 60.256 50.146 72.4727 49.15 47.6642 41.6231 39.1032 37.6323 35.7481 35.634 78.3042 41.9121 34.7817 34.7773 33.932 32.3318 45.7474 34.683 31.2668 30.8596 34.0841 29.5316 34.5541 29.4175 28.5539 33.6022 27.9228 27.6555 25.9371 25.6954 29.1934 25.4652 25.4649 24.2323 24.1683 37.3942 24.0147 23.1608 22.9013 22.8094 31.472 36.9761 31.1677 26.5792 26.0223 30.4376 28.7299 23.4698 22.7312 22.6372 22.6101 25.4565 22.5803 22.3792 22.3444 22.2361 21.9632
threshold=7.5950000000000006 72.500000000000014 21.162514624978222 1015884274.1461791 8150.0000000000009 7.623193277310925 0.62941229261340947 0.56577163263122066 3.8960848622140354 0.3344772040064915 0.50542128225577432 2764.1534509597445 0.10456237086455401 39.001219512195128 29.736754385964918 12.500000000000002 4.4600420168067236 0.49102870462908482 29461618077.40765 4.8334733893557438 4.5000510204081641 21.500000000000004 403.50000000000006 4.6950000000000012 1.0000000180025095e-35 834678.82260506146 0.91452103774393989 26.500000000000004 2299402704.9364161 0.13550000000000004 4.5000000000000009 197.50000000000003 503769687336.08356 10.500000000000002 2042979890.7838721 2.0412393268775983 67.719175522487149 13.500000000000002 2.5000000000000004 34.68288379676882 6165247.3456527991 0.99353402350479769 0.87032255546191728 0.59005000000000007 126.37861785162376 33.19173346443953 7.4808358073659376 4.8601282051282073 11.591290031871756 0.8703225554619175 67.500000000000014 6.8185000000000011 10.500000000000002 58.750000000000007 6.495000000000001 0.98897820466835418 22.510000000000002 0.52281185432277033 33.750000000000007 4.9501748251748268 2.5000000000000004 5.4250000000000007
decision_type=2 2 2 2 2 2 2 2 2 2 2 2 2 2 2 2 2 2 2 2 2 2 2 2 2 2 2 2 2 2 2 2 2 2 2 2 2 2 2 2 2 2 2 2 2 2 2 2 2 2 2 2 2 2 2 2 2 2 2 2 2 2
left_child=1 2 4 26 28 61 -3 9 12 37 -5 24 -7 38 -11 16 -16 20 -17 -19 54 29 -23 -14 25 57 27 39 34 36 58 44 -21 -12 35 41 -22 -8 -9 -4 -41 -1 53 -44 45 48 52 -48 55 50 -46 -51 -47 -30 -10 56 -28 -2 -31 -36 -37 -6
right_child=11 6 3 10 5 8 7 13 17 14 33 -13 23 -15 15 18 -18 19 -20 32 21 22 -24 -25 -26 -27 31 -29 42 30 -32 -33 -34 -35 59 60 -38 -39 -40 40 -42 -43 43 -45 49 46 47 -49 -50 51 -52 -53 -54 -55 -56 -57 -58 -59 -60 -61 -62 -63
leaf_value=-0.0042285425615516273 -0.056224376655066334 0.043970476843218573 -0.00074966236841056888 -0.083266963182043727 -0.024382026672482272 -0.034446690859349476 -0.064536876392309678 -0.075352143540313526 -0.0027941026495216844 0.038160116069002076 0.011488781631688483 -0.11744604912075021 -0.0091282041706213582 -0.18546484220822493 -0.11991136609719207 -0.10291322198211594 0.042090990177532928 -0.0081934481675763043 0.016126798099121955 -0.00038238012915565669 0.0043075659922481978 0.01084776643306324 -0.074816951986352215 -0.0021330738675337346 0.046078699024411827 -0.069265503921961485 0.020084666244758232 -0.047073186239856124 0.018549664388949467 -0.0039884865248548699 0.026692716420880239 0.036832317827024792 0.042210395313785662 0.035405396214570471 -0.011955987253221464 0.0027454342542170998 -0.00071407527348035056 0.0021548923142213051 0.035045820805730481 0.03694188928021877 -0.046267967775709073 -0.05599955105607362 -0.057618535898641465 0.0022167310405079525 -0.0032921873909422467 0.0093574006233659197 -0.12437174880289648 -0.0047495803115566067 0.021863489433984504 7.1525349745649817e-05 0.024233625447265785 0.010691712593208053 0.040428144195994851 -0.028844439820912077 0.03484497834035323 -0.0042471280085393031 0.0028156432238141266 0.033730696966749962 -0.01852136741900054 0.012562800888980742 0.012985540336921673 0.031857751558897966
leaf_weight=540.48205837979913 7.7995280176401129 184.53481754288077 555.33125869184732 9.3304473459720594 371.28621784597635 113.02147711068392 22.135130692273378 14.982932247221475 8187.4303626790643 206.57241155952215 227.24705351516604 4.0669349879026404 2951.9557647369802 5.0934886373579493 4.2717695236206046 20.368516467511657 61.052809739485383 2935.8542558792979 8.7803537081927043 1747.0652014855295 4145.3002649396658 1340.7838264238089 11.920548003166912 3481.4924316108227 294.77629586867988 11.228005817160009 221.70871098712087 51.581020042300224 627.84800146147609 850.38749828934669 71.700866490602493 60.238524006679654 38.960889196023345 226.19708102755249 501.20070101879537 1527.1668304949999 6457.3178713545203 40.504851909354329 7.438337927684187 16.902931421995163 67.103608772158623 23.368270985782146 17.865378640592098 152.45269815996289 3392.5527331009507 2061.1143256388605 9.2869045063853282 13.16370835714042 176.58492012321949 1702.4833600316197 103.49546153843403 1017.3466193750501 62.624554850161076 26.361923573538661 40.142886593937874 1133.0342826284468 5697.4326432049274 66.08724819123745 384.75232487916946 114.0681723151356 812.02331383898854 18.211434219032526
leaf_count=2930 37 4618 2193 42 2867 2597 127 122 39209 3503 1472 17 26569 42 20 102 1025 12681 140 7680 17537 6164 90 25931 9223 97 1017 239 4568 4441 307 697 313 3004 2830 6681 27300 560 116 68 273 145 89 1075 13755 10647 64 117 1128 7361 508 4400 505 139 147 4824 24805 1191 2000 661 3722 99
internal_value=0.000363063 0.000108305 -0.000128977 0.00292887 -0.00149963 -0.00220228 0.0224854 0.0123506 -0.00196983 0.01827 0.0212684 0.0367702 -0.00584522 -0.0658911 0.0265268 0.00108971 0.0314972 -0.00100193 -0.0670555 -0.00488751 -0.000148162 0.0013794 0.0100929 -0.00534275 0.0384211 0.0119008 0.00240953 -0.00770672 0.00386348 0.000389702 -0.00658382 0.00285611 0.000546751 0.0234194 0.00187132 0.00383847 0.00124923 -0.021412 -0.0387272 -0.00453068 -0.0295253 -0.00637415 0.0123641 -0.00405964 0.00272484 0.00428209 0.00959883 -0.0542324 0.00270358 0.000376149 -0.00247733 0.00404398 0.0102736 0.0166399 -0.00261046 0.00222382 0.00346248 0.024235 -0.00851555 -0.00741031 0.00630017 -0.0217525
internal_weight=55254.9 54870.9 54295.2 16804.8 37490.4 33147.6 575.735 391.201 32758.1 363.686 462.775 383.958 6546.47 27.5148 301.046 94.4734 65.3246 26211.6 29.1489 4721.88 21489.7 13262.2 1352.7 6433.45 379.891 85.1148 16342 690.919 4342.84 11909.5 1306.84 15651.1 1786.03 453.444 3518.31 2903.04 10602.6 62.64 22.4213 639.338 84.0065 563.85 824.528 170.318 15590.8 9374.95 2146.19 22.4506 7228.76 6215.88 3496.05 2719.83 2123.74 654.21 8227.57 7052.18 5919.14 73.8868 1235.14 615.269 2339.19 389.498
internal_count=296831 286266 275891 77119 198772 175932 10375 5757 172966 5477 4518 10565 55097 280 4790 1287 1045 117869 242 20674 97195 57839 6254 52500 10548 1325 72601 2773 22840 51585 6748 69828 7993 4476 16969 13478 44837 687 238 2534 341 3075 5871 1164 69131 43107 11333 181 31774 26024 14263 11761 11152 4707 39356 30646 25822 1228 6441 3491 10403 2966
is_linear=0
shrinkage=0.05


Tree=73
num_leaves=63
num_cat=0
split_feature=22 30 69 68 19 0 45 44 9 34 67 7 62 26 36 69 69 36 56 45 12 63 55 33 19 44 48 50 30 47 0 20 22 37 70 56 37 62 69 16 69 38 45 20 10 46 40 55 69 65 67 48 20 45 52 40 55 40 63 6 47 40
split_gain=192.239 108.014 82.6641 67.4003 64.2364 54.3171 48.3459 64.1287 48.1892 44.0602 36.5201 35.2468 34.2216 33.5512 43.3101 38.7552 33.4289 33.3263 70.9271 37.7145 32.5285 34.528 31.7137 33.0054 31.651 32.5287 30.3491 30.1634 36.9919 55.7624 29.8763 29.8557 30.2272 25.9542 33.1251 24.4234 27.8613 24.393 23.4057 36.9603 23.1102 22.9522 22.9183 47.7101 28.7887 24.3347 40.8446 27.4204 22.5231 24.7287 32.1113 32.8046 22.5197 22.4774 26.2532 26.4037 22.3367 24.8924 22.8998 22.293 22.0497 22.0156
threshold=7.5950000000000006 72.500000000000014 23.262854422344478 7.3726059476560311 1.2789225281647012e+18 7.0035000000000007 0.62941229261340947 0.56577163263122066 16482336.500000002 0.3344772040064915 0.98897820466835418 6.0150000000000015 1.976478067387158 10.001271186440681 10.119718309859158 0.52281185432277033 4.7689533494311824 29.736754385964918 12.500000000000002 0.94564121059579032 6.6950000000000012 27.140806887896108 1314369.0631557761 4.8667317708333355 5.624808061267968e+19 0.4316555694210894 29461618077.40765 3.5000000000000004 17.500000000000004 28.983283017013459 65.450000000000017 21.500000000000004 5.495000000000001 16.559565661354977 16.434037748431095 10.500000000000002 21.877690905773047 1.4361415289256196 1.6320822234945609 13.497045454545455 2.3412878693584926 89272388451.617477 0.89421789473568747 26.500000000000004 4.5000000000000009 17.667912772585673 30.500000000000004 752463.98660229484 41.656739314430816 1.5000000000000002 -0.49240481012316828 45903774432.835686 13.500000000000002 1.0000100942965064 354831.38966323453 11.500000000000002 2148360.1646689498 45.500000000000007 86.123931626237592 1.4140000000000001 10.63763502628021 288.50000000000006
decision_type=2 2 2 2 2 2 2 2 2 2 2 2 2 2 2 2 2 2 2 2 2 2 2 2 2 2 2 2 2 2 2 2 2 2 2 2 2 2 2 2 2 2 2 2 2 2 2 2 2 2 2 2 2 2 2 2 2 2 2 2 2 2
left_child=1 2 3 10 48 37 -3 9 11 52 20 -7 16 14 -2 -15 53 -11 19 -19 21 22 59 -24 25 42 -20 28 -27 -30 -14 32 -9 -31 -35 -29 -37 -5 -23 -40 60 -36 45 44 -44 47 -47 -18 49 50 51 -4 -8 -13 55 -55 -52 58 -58 -1 -41 -48
right_child=13 6 4 5 -6 8 7 31 -10 17 -12 12 30 15 -16 -17 24 18 26 -21 -22 38 23 -25 -26 27 -28 35 29 33 -32 -33 -34 34 41 36 -38 -39 39 40 -42 -43 43 -45 -46 46 61 -49 -50 -51 56 -53 -54 54 -56 -57 57 -59 -60 -61 -62 -63
leaf_value=-0.028757829698406373 0.032362991471220952 0.043498191023986978 -0.0047404099611782022 -0.0173809072810923 0.023843671303417233 -0.0073236799796239545 -0.060379044331118639 -0.042356210066616155 -0.01058001187708894 0.037316050732038732 -0.013645557227471955 -0.0058653979097326153 0.038120269493811976 -0.10636478613896901 -0.074292007445484101 0.043547124708348407 -0.0061955427711530573 0.041405745347887157 -0.095871008893706616 -0.11006246930643732 0.025118161174796913 -0.0090153750959517942 0.0099799924729996759 0.087038464120869422 0.033543671753381132 -0.0039095698949594302 0.01552746292165761 -0.064622446655273655 0.019675318673469291 0.029953045164541836 -0.015155279234442818 0.019113214755116528 -0.16690182592440081 0.0073074737510333944 -0.038609647341105981 -0.026985529844968797 0.020555341810393545 0.061838142988020442 0.02476825582644248 0.037757784370173852 0.0048344509613584457 -0.12080103390057691 -0.00021255109212001754 -0.066832529584343964 0.024776905155242543 0.0029863929607796061 0.02177376346236443 -0.087890657472075737 0.011470711557798432 0.0053471679365260302 0.0034445126741751556 0.026202382038394367 0.0020495337197992932 0.0024106905524479481 -0.023508465303738384 0.029624869740140038 -0.029631962563197167 0.0075211902874606305 0.0011307412166903 -0.0018047733553136812 -0.040815787690973958 -0.049867487603774172
leaf_weight=78.676956929266453 26.251361180096865 177.39304801262915 2716.7493894975632 679.10349073261023 365.02751486003399 2455.2569802813232 22.467514235526323 11.961604386568075 1571.4795715585351 200.83006118796766 330.55541258119047 4752.3632386568934 99.459785521030426 4.3691495880484572 14.933032792061566 325.00512489117682 35.492428980767727 59.012139225378633 20.76062980666757 4.4172760844230643 167.42698876000941 253.25247233733535 355.9446872882545 14.460323471575974 68.858030507341027 5740.2300650328398 8.6662657316774112 29.518522555008531 381.39250826090574 22.31703726388514 35.783010467886925 8.3968215901404601 8.2192050889134389 38.11921239644289 53.770444976165891 124.9559685382992 40.907179191708565 9.8583517447113973 263.48503432050347 86.328516155481339 3892.6101707946509 10.087493907660244 11514.632637783885 26.735222727060318 116.41710438579321 2551.8085645735264 405.24027542769909 14.45414276793599 680.06517973169684 4137.787417717278 5911.3625999130309 88.444005988538265 40.458909004926682 395.64550198614597 73.033714823424816 115.04409339278936 161.01707138121128 150.37415293976665 96.902553260326385 3079.7065934110433 9.9587451517581922 11.015189874917267
leaf_count=537 389 4618 11533 4677 3659 12539 127 85 16177 3503 1851 34780 400 20 95 10061 178 1025 102 20 1544 2100 1744 74 989 23730 140 143 2959 176 148 137 58 207 364 599 168 46 1411 609 17007 84 51003 139 504 10028 2142 77 4185 18316 26282 689 560 2333 431 513 658 647 381 16996 64 70
internal_value=0.000346479 0.000103669 -0.000122513 -0.0012916 0.00313816 -0.00236322 0.0218996 0.0119527 -0.00205148 0.017728 0.00264868 -0.00159111 -0.00106312 0.0362385 -0.006309 0.0415585 -0.00119104 0.0258632 0.00109296 0.0308574 0.00330538 0.00285083 -0.000852933 0.0129883 -0.000300172 -0.000410529 -0.063064 -0.00337263 -0.00276748 0.0101968 0.0240244 -0.0601155 -0.0930809 -0.0188876 -0.0295761 -0.0227181 -0.0152604 -0.0162474 0.0057516 0.00663106 0.00543301 -0.0515932 0.000889557 -0.000115783 3.75725e-05 0.00477292 0.00535535 -0.0298375 0.00259607 0.00214101 0.000687136 -0.00376483 -0.0202402 -0.00472808 0.00453132 0.00854128 0.00266329 -0.00864742 -0.0180742 -0.00247619 0.0296311 0.019878
internal_weight=55146.3 54775.7 54213.1 39905.4 14307.7 31373 562.583 385.19 30684 356.613 8532.41 29112.5 26657.3 370.559 41.1844 329.374 26522 293.686 92.8563 63.4294 8201.85 8034.42 3528.79 370.405 21186 21117.1 29.4269 6441.3 6245.92 505.687 135.243 28.5776 20.1808 124.294 101.977 195.382 165.863 688.962 4505.63 4252.38 3988.9 63.8579 14675.8 11657.8 11631 3018.01 2968.06 49.9466 13942.7 13262.6 9124.85 2805.19 62.9264 5336.09 583.723 510.69 6319.66 408.294 257.92 3158.38 96.2873 416.255
internal_count=296831 286266 275891 209541 66350 165604 10375 5757 160881 5477 43937 144704 132165 10565 484 10081 131617 4790 1287 1045 42086 40542 19351 1818 93560 92571 242 28430 27520 3790 548 280 143 831 655 910 767 4723 21191 19091 17680 448 64141 51646 51507 12495 12240 255 62691 58506 40190 12222 687 38057 3277 2846 27968 1686 1039 17533 673 2212
is_linear=0
shrinkage=0.05


Tree=74
num_leaves=63
num_cat=0
split_feature=10 48 69 68 29 69 45 23 30 53 60 6 20 69 1 46 1 66 63 7 44 18 8 59 1 26 26 23 16 69 41 69 1 9 1 8 41 63 45 34 48 44 2 45 42 69 69 59 67 66 54 63 33 30 39 54 55 62 69 14 46 36
split_gain=182.421 88.7031 73.7467 52.712 51.5431 43.681 40.6397 36.4798 35.4838 46.2829 34.6499 33.5771 33.5647 32.924 29.9909 33.3664 29.8238 29.6097 28.7507 26.1459 26.9343 34.1759 31.1596 29.5582 25.8709 24.9455 24.1589 25.8687 36.8431 46.8395 31.6253 26.1527 23.5903 23.8583 33.127 27.2494 23.4972 23.2901 23.211 22.9129 22.8133 22.5191 22.525 30.704 27.7742 26.7235 21.9452 24.4778 31.055 23.2519 21.7947 21.3583 22.4642 22.4847 21.1896 21.1864 20.6416 20.0232 19.9633 19.9731 22.4612 21.6622
threshold=17.500000000000004 367065762881.72784 21.162514624978222 7.3726059476560311 1.5273884763556426e+18 0.10456237086455401 0.67277211134400716 5.4252272727272741 33.500000000000007 87.500000000000014 0.76379066470784185 6.7300000000000013 57.500000000000007 4.7689533494311824 4.3950000000000005 95.003571428571433 6.4850000000000012 0.14780378300014815 10.482514862117862 5.2100000000000009 0.3807886552931955 31787728920.71088 0.17850000000000002 462.29718982610228 7.5950000000000006 -1.0000000180025095e-35 93.563333333333347 4.5998855835240287 18.684659090909097 33.19173346443953 0.19444444444444445 27.236224515197534 4.6950000000000012 57451204.000000007 6.9450000000000012 0.19950000000000004 0.061111111111111054 216.8610349357036 1.0133537911075883 0.55239763334626046 5644428294.6210337 0.63035882061011939 12.500000000000002 1.9853462029862983 4.8850000000000007 26.136046526100923 1.6320822234945609 735.44328314882227 0.90255091666790865 0.58068084432175981 0.58357095760436362 13.978977794713476 4.2836021505376349 30.500000000000004 6.1440622366080754e+19 0.4721076357902575 919531.87891146925 0.6960363309058174 0.52281185432277033 0.6788322495621697 14.091559748427676 12.000787401574806
decision_type=2 2 2 2 2 2 2 2 2 2 2 2 2 2 2 2 2 2 2 2 2 2 2 2 2 2 2 2 2 2 2 2 2 2 2 2 2 2 2 2 2 2 2 2 2 2 2 2 2 2 2 2 2 2 2 2 2 2 2 2 2 2
left_child=1 2 3 7 32 -5 -2 16 58 -10 -11 -7 37 14 -13 24 17 -1 54 -15 22 55 23 40 38 -20 27 28 -6 31 -29 39 41 34 35 -34 -24 -8 -16 -30 51 42 -4 -44 -45 -46 -27 49 56 -48 -32 52 -21 57 -19 -22 -49 -54 -3 60 61 -60
right_child=6 8 4 5 26 11 12 -9 9 10 -12 13 -14 19 15 -17 -18 18 25 20 21 -23 36 -25 -26 46 -28 30 29 -31 50 -33 33 -35 -36 -37 -38 -39 -40 -41 -42 -43 43 44 45 -47 47 48 -50 -51 -52 -53 53 -55 -56 -57 -58 -59 59 -61 -62 -63
leaf_value=-0.0096679177135916561 0.047425635768136 -0.055330875967203479 0.001413852571676372 -0.034237126696007834 0.040981865090339201 -0.021064082652755084 0.010149689998451727 0.017061013452098952 0.043665159686140036 -0.10516547443995093 0.045517198437403046 -0.010621552102121958 0.047391210248127917 -0.0074568523122460918 -0.0032448423597313046 -0.017987805825287521 0.027048455097203369 -0.0045630185868738666 0.06057706328783178 -0.013852657377684721 -0.066690744756754114 0.029498871294620567 -0.011330581421728486 -0.012677796482005316 0.060364939907329052 -0.0071927948313209398 -0.0043949344333110455 0.0066802919275873451 -0.065296800690157628 0.063292966333761497 -0.073305324290807133 -0.11166601538744687 0.0050127835114094858 -0.035019592341835236 0.04058853769336928 -0.0064895226072066645 0.042365603940657769 -0.080024497746459589 0.009958487281187707 0.013871095471213644 0.03120676338417246 -0.015449572710975227 -0.012238819539436339 -0.011153106682071685 -0.0050639822877595123 0.063076737911994391 -0.00066740295180729194 -0.0047889741285412658 0.071890189087352965 0.0068730977300114739 0.029221277594018321 0.0026510921990032365 -0.001586031497208261 -0.070122472500372887 0.03041954690789116 -0.0031110220571382435 0.086738731699358154 0.019057647860842963 -7.8839697682135733e-05 0.04726509238752382 0.013183590830261039 -0.085102876092102875
leaf_weight=586.35687156766653 215.48248140141368 11.290054082870482 8031.7409579008818 106.88245823979378 26.129915118217468 234.38545341789722 172.67206786572933 396.90253070741892 190.90486809052527 9.5688685402274114 6.3449861146509638 1802.9334152210504 69.140881622210145 1520.5969430785626 4390.5020989123732 351.56737485527992 112.49458984471858 1625.9163967445493 19.367636729031801 387.15812507271767 13.123881369829176 80.634024232625961 654.07443217933178 362.27423205971718 16.557424932718277 421.65669725462794 154.80154129117727 274.38920618221164 20.006652325391769 11.016275325790046 5.2423130124807349 12.980559881776569 6120.0309160333127 38.63526763021946 62.596684329211712 562.20561884343624 21.028669029474258 7.4703533798456183 360.16987884789705 16.825962476432323 65.697721814736724 222.65969432890415 610.37768985331059 51.428786605596542 22.517085283994675 39.858808532357216 1572.3072803225368 43.874020118266344 30.410568349063396 2922.8306241165847 461.56027047336102 9455.959633577615 1472.0136775895953 11.493791297078131 44.471159743145108 8112.5410134289414 7.1660936772823325 127.64828219264746 20.21011521294713 36.027468651533127 218.87376843765378 11.903737045824526
leaf_count=3411 8377 52 34172 2469 341 1797 1912 1798 4896 47 120 15370 2488 7192 34025 2537 499 9260 235 2084 59 947 3442 1973 67 3435 894 1646 109 76 24 79 28090 209 264 2381 102 32 1895 99 581 1019 2350 214 90 146 7484 301 178 13562 5014 40953 7052 61 368 35295 33 570 129 785 1677 64
internal_value=0.000330568 6.49596e-05 -0.000129852 -0.0013665 0.00262711 -0.00233083 0.031523 0.00229411 0.0209205 0.036836 -0.045087 -0.002215 0.0177767 -0.00206373 -0.00507592 -0.00312264 0.00150067 0.00110559 0.00205013 -0.00112811 -0.000664633 -0.00289228 0.000791148 0.00138483 -0.00202639 0.00394163 0.0137355 0.0171246 -0.00867483 -0.0300054 0.0201515 -0.0506385 0.00193437 0.00415977 0.00438419 0.00404504 -0.00965801 0.00641024 -0.00224384 -0.0291311 0.00182706 0.00025304 0.000652352 -0.00779328 0.0160498 0.0384786 0.00372217 0.00472781 0.0318928 0.00423558 0.0280699 0.00165855 -0.00303812 -0.000439409 -0.00363167 -0.00321371 0.00806163 6.12729e-05 0.00988605 0.0124514 0.00745418 -0.031595
internal_weight=55045.9 54581.1 54076 37331 16745 29547.2 464.766 7783.75 505.124 206.819 15.9139 29440.4 249.283 29206 6921.73 5118.8 7386.85 7274.36 6688 22284.2 20763.6 8206.3 12557.3 11882.2 4767.23 5017.61 982.953 828.151 86.9594 60.8295 741.192 49.8132 15762.1 6783.47 6744.83 6682.24 675.103 180.142 4750.67 36.8326 11520 8978.58 8755.92 724.182 113.805 62.3759 4998.25 4576.59 81.4507 4495.14 466.803 11454.3 1998.31 1611.16 1670.39 8125.66 51.0401 1599.66 298.305 287.015 250.988 32.1139
internal_count=296831 284022 276252 199035 77217 158471 12809 40564 7770 5063 167 156002 4432 154205 53894 38524 38766 38267 34856 100311 93119 36301 56818 53274 35987 25228 8282 7388 704 363 6684 287 68935 30944 30735 30471 3544 1944 35920 208 51301 37991 36972 2800 450 236 24993 21558 512 21046 5038 50720 9767 7683 9628 35354 334 7622 2707 2655 1870 193
is_linear=0
shrinkage=0.05


Tree=75
num_leaves=63
num_cat=0
split_feature=22 30 1 69 68 1 2 45 44 34 15 9 66 40 59 69 1 7 53 46 40 2 55 20 67 17 59 33 66 61 35 30 52 69 13 65 20 40 33 64 47 46 47 40 24 59 63 44 69 12 15 26 68 68 1 46 58 59 24 1 70 69
split_gain=171.244 94.6485 68.7424 59.1666 53.3855 51.1398 47.0275 46.0735 56.8649 41.9069 41.5387 39.2996 39.1025 43.6757 33.4044 31.251 31.2342 29.8937 29.7551 80.7899 29.3073 29.3514 28.5524 25.7356 25.7674 25.6498 25.5324 24.9262 23.629 23.5455 22.0503 41.1622 46.2871 21.9551 21.4775 20.1579 19.6725 28.892 19.2852 18.9864 23.1296 26.3791 23.005 33.3351 22.5548 19.1744 18.8277 20.4868 23.1511 19.983 18.7698 28.2142 20.1298 18.2849 19.0663 20.4539 18.2155 17.7998 21.4442 20.9979 20.059 19.7647
threshold=7.5950000000000006 72.500000000000014 4.4850000000000012 0.52281185432277033 14.976542208875104 6.495000000000001 7.5000000000000009 0.62941229261340947 0.56243506283969602 0.3344772040064915 0.67390523053952889 335768928.00000006 0.85260769842926931 17.500000000000004 2764.1534509597445 21.789888850165543 7.4850000000000012 6.2150000000000007 11.500000000000002 29.612761627906984 32.500000000000007 12.500000000000002 1993174.1147112644 21.500000000000004 -0.25037047035109422 1.0000000180025095e-35 25.404370658186085 4.7291787090558772 0.99353402350479769 12.85714285714284 0.92564799653848417 154.50000000000003 6460617.7149496069 22.717311617833762 4.3508064516129039 3.5000000000000004 28.500000000000004 480.50000000000006 4.9100561797752826 1.0000000180025095e-35 61.434186342362146 31.643650793650799 27.642604618255067 52.500000000000007 0.71856032855750607 218.27334304790955 13.978977794713476 0.41457809879442509 1.9685002862761696 5.7950000000000008 1.0679372505817668 10.001271186440681 108.72140913722923 0.87397238221516582 5.285000000000001 36.762423611111124 6969973.9504426131 129.11076408121798 0.24913932775921896 4.8050000000000006 5.0691788171597159 2.9777544746209959
decision_type=2 2 2 2 2 2 2 2 2 2 2 2 2 2 2 2 2 2 2 2 2 2 2 2 2 2 2 2 2 2 2 2 2 2 2 2 2 2 2 2 2 2 2 2 2 2 2 2 2 2 2 2 2 2 2 2 2 2 2 2 2 2
left_child=1 2 3 34 5 10 22 -3 9 36 -4 15 13 53 25 16 26 -7 -11 30 21 46 29 24 -10 50 -6 28 -14 33 -20 -32 -33 -5 -1 -28 37 -9 -17 -22 41 44 -43 45 -41 -44 -8 48 -48 -49 52 -52 -2 54 55 -12 -24 58 61 60 -59 -55
right_child=14 7 4 6 11 17 20 8 23 18 12 -13 27 -15 -16 38 -18 -19 19 -21 39 -23 56 -25 -26 -27 35 -29 -30 -31 31 32 -34 -35 -36 -37 -38 -39 -40 40 -42 42 43 -45 -46 -47 47 49 -50 -51 51 -53 -54 57 -56 -57 -58 59 -60 -61 -62 -63
leaf_value=0.03477594088019894 0.029224230985791761 0.042775201003121079 0.024813201312647956 -0.020786614135893569 0.0033915877247823012 0.03172067391499428 -0.0055965703082645167 -0.072163960377406841 -0.012388923693952943 0.038815781723396246 -0.012615735094530631 -0.026225753088720001 0.0052475736715967142 0.0066975377645808604 -0.10601890096669027 0.0014921876891256802 0.041329537137314958 0.0010843097492134969 0.052050436003756674 -0.068626149010523038 0.0045859875637391176 -0.0093874244449563063 0.031007750598515141 0.019547796521230218 -0.12416815907008774 0.048482729396216742 -0.0024260881050796471 0.0097831735307098155 -0.00523523736621089 0.019065981115807124 0.057261055567031871 -0.096141411666370746 0.056294915746423757 0.023297186605347152 -0.034876544851164225 -0.018168991952707072 0.0098878615260034105 0.037991474494461865 0.009313923184357871 -0.009882758282702131 -0.018469154401352137 0.02263697919353928 -0.019685137036833725 0.020205555556059601 -0.081228879930886316 0.0074995050803427334 -0.010719005197672637 -0.0049677877438021999 0.001287529152737519 0.0068753167179625837 -0.11556293344234175 0.052687050049233408 -0.084870365074960818 -0.0089251636894535618 0.026294926915795408 0.018077650774852384 -0.0041323063958692745 -0.0086882817771796444 -0.011390606819441793 0.0086030002900301245 0.010572606211227676 -0.00034291657812104363
leaf_weight=11.817892611026762 129.11353344656527 166.57648758217692 215.34531841613352 724.95165925100446 2021.6643628254533 249.11340760812163 2713.0428876802325 25.456249792128801 8.2041624262928998 165.41872128285468 119.87036066129804 147.71908131986856 2619.2790841739625 2224.030489332974 4.1343609094619742 4138.1925607528538 42.170302277430892 117.03073949739337 48.045415874570608 27.753105457872152 2711.3023710418493 1421.0502347946167 46.639552887529135 8.5476366411894542 13.875301659107208 200.92643573693931 10750.690961752087 2414.597453199327 676.37887857109308 42.770916752517223 18.383122514933348 14.552695505321028 7.5705786012113085 29.388337265700102 174.31329897604883 207.25623867660761 29.122882280498743 7.7693232819437972 973.43076197989285 239.53622744418681 203.92322849482298 155.92797778733075 178.08604722097516 138.47418337129056 11.614510294049976 102.0278869625181 425.95197751000524 3670.126421995461 6991.7591024413705 394.46290253102779 5.9014621526002866 4.3125447575002909 3.9852103758603326 837.92000395432115 116.81782737001777 99.194763407111168 176.21816637553275 498.65845691598952 720.42714586481452 761.32799100130796 185.44562873989344 3364.6835613921285
leaf_count=102 2799 4618 2629 5314 11041 1131 15271 135 59 2955 693 1932 12636 11344 17 18284 171 549 1270 215 13200 7266 266 147 89 7529 55415 11943 3275 237 118 105 112 120 2994 1256 468 84 5290 1223 874 807 759 615 58 422 4543 15643 32631 2127 30 161 29 6585 580 544 853 2531 3259 3723 936 14819
internal_value=0.000315104 9.21684e-05 -0.000116117 -0.00239179 0.00128071 0.00346819 -0.00213546 0.0208965 0.0111701 0.0169815 0.00301315 -0.000540495 0.00269246 0.000625823 0.0352592 -0.000331257 -0.00163175 0.0219284 0.0251905 0.00581146 -0.00158408 -0.00253629 -0.0125996 -0.0541163 -0.0826339 0.036956 -0.00177132 0.00592378 0.00309615 -0.0170229 0.029141 0.00196772 -0.0439777 -0.0190692 -0.0304542 -0.00272385 -0.020111 -0.0464057 0.00298172 0.00239093 -0.00338951 0.000334862 0.00624386 0.000137267 -0.0131822 -0.00978348 -0.00185045 -0.000965315 0.00059807 -0.00381843 0.0207954 -0.0445246 0.025808 -0.00138835 0.00998167 0.00128252 0.00322179 -0.00198802 -0.00342035 0.00289039 -0.00346708 -0.00205406
internal_weight=54954.3 54605.9 54064.6 20563.4 33501.2 15220.1 20377.3 541.276 374.699 344.072 14854 18281.1 14638.6 8928.38 348.374 18133.4 13021.8 366.144 281.724 116.305 19357.3 15616.4 1019.97 30.6271 22.0795 344.239 12979.6 5710.26 3295.66 797.111 88.5518 40.5064 22.1233 754.34 186.131 10957.9 62.3485 33.2256 5111.62 3740.89 1029.59 825.667 574.516 418.588 251.151 280.114 14195.3 11482.3 7417.71 4064.59 143.313 10.214 133.099 6704.35 335.883 219.065 222.858 6368.46 4923.03 1445.43 684.104 4202.6
internal_count=296831 286266 275891 105325 170566 77177 102229 10375 5757 5462 75497 93389 72868 45014 10565 91457 67883 1680 4775 1820 95439 77481 6790 295 148 10548 67712 27854 15911 5671 1605 335 217 5434 3096 56671 687 219 23574 17958 4758 3884 2603 1796 1281 1181 70215 54944 37174 17770 3019 191 2828 33670 1817 1237 1119 31853 24663 7190 3467 21404
is_linear=0
shrinkage=0.05


Tree=76
num_leaves=63
num_cat=0
split_feature=11 48 1 69 68 1 3 43 3 20 66 69 0 30 53 22 40 43 30 3 54 47 52 59 59 38 69 63 27 45 48 40 35 52 23 67 47 69 63 1 63 38 43 46 1 2 59 43 40 59 42 48 69 70 1 63 68 3 0 69 8 42
split_gain=161.888 76.9682 62.8795 53.4751 48.7091 48.721 40.9683 40.7812 40.2714 38.485 37.9122 37.5931 35.1993 34.2689 41.1964 33.0369 31.3538 32.0605 51.8918 30.1347 29.123 34.5472 28.1134 25.7554 24.4548 26.6738 24.3611 31.8505 24.6699 23.8812 23.6048 39.1521 21.7532 21.215 21.125 25.6731 20.7102 20.6027 20.4345 20.1277 20.0743 19.959 31.2695 21.4933 19.8486 22.7267 19.2392 19.0558 23.7071 24.9587 21.3818 18.9675 18.4321 21.8254 18.8527 21.3479 20.6251 18.2272 18.1155 17.9855 17.6844 17.6657
threshold=17.500000000000004 367065762881.72784 4.4850000000000012 0.52281185432277033 14.976542208875104 6.495000000000001 108.15000000000002 4.6463525498891363 109.65000000000002 57.500000000000007 0.84335933205092517 29.709351895646119 8.9025000000000016 33.500000000000007 87.500000000000014 6.2950000000000008 1.5000000000000002 4.8216148309113143 8.5000000000000018 107.95000000000002 1.5634601348517061 2.9442033308215207 6460617.7149496069 486.54259682889079 75.841618826158538 3724231179.3580117 1.8139298249981335 238.85049593420416 7.0118453111128742 0.64277231498083276 5644428294.6210337 67.500000000000014 0.7457838251554183 1858092.2108322757 4.4889493949394952 -0.71322329076259927 10.001296706855136 30.40946516143487 9.5990189738936245 7.1850000000000014 216.8610349357036 748773327.62356699 4.4636602870813418 127.04097222222224 5.7950000000000008 7.5000000000000009 735.44328314882227 5.0769672855879762 13.500000000000002 118.51773684415902 4.9850000000000012 171503692.13773829 1.513881282517239 7.3171220329022884 5.7150000000000007 13.637565178119603 23.982318826515201 329.95000000000005 34.850000000000001 0.52281185432277033 0.13550000000000004 5.4250000000000007
decision_type=2 2 2 2 2 2 2 2 2 2 2 2 2 2 2 2 2 2 2 2 2 2 2 2 2 2 2 2 2 2 2 2 2 2 2 2 2 2 2 2 2 2 2 2 2 2 2 2 2 2 2 2 2 2 2 2 2 2 2 2 2 2
left_child=1 2 3 34 5 8 11 9 10 40 19 38 -8 59 -15 -12 51 23 -19 44 29 -22 -16 39 -13 30 28 37 -21 -14 -26 41 -25 -17 35 -1 -7 47 -5 -18 60 42 -32 -44 45 -4 57 50 49 -49 -28 52 -6 54 -54 56 -56 -31 -51 -3 -2 -40
right_child=7 13 4 6 16 36 12 -9 -10 -11 15 24 20 14 22 33 17 18 -20 26 21 -23 -24 32 25 -27 27 -29 -30 46 31 -33 -34 -35 -36 -37 -38 -39 61 -41 -42 -43 43 -45 -46 -47 -48 48 -50 58 -52 -53 53 -55 55 -57 -58 -59 -60 -61 -62 -63
leaf_value=0.086375625493816041 0.0095064763470015592 -0.052668651599413634 -0.026746957340630775 -0.0091915695519549628 -0.009917862600137807 0.013953262723497973 -0.013349525923085921 0.045246311680975246 0.01034373718874927 0.048314818632856527 0.0042515511607988839 0.011641135702741407 0.016767119326982799 0.042922867781547913 -0.085939264634816617 0.023242283108514603 -0.00071651252836682066 0.0020976154111997437 0.019790530949669226 -0.012529383914533633 0.068194113466134673 -0.012106700341136097 0.054993853699182131 -0.055191522082503455 -0.00045263348626121925 0.026567070884684164 0.0036668700888214246 0.044858062207864091 0.04360512722314451 0.0029523118372085304 -0.088973251640055512 0.026563237505681004 -0.010031539355372911 -0.053913535206474787 -0.035369029458634363 -0.028780346801967491 0.040540977548947511 0.0076232265493148786 -0.0017709428538323947 0.054391702818232329 -0.079238236560786546 -0.095832558709403437 0.032084313024078874 -0.037111084782515874 0.026506755362344727 0.0057274743696908255 -0.027372946653537213 -0.0029350948513974643 0.035302129710368647 0.027996927468933442 -0.0052173702707541923 -0.014945847852585993 0.0021594374920444249 0.070481414993402727 0.038354392654508573 -0.013827314526871099 -0.0067029410450774101 -0.048335719389744854 -0.0018166113129867692 0.011484970220011388 -0.070821740588959473 -0.0059733855839136539
leaf_weight=8.3000385202467459 139.78214087709785 11.366092525422571 56.055412467569113 2019.3622837215662 794.74988775700331 261.42965598031878 385.3094753921032 226.50518471747637 1605.0110784266144 61.512892279773951 4940.9992538485676 564.63203986547887 309.36845818161964 179.30292686074972 10.948494579643013 304.51583592034876 9982.243523882702 4292.6633142642677 458.70308357477188 642.34922992810607 13.801901362836359 453.28287889622152 5.2283899616450062 28.492991130799055 1208.3283259496093 84.359768610447645 847.81670532375574 38.122325714677572 20.187638305127621 5062.9816984403878 17.053367897868156 27.266499824821949 415.84793247282505 9.1778747104108316 161.03087227232754 11.610299985855816 101.7481643743813 617.85732504352927 5501.1891711205244 16.596777111291885 7.3254764378070822 14.549952805042265 18.47529362142086 28.587205529212952 109.92062380351126 1385.5746629219502 53.469584848731756 580.23624411225319 59.106749830767512 136.95490889251232 3366.0883029289544 426.14458163827658 1257.5847273021936 10.679465807974337 42.074480563402176 439.65856172144413 64.080554343760014 17.382689751684666 81.138824991881847 281.50482297874987 7.2048008404672137 4584.9869561642408
leaf_count=63 1342 52 336 12002 9413 1150 2376 9006 8160 2391 23560 2862 1801 4896 65 2763 44385 19258 3542 5098 80 2195 102 131 4927 485 4235 229 79 23684 70 144 2350 65 2904 125 508 3348 28292 69 31 72 82 126 532 7252 520 2535 429 583 15842 2032 8913 85 247 2628 406 116 338 2655 39 22825
internal_value=0.000300321 5.54854e-05 -0.000123423 -0.00229987 0.00121562 0.00330934 -0.00205943 0.0304266 0.0028654 0.0148736 0.00195583 -0.00355962 0.00129307 0.0198162 0.0360284 0.0052505 -0.000526044 0.000400702 0.00380571 -0.000224199 0.00224766 -0.00973389 -0.0403895 -0.00114849 0.00285838 -0.000687277 -0.00174192 -0.000691889 -0.010819 0.00327581 -0.00243668 -0.0250679 -0.0129274 0.0209849 -0.0293617 0.0192248 0.0214021 -0.000997111 -0.00460048 -0.00062504 0.00154311 -0.0429639 -0.0309663 -0.00994709 0.00602634 0.00446476 0.00246281 -0.00204735 0.00474725 0.00248503 -0.00342991 -0.00516579 -0.00356824 -0.000786463 -0.0012085 -0.00896842 0.0111555 0.00277683 0.0169052 0.00899522 0.00556906 -0.00368129
internal_weight=54869.8 54427.5 53939.1 20545.3 33393.8 15164.3 20364.4 442.33 14801.1 215.825 13196.1 14068.8 6295.6 488.351 195.48 5254.69 18229.5 15194.5 4751.37 7941.41 5910.29 467.085 16.1769 10443.2 1963.25 1398.62 6389.86 5727.32 662.537 5443.2 1314.26 105.932 444.341 313.694 180.941 19.9103 363.178 5689.2 12105.5 9998.84 154.312 78.6658 64.1159 47.0625 1551.55 1441.63 5133.83 5071.34 857.437 798.33 4213.91 3034.97 2608.83 1814.08 1803.4 545.814 106.155 5080.36 218.094 292.871 146.987 10086.2
internal_count=296831 284022 276252 105751 170501 77042 102659 12809 75384 3803 67224 71887 30772 7770 5063 26388 93459 69735 22800 40836 28396 2275 167 46935 8768 5906 32716 27539 5177 26121 5421 494 2481 2828 3092 188 1658 27310 63119 44454 1412 350 278 208 8120 7588 24320 23962 3885 3456 20077 23724 21692 12279 12194 3281 653 23800 921 2707 1381 51117
is_linear=0
shrinkage=0.05


Tree=77
num_leaves=63
num_cat=0
split_feature=20 18 48 69 15 65 9 40 54 63 9 44 43 63 46 22 29 43 43 43 69 43 40 64 5 40 63 66 43 3 63 44 61 18 6 0 64 43 44 67 33 7 44 7 60 48 43 32 2 6 40 34 33 42 8 69 30 64 40 58 0 47
split_gain=154.538 92.6916 63.6948 58.5174 49.0964 46.9189 46.122 31.3967 30.7952 29.0644 32.9682 33.4952 30.1486 28.2076 27.6996 24.8035 30.5093 24.416 23.4859 37.7894 27.6311 22.8316 26.2674 23.4491 22.9712 21.783 24.9684 22.8797 21.5974 21.8623 21.4814 21.1849 22.3028 21.1192 23.785 21.1891 22.5827 26.3391 23.2689 26.5284 20.8917 20.4733 21.253 37.5823 28.793 21.9379 21.2748 26.551 20.2843 21.4433 20.1334 37.4878 23.223 21.1542 19.9367 19.9093 19.762 29.092 22.2899 40.1554 19.7372 19.7144
threshold=76.500000000000014 177961840574.29214 1448954142357.0898 21.162514624978222 0.67086139480990126 3.5000000000000004 8150.0000000000009 179.50000000000003 0.58357095760436362 9.5990189738936245 16482336.500000002 0.46216880033165381 4.300625000000001 156.3461430953665 247.98571428571429 6.9650000000000007 3.3155042422882111e+19 6.5562500000000004 5.9866228070175449 4.9250850340136072 43.193351547135997 4.9319574468085117 57.500000000000007 1.5000000000000002 0.9850000000000001 22.500000000000004 230.56494159877005 0.68832836526074803 5.020096153846155 177.95000000000002 203.84941427522196 0.42817441928883782 11.806879526703336 2299402704.9364161 3.6650000000000005 34.107000000000006 2.5000000000000004 5.2006250000000014 0.66366954876927242 0.72534675097891099 4.2605000000000013 1.6050000000000002 0.3807886552931955 10.615000000000002 7.4808358073659376 1287019630.9789741 4.2994949494949504 5.5950000000000006 2.5000000000000004 0.8650000000000001 17.500000000000004 0.30504851152610518 4.6750739644970425 4.7950000000000008 0.32050000000000006 4.7689533494311824 36.500000000000007 1.5000000000000002 59.500000000000007 1387555.985352624 42.030500000000011 1.2572830495136293
decision_type=2 2 2 2 2 2 2 2 2 2 2 2 2 2 2 2 2 2 2 2 2 2 2 2 2 2 2 2 2 2 2 2 2 2 2 2 2 2 2 2 2 2 2 2 2 2 2 2 2 2 2 2 2 2 2 2 2 2 2 2 2 2
left_child=1 2 3 5 8 6 33 15 -5 48 11 12 31 -10 21 16 18 25 19 20 41 56 23 -23 -25 27 28 -14 29 -27 -17 32 55 -1 -35 36 -36 38 -38 -40 -16 -6 44 -44 45 46 47 -43 49 -8 -7 53 -53 -52 -21 -11 -13 -58 -59 -60 -28 -2
right_child=61 -3 -4 4 7 50 9 -9 13 10 -12 14 17 -15 40 30 -18 -19 -20 54 -22 22 -24 24 -26 26 60 -29 -30 -31 -32 -33 -34 34 35 -37 37 -39 39 -41 -42 42 43 -45 -46 -47 -48 -49 -50 -51 51 52 -54 -55 -56 -57 57 58 59 -61 -62 -63
leaf_value=0.0022644118413238704 -0.041803459442087826 0.038217699600913368 0.042175669137442008 -0.095411687218136809 0.019758955341937504 -0.019836964659923746 -0.049501595015874034 0.029681549130430418 0.042221068262222126 -0.014336164270382784 -0.008322414229580322 -0.0057753414433858175 -0.0012852107284205545 -0.062007343349586956 0.02420572490615816 0.028001845607153172 -0.070083594991220327 -0.026058562767678276 -0.015321063110623395 0.0094643854696145838 0.013619348001413579 -0.0024144999077034711 0.05397436510476953 0.022458628218908511 -0.0027503710028602157 0.0017663956599690883 0.047041896209295914 0.0025569852057087546 0.046263788409259599 0.017633600013553821 -0.058754880895669839 -0.058039686349413838 0.024041492755079306 -0.026262674806458126 0.020802445059449597 -0.011080476232886667 0.015426196468664558 0.030644837900969443 -0.0092529869804525069 -0.077596571313986104 -0.027879835471511485 -0.0043527705528786861 -0.003714748122973479 0.0052881135184726065 0.048561186675834034 0.017741135904588382 0.0026319905529034807 -0.049342895761654917 -0.0061199169686183543 0.0042290657930222058 -0.021052420327142583 -0.042364498922085707 0.032657389705452199 0.034340729150253185 -0.017379554937236245 -0.0028239200193131806 0.021678992053036503 0.019189733627074497 -0.10772720027686367 0.0010279599138764152 0.0040123498723427624 0.046354136928656996
leaf_weight=3555.6161026451737 6.5502933450043193 159.21564305759966 89.422447210177779 4.5587004572153083 140.62844546511769 473.09532892331481 19.065561056137085 102.93706807121634 124.36689707636833 470.61749050393701 1418.3896207734942 4053.4259551614523 7312.8258479069918 6.8488086257129899 21.613982610404491 129.00073611177504 14.74548442289233 81.645260080695152 196.29603517055511 1933.0945390481502 432.13561374880373 1066.310051837936 24.121847938746214 220.76551471464336 152.99348320439458 1369.4776789452881 65.782758481800556 8241.1606266833842 31.222248019650578 257.98262830637395 7.5527677461504927 18.500832885503769 67.325538385659456 40.073324516415596 536.48721393756568 79.915681838989258 35.989676281809807 43.175581060349941 37.100495709106326 23.002298012375832 176.18000447750092 659.15112905204296 4794.7291679661721 1528.8316975869238 33.658922923728824 220.43594131246209 6340.1228416264057 34.510287329554558 4688.283205633983 712.93071379885077 22.721222698688507 53.974326280876994 12.752489794045685 71.388515889644623 71.733894191682339 1859.2673677355051 149.22577144578099 21.786777967587113 14.794629110023378 19.90961591526866 44.798166021704674 199.11572219990194
leaf_count=18115 159 4450 1999 21 627 3675 170 1527 2130 4639 14700 17468 36393 64 105 1612 121 347 811 10279 2721 4868 298 1031 657 6373 492 39776 209 1200 42 85 546 218 4124 560 361 199 206 120 784 2609 21903 6952 207 1041 25734 136 28230 4252 107 240 64 296 287 9623 1501 164 105 157 184 8757
internal_value=0.000286105 0.000123122 1.16907e-05 -5.76934e-05 0.00239763 -0.00115414 -0.000922633 0.00215329 0.0323424 -0.00156837 -0.000901233 -0.00049232 0.000493474 0.0367809 -0.0037922 0.00198193 0.00180523 0.00121997 0.00186993 0.00207837 0.00117017 -0.00315645 0.00222967 0.00136292 0.0121396 0.00134853 0.00660555 0.000750547 0.00507189 0.00428164 0.0232033 -0.00474082 -0.00432948 0.00391229 0.0112755 0.0132662 0.0161454 -0.00179436 -0.0163697 -0.0354092 -0.0221882 0.000778979 0.000582885 -0.00153815 0.00242327 0.00220919 0.00172243 -0.00659107 -0.00491131 0.0028296 -0.0146415 0.000640804 -0.0280267 0.020967 0.00850389 -0.0051493 -0.00500807 0.0101102 -0.0204499 -0.045335 0.0296099 0.0435464
internal_weight=54795.3 54589.7 54430.5 54341 16775.3 37565.7 36931.8 16639.6 135.774 32580.4 27160.1 25741.7 19820.6 131.216 5921.13 16536.6 16400.1 17404.9 16385.3 16189 14184.2 5723.33 1464.19 1440.07 373.759 17323.2 1769.26 15554 1658.68 1627.46 136.554 2415.71 2397.21 4351.36 795.744 755.671 675.755 139.268 96.0925 60.1028 197.794 13752.1 13611.4 6323.56 7287.88 7254.22 7033.78 693.661 5420.28 731.996 633.932 160.837 66.7268 94.1097 2004.83 2329.88 4259.14 205.717 56.491 34.7042 110.581 205.666
internal_count=296831 287915 283465 281466 78824 202642 198260 76609 2215 174357 141705 127005 99867 2194 27138 75082 73428 84974 73307 72496 61930 26249 6854 6556 1688 84627 8458 76169 7782 7573 1654 14893 14808 23903 5788 5570 5010 886 687 326 889 59209 58582 28855 29727 29520 28479 2745 32652 4422 4382 707 304 403 10566 14262 19395 1927 426 262 676 8916
is_linear=0
shrinkage=0.05


Tree=78
num_leaves=63
num_cat=0
split_feature=20 19 49 1 69 9 62 1 8 1 5 7 0 69 40 68 9 15 68 66 43 34 8 40 20 43 69 61 63 35 30 69 7 7 26 62 38 9 70 1 23 67 40 43 61 52 52 55 47 65 56 19 34 69 69 69 47 63 27 5 58 7
split_gain=145.797 86.6344 59.5487 54.9868 51.2631 47.7159 36.5458 33.5317 40.4079 35.9932 41.1233 39.8261 33.7127 32.4603 30.4626 26.8164 26.1769 26.0266 25.7173 23.8891 23.25 26.8897 26.0968 23.0368 22.9848 27.7337 22.9258 25.2982 22.1131 22.0587 22.5393 21.6322 21.0432 20.4621 20.2436 20.146 19.8387 19.684 19.5801 19.4567 19.1763 22.5114 18.7343 50.826 25.0329 24.8111 21.2712 20.8525 20.3057 19.0848 18.9387 18.731 29.6803 18.692 18.5861 18.4528 19.2973 18.4295 18.3542 18.1389 18.1243 21.1812
threshold=76.500000000000014 2.2404068342863944e+20 1.8241251903377698e+21 4.4850000000000012 0.52281185432277033 183581.50000000003 1.7266528925619837 6.9450000000000012 0.12250000000000001 5.1950000000000012 0.89500000000000013 10.015000000000002 58.750000000000007 16.04350464265266 13.500000000000002 17.508842896847693 1011552483.0999991 0.70003545440719017 53.548285677900743 0.82409480842201688 4.3179029304029317 0.30276854609533327 0.14550000000000002 3.5000000000000004 4.5000000000000009 4.7466919191919201 2.5685973712379586 12.857142857142749 216.8610349357036 0.76001534333069165 35.500000000000007 0.96833847800652217 4.830000000000001 6.6200000000000001 33.751000000000012 1.4361415289256196 2823492273.4341512 12015.500000000002 48.056661163319596 5.7150000000000007 4.5304901185770765 -0.71322329076259927 21.500000000000004 4.8480131578947381 12.856098706041319 251043.90930740783 177502.61975559016 1505463.4201357653 0.37282548461146886 1.0000000180025095e-35 1.0000000180025095e-35 71934765968103600 0.31874754901018459 26.790697891513783 0.69556707575116394 38.456221527967948 1.7999999999999996 169.69374343741904 3.3394272402381424 0.24050000000000002 44721.390993231558 9.9150000000000009
decision_type=2 2 2 2 2 2 2 2 2 2 2 2 2 2 2 2 2 2 2 2 2 2 2 2 2 2 2 2 2 2 2 2 2 2 2 2 2 2 2 2 2 2 2 2 2 2 2 2 2 2 2 2 2 2 2 2 2 2 2 2 2 2
left_child=1 2 3 4 40 6 17 8 9 11 18 31 16 20 32 35 33 28 -11 42 21 26 34 -14 -21 -26 -6 60 37 30 -27 36 -10 -9 57 -12 -7 -5 55 -34 41 -1 45 44 -44 46 49 -47 -49 -19 58 52 -2 -17 -3 56 -15 -22 -46 -56 61 -28
right_child=51 54 -4 5 13 7 -8 12 14 10 15 -13 23 38 -16 53 -18 19 -20 24 22 -23 -24 -25 25 29 27 -29 -30 -31 -32 -33 39 -35 -36 -37 -38 -39 -40 -41 -42 -43 43 -45 50 47 -48 48 -50 -51 -52 -53 -54 -55 59 -57 -58 -59 -60 -61 -62 -63
leaf_value=0.07415192715106482 -0.1376002405852802 -0.045944404792270833 0.041471543303356839 0.025006112293752443 -0.023107286140688438 -0.01397338769347041 0.032106068185854972 0.043477998402458785 0.0020103972426692251 -0.0027689834587220656 0.0082948223303011426 0.0049464784985064616 -0.039197812781904477 0.026051410443881956 0.04024726204783774 -0.00037081739961786154 -0.028083430055715859 0.0057201367775561191 -0.028533771704559764 0.0037857740037371235 7.8848385617831193e-05 -0.02536127282022593 -0.033881219711836046 0.038392835822285351 0.0060427201548855598 0.0053541726880391828 -0.014569917770598221 0.049789674072891851 -0.057316833026391706 0.036447117621463396 0.040230580495258593 -0.0015709320116057378 -0.0032355415927826821 0.010662884431521505 -0.0040837891776504586 0.024316396588079332 0.039062913254179855 -0.0066128125039127631 0.036215175995648517 -0.014106100479652939 -0.035181627609074562 -0.027516222055262957 0.0032503192089170714 0.029664482751501658 -0.03212085983620281 -0.027340894015525738 0.057382420678107643 0.057836646602167731 -0.0071725374252608947 -0.0020430998694240554 0.010314097029591004 0.04958213738306496 0.023878358470341633 0.013525812340271863 -0.079935098708070862 0.0094907720484221705 -0.000558787738874761 0.019399253616771167 -0.13624007834378918 0.043713201999566305 -0.00021152652235081204 0.008182645036561173
leaf_weight=9.2381779290735739 3.1975599527359035 6.3866071235388508 86.469139877706766 271.87499357014894 187.21559833735228 492.79472842998803 112.86996443755925 125.73250235617161 463.11831321194768 493.93748218566179 1872.0091217141598 2471.5799083486199 37.849716812372208 68.667876584455371 33.966982215642929 1591.8202725946903 20.602532997727394 1070.8694630302489 120.47624973580241 3439.737353362143 3024.9949196930975 212.48182713985443 66.198296554386616 12.801909819245337 744.66128020733595 207.70058986730874 637.24191431701183 21.084600262343884 9.6973849050700647 163.5140695143491 59.623448837548494 11924.664815189317 663.73708121851087 76.354363322257996 5978.956323755905 219.18109910935163 18.286471828818321 60.103607809171081 37.858502097427845 1083.7152710296214 154.26899127475917 13.25924978405237 1908.8352013435215 190.12188147567213 9.9040591754019314 154.96907910704613 16.203048907220364 14.018379501998423 83.91672321408987 3036.3956487365067 9.8236419074237329 168.22265814803541 25.854668142274022 285.35609486699104 3.0281360764056435 503.66815477237105 8703.9582520872355 128.68038253858685 7.3915923163294783 144.60359965823591 824.86383263766766 121.84819819033146
leaf_count=67 44 35 1999 3550 2329 6215 549 503 2679 2406 9079 11294 186 284 152 7829 122 4925 645 15439 15724 1029 477 56 4256 1691 4305 153 54 1112 1337 58575 3991 324 33912 1021 76 567 700 6455 2882 147 10160 1945 80 676 63 58 371 13716 80 8220 652 1421 25 2790 36754 632 54 4390 4759 810
internal_value=0.000272858 0.000117592 1.14958e-05 -5.45573e-05 -0.00208184 0.0011948 0.00379401 -0.000171917 -0.000390786 0.00034083 0.00421616 -0.000850515 0.0172314 -0.00185086 -0.00674367 0.00607985 0.0256059 0.00351515 -0.00782103 0.00309742 -0.00366418 -0.0085433 -0.00260086 -0.0195872 0.0058485 0.0118844 -0.00654943 -0.00461809 0.0171076 0.0219813 0.0131329 -0.00200266 -0.00746572 0.0310795 -0.00237412 0.00997407 -0.0120758 0.0192816 0.000330302 -0.00997712 -0.0288926 0.014232 0.00114478 0.00499528 0.00257263 -0.000725825 0.000206533 -0.0159274 0.00213284 -1.90248e-05 -0.0451279 0.0431794 0.00610563 0.00174166 0.0375644 0.000183848 -0.000350496 0.000867185 -0.076618 0.041177 -0.00534233 -0.0109177
internal_weight=54712.5 54515.2 54361.2 54274.7 20694.5 33580.2 11572.2 22008 21734.6 19490.1 4582.78 14907.3 273.341 20517.7 2244.54 3968.37 222.689 11459.4 614.414 11117.7 11203.6 2004.74 9198.83 50.6516 4615.24 1175.5 1792.25 1605.04 341.676 430.838 267.324 12435.7 2210.57 202.087 9132.63 2091.19 511.081 331.979 9314.15 1747.45 176.766 22.4974 6502.45 2126.08 1935.95 4376.37 4123.47 252.904 97.9351 4107.27 27.1193 197.275 29.0522 1877.18 154.018 9276.29 8772.63 3153.68 17.2957 147.632 1583.95 759.09
internal_count=296831 287915 283465 281466 107754 173712 60683 113029 111838 98561 22401 76160 1191 104658 13277 19350 949 60134 3051 55963 64130 13385 50745 242 23835 8396 12356 10027 4171 4140 3028 64866 13125 827 50268 10100 6291 4117 40528 10446 3096 214 32128 12319 10374 19809 18704 1105 429 18641 214 8916 696 9250 4450 39828 37038 16356 134 4415 9874 5115
is_linear=0
shrinkage=0.05


Tree=79
num_leaves=63
num_cat=0
split_feature=21 18 48 69 43 70 43 27 44 67 65 3 56 46 69 3 42 59 68 56 30 36 43 21 45 4 48 38 22 21 60 36 16 53 23 68 54 69 21 32 21 56 42 69 53 30 60 26 61 44 45 38 42 43 16 54 38 46 42 35 70 63
split_gain=137.822 81.241 55.6468 51.918 51.1149 89.3401 57.1559 35.4671 35.1733 35.029 34.3131 33.4008 43.5158 39.8428 38.7578 48.5084 54.5498 40.6108 37.2169 32.0999 31.5097 30.9411 30.5516 45.3537 29.8957 29.4797 28.7037 27.9154 40.6983 33.2286 32.2607 28.4779 27.6301 26.7762 28.2207 28.0167 27.4384 26.7232 33.74 25.7485 24.7304 24.1289 23.9122 41.9336 32.0373 25.6724 23.794 23.587 23.4129 32.9188 23.3828 32.6791 30.2792 37.7156 23.2148 22.9431 22.8864 22.7234 22.3671 28.1497 22.1633 22.3202
threshold=10.928571428571431 177961840574.29214 1448954142357.0898 3.2868953971770685 4.8600373134328372 31.140309936102046 5.9866228070175449 3.5262744796211396 0.62067145377314303 0.99353402350479769 3.5000000000000004 108.85000000000001 22.500000000000004 7.623193277310925 29.50022715391701 107.95000000000002 5.3750000000000009 188.24071947869558 8.7703262541005547 26.500000000000004 142.50000000000003 32.11396194306932 4.2834408602150553 1.2142857142857146 0.76496038612949258 0.076710000000000014 1100863271.7389648 4991429223.2918406 7.2750000000000012 4.6428571428571432 11.868131859328585 16.230952380952385 9.6083333333333361 1.0000000180025095e-35 4.589026662844037 24.925648984705344 2.0297876849237118 2.4776735704861719 0.78571428571428581 4.5700000000000012 1.642857142857143 179.50000000000003 6.0750000000000011 1.8866688655995623 3.5000000000000004 8.5000000000000018 8.5714285607142866 -1.0000000180025095e-35 10.592252618833813 0.63035882061011939 0.68124624612274831 15894357332.74951 7.1950000000000012 4.5571521577380976 26.730180180180181 3.3778459703586434 899025311.76531076 33.889699918897001 5.1950000000000012 1.6286043071371976 3.0741543864100147 77.207452678294786
decision_type=2 2 2 2 2 2 2 2 2 2 2 2 2 2 2 2 2 2 2 2 2 2 2 2 2 2 2 2 2 2 2 2 2 2 2 2 2 2 2 2 2 2 2 2 2 2 2 2 2 2 2 2 2 2 2 2 2 2 2 2 2 2
left_child=1 2 3 9 8 6 7 -6 11 10 26 14 13 25 15 19 22 -16 54 47 21 27 40 -24 -20 -13 33 29 31 -18 -31 -29 -28 34 37 -36 56 -1 -39 -19 46 -10 43 44 45 -34 58 -5 49 -9 -49 -52 53 -53 -15 -23 -35 -54 -17 -60 -26 -62
right_child=-2 -3 -4 4 5 -7 -8 48 41 -11 -12 12 -14 18 17 16 20 39 24 -21 -22 55 23 -25 60 -27 32 28 -30 30 -32 -33 42 36 35 -37 -38 38 -40 -41 -42 -43 -44 -45 -46 -47 -48 50 -50 -51 51 52 57 -55 -56 -57 -58 -59 59 -61 61 -63
leaf_value=0.013031433929424541 0.042898086862996065 0.037032242398929271 0.040760065691621085 0.062469993171652971 0.002789728417273432 0.043866651832729323 -0.011760880360156122 0.010200567533144087 -0.0086490454063329874 -0.022411095105180544 -0.028088940494636467 0.043898171975671273 -0.0070475557166549078 0.025029871670238565 0.0066530981053510574 -0.0089089515053004265 -0.016030733836329327 0.020556105428104706 0.010820767093294303 -0.0091560463509101058 0.046049076712627056 -0.0047408442408106832 0.00052894091210555817 0.038647193155389559 -0.0046975108453253837 -0.028185553136293423 0.040346214541390771 0.027189663557245509 -0.089426861147585246 -0.033265614663839892 -0.17479240955504458 -0.013053278617142491 0.00068366435581991678 -0.02175471708457595 -0.0015699715376373113 -0.0096483135193251076 0.066793074104950861 -0.0043862617699717572 -0.090002409246800044 -0.0051912725070244053 -0.079987815997587114 0.029201295639217806 -0.00021988465067730498 0.046259329935176952 0.068554941918400281 -0.07058689232230328 0.04073125212120976 0.015992245263285302 0.019876636344548157 -0.016526297795799824 0.0037278358860473983 -0.089255748317624339 0.044143391494636419 0.029660520270643195 0.0086603457523083231 0.067673884741630344 0.061067610254581794 -0.064580741578209103 -0.014969834325899793 0.04150977930682135 -0.0005835773554299853 0.0078015759181000429
leaf_weight=421.46214438974857 188.86787486821413 148.59324574656785 83.651584677398205 17.556164111942053 6893.2481514494866 137.66987227275968 590.19666863419116 919.8616631925106 1522.6675567720085 251.01129346713424 137.73241069540381 15.785536978393791 981.61316994391382 252.59742560423911 3127.531672693789 1318.0115756317973 873.15115812048316 104.43496634066105 925.34783019684255 472.25905893370509 29.45390167273581 7655.9718253724277 8865.0755837634206 78.727531462907791 1251.878374196589 139.77067674323916 50.091310814023018 100.06450602225959 11.037270324304698 10.762236073613169 6.4336750730872145 78.407684890553355 39.194125309586525 347.02830960601568 2692.1224465221167 1784.8567879162729 9.3977251611649972 88.33203486353159 13.230925127863882 1382.7899836786091 11.503806680440901 43.302882919088006 1046.6665897388011 78.61430324614048 11.660915017127989 18.646520897746086 26.305197454988956 390.27460976317525 513.66492933779955 131.70498578064144 3437.2949839904904 28.429650397971272 16.098354510962967 8.7106850910931808 1519.2585655953735 10.953652828931807 8.5464954860508424 6.8508984446525565 39.107266843318939 50.613521739840508 1784.9282713271677 1428.9992162641138
leaf_count=2855 8916 4450 1999 221 30599 2389 2611 5081 7944 2183 1920 90 4619 1527 15288 7386 3734 391 4707 2434 726 35229 39115 348 5813 985 219 689 129 109 37 572 178 3000 22356 18664 72 622 56 5748 51 228 5256 468 49 79 165 2369 4044 839 15246 154 149 81 7216 49 43 51 175 198 7896 6014
internal_value=0.000259927 0.000112006 1.09592e-05 -5.19222e-05 0.000543851 0.00389106 0.00328286 0.00433254 -0.000264814 -0.00407082 -0.00338856 5.03554e-05 0.00283781 0.0041637 -0.000771312 -0.0015926 -0.00267727 0.00341862 0.00470736 0.00315634 -0.00557959 -0.00575344 -0.000225577 0.000864476 0.00264119 -0.0208706 -0.00287386 -0.0136774 0.00374765 -0.0173863 -0.0862164 0.00950985 0.00396627 -0.00446103 -0.00350668 -0.0047906 -0.0175353 0.00748338 -0.0155397 -0.00338326 -0.00696991 -0.00760239 0.00244104 0.0212445 -0.00705007 -0.0222924 -0.00638416 0.00464528 0.0111271 0.00685312 0.00438415 0.0030888 -0.0334658 -0.0613658 0.010994 -0.00463739 -0.019764 0.0116866 -0.00726457 0.0168916 0.000946322 0.00314469
internal_weight=54630 54441.1 54292.6 54208.9 47210.3 9186.35 9048.68 8458.48 38024 6998.59 6747.58 36458 8300.18 7318.57 28157.8 23543.1 19165.6 4614.76 7163.01 4377.47 8776.24 8746.78 10389.3 8943.8 5391.15 155.556 6609.85 1079.86 189.509 890.347 17.1959 178.472 1244.87 5364.98 5000 4476.98 364.973 523.025 101.563 1487.22 1445.54 1565.97 1194.78 148.116 69.5016 57.8406 1434.04 3905.22 1565.23 1051.57 3887.66 3497.38 60.0896 37.1403 1771.86 7666.93 355.575 22.9493 1407.73 89.7208 4465.81 3213.93
internal_count=296831 287915 283465 281466 223446 45563 43174 40563 177883 58020 55837 169711 38867 34248 130844 109417 88712 21427 33173 20705 41274 40548 47438 39463 24430 1075 53917 5270 1390 3880 146 1261 6249 47668 44553 41020 3115 3533 678 6139 7975 8172 6030 774 306 257 7924 18271 9964 5920 18050 15681 435 235 8743 35278 3043 200 7759 373 19723 13910
is_linear=0
shrinkage=0.05


Tree=80
num_leaves=63
num_cat=0
split_feature=10 48 1 69 10 43 20 1 9 62 3 7 0 69 54 47 40 43 67 56 2 47 30 69 68 38 9 38 59 59 43 69 68 3 48 40 43 3 43 35 32 9 17 69 3 44 43 44 59 36 13 23 27 47 43 37 5 30 24 67 36 69
split_gain=130.253 58.9385 50.2601 46.4503 44.2337 38.7664 34.7156 34.034 35.6885 34.5954 31.8746 31.6478 42.9018 29.909 29.5881 30.7858 28.1314 31.0847 27.8436 27.5658 27.2106 27.1914 26.7324 25.1742 42.9751 25.1617 24.1088 23.4007 24.4753 23.0441 22.8185 26.8774 21.8421 20.911 20.7913 34.5952 20.6094 20.2094 20.0563 20.0385 48.3392 19.3141 18.5937 30.4898 18.4354 18.0584 17.9483 21.1536 19.2165 18.4181 17.8178 17.7234 17.5217 17.5205 24.6739 24.7189 23.7386 17.4801 17.3395 17.1914 17.0679 28.0775
threshold=17.500000000000004 1448954142357.0898 4.4850000000000012 0.52281185432277033 2.5000000000000004 4.6500950570342221 57.500000000000007 7.5950000000000006 57451204.000000007 1.3261744236624622 108.15000000000002 6.7350000000000003 59.250000000000007 29.709351895646119 1.5634601348517061 2.6466787174673585 22.500000000000004 4.8111487758945399 0.33379414889141285 3.5000000000000004 7.5000000000000009 33.729664139261438 5.5000000000000009 16.661786487764811 48.594179339598675 8748300798.5021763 4136863.0000000005 3724231179.3580117 75.841618826158538 373.14419493819605 4.5916882556131275 5.6145446964227927 14.794196347255502 108.15000000000002 5644428294.6210337 67.500000000000014 5.3001149425287375 107.25000000000001 4.3727922077922097 0.50401311362294587 6.495000000000001 8150.0000000000009 6.4502664618601679 16.50721602648677 329.95000000000005 0.29317300902903831 4.6375216262975796 0.544999184152264 40.40899145905508 125.73541666666669 4.3508064516129039 7.4475000000000007 6.3535211352493031 7.2976793334115682 4.9752049180327882 1.865513705698097 0.9850000000000001 34.500000000000007 0.32377114037689497 0.87878364999916148 44.158723404255326 2.7686297328918879
decision_type=2 2 2 2 2 2 2 2 2 2 2 2 2 2 2 2 2 2 2 2 2 2 2 2 2 2 2 2 2 2 2 2 2 2 2 2 2 2 2 2 2 2 2 2 2 2 2 2 2 2 2 2 2 2 2 2 2 2 2 2 2 2
left_child=1 2 3 50 7 6 -2 8 9 16 13 12 29 -5 20 -16 19 33 57 21 38 60 -20 24 -23 36 -13 28 -15 -11 58 -32 -21 37 -30 -36 39 59 -12 40 42 53 43 -6 -22 -26 48 -48 -25 -50 -1 -3 -40 54 55 -41 -57 -19 -27 -18 -4 -62
right_child=5 51 4 10 25 -7 -8 -9 -10 11 14 26 -14 27 15 -17 17 18 22 32 44 23 -24 46 45 30 -28 -29 34 -31 31 -33 -34 -35 35 -37 -38 -39 52 41 -42 -43 -44 -45 -46 -47 47 -49 49 -51 -52 -53 -54 -55 -56 56 -58 -59 -60 -61 61 -63
leaf_value=0.030641988031969342 0.0011544009325644704 0.042739992349885354 -0.00026415119830387491 -0.0040074019606281402 0.0083049476091674491 0.044458665240457822 0.047692885168070354 0.034798441176423216 -0.01073616336528576 0.016567575559946125 0.0050628001721411998 0.044339095678688829 -0.0042136126037330248 0.010405327884682245 0.063743327226086929 -0.012351052857917559 0.0078959209926033613 0.002687198819437085 -0.0052039586268205033 -0.0004016473725370871 0.003306748490200827 0.0026951204705214678 0.036042800771549498 0.011498877487004584 -0.0013601764536053142 -0.067641844235786813 -0.010142308054825688 0.022794888424230792 -0.00058027729961166526 0.051265654913478079 0.0027847597089824226 0.029800163370891315 -0.01471449714861261 0.0081449378131241493 -0.040368268003357084 0.024413762594821344 0.036257647867083284 -0.0028745664925964535 -0.023665763534506241 0.014513319407299295 -0.13415063917687861 -0.0021433096532481213 0.03385354687194058 -0.097290747411876696 -0.050090047245379181 -0.013840923254260718 0.008312933162158441 -0.0026201170981127002 -0.0063218009018426967 0.0069734720743652445 -0.032213092743916663 -0.075476744447535341 0.014653021525648312 0.014749051287079033 -0.03205876397772927 0.0058051447166826125 -0.056246700503684383 0.030767026667930471 0.0018629362447166291 -0.0069378529218188101 -0.032902711172088837 -0.0036380086562906896
leaf_weight=12.126373421400784 151.89675343222916 94.69593745470047 10777.502568818629 12134.235246257856 18.748953022062782 196.60259938798845 54.431466411799192 72.970528904348612 677.85384048335254 714.10333260521293 136.86637634783983 21.996822938323021 272.38022520393133 514.94369095563889 13.655985858291386 498.49203900527209 1054.9208977054805 405.83216081187129 49.565773911774158 498.84642453119159 5374.7579373996705 2832.117909219116 189.34071137197316 304.67738272249699 497.99524906650186 10.386316290125249 264.12902246788144 134.23018577508628 1206.7479289993644 51.28745199739933 129.56314074900001 318.12803630903363 572.41546000540257 1139.8876080978662 79.400875218212605 27.832483392208815 51.130740899592638 1992.3613385837525 225.23778079263866 207.02533223107457 8.6305433735251409 565.66704087145627 18.395004510879517 10.758676711469887 16.213277883827686 693.34130915254354 2935.2731514424086 520.94707233086228 902.59963266551495 366.16313467919827 160.57975699752569 3.2803303673863402 34.387311572209001 588.06510440073907 49.989179391413927 35.238517511636019 27.395323745906353 64.189820105209947 65.951419916003942 239.70180238969624 84.133320733904839 3175.142485100776
leaf_count=102 1430 2620 60179 64116 117 8906 2473 314 7151 3390 971 95 1249 2489 82 2490 4839 2416 228 2287 25946 11631 1400 1158 2320 81 1478 1057 4927 257 1192 5952 2707 5234 350 158 250 9409 1399 938 63 2965 156 87 113 2895 13670 2587 3453 1385 3000 27 174 3230 218 190 130 935 677 1035 629 13424
internal_value=0.000247764 3.6991e-05 -3.32465e-05 -0.00197841 0.00116195 0.0285707 0.0134317 0.000691149 0.00061163 0.000862836 -0.00175977 0.0087688 0.012828 -0.00308106 0.00119703 -0.0103221 0.000505575 0.00386612 0.0135866 -0.000208757 0.00221638 0.000155019 0.0274854 0.00229155 -0.000656388 0.00817829 -0.00595388 0.00264467 0.00116578 0.0188926 0.0176734 0.0219818 -0.00804954 0.00230946 -0.00245516 -0.0235541 0.00503118 0.000285788 -0.0104255 0.00398757 -0.0252253 0.00510846 -0.00560041 -0.0301959 0.00314616 -0.0086238 0.00464974 0.00666502 0.000222964 -0.0024848 -0.0277998 0.038782 -0.0185904 0.0096276 0.000205543 0.00618667 -0.0213356 0.006522 -0.00759371 0.00514942 -0.00122295 -0.00439343
internal_weight=54547.4 54144.4 54046.5 20569.7 33476.7 402.931 206.328 31371.7 31298.7 30620.9 20397 1323.9 1037.77 14097.4 6299.61 512.148 29297 5135.8 708.928 24161.2 5787.46 23089.9 238.906 9053.11 4023.45 2105.07 286.126 1963.16 1828.92 765.391 524.029 447.691 1071.26 4426.87 1313.98 107.233 1581.04 3286.98 396.491 1529.91 56.5332 1473.38 47.9026 29.5076 5390.97 1191.34 5029.66 3456.22 1573.44 1268.76 172.706 97.9763 259.625 907.713 319.648 269.659 62.6338 470.022 76.3377 1294.62 14036.8 3259.28
internal_count=296831 284022 281375 107374 174001 12809 3903 157755 157441 150290 104272 6469 4896 73097 31175 2572 143821 25496 4979 118325 28603 113331 1628 39099 16846 16246 1573 8981 7924 3647 7902 7144 4994 20517 5435 508 8344 15283 2544 8094 423 7671 360 204 26059 5215 22253 16257 5996 4838 3102 2647 1573 4706 1476 1258 320 3351 758 5874 74232 14053
is_linear=0
shrinkage=0.05


Tree=81
num_leaves=63
num_cat=0
split_feature=21 18 49 69 43 70 43 51 67 27 68 30 69 46 63 21 64 0 63 36 32 47 1 64 69 68 8 34 58 12 54 61 16 30 50 9 1 7 25 34 47 67 69 54 67 47 56 58 56 50 22 21 69 43 67 51 51 36 61 47 49 38
split_gain=124.125 73.2282 48.3663 45.059 44.202 81.7081 51.8012 32.4681 32.1721 31.7673 31.6629 29.1978 49.0997 39.4253 35.6218 32.6209 28.6237 43.8673 41.9879 34.1111 31.4214 27.7103 26.5066 51.7921 30.6343 28.5882 28.339 26.1413 25.4596 26.5684 25.3372 30.3918 35.0133 28.2007 24.7743 24.0324 29.6437 27.0175 25.6734 28.8935 27.3357 25.7545 24.2342 24.7925 24.2581 23.8782 32.5598 28.0661 30.7029 34.4265 23.9553 23.7239 22.8113 46.1354 22.8823 22.5681 22.5582 22.3523 22.2352 21.5367 21.4945 31.6585
threshold=10.928571428571431 177961840574.29214 1.8241251903377698e+21 3.2868953971770685 4.8600373134328372 31.140309936102046 6.0519047619047628 0.42427491528427175 0.99353402350479769 3.5262744796211396 1.3432582153024553 2.5000000000000004 2.3958421498095643 34.065307944682097 203.84941427522196 1.0714285714285716 1.0000000180025095e-35 10.002500000000003 43.739085339533865 32.11396194306932 6.495000000000001 91.276798426826602 5.5950000000000006 1.0000000180025095e-35 0.10456237086455401 25.892755515347471 0.19950000000000004 0.68192475757688675 44721.390993231558 5.9850000000000012 1.4476482730108395 8.872865417313772 23.581944444444449 97.500000000000014 2.5000000000000004 71332671.000000015 7.2950000000000008 10.350000000000003 0.71020649163827854 0.3631508544119138 59.727820691231621 0.9681107762825325 43.193351547135997 1.0177137825095455 0.73724926354828246 43.492445065277714 35.500000000000007 251472.59094740567 22.500000000000004 4.5000000000000009 6.0950000000000006 3.6428571428571432 2.2049021682308134 4.6286190476190487 0.28400453026986799 1.0196820182518651 1.8330040379924706 1.0000000180025095e-35 10.592252618833813 23.217555681671552 7.3568073164943923e+18 252624659.54191512
decision_type=2 2 2 2 2 2 2 2 2 2 2 2 2 2 2 2 2 2 2 2 2 2 2 2 2 2 2 2 2 2 2 2 2 2 2 2 2 2 2 2 2 2 2 2 2 2 2 2 2 2 2 2 2 2 2 2 2 2 2 2 2 2
left_child=1 2 3 8 7 6 9 -5 11 -6 -9 22 14 15 34 -14 17 20 19 21 45 -18 24 26 -1 -25 -24 -16 -26 -30 33 -32 -33 35 52 36 37 38 40 56 -19 -42 43 44 -41 47 -47 51 49 -49 -50 -12 -13 -54 -55 -22 60 -20 -11 -15 -40 -62
right_child=-2 -3 -4 4 5 -7 -8 10 -10 58 16 12 13 59 27 -17 18 30 57 -21 55 -23 23 25 28 -27 -28 -29 29 -31 31 32 -34 -35 -36 -37 -38 -39 39 42 41 -43 -44 -45 -46 46 -48 48 50 -51 -52 -53 53 54 -56 -57 -58 -59 -60 -61 61 -63
leaf_value=-0.037401532890377731 0.042152458937132514 0.036078626484569609 0.039285112088788668 -0.050353400428415976 0.002533784740359537 0.042883284887937766 -0.012502644279673909 0.0098331072407675836 -0.021516635265602709 0.006262710252068069 -0.0034645090177464425 -0.00053542991193486088 -0.010404503788909961 0.036469905803237293 0.038350865884122891 -0.043970475590303315 -0.010623584319337832 0.017217270069821353 0.054576623007450836 -0.003021173165529144 0.029576564887129154 -0.07366944921990419 0.0040076202830176414 0.037118464223461677 -0.0049763922377023661 0.0050140430483728996 -0.01996366032897208 -0.015620175072162984 -0.021185886568771781 0.068466945799579002 -0.0075926685990835401 0.031374761812028418 -0.079433708322583507 0.033654807701099569 0.02966587978950061 -0.021830011076436274 0.046188948125667553 0.0034118426768640336 0.00051471573773076082 -0.0034645128268842307 -0.0040447363193309846 -0.087503389757320027 0.018709773457878345 0.027892184978491087 -0.012246019462124988 0.016273657768266 -0.066243339670584711 0.01291924382491391 -0.0016538878919733057 0.067121153501319447 -0.071105825455087049 -0.06475782212317234 0.047503079077808416 0.012622947616735162 -0.04807430224673398 -0.02551956881160701 0.040586409075049845 0.00073980044737846184 0.018996071589318382 -0.0097486717010118098 -0.016601396362455473 0.01749697904068866
leaf_weight=80.439717266708612 176.04768896847963 141.06110572628677 78.261001462116838 32.30350785702467 6963.3390206769109 130.63419619295746 505.11832831986248 769.6555208247155 247.28246445395052 1046.1137213855982 731.44459899328649 1067.2771815061569 241.11078876256943 54.254086524248123 129.97692563012242 103.43489042297006 1554.2552604656667 350.81573603488505 19.345681291073561 5764.4275571536273 211.38480137009174 17.626480624079704 284.91911443322897 134.31276746839285 3600.9861411973834 143.34966505691409 217.34745797514915 27.116769514977932 345.00768683478236 8.4665593057870847 458.56968649849296 9.3313068449497205 30.205392457544804 62.762263987213373 86.555673196911812 124.3172360137105 35.009811015799642 4867.4049011766911 10869.556142304093 3343.4782810732722 68.785520350560546 10.678899768739937 109.45870578289032 56.20014163851738 1028.2939206957817 517.30692427791655 12.237399853765963 436.38730153627694 225.75947960279882 31.403883423656225 13.138310754671691 16.135295948013663 75.693904995918274 42.721855066716671 24.393433328717947 20.378081372007728 34.451101064682007 5666.4015970844775 509.97910412680358 47.074609361588955 379.74540797621012 82.938186915591359
leaf_count=2260 8916 4450 1999 144 30934 2389 2240 3786 2183 5930 3736 5200 1149 289 723 621 8420 3151 262 27936 1912 83 1905 841 34496 1100 1957 152 3674 33 2292 51 155 1322 478 835 143 21552 47602 14881 432 56 752 250 4490 2317 53 2173 1134 156 81 123 350 216 122 175 161 25026 4070 271 1629 612
internal_value=0.00023623 0.000100327 6.61452e-06 -5.02283e-05 0.000504549 0.00362302 0.00305471 -0.000247531 -0.00380495 0.00397711 -0.000204857 -0.00315266 0.00209661 -0.0124183 0.00654846 -0.0204812 -0.000412765 0.000606507 -0.00230208 -0.00480155 0.00731138 -0.0113306 -0.00522367 0.00321445 -0.00685472 0.0205438 -0.00636555 0.0290346 -0.00623335 -0.0190385 -7.11295e-05 -0.0112191 -0.0532811 0.000188062 0.00382416 8.97318e-05 0.000218047 0.000142137 -0.000832186 -0.00115823 0.0112193 -0.0152604 -0.00453132 -0.00510583 -0.00553003 0.00527616 0.0143667 0.00196599 0.00911019 0.0165579 -0.00547343 -0.00478743 0.00197574 0.0207429 -0.00943781 0.0247322 0.000188255 0.00092298 0.0104358 0.014998 6.54412e-05 -0.0104891
internal_weight=54473.9 54297.8 54156.8 54078.5 47116.8 9155.18 9024.55 37961.6 6961.72 8519.43 37929.3 6714.44 1899.61 445.874 1453.74 344.546 37159.6 24137.6 13022.1 7336.31 2215.58 1571.88 4814.83 779.929 4034.9 277.662 502.267 157.094 3954.46 353.474 21922 498.106 39.5367 21423.9 1296.64 21361.1 21236.8 21201.8 16334.4 15904.1 430.28 79.4644 4537.43 4427.97 4371.77 1983.81 529.544 1454.27 706.689 467.791 238.898 747.58 1210.09 142.809 67.1153 231.763 11366.7 5685.75 1556.09 101.329 11332.2 462.684
internal_count=296831 287915 283465 281466 223446 45563 43174 177883 58020 40934 177739 55837 9571 2330 7241 1770 173953 112226 61727 36439 11860 8503 46266 5803 40463 1941 3862 875 38203 3707 100366 2498 206 97868 6366 96546 95711 95568 74016 70377 3639 488 20373 19621 19371 9773 2370 7403 3544 2329 1215 3859 5888 688 338 2087 50004 25288 10000 560 49843 2241
is_linear=0
shrinkage=0.05


Tree=82
num_leaves=63
num_cat=0
split_feature=20 18 48 1 69 30 43 2 3 43 1 70 56 68 23 1 68 67 69 68 63 69 32 63 51 67 52 5 47 18 32 70 65 40 43 69 33 0 26 22 69 42 22 70 58 29 48 5 52 26 26 63 37 43 42 58 56 43 36 63 40 47
split_gain=116.736 68.3196 45.1263 42.9291 44.7452 44.2838 48.585 34.0665 40.3146 28.9232 32.0722 28.5202 28.4204 26.8928 26.8514 26.3075 24.5825 23.857 30.0189 24.9035 24.1948 23.7616 26.0461 23.2084 22.9486 22.9231 22.2044 22.1233 20.9582 20.3066 24.9799 20.1674 28.883 28.7304 20.223 20.0561 18.9436 18.5386 18.4638 18.448 18.0972 17.9435 19.5325 20.9118 21.1676 18.1353 17.9399 17.5736 17.5634 16.85 21.7713 16.6668 17.3156 16.641 19.4694 21.7769 24.3329 21.576 31.0217 29.3894 20.5163 19.1977
threshold=76.500000000000014 177961840574.29214 1448954142357.0898 4.6950000000000012 0.52281185432277033 8.5000000000000018 4.9200946372239764 7.5000000000000009 117.75000000000001 6.0519047619047628 7.3050000000000006 91.444518700826734 22.500000000000004 2.6822706168558326 4.4889493949394952 5.6950000000000012 9.3731723274494723 -0.49240481012316828 24.708542854297878 65.595200177774345 132.22316551234059 29.50022715391701 6.3950000000000005 73.286800127676557 1.791048215010216 -0.71322329076259927 351357.08180604386 0.88500000000000012 1.5000964125358642 57139815.666748248 5.5950000000000006 4.4134256181455847 1.5000000000000002 92.500000000000014 4.2168238993710707 22.899159219337335 4.385839598997495 34.850000000000001 214.28333333333336 5.995000000000001 0.69556707575116394 5.3250000000000011 5.8450000000000006 32.659349149065484 606300.25198847183 1.2634273573273251e+17 23703510.771146018 0.24050000000000002 13388048.338152191 -1.0000000180025095e-35 8.7575000000000021 67.283455230489878 8.8866064026182361 4.1701351351351361 5.3950000000000005 21692615.528083071 153.50000000000003 4.8384891424365124 10.637652439024391 43.739085339533865 68.500000000000014 5.837757459472507
decision_type=2 2 2 2 2 2 2 2 2 2 2 2 2 2 2 2 2 2 2 2 2 2 2 2 2 2 2 2 2 2 2 2 2 2 2 2 2 2 2 2 2 2 2 2 2 2 2 2 2 2 2 2 2 2 2 2 2 2 2 2 2 2
left_child=1 2 3 4 14 9 -7 11 21 10 13 26 16 15 25 -5 46 27 19 20 41 49 31 -18 28 -1 35 -15 -14 30 -2 32 -23 34 -33 -6 -13 51 48 -36 -3 45 -43 44 -44 -19 -10 -42 -30 -9 -51 52 -11 -52 55 60 -57 58 59 -56 -55 -59
right_child=29 40 -4 5 7 6 -8 8 12 37 -12 36 24 17 -16 -17 23 18 -20 -21 -22 22 -24 -25 -26 -27 -28 -29 38 -31 -32 33 -34 -35 39 -37 -38 -39 -40 -41 47 42 43 -45 -46 -47 -48 -49 -50 50 53 -53 -54 54 57 56 -58 61 -60 -61 -62 -63
leaf_value=0.077572563713619133 -0.12608958425357372 -0.047130297038658911 0.038552403533410218 0.0043537552997780053 -0.016395436764222039 0.0042277129532033312 0.020716465027224178 0.052357084246504593 0.031188166438283229 -0.0078956384650089965 0.028565943088947266 -0.046452923133926634 0.038034023289313532 -0.0095512049229160116 -0.028154799282681987 0.022708878364456484 -0.0013630118411530996 0.0025683620839021706 0.0066700938100951335 -0.0062526217989612208 0.0089456155013945618 -0.0006722104554532397 0.020470399775415773 0.0057732983246120287 0.019508845521612569 -0.015911465550391756 0.0013689148984585395 -0.0010498470517748659 -0.013242135566617972 0.049166624565651414 0.019965121350584134 0.030967376812598736 0.011558028921304725 0.036889829606387481 -0.011154018862955473 0.018820878241816313 0.035815887672160353 -0.021992109653930128 0.048208377250139461 0.026608188521524648 -0.079760288634227142 -0.0026875276704547875 0.01379130851125825 -0.023509443562822835 -0.026639403601425277 0.028238659119441026 0.0077500340281649567 0.042238756199527799 0.04710744372393473 -0.02180000561475564 -0.012371609007896094 0.011353705049673141 -0.06842456200997675 -0.00051681939805334708 0.00019636398023891344 0.055396578867696424 -0.013033114784724895 -0.0082559077432478017 -0.0058575463251318832 0.031200125311619212 -0.060699237932046263 0.0028480589299040219
leaf_weight=11.652798347175123 3.3471368290483978 6.3345792442560187 75.823372007347643 1064.8475428186357 862.03492441959679 3281.7351619191468 517.1543880244717 13.959655364975331 86.36970841139555 267.45661654695868 104.39912374317646 8.1037954837083799 22.555620960891247 919.21440307609737 221.68103041127324 239.03096272796392 2567.5307839997113 3536.794864255935 2278.2237715907395 1260.4839819185436 917.34076946787536 1386.0618835762143 182.95834282785654 2048.1096182037145 76.296025529503822 14.996840067207811 280.01344147883356 4569.3818620331585 648.67628651484847 142.63222588784993 23.351676888763905 32.325519055128098 740.71778779476881 37.807489415630698 709.00398614257574 42.418964186683297 51.248187117278576 213.12919370830059 12.930802077054976 33.888448163866997 3.0218599159270516 4333.6819791868329 436.64260937646031 49.049495503306389 34.965825203806162 70.167161524295807 1491.4644907042384 127.33243677765131 12.284195218235253 146.40928521752357 412.22832746058702 125.60633918456733 12.361584067344664 8028.7593218944967 275.6383958067745 35.854254379868507 20.372640937566757 495.54368006624281 6845.9923593066633 105.76661408878863 14.186182785779236 1814.7913313535973
leaf_count=84 42 35 1999 5282 6328 18962 5212 186 688 1176 448 38 129 4646 4165 1122 12864 16889 10921 7478 4419 6071 1504 9328 354 162 1477 23269 3064 8220 654 123 3308 309 3041 181 334 933 56 172 25 22082 2007 221 162 281 7415 4390 74 812 3111 560 63 41200 1478 145 96 2636 34757 629 67 8947
internal_value=0.000225084 9.56689e-05 6.46595e-06 -4.76355e-05 -0.00131883 0.00151518 0.00647238 -0.00114116 -0.000785198 0.00059353 0.000925906 -0.00923985 0.00251728 0.000779502 -0.0224542 0.00771867 0.00364535 0.000287931 0.00146132 0.000345934 0.00123278 -0.00186365 0.00216602 0.0018036 -0.00652414 0.0249653 -0.0109347 -0.00247363 -0.00937606 0.0416753 0.00165475 0.00102685 0.00358735 -0.00567115 -0.00774685 -0.0147438 0.0245831 -0.0100535 -0.0109629 -0.00943142 0.0354 0.00039658 -0.00158819 0.00756212 0.0107937 0.00306773 0.00903302 0.0394106 -0.0121205 -0.0025547 -0.00259683 -0.00377747 -0.0105696 -0.00244106 -0.00220895 -0.000406193 0.0306025 -0.0037398 -0.00508436 0.00879395 -0.000622969 0.000466369
internal_weight=54404.1 54234.8 54098.1 54022.3 29790.6 24231.7 3798.89 29542.3 28298.5 20432.8 19814.2 1243.82 6966.22 19709.8 248.331 1303.88 6193.47 18405.9 12917.4 10639.1 9378.64 21332.3 3122.76 4615.64 772.743 26.6496 1184.47 5488.6 696.447 169.331 26.6988 2939.81 2126.78 813.025 775.218 904.454 59.352 618.554 673.891 742.892 136.689 8461.3 4854.34 520.658 471.608 3606.96 1577.83 130.354 660.96 18209.5 18195.5 405.425 279.818 18049.1 17636.9 8099.17 56.2269 9537.73 7227.4 381.405 8042.95 2310.34
internal_count=296831 287915 283465 281466 155333 126133 24174 150922 142564 101959 99227 8358 33972 98779 4411 6404 30295 92375 64460 53539 46061 108592 14528 22192 3677 246 7986 27915 3323 8916 696 13024 9379 3645 3336 6509 372 2732 3194 3213 4450 41642 24472 2390 2169 17170 8103 4415 3138 94064 93878 1799 1239 93066 89955 41508 241 48447 36864 2107 41267 11583
is_linear=0
shrinkage=0.05


Tree=83
num_leaves=63
num_cat=0
split_feature=20 18 48 68 1 69 18 67 36 40 69 57 9 26 69 47 52 61 3 38 27 51 61 1 7 67 64 64 2 66 40 48 54 54 3 55 36 43 47 37 69 9 60 56 69 43 34 43 8 61 9 36 16 68 48 70 2 57 27 61 22 28
split_gain=110.231 63.9776 42.0811 39.6767 43.5234 39.9691 35.6257 37.6812 35.2561 41.2146 27.6942 26.3538 25.7742 25.5653 25.2423 25.0973 28.3089 28.5767 25.7305 30.7264 27.6406 26.5638 29.7234 25.8825 23.8122 23.74 30.8867 23.621 36.4877 41.1492 23.3752 27.6269 34.0362 22.79 22.6599 28.9103 31.5575 26.0577 32.3599 29.6784 31.3092 30.2148 27.4657 22.6157 22.7051 22.2449 40.8885 31.8678 29.7703 25.5145 23.4339 21.9271 24.2855 21.3917 21.3293 20.9807 20.8484 23.6485 41.2742 21.2057 23.2601 21.6151
threshold=76.500000000000014 177961840574.29214 1448954142357.0898 14.976542208875104 6.5250000000000012 7.3693740509322661 2849608823.3497171 0.98897820466835418 15.001612903225807 55.500000000000007 39.019949092629012 0.88538708913312381 8874.5000000000018 101.8108695652174 0.10456237086455401 54.140385527974622 1223756.0823616402 1.4190977352952634 107.25000000000001 32356183980.192245 19.700180132982471 1.737177927613009 0.23304521447297383 5.5950000000000006 6.2150000000000007 -0.47714059151611382 1.5000000000000002 1.0000000180025095e-35 1.5000000000000002 0.55191596924288722 10.500000000000002 1783524217.1860251 0.67073158416849077 1.9775291002133721 108.15000000000002 3984788.6790247788 29.557518796992486 5.0273205741626814 5.6422070718007733 1.5500000000000063 23.608364865201271 13935.500000000002 12.857142819948981 5.5000000000000009 24.372124791516274 4.7545923149015943 0.29709706606876263 4.3571841453344362 0.15050000000000002 12.557362773767911 27159.500000000004 261.36250000000007 500.05000000000007 14.452851572756343 4077593032.795969 1.4476036020319365 7.5000000000000009 2.1714724095162645 4.6909810278101611 12.776665759902452 6.3350000000000009 10437769660.506359
decision_type=2 2 2 2 2 2 2 2 2 2 2 2 2 2 2 2 2 2 2 2 2 2 2 2 2 2 2 2 2 2 2 2 2 2 2 2 2 2 2 2 2 2 2 2 2 2 2 2 2 2 2 2 2 2 2 2 2 2 2 2 2 2
left_child=1 2 3 4 6 14 7 10 -7 25 15 13 56 -11 -5 18 55 -18 23 21 -21 34 -23 30 -6 26 51 -16 -29 -30 -1 32 -32 -33 37 -36 -37 39 -39 41 42 -20 -41 -28 -45 46 -27 54 50 -49 -47 -10 -53 -9 -48 -17 59 -58 -59 -8 -61 -62
right_child=-2 -3 -4 5 24 8 12 53 9 11 -12 -13 -14 -15 27 16 17 -19 19 20 -22 22 -24 -25 -26 45 43 28 29 -31 31 33 -34 -35 35 36 -38 38 -40 40 -42 -43 -44 44 -46 48 47 49 -50 -51 -52 52 -54 -55 -56 -57 57 58 -60 60 61 -63
leaf_value=-0.0025325668727166606 0.041360490346450229 0.034850898753394477 0.037813556919275744 -0.031588833611904052 0.030085608862763475 -0.015082437789746429 0.026645765670505386 -0.010776880106787399 -0.0039545071781328205 -0.00040563645863434401 0.01258472828415459 0.012100394959701905 -0.0035735613168650575 -0.061285002039669037 -0.0013324331998061721 0.013149055651305946 0.0027639589161993347 -0.065640652542993824 0.01138142986282099 0.018649493522412942 -0.03567106898993818 -0.014446395218651679 0.045991008962618887 0.021332175680804866 0.00081223805897705182 0.0018980400876333289 0.001506601093657127 0.005399919109121595 -0.016260363802983097 -0.0045976875836118286 -0.033855010278784924 0.0012871658927978442 0.015969175904574032 -0.042297594703068361 0.0043857716631831084 0.00074363519408409437 -0.036498969352186668 -0.003189039212080707 0.010061327332380861 -0.0083569684546341491 -0.00050824492306946454 -0.0016012499657010147 -0.070689230607877671 0.030218314913076166 -0.024772689200876472 0.015673606075296772 -0.020829172780229877 -0.0023794146909626042 -0.014136319565537079 -0.030553820535588735 0.0033608065088513873 -0.020842000882822124 0.042417209100360238 0.031057631081481768 0.026074297457415543 0.0034937665262330963 0.024590016673864894 0.039645789535707826 -0.10409630874003094 0.058620602206449837 -0.069199911971557115 -0.0057647863231832051
leaf_weight=948.40879620052874 162.28746123611927 132.0546795912087 73.499177771620452 83.689863529056311 204.27603831514716 388.87073032185435 37.753399221226573 844.96154283359647 4466.4256831789389 66.337401561439037 531.33638666756451 973.30860138311982 196.25202941056341 23.301873810589314 4069.0234362771735 702.63060250878334 33.068903762847185 28.36334440857172 502.13853979483247 306.6419592667371 25.354838276281953 30.446817053481936 61.306555446237326 221.04143710806966 105.26906763762236 6635.9796631112695 1067.0976402126253 527.73432550020516 1176.2223493475467 2118.5862571056932 35.938717007637024 435.57686316594481 741.22716047614813 32.210618302226067 2668.5989247336984 146.0765495467931 93.152930369600654 925.74984339624643 917.39780171215534 3204.0368721112609 1827.8306123372167 4168.8748869206756 17.770795881748199 128.71782762557268 21.975271075963974 431.32371661812067 375.79687163233757 3697.9110892377794 222.37957597523928 82.140820087864995 3712.6654207780957 298.09152551740408 15.985498957335947 31.703890524804592 25.909675195813179 2823.9002438774332 430.8477927763015 10.153824387118222 9.8276224602013809 8.0626563131809217 23.083480067551136 32.107016409747303
leaf_count=6006 8916 4450 1999 2290 945 2070 350 4487 19017 339 3381 6242 1417 100 29315 2965 160 134 2502 3229 276 151 360 1094 484 27959 4461 3567 9378 15668 164 2614 3268 228 13349 744 438 4293 4068 14134 8202 24627 92 503 97 2510 1578 15130 954 517 16397 1315 72 158 98 12494 4528 90 68 38 105 246
internal_value=0.000214362 9.11114e-05 6.18075e-06 -4.53046e-05 0.0015064 -0.00122968 0.00125634 0.000896384 -0.00015719 0.000103718 0.00131204 0.00971116 0.0119891 -0.0162313 -0.00427347 0.00102543 0.00483132 -0.0288185 0.000236548 -0.00053957 0.014501 -0.000882445 0.0259359 0.00502472 0.0201304 -0.00037839 -0.00304159 -0.00398379 -0.00680612 -0.00876118 0.00338129 0.00788649 0.0136651 -0.00171397 -0.00105248 0.00289305 -0.0137582 -0.00204462 0.00340612 -0.00307815 -0.00573531 -0.000205599 -0.00870078 0.00406715 0.0221991 0.000673674 -0.000542182 -0.00441454 0.00368597 -0.00299165 0.00464237 -0.00485248 -0.0176223 -0.00926397 -0.0178039 0.0054175 0.0175238 0.0221239 -0.0310519 -0.00300831 -0.0207077 -0.0322966
internal_weight=54340.7 54178.4 54046.4 53972.9 23363.4 30609.5 23053.8 22305.7 22634.2 22245.3 21429.1 1062.95 748.088 89.6393 7975.26 20897.7 3587.96 61.4322 17309.8 14895.4 331.997 14563.4 91.7534 2414.4 309.545 21182.4 5998.29 7891.57 3822.54 3294.81 2193.36 1244.95 777.166 467.787 14471.6 2907.83 239.229 11563.8 1843.15 9720.65 5049.64 4671.01 3221.81 1217.79 150.693 15184.1 10817.7 4181.76 4366.37 3780.05 4143.99 4780.5 314.077 876.665 401.707 3526.53 551.836 450.829 19.9814 101.007 63.2532 55.1905
internal_count=296831 287915 283465 281466 121889 159577 120460 113618 99359 97289 108973 6681 6842 439 60218 105592 15753 294 89839 76465 3505 72960 511 13374 1429 90608 25465 57928 28613 25046 12280 6274 3432 2842 72449 14531 1182 57918 8361 49557 22428 27129 14226 5061 600 65143 45282 17323 19861 15647 18907 20404 1387 4645 1676 15459 5425 4686 158 739 389 351
is_linear=0
shrinkage=0.05


Tree=84
num_leaves=63
num_cat=0
split_feature=10 48 1 10 46 58 63 9 1 7 40 54 61 26 7 43 66 60 9 40 43 56 47 69 36 7 45 0 69 42 36 47 23 60 55 57 59 40 38 32 70 59 36 68 44 59 65 28 59 61 59 47 34 45 45 34 0 70 45 7 45 58
split_gain=106.19 46.5989 39.2747 36.8687 36.6373 32.9429 30.3415 29.8929 41.8097 39.6764 27.446 33.265 27.4454 27.75 24.1467 25.0307 30.0132 24.4338 24.2651 24.1269 35.6748 28.075 28.8274 31.5199 28.3967 32.8221 23.4752 22.7772 21.6041 26.3221 25.9393 24.9777 24.1859 22.7938 21.7413 21.5993 22.6839 20.9092 25.6558 30.6013 20.7155 20.5478 30.3474 25.552 24.9072 24.0326 20.211 19.7931 41.5259 26.6633 25.4659 25.5242 25.3851 20.9986 20.4091 19.4954 19.2285 19.1168 19.0261 18.4349 18.3972 21.4616
threshold=19.500000000000004 2106968938586.5383 4.3950000000000005 3.5000000000000004 10.004687500000001 480855.39427130384 216.8610349357036 335768928.00000006 6.8750000000000009 6.1200000000000001 12.500000000000002 1.302883445709756 12.776665759902452 6.0013333333333341 13.450000000000001 4.3179029304029317 0.99687937417578498 12.272727267347994 15092809.000000002 23.500000000000004 4.9400354609929087 3.5000000000000004 27.298851256214039 6.94203218739887 44.158723404255326 13.350000000000003 1.9131445645946219 16.117500000000003 2.7686297328918879 6.3850000000000007 14.768333333333334 1.2572830495136293 4.4137377450980404 1.4190071011954009 318223.26235220121 3.6265066431037019 693.66653281436766 44.500000000000007 14198238991.543755 7.5950000000000006 1.6374104540875289 86.787871088087329 532.87142857142862 50.142928111349121 0.31921429234176674 486.54259682889079 1.5000000000000002 31656980512.409153 154.51738874573201 12.805302269023047 779.82269281538936 4.2233602534367227 0.24094720491334948 0.62941229261340947 1.504276122851085 0.20548046676563259 54.850000000000001 2.3398716480548889 1.9853462029862983 1.8550000000000002 0.83811215805890737 14269511.387028115
decision_type=2 2 2 2 2 2 2 2 2 2 2 2 2 2 2 2 2 2 2 2 2 2 2 2 2 2 2 2 2 2 2 2 2 2 2 2 2 2 2 2 2 2 2 2 2 2 2 2 2 2 2 2 2 2 2 2 2 2 2 2 2 2
left_child=1 2 5 7 12 14 59 8 19 56 28 40 -2 -14 15 16 17 -1 -17 21 -21 22 24 -24 25 26 -4 -16 -7 30 31 32 -30 34 -32 36 37 60 58 -40 -12 -25 43 45 -45 -43 -31 52 -49 53 -51 -52 54 -50 -5 -37 -10 -26 -39 -6 -13 -62
right_child=4 -3 3 47 6 10 -8 -9 9 -11 11 35 13 -15 27 18 -18 -19 -20 20 -22 -23 23 41 57 -27 -28 -29 29 46 33 -33 -34 -35 -36 55 -38 38 39 -41 -42 42 -44 44 -46 -47 -48 48 49 50 51 -53 -54 -55 -56 -57 -58 -59 -60 -61 61 -63
leaf_value=-0.016766059558377826 0.048093465474151886 0.040487863521131193 0.00027428112208919951 0.037065812608887951 -0.075643020560971483 -0.022776156032789305 -0.064148232983202963 -0.019484677021045175 0.039171598103754507 -0.0049142840989078208 -0.014818526421003411 -0.049625889026351469 0.02628621517110823 -0.062230725452182944 -0.017674577868788028 -0.0033739904350388486 0.0080282344845914646 0.020404849259280267 -0.021982197083259169 0.0024076320625608738 0.019760158024505335 -0.0067657145386695152 -0.0071179249667837818 0.0049541210024722582 -0.0022251070581689064 -0.0077425186487788157 0.015742506003474686 0.0044595487867830864 0.099323152140004159 -0.060939052049425228 0.012416118613525687 0.0040215299441120128 0.022858072474044255 -0.012536842163587178 -0.0046795921571518868 0.061887440187556542 0.063538599404108706 0.0050734812147810761 -0.057623439537633853 0.050753182058464956 0.0053169513526682612 0.0024662802559112526 0.013272947872678534 0.0013386203821780186 -0.010896055953721782 -0.022372117120338646 0.010469466335643695 0.036094685816606131 -0.0015004650288047952 0.036190988104039569 0.011752920981897657 -0.097998772426467748 0.0035345942245589949 -0.10618012469551322 -0.00028925510116856304 0.0041354228836344093 0.003067911472399655 -0.010739512187461929 0.06187780040302026 0.040885505010285775 -0.0064828173946621676 -0.030955274799738825
leaf_weight=949.0992192607373 15.293622327968476 71.091409626416862 11156.589698318392 108.40193464420736 3.4396725110709658 151.66553273424506 7.281733537092804 185.79502401314676 166.15243609808385 118.54569787532091 132.31295112520456 38.567712284624577 13.6811665892601 25.095867751166224 128.72131016105413 6928.9671853398904 164.35901260375977 46.370380990207195 179.73573621176183 6003.27732349094 311.56606140546501 1517.252471210435 882.93382195010781 5371.4308219626546 1525.8048921003938 1309.8603555206209 250.79774283617735 1197.682019283995 15.584822840988634 33.265447694808245 279.26220202445984 97.904484242200851 30.736761495471001 491.54387364536524 556.71520848944783 19.093503385782242 10.463654864579437 161.96686455979943 30.627990517765284 8.2727038934826833 3691.9741906775162 4107.8832115083933 449.53941528871655 753.74893045425415 928.316705301404 99.749947510659695 14.112857185304163 158.71909748204052 8.6356182927265781 33.208976419642568 12.913889400660993 8.9820943437516672 1265.648864290677 10.760188236832617 55.176602382212877 62.27160498034209 47.40014960616827 1160.7669589407742 16.216987699270248 255.76326793804765 308.33895706571639 126.27703438699245
leaf_count=6340 220 2314 66023 567 75 1509 61 2512 714 527 545 183 136 186 942 35854 766 406 3143 29494 2545 7131 5005 22826 6265 7689 1169 5678 84 159 1438 589 189 2449 3063 85 56 767 249 103 16510 16892 2254 3115 3882 459 64 4097 124 557 85 41 9049 84 267 368 214 5578 61 11131 1326 617
internal_value=0.000204218 3.37425e-05 -1.96324e-05 0.000852684 0.0288971 -0.00210862 0.0365113 0.00051965 0.00062243 0.0182817 0.000707639 0.00269881 -0.00862917 -0.0310005 -0.00395106 -0.00495568 -0.0117664 -0.0150346 -0.00384448 0.00045875 0.00326378 -0.000141404 0.000217584 0.00199199 -0.00123311 -0.000246389 0.000614359 0.00231153 -0.00478203 -0.00298555 -0.00180467 0.018334 0.0485846 -0.0039926 0.00103131 -0.00669687 -0.00952828 -0.0106359 0.00221196 -0.0345758 0.0046203 0.00267884 0.000750923 -0.000204838 -0.00541359 0.00187744 -0.0396682 0.00813406 0.0216399 -0.00915518 0.00859101 -0.033269 0.0059302 -0.0595735 0.0244656 0.0176878 0.031158 -0.00590386 0.0102434 0.0393391 -0.0165302 -0.0135933
internal_weight=54273.6 53953.1 53882 38009.9 320.555 15872.1 266.485 36347.4 36161.6 332.098 6277.18 4606.38 54.0707 38.777 9594.93 8268.53 1159.83 995.47 7108.7 35829.5 6314.84 29514.7 27997.4 12593.6 15403.8 12717.2 11407.4 1326.4 1670.79 1519.13 1471.75 144.226 46.3216 1327.52 835.977 782.097 700.732 690.268 217.085 38.9007 3824.29 11710.7 6339.24 5889.7 1682.07 4207.63 47.3783 1662.45 233.22 74.5008 55.105 21.896 1429.23 19.3958 163.579 81.3651 213.553 2686.57 178.184 259.203 473.184 434.616
internal_count=296831 285022 282708 199165 11809 83543 11267 184294 181782 1455 30414 20870 542 322 53129 46509 7512 6746 38997 180327 32039 148288 141157 54433 86724 74881 67192 6620 9544 8035 7812 862 273 6950 4501 3815 3362 3306 1180 352 17055 49428 26602 24348 6997 17351 223 14871 4988 891 683 126 9883 208 834 453 928 11843 828 11206 2126 1943
is_linear=0
shrinkage=0.05


Tree=85
num_leaves=63
num_cat=0
split_feature=20 18 68 69 42 18 8 43 30 52 44 44 60 48 56 37 47 1 44 67 24 60 69 67 58 54 69 60 30 69 1 45 2 9 26 30 47 18 57 23 38 47 48 43 7 45 52 60 69 25 48 38 38 46 67 18 61 61 9 15 58 12
split_gain=99.5924 57.2142 36.8714 37.9539 34.3829 31.9673 30.7 42.1342 45.7615 34.6797 57.0768 33.5381 31.6576 50.3016 28.2813 36.784 31.5382 26.91 26.7261 25.5827 25.2407 25.2134 24.789 25.4014 24.7197 29.1586 25.231 27.6911 22.9243 22.8367 22.2303 21.9892 21.7115 21.2592 21.013 20.9384 20.8876 20.7766 28.5595 45.177 20.5605 20.1587 30.924 20.0934 19.6824 19.548 25.8228 22.5365 23.098 22.242 19.2567 23.4404 18.88 18.5505 18.493 18.4496 18.3842 35.0375 18.2754 18.1098 17.7525 17.5908
threshold=76.500000000000014 177961840574.29214 7.3726059476560311 4.7689533494311824 7.870000000000001 2849608823.3497171 0.13050000000000003 4.8561828874976296 8.5000000000000018 501020.45119656267 0.64091895302307578 0.3807886552931955 11.938775505635673 479622824.11191589 30.500000000000004 20.669005663556323 62.064122213697367 6.8750000000000009 0.50990395253647713 0.98897820466835418 0.10000000000000012 9.6428571398985401 0.10456237086455401 0.9681107762825325 3584457.2339187176 1.3605291564515525 37.083272136615975 7.0129870095715985 24.500000000000004 0.64101279530009225 6.3850000000000007 1.169254374354906 7.5000000000000009 8150.0000000000009 -1.0000000180025095e-35 137.50000000000003 49.134909011089583 57139815.666748248 2.6671931580906878 4.545502141837221 11604968356.913292 117.45955762148239 18405899430.285458 4.311200716845879 4.830000000000001 1.0081836187039801 354831.38966323453 12.857142733163268 1.2502022603370593 0.45321268060343484 2843859890.9936376 1206246789.7781761 1038603952.7352699 366.49719298245623 -0.44618082326431202 3981571705.534986 1.4190977352952634 0.54551763489626526 8150.0000000000009 0.67390523053952889 752357.28249242227 5.8950000000000005
decision_type=2 2 2 2 2 2 2 2 2 2 2 2 2 2 2 2 2 2 2 2 2 2 2 2 2 2 2 2 2 2 2 2 2 2 2 2 2 2 2 2 2 2 2 2 2 2 2 2 2 2 2 2 2 2 2 2 2 2 2 2 2 2
left_child=1 2 5 22 6 17 7 11 18 58 -11 12 43 -14 24 21 20 19 53 29 -17 -16 30 36 25 26 31 28 -28 -1 -4 35 -7 -3 -31 41 45 38 -2 -40 -27 55 54 52 -8 47 50 49 -49 -24 51 -47 -5 -9 -43 -13 57 -34 -10 -36 -44 -45
right_child=37 33 3 4 -6 32 44 8 9 10 -12 14 13 -15 15 16 -18 -19 -20 -21 -22 -23 23 -25 -26 40 27 -29 -30 34 -32 -33 56 -35 59 -37 -38 -39 39 -41 -42 42 60 61 -46 46 -48 48 -50 -51 -52 -53 -54 -55 -56 -57 -58 -59 -60 -61 -62 -63
leaf_value=-0.017606766859928135 0.026527342315404635 0.0434215207679172 -0.035724157460328476 -0.0032166865389785513 0.027291187039393702 -0.0043903960828096094 0.0041860660084659827 0.0037776480165600079 0.035367698256263368 0.018266292306673718 -0.24620159122487886 -0.0026426961699594822 -0.015298996257234644 -0.1325649233644576 -0.024510452637724819 -0.0075471390745909363 -0.053584643291276074 0.031967803239051622 -0.0029969234362461927 -0.010533012235521919 0.036401804906726072 -0.10426892785165537 -0.065355307996475029 -0.013721276028527525 0.0056422511734722349 -0.057038466562945846 0.0049430749830236577 -0.080023455273428551 0.037229918338078309 0.055961798354409724 0.08036266759437985 -0.014897135444800248 0.052624730485969773 -0.010268143029028612 0.028550836352321959 0.053164462611417454 -0.016129290968158776 0.048860132563296937 -0.25702519391851991 0.035235872516976609 0.020322242410708114 -0.019654367337520368 -0.066573062540705094 0.0018501297491955279 -0.0097209105846907846 0.01066118567126343 -0.022288903649817039 0.020545240111486542 -0.0028469740901827766 -0.0038058500077504964 0.05089108435767651 -0.061972115807137386 0.045736758089738545 0.016510505072445895 -0.002536263077656795 0.013656114406456508 0.024270537539818129 -0.21046234844070189 0.013987397406995861 0.0022540657929518799 -2.9971113690561331e-05 -0.052821296547335243
leaf_weight=143.00000987574458 20.140048654749993 102.98327509406954 85.706125633791089 2771.0045908801258 114.82870682422072 97.128576932474971 318.58059444278479 3447.7642881199718 127.52042126003653 5.3718768050894123 3.2893165750429034 7827.1010985737666 84.178990617394447 10.259434593841432 233.29180791601539 71.74580030888319 20.947120569646358 74.327275689691305 1534.1159129738808 406.43644710071385 59.983022937551141 10.348236279562114 14.721050990745423 582.03243213333189 910.76830381900072 40.358972787857056 574.30002852343023 9.0552031928673369 60.797488916665316 18.353000735864043 4.3324814699590197 400.57345227897167 2.6789330309256902 22.458543052896857 65.874919925816357 16.611187152564526 280.72063291072845 126.75714650843292 2.5238616578280917 2.7772765066474676 10.910700196400283 233.57324022054672 36.911128252744675 13523.835923012346 1263.3205499332398 409.37704985588789 65.112095475196838 196.9886595569551 227.29212455824018 5015.0927348267287 28.888010896742344 11.41772550716996 19.836921826004982 311.93162582814693 486.1753755658865 177.56541472859681 305.0114761274308 2.3986689317971468 462.28049476630986 10680.550327571109 13.759103864431379 14.729136841371654
leaf_count=1404 589 4086 2414 13928 2234 707 1665 14702 1994 89 42 34228 473 68 1104 298 90 324 6938 2220 254 54 92 4956 4423 177 3054 88 528 244 56 1694 75 364 553 424 1921 8220 34 73 103 969 182 58212 6441 2325 390 1000 1245 42440 137 49 76 1633 2045 1667 3172 31 3600 54091 62 80
internal_value=0.000194449 8.07183e-05 2.25833e-06 -0.000689557 -2.41401e-05 0.00247312 -0.00011352 0.000207792 0.00404622 0.0171515 -0.0821724 -0.000611115 0.00082738 -0.0280383 -0.00272153 -0.0158397 0.0034031 0.00198092 0.00256469 0.00178393 0.0124651 -0.0278981 -0.00407425 -0.00373073 -0.00224008 -0.00296613 -0.0027701 0.006796 0.00803387 0.00224287 -0.0301383 -0.00344045 0.0162383 0.0338092 0.00250656 -0.00291846 -0.0028003 0.0405839 -0.000651475 -0.103909 -0.0405753 -0.00302462 -0.0107494 0.00099432 -0.00692017 -0.00217343 0.00714018 -0.00305251 0.00801376 -0.00398599 0.0114014 0.00869037 -0.00286873 0.00483406 -0.00809144 -0.00228114 0.0226997 -0.0716581 0.01861 0.00241526 -0.0485038 0.00179065
internal_weight=54202.7 54050.5 53925.1 42129.3 35207.6 11795.8 35092.8 33510.9 5892.27 598.462 8.66119 27618.6 16423.8 94.4384 11194.8 396.316 152.676 11388.5 5293.81 11314.2 131.729 243.64 6921.68 6831.64 10798.5 9887.69 9836.42 644.153 635.098 10907.8 90.0386 9192.27 407.218 125.442 10764.8 8791.7 6249.61 152.198 25.4412 5.30114 51.2697 8775.09 770.419 16329.4 1581.9 5968.89 514.795 5454.09 424.281 5029.81 449.683 420.795 2790.84 3759.7 719.749 8004.67 310.089 5.0776 589.801 10746.4 50.6702 13538.6
internal_count=296831 287915 283465 220644 163619 62821 161385 153279 28998 5725 131 124281 72837 541 51444 1800 642 58836 23273 58512 552 1158 57025 54555 49644 45221 44941 3670 3582 56292 2470 41271 3985 4450 54888 39577 49599 8916 696 107 280 39153 3258 72296 8106 47678 2901 44777 2245 42532 2511 2374 14004 16335 3014 35895 3278 106 5594 54644 244 58292
is_linear=0
shrinkage=0.05


Tree=86
num_leaves=63
num_cat=0
split_feature=20 18 48 1 69 30 43 3 8 1 7 6 56 50 23 9 37 69 51 18 52 9 59 69 18 34 67 68 47 69 62 43 67 43 69 36 69 5 0 48 13 32 7 43 46 69 68 40 46 29 55 56 38 69 66 59 56 43 7 0 40 48
split_gain=93.8272 53.3642 35.6753 34.0369 37.9198 34.6747 40.7105 27.2417 25.4285 27.1301 24.7685 24.5996 24.9288 25.0009 24.2015 23.2142 24.2197 34.9099 22.9689 22.7823 22.1659 21.376 20.6324 20.4977 20.3783 23.4744 20.0665 20.028 20.0149 19.965 19.6158 18.8998 18.6031 22.7272 22.267 22.4352 20.6845 20.5258 18.5764 18.2631 18.0244 17.6546 17.6243 17.4969 17.39 19.9015 17.0354 17.2272 26.174 21.0089 20.6619 21.2983 20.4574 17.2176 22.1614 16.7682 16.5915 19.941 16.2828 16.32 16.2529 35.5672
threshold=76.500000000000014 177961840574.29214 1448954142357.0898 4.6950000000000012 0.52281185432277033 8.5000000000000018 4.9200946372239764 117.75000000000001 0.57500000000000007 7.5700000000000012 10.550000000000002 6.7300000000000013 30.500000000000004 11.500000000000002 4.4889493949394952 6941.5000000000009 1.865513705698097 2.0412393268775983 2.3454685961762216 3319135619.9656978 1002472.1708944392 335768928.00000006 1267.9153214682294 0.69556707575116394 57139815.666748248 0.31874754901018459 -0.71322329076259927 2.5557725843011809 13.550000000000008 1.513881282517239 1.3261744236624622 4.6546164772727288 -0.49240481012316828 5.9866228070175449 24.708542854297878 44.979513888888896 1.8139298249981335 0.76500000000000012 34.107000000000006 7796745685.7620459 4.200909090909092 4.8750000000000009 8.2100000000000026 4.2168238993710707 17.667912772585673 16.661786487764811 9.3731723274494723 28.500000000000004 10.004687500000001 2.8491700866091991e+19 5043390.3278354695 27.500000000000004 32356183980.192245 30.15487851932987 0.8703225554619175 913.99236238627816 169.50000000000003 4.5080243902439046 3.6050000000000004 24.008500000000002 48.500000000000007 8998042212.6060047
decision_type=2 2 2 2 2 2 2 2 2 2 2 2 2 2 2 2 2 2 2 2 2 2 2 2 2 2 2 2 2 2 2 2 2 2 2 2 2 2 2 2 2 2 2 2 2 2 2 2 2 2 2 2 2 2 2 2 2 2 2 2 2 2
left_child=1 2 3 4 14 8 -7 10 9 21 15 -9 13 46 26 16 17 29 56 44 -21 27 23 -3 25 -2 -1 30 -20 -6 43 41 37 34 35 36 40 -29 55 42 -34 -12 -37 -5 45 -18 -13 49 -49 50 51 53 -51 -48 -55 -35 60 -58 59 -38 -14 -62
right_child=24 22 -4 5 7 6 -8 11 -10 -11 31 12 18 -15 -16 -17 19 -19 28 20 -22 -23 -24 -25 -26 -27 -28 32 -30 -31 -32 -33 33 38 -36 39 58 -39 -40 -41 -42 -43 -44 -45 -46 -47 47 48 -50 52 -52 -53 -54 54 -56 -57 57 -59 -60 -61 61 -63
leaf_value=0.072060533838547478 -0.12516124274326587 -0.053515687241202647 0.036116426381116055 -0.03764500005670926 0.0029463939905874379 0.0037259892177359585 0.019052409950343584 -0.015565282234895065 -0.018181997419380886 0.031848366732384066 0.0040775217544380439 0.0072190832439883931 -0.018755965121161813 0.053840136670623276 -0.026668076149182696 -0.0032771288458094804 -0.031498482908164503 0.017615588729476668 0.080576070937957628 0.019590341541467732 -0.040889360518746684 -0.017775812964149488 -0.099226439197476604 0.041159370262268187 0.048727478503278104 0.017998443197728257 -0.0151473588201865 -0.013683190814507848 0.0060245022822438985 -0.032636687303005188 0.026968254968351559 0.0065535969360610404 0.066182832828974178 -0.0051922454625645958 0.0062547997383541123 -0.0030644167503304349 0.005959122393620413 -0.0012925726131557272 -0.025032538663293632 -0.017166227699484893 -0.0040437453304076028 -0.0045047655171617336 0.0059894958672511026 0.0058122447874115303 -0.0020965260840479921 0.024045694974469983 0.00028916519895371025 -0.048664381890107251 0.0060743709873413258 -0.11485006318754616 -0.051411568004475341 0.056634476927647864 -0.0062952662394185127 -0.030149199125187234 0.014193712208280564 0.056785982376164605 -0.011235133564739605 0.019838577262613094 0.0043644777481774413 -0.024055427233032538 0.055469805418493535 -0.025500687965270261
leaf_weight=11.933928344398739 3.2881720755249289 6.0224336292594662 68.297748499549925 23.651404112577438 127.41046472266316 3261.1712776208296 499.66051671653986 202.97763261571527 179.82690739259124 69.681395471096039 1047.1203526444733 1659.0635913172737 374.03607670962811 24.123162002302706 212.10039326176047 16302.17542777583 98.821708559989929 468.38492019381374 12.875987268984316 175.4155033249408 16.581893337890506 157.09954167343676 2.8737313002347937 112.75313419196755 120.89518673252314 22.169691152870655 14.748096490278838 357.00667346641421 29.929175719618797 57.08139387331903 110.56635162979364 1339.5567867718637 9.2095219269394857 264.6042098980397 2244.9801239445806 3032.2543446831405 81.185207199305296 5240.3179367575794 139.32515796273947 194.85832928866148 1158.0463708117604 1400.9172712881118 653.30516820400953 1119.4876085221767 955.95234274398535 19.271823251619935 2945.2363655976951 22.122677311301231 1699.156771812588 7.9328447617590454 19.838647097349167 16.384295180439949 9.5827017612755281 100.28069376945496 39.187292531132698 11.382549874484537 120.24188791587949 90.480832947418094 5221.4903260357678 102.43026968836784 24.345073737204075 30.620980488136411
leaf_count=84 44 34 1999 162 732 18962 5212 1537 1012 299 4717 8553 1852 161 4165 85229 528 2511 58 1765 139 2062 12 4404 8220 652 162 1905 137 348 499 6353 60 1180 10852 12607 443 26087 614 889 9590 6571 2656 5471 4793 169 14482 129 8056 47 98 81 78 415 163 49 540 410 25012 510 92 178
internal_value=0.000185511 7.71491e-05 2.45838e-06 -4.33811e-05 -0.00117738 0.00135117 0.00576224 -0.00101641 0.000536794 0.00070351 -0.00190008 0.0016017 0.00208396 0.00303252 -0.0210222 -0.00266483 0.00253697 0.0103593 -0.00700916 -0.00149685 0.014367 0.000595653 0.033156 0.0363589 0.0401658 -0.000492256 0.0238577 0.00074022 0.02845 -0.00806294 0.0068582 0.0017789 0.00033028 0.00136033 0.00173679 0.00076644 0.00254635 -0.00208287 -0.0101494 -0.00224824 -0.00348967 -0.000833789 -0.00145951 0.00491312 -0.00433269 -0.0224342 0.0028445 0.00135106 0.00537084 -0.00085359 -0.000547123 -0.000221727 -0.0554601 -0.000523716 -0.0176899 -0.00263607 -0.0093818 0.0021074 0.00384985 -0.0107846 -0.0150252 0.010362
internal_weight=54143.7 53997.4 53875.7 53807.4 29675.9 24131.5 3760.83 29437.1 20370.7 20190.9 22008.7 7428.42 7225.44 6542.91 238.782 18221.1 1918.92 652.877 682.53 1266.04 191.997 20121.2 121.649 118.776 146.353 25.4579 26.682 19964.1 42.8052 184.492 1253.71 3787.59 18710.4 13113.1 12697.8 10452.8 6572.36 5597.32 415.312 3880.42 1167.26 2448.04 3685.56 1143.14 1074.05 118.094 6518.79 4859.72 1721.28 3138.44 3120.93 3101.09 17.5155 3084.7 139.468 275.987 639.725 210.723 5405.11 183.615 429.002 54.9661
internal_count=296831 287915 283465 281466 155333 126133 24174 150922 101959 100947 113855 37067 35530 32263 4411 96214 10985 3591 3267 7394 1904 100648 4450 4438 8916 696 246 98586 195 1080 6132 17641 92454 64462 62619 51767 35615 27992 1843 16152 9650 11288 15263 5633 5490 697 32102 23549 8185 15364 15239 15141 125 15060 578 1229 3072 950 25965 953 2122 270
is_linear=0
shrinkage=0.05


Tree=87
num_leaves=63
num_cat=0
split_feature=11 48 48 69 43 70 43 28 44 69 43 30 55 57 51 9 57 65 16 63 40 30 69 30 48 42 54 50 56 12 27 52 40 44 65 58 69 17 48 32 69 52 35 48 16 6 50 25 38 56 28 28 14 43 60 48 58 42 16 13 61 26
split_gain=88.9686 39.7454 34.1638 32.5229 32.5622 69.4407 34.0157 33.5896 31.4399 32.6703 29.1367 29.0583 40.2487 50.9505 28.746 27.5921 27.4987 28.3996 27.2756 32.0481 27.0161 29.0701 38.4501 45.0239 26.1336 36.8424 25.8678 25.7546 35.9634 29.6271 28.2375 26.221 25.5118 24.7656 24.6834 34.3294 25.5545 34.7497 27.8611 24.6757 24.5983 24.4667 24.3441 24.1824 23.9138 26.7732 24.7197 25.5061 33.6109 23.024 22.0312 21.0146 20.9325 20.7752 25.6382 20.7075 27.7828 25.5341 22.7728 21.6063 20.7048 25.4704
threshold=19.500000000000004 2106968938586.5383 49525764906.738258 3.2868953971770685 4.8600373134328372 31.140309936102046 6.0519047619047628 47734088396.843285 0.3807886552931955 43.193351547135997 4.2834408602150553 105.50000000000001 8172023.9343339792 2.1171516488029023 0.42427491528427175 335768928.00000006 2.7143405118953257 3.5000000000000004 26.401923076923083 41.474715144678569 116.50000000000001 37.500000000000007 23.081006820840908 62.500000000000007 1165957902.3540127 5.7950000000000008 1.7312286881348793 3.5000000000000004 10.500000000000002 5.8950000000000005 10.700000000000005 85590.01622779468 738.50000000000011 0.7660902622830742 1.0000000180025095e-35 8938354.294209512 14.588723830624085 2.0001999800039991 1783524217.1860251 6.495000000000001 4.6325676483035041 2919726.2884279354 1.1692543743549091 130408747603.88625 23.003500000000006 8.2250000000000032 18.500000000000004 1.0030574137502635 211699858.18731302 1.5000000000000002 215668720.12140283 501236590.89962429 1.0000000180025095e-35 4.4923419649657284 0.65934065917763574 1165957902.3540127 44721.390993231558 5.8950000000000005 9.6083333333333361 4.4142857142857164 12.845812642539387 10.001271186440681
decision_type=2 2 2 2 2 2 2 2 2 2 2 2 2 2 2 2 2 2 2 2 2 2 2 2 2 2 2 2 2 2 2 2 2 2 2 2 2 2 2 2 2 2 2 2 2 2 2 2 2 2 2 2 2 2 2 2 2 2 2 2 2 2
left_child=1 3 60 16 8 6 7 33 10 11 24 14 -13 53 -10 20 17 26 19 34 21 44 23 -23 25 -5 55 31 29 -29 -30 -20 -22 -6 35 42 37 43 51 -38 -21 -27 -16 -36 46 -46 47 50 52 -42 -12 -39 -49 54 -14 56 59 -57 -59 -1 -2 -62
right_child=2 -3 -4 4 5 -7 -8 -9 9 -11 15 12 13 -15 18 -17 -18 -19 27 40 32 22 -24 -25 -26 41 -28 28 30 -31 -32 -33 -34 -35 36 -37 39 38 -40 -41 49 -43 -44 -45 45 -47 -48 48 -50 -51 -52 -53 -54 -55 -56 57 -58 58 -60 -61 61 -63
leaf_value=0.012776423447021935 0.021577616899721989 0.038975927257689773 0.046995870793896125 -0.0034339378318624055 0.0036967595378777727 0.041202792248583482 -0.0097630089531482861 0.031653784962095352 -0.0753325344212597 0.016191151040833181 0.011570322617307888 0.033917272529417404 -0.10603312960342798 -0.11464769190746663 0.025186330155050413 -0.039949219597960162 -0.049769060804258886 -0.025721159720815526 -0.0033922915453364622 -0.042185799465189057 0.026975371450695729 -0.074434338557125918 0.058358044885658933 0.00616665482768574 0.033544540489232735 -0.07007114134632518 0.040489758922431597 -0.029023009033057552 -0.017498968723159293 -0.11525618834092569 0.0097112875467415382 0.0040564614568417293 -0.08237138093476204 -0.0082876299678972878 0.00020191470912661624 -0.042004596420789103 9.2841696883472858e-05 -0.032148855305879173 -0.043532387807666328 0.044662357061819889 0.0048791923340702733 0.0035352397249722857 -0.038857564760579 -0.055773771111628914 -0.024780841003952933 0.0015992388340047648 -0.044446908642874164 0.012188692968876187 -0.012169052153237367 0.025781582655873526 -0.034299221227909425 0.037985743863288707 0.067208645726165306 0.053082545148940598 0.033568608947584483 0.040956692344217074 -0.015170575873434495 0.036202160552212558 0.00031621502774600982 -0.0036493757870293218 -0.056470875733020537 0.031231083134192095
leaf_weight=209.06537038087845 135.73695556353778 65.415129134431481 127.53731488622725 2889.4788019917905 7911.1874082265422 118.2222740072757 521.451316177845 103.86399505101144 13.515067193657158 244.76039304584265 377.12240782380104 116.89300471264869 6.3507552668452281 11.226046510040758 180.70449536386877 39.65682739764452 31.60231514647603 135.0538185313344 11751.63099113293 19.012130895629525 144.45297043584287 42.254891112446785 11.168861808255313 29.368292670696974 46.634878784418106 34.703056365251541 34.709200590848923 31.758088409900665 340.61697028111666 14.511938179843126 132.41013356111944 1313.5269909854978 5.538730662316083 455.9216145388782 327.13200635462999 25.244781877845526 142.65635334141552 21.004788018763065 119.38513964693993 39.696864360943437 254.41842137183994 16.733611553907394 16.165486380457878 20.504201076924801 96.686303675174713 18399.517058949918 18.603719688951969 24.381714545190334 27.891367740929127 273.22659491561353 28.130235061049461 21.729957640171051 59.409124419093132 14.448227263987063 6.8215173110365868 42.980143487453461 513.79429820738733 46.008597796782851 1130.018822144717 4722.2064834162593 20.907569207251072 13.705399146303533
leaf_count=1385 2897 2314 8510 15637 37297 2421 2482 2047 61 1921 1693 3199 29 64 967 289 205 1984 52829 95 1315 234 53 260 174 149 233 188 1500 86 594 6017 53 2091 1586 111 663 92 741 385 1352 71 68 161 895 81953 88 98 124 1539 133 83 231 350 154 290 4577 221 5746 43444 120 282
internal_value=0.000176603 2.57017e-05 0.0274264 -2.17218e-05 0.000449139 0.00313206 0.00263155 0.00339453 -0.000198343 -0.00193104 0.00100328 -0.00222257 0.0192642 -0.0248283 -0.00244479 0.00171442 -0.0032357 -0.00302051 -0.00237932 0.00411255 0.00180018 0.00163432 -0.0279292 -0.0413848 -0.00359173 -0.00418061 -0.00256284 -0.00307746 -0.0139975 -0.0560688 -0.00988225 -0.00264342 0.0229375 0.00304373 -0.00161403 0.0128885 -0.00626825 -0.0120146 -0.0311311 0.00979528 0.0136896 -0.0461252 0.0199275 -0.00309963 0.00176293 0.00146134 0.0121789 0.0142168 0.0353734 0.0157029 0.00838633 0.0035135 0.0511988 0.0116778 -0.0337377 -0.00278708 -0.00410584 0.00310356 0.00172015 -0.00295299 0.0127751 -0.0217443
internal_weight=54090.5 53792.6 297.887 53727.2 46861.7 9110.65 8992.42 8470.97 37751.1 15459.4 22291.7 15214.6 155.74 38.8465 15058.9 19304.2 6865.44 6833.84 15045.3 1460.88 19264.5 19114.5 82.792 71.6232 2987.55 2940.92 6698.78 13584.5 519.297 46.27 473.027 13065.2 149.992 8367.11 914.224 222.115 692.109 509.756 162.12 182.353 546.657 51.4367 196.87 347.636 19031.7 18496.2 535.539 516.935 111.682 527.645 405.253 42.7347 83.7908 27.6205 13.1723 6664.07 5445.07 1219.01 1176.03 4931.27 170.35 34.613
internal_count=296831 285022 11809 282708 224623 46338 43917 41435 178285 74835 103450 72914 3796 597 69118 87419 58085 57880 69057 7843 87130 85762 547 494 16031 15857 55896 61214 2368 274 2094 58846 1368 39388 4857 1146 3711 2663 916 1048 2986 220 1035 1747 85215 82848 2367 2279 453 2891 1826 175 329 533 183 55663 49406 6257 5967 44829 3299 402
is_linear=0
shrinkage=0.05


Tree=88
num_leaves=63
num_cat=0
split_feature=20 18 68 1 66 28 40 46 59 0 63 57 40 52 32 26 61 47 52 48 26 26 0 63 45 69 27 14 65 59 18 69 61 40 13 34 69 48 42 38 60 59 38 69 69 48 44 53 53 59 57 47 43 18 57 23 7 40 30 52 38 38
split_gain=84.1664 47.6099 31.608 35.436 29.6931 39.8519 28.8284 38.2755 29.2499 29.3916 28.3146 26.2081 25.9688 25.5394 51.6235 28.591 26.9783 31.1595 25.4621 26.244 24.8629 24.7753 24.4134 23.3911 23.1761 22.8324 24.8689 37.0236 23.7936 22.1205 24.8674 23.5517 23.2549 26.3883 30.3121 23.2062 22.0712 21.8909 21.5255 21.4994 21.4767 22.5604 32.3096 21.4088 21.1214 20.8748 20.8607 32.8504 20.4109 20.3035 20.2357 22.8709 23.1164 20.1421 23.4608 26.8429 19.9075 19.5204 21.8105 19.8692 19.27 21.7444
threshold=76.500000000000014 177961840574.29214 14.976542208875104 6.495000000000001 0.53727914962411616 354824055.66479212 55.500000000000007 23.802083333333339 86.787871088087329 5.9720000000000004 113.89990621418893 0.8216382090061527 137.50000000000003 1058749.5465190413 5.8950000000000005 26.006250000000005 10.592252618833813 8.4914654094675992 2700808.4840519042 139779534.96574333 1.0000000180025095e-35 92.01428571428572 550.05000000000007 159.49831817381701 1.9131445645946219 1.6957288840208113 5.2080066465895092 0.42307842990877492 1.0000000180025095e-35 75.015763149504579 539779159.35137594 31.309610788877553 2.535835272773399 26.500000000000004 5.2334313725490214 0.53892337551433178 38.456221527967948 258227081496.16293 5.5550000000000006 629310439.96096146 12.857142843897176 735.44328314882227 225079379.09778434 13.470361081377115 0.050008090413482302 677609160.74117601 0.58943240117553408 112.50000000000001 45.500000000000007 511.3473367788601 1.381846078783078 60.873656744538245 5.1996153846153863 57139815.666748248 2.6671931580906878 4.5413418290854581 6.2150000000000007 28.500000000000004 44.500000000000007 2368075.8356355056 60176605.42054414 34535817096.876617
decision_type=2 2 2 2 2 2 2 2 2 2 2 2 2 2 2 2 2 2 2 2 2 2 2 2 2 2 2 2 2 2 2 2 2 2 2 2 2 2 2 2 2 2 2 2 2 2 2 2 2 2 2 2 2 2 2 2 2 2 2 2 2 2
left_child=1 2 3 4 18 46 8 -8 10 -10 -4 21 13 16 -15 -16 29 25 20 -20 -1 -9 44 -19 37 -18 28 -28 43 30 -7 32 -32 34 -34 -36 40 60 49 48 41 50 -43 -27 -11 -30 47 -6 -21 -24 51 -22 -53 54 -2 -56 -5 -17 59 -59 -13 -62
right_child=53 -3 6 56 5 12 7 11 9 22 -12 24 -14 14 15 57 17 23 19 39 36 -23 38 -25 -26 26 27 -29 45 -31 31 -33 33 -35 35 -37 -38 -39 -40 -41 -42 42 -44 -45 -46 -47 -48 -49 -50 -51 -52 52 -54 -55 55 -57 -58 58 -60 -61 61 -63
leaf_value=0.049898075642182231 0.025303570733448657 0.032196869022544289 -5.4214230076312738e-06 0.025180894475176348 0.0020907960578976001 0.0028712142241628796 -0.015861249258017091 -0.0015720766385270619 -0.022781598213296013 -0.041257444251441393 0.010756516989701016 -0.017807626137962763 0.038847322945248855 0.044688065871488852 -0.0047340980557097267 -0.094774970360224309 -0.016735503385104988 0.02258017263876157 0.066504599334684555 0.010902400494739837 -0.0030386992372568302 -0.069654055841577009 0.015518403086308597 -0.030329102650939507 0.077578387700293183 0.049523593121315823 0.014038078123967748 -0.076929812742837 -0.040002780584895252 0.012127887330976675 -0.074149427524557332 0.03211743794301565 -0.088010974302329459 0.017487736775948195 0.020590860151687519 -0.051256676807753566 0.013084082401913397 0.031585897179463626 -0.0017344499012500094 0.022099442426308458 -0.036002773913036676 -0.0035009399899744646 0.034612547546724957 -0.029228970944032109 -0.0028508699132783655 0.012020351282120031 -0.0066107843990890871 -0.037513829866454906 -0.064564675374231245 -0.011884894725788672 -0.013012773767606371 0.006442409325169568 -0.052294137784559803 0.04850120725145235 -0.19808546977319585 0.019062875858355071 -1.1383468197634833e-05 0.042273561516326622 -0.073918692609265091 -0.049399222368305809 0.013043334329783574 -0.01357392675308132
leaf_weight=23.293608497828245 18.908921100199226 115.06771198660135 10684.846921877936 241.59579663351178 11829.591390671209 314.27189123723656 168.16120212338865 47.349315281957388 179.23521209135652 35.875341810286045 648.26250637322664 65.70745861530304 69.300412721931934 33.918578488752246 80.609700091183186 17.532465528696775 102.03905379772186 672.12110271770507 24.189848750829697 19.948105603456497 6046.8998853135854 18.616597563028336 478.20733360946178 21.559509716928005 13.189579784870146 66.868641155771911 26.610254788771272 19.29587731231004 21.247399605810642 327.40822613332421 24.17790338024497 17.288561005145311 20.523357637226582 32.436037143692374 22.894083984196186 22.076028324663639 240.40049143508077 113.26546073984355 653.20484480261803 97.883781005628407 46.982962087728083 124.63726212270558 100.39455797895789 9.9086028560996038 16481.579040541314 208.53972215671092 763.47197881527245 52.591458596289158 16.264805570244789 78.720368187874556 436.36273467633873 916.67181461490691 17.062876120209694 111.37317559774965 2.8717579413205376 2.8213703176006675 116.10525442287326 12.656847773119809 17.653981718234718 11.089479479938744 748.75121012888849 85.489798508584499
leaf_count=276 589 4450 55708 1151 58026 1971 1122 251 1560 1174 3052 265 1707 170 537 79 505 5652 107 96 32149 78 2272 114 46 375 228 172 91 1935 230 166 123 352 117 120 1656 1693 2994 705 312 1176 510 58 84365 1201 3553 248 77 472 2186 3966 79 8220 32 75 552 95 213 65 4312 1000
internal_value=0.000168427 6.93174e-05 5.85974e-07 0.00138777 0.00114415 0.00247538 -0.00105849 0.00634503 -0.00137766 -0.00263574 0.00061017 0.0097635 0.00873204 0.00773952 -0.0106377 -0.0240857 0.00939182 0.0142685 -0.00128784 0.0185693 -0.00168307 -0.0207859 -0.00243206 0.0209358 0.0117269 0.00409271 0.0101224 -0.0241988 0.0152618 0.00222311 -0.00492509 -0.0225021 -0.0302354 -0.0193934 -0.037659 -0.0146794 -0.00183459 0.0108696 0.00442305 0.00992215 -0.00230103 -0.00209384 0.0135028 0.0393601 -0.00293429 0.00721 0.00140073 0.0019155 -0.0229932 0.011645 -0.00256704 -0.00191407 0.00536907 0.0394566 -0.00148796 -0.0904722 0.0170038 -0.0505552 -0.0318288 -0.000537415 0.00826235 0.0103157
internal_weight=54037.9 53901.9 53786.8 23286.4 22928.7 14817.7 30500.5 1260.53 29239.9 17906.8 11333.1 1092.37 2172.03 2102.73 173.461 139.542 1929.27 1148.19 8110.99 158.287 7952.71 65.9659 17727.6 693.681 1026.4 454.51 352.47 45.9061 306.564 781.076 453.668 139.396 122.107 97.9295 65.4935 44.9701 7929.41 1013.21 1210.13 134.097 7689.01 7642.03 225.032 76.7772 16517.5 229.787 12645.7 11882.2 36.2129 556.928 7417 6980.63 933.735 135.975 24.602 5.69313 357.701 58.9328 41.4003 23.7463 899.948 834.241
internal_count=296831 287915 283465 123101 121398 78103 160364 8767 151597 92837 58760 7645 16276 14569 1159 989 13410 8396 43295 985 42310 329 91277 5766 7316 2630 2125 400 1725 5014 3079 1108 942 712 360 237 42034 7270 5738 878 40378 40066 1686 433 85539 1292 61827 58274 173 2744 38380 36194 4045 8916 696 107 1703 452 373 160 5577 5312
is_linear=0
shrinkage=0.05


Tree=89
num_leaves=63
num_cat=0
split_feature=10 43 41 1 43 58 20 22 1 0 8 1 0 70 59 44 59 43 30 69 36 58 52 36 64 69 56 57 38 47 61 47 60 51 47 42 45 35 69 47 36 35 41 7 56 0 59 7 43 66 60 65 0 41 41 43 69 32 17 25 26 69
split_gain=79.7391 34.4592 33.659 32.2364 30.934 27.9037 27.1092 26.8535 28.7756 28.6566 24.5219 41.245 42.5588 35.4068 32.45 29.0203 30.3764 33.0857 24.9823 23.2909 31.5805 43.5198 37.9674 23.542 22.8173 30.5233 22.7742 24.2828 38.5927 33.3849 23.7234 22.3298 31.7051 24.5427 22.0109 21.9964 48.5696 21.7941 21.5788 30.7097 26.1859 23.279 23.248 21.4244 21.3796 21.3298 24.6089 21.9662 20.3791 26.5019 20.831 20.8288 20.2607 19.957 19.5436 19.3063 38.3058 28.1763 26.489 21.0475 31.1658 19.7145
threshold=17.500000000000004 4.6500950570342221 1.9722222222222221 4.3950000000000005 4.6735347788750543 480855.39427130384 57.500000000000007 6.455000000000001 6.8750000000000009 55.150000000000013 0.14550000000000002 5.6950000000000012 86.750000000000014 3.836771725436622 283.30967910500294 0.50518063348773068 441.9246103158444 4.7818511198945997 4.5000000000000009 17.91653493813946 10.95027777777778 7065372.3619509852 6460617.7149496069 40.375961538461546 1.0000000180025095e-35 1.8866688655995623 24.500000000000004 3.6265066431037019 44669129.84944208 60.873656744538245 12.557362773767911 10.431638418236608 12.857142843897176 1.1291656529484544 1.0253942301229526 7.5950000000000006 0.64001292069952842 1.5035172991420185 3.2868953971770685 10.431638418236608 10.119718309859158 0.65311748766393574 0.38333333333333336 13.450000000000001 12.500000000000002 34.850000000000001 36.2164213241387 5.2100000000000009 4.3179029304029317 0.99687937417578498 12.272727267347994 3.5000000000000004 60.850000000000001 0.083333333333333259 1.3388888888888892 5.0600746268656724 3.0868630355231388 5.5950000000000006 1.1183125567949077 0.52962741695518545 24.00370370370371 14.588723830624085
decision_type=2 2 2 2 2 2 2 2 2 2 2 2 2 2 2 2 2 2 2 2 2 2 2 2 2 2 2 2 2 2 2 2 2 2 2 2 2 2 2 2 2 2 2 2 2 2 2 2 2 2 2 2 2 2 2 2 2 2 2 2 2 2
left_child=2 6 3 5 19 43 -2 8 10 -10 11 15 14 45 -13 16 24 -18 -19 20 37 -22 -23 -21 35 -26 30 29 -29 -28 38 -9 33 -33 -32 55 -37 -4 41 40 -40 -7 -41 48 -36 46 -12 -48 49 50 -1 -50 -45 -11 -38 59 58 -58 -57 60 -5 -62
right_child=1 -3 4 7 -6 26 -8 31 9 53 13 12 -14 -15 -16 -17 17 18 -20 23 21 22 -24 -25 25 -27 27 28 -30 -31 34 32 -34 -35 44 36 54 -39 39 42 -42 -43 -44 52 -46 -47 47 -49 51 -51 -52 -53 -54 -55 -56 56 57 -59 -60 -61 61 -63
leaf_value=-0.015581649156130582 -0.00016987793393301391 0.042255083369176757 0.049002301021771028 -0.13910376609707117 0.03541059459289312 0.064489909592943415 0.046632082189739452 0.0010891009233649368 0.022051892619017559 -0.028806796727588166 -0.012915979073976855 0.010001606721537248 -0.0066936946806666134 0.013379607393975907 0.04004765921035161 -0.0032193378691543237 -0.010821627946362844 5.0965455384221499e-05 0.033639615235928226 0.036318916208540102 0.010961260199414839 -0.064137606903791888 0.055712402288304735 -0.039179795256454368 -0.016669919764672799 -0.00035011936462081209 -0.0040177569670056309 0.081999036616892174 -0.023430114955745967 -0.035261561282550369 0.017970099644977474 0.016269554186781662 -0.11660865074901779 -0.041345303031048927 -0.036164867084529942 0.0073015281942252807 -0.0422850033694653 -0.051455204170407526 0.051809857609054266 1.1618536315704225e-05 0.012295652167702446 -0.019920334246518463 0.008356323886281488 -0.0079166232851298098 0.016442071204898785 -0.013419274669195382 0.011690036233106965 -0.0038621457147663125 -0.0032554706653041068 0.0077569600802480905 0.018670370131984717 -0.022555167574318271 0.0060018326628298738 0.031805541817849552 -0.15365285603160539 -0.0092113223245439465 0.0068257642303487191 0.024019175638488714 0.080095199218534807 0.0019585442598996348 0.04805815969930468 -0.049751406313467271
leaf_weight=933.71475614979863 143.15523777343333 150.55848954617977 32.75003378931433 6.3148401379585293 123.95236713346094 8.642214819788931 39.471696615219116 678.46106917224824 276.38376132026315 53.501933909952641 441.99159987643361 1311.5542396139354 385.29271113872528 248.8106021694839 96.472579672932625 5096.9047306478024 1019.6988170184195 241.05898560397327 71.861882884055376 73.867280206643045 59.95370866637677 52.887001497671008 7.5516321361064902 12.003172747790812 298.07158879190683 7387.5442809704691 1228.2480209637433 19.828729242086411 15.438180759549139 91.896126806735992 36.039620961993933 675.28635406121612 4.6282513681799164 19.004050245508552 103.08668171800673 27.032189327292144 7.2412229999899855 6.4647440686821929 49.004148207604885 2972.0139561295509 290.34798580780625 148.85006407648325 1160.5807162215933 359.26203204970807 23.76564422622323 743.35450309887528 335.77395417541265 701.15443144738674 6901.275990257971 164.0981877297163 46.604815572500229 142.68938464298844 960.48651295341551 18.200129799544811 8.639216583222149 320.69552952796221 708.30764386802912 359.09080294519663 8.5237752199172956 16064.263461396098 8.2423901725560444 13.739837318658827
leaf_count=6328 1430 8906 325 45 3028 37 2473 5032 1226 259 2834 6332 1804 1272 532 24063 8716 1464 432 1784 654 350 138 90 3119 34401 6275 84 69 436 232 7557 71 161 682 375 53 34 247 12696 1557 1435 5337 2176 160 3818 1892 4713 37322 766 406 1099 4414 86 55 1995 3015 1753 37 78568 83 98
internal_value=0.000160702 0.0245455 9.2987e-06 -9.49611e-05 0.0150495 -0.00200164 0.00994557 0.000698158 0.000437857 0.0147447 0.000299182 0.000654353 0.00803098 -0.00450725 0.0120602 0.000236349 0.000899743 -0.00645729 0.00776456 0.00476835 -0.00652838 -0.0192218 -0.0491627 0.0257655 0.00128852 -0.000983051 0.0006235 -0.00509881 0.0358472 -0.00619266 0.00224194 0.00755064 0.013823 0.0146925 -0.0165123 0.00228432 -0.0334694 0.0324414 0.00290183 0.00354245 0.0180017 -0.0152884 0.00235511 -0.00369899 -0.026309 -0.0065099 -0.00303702 0.0011739 -0.00465184 -0.0108403 -0.0139533 -0.00364642 0.00221295 -0.0134216 -0.102871 0.00237205 0.00801113 0.0126099 -0.0068991 0.00188265 -0.0412014 -0.013077
internal_weight=53995.6 333.185 53662.4 53293 369.43 15655.9 182.627 37637.1 36259.7 348.086 35911.6 33440.6 1793.32 2471.09 1408.03 31647.2 26550.3 1332.62 312.921 245.478 159.607 120.392 60.4386 85.8705 25217.7 7685.62 6147.74 1355.41 35.2669 1320.14 4792.33 1377.38 698.919 694.29 162.892 17532.1 42.9126 39.2148 4629.44 4471.95 339.352 157.492 4132.59 9508.13 126.852 2222.27 1478.92 1036.93 8188.38 1144.42 980.32 7043.97 1319.75 71.7021 15.8804 17489.2 1396.62 1067.4 329.219 16092.6 28.2971 21.9822
internal_count=296831 12809 284022 277619 6403 81758 3903 195861 183040 1571 181469 166940 8668 14529 6864 158272 134209 10612 1896 3375 1501 1142 488 1874 123597 37520 29247 6864 153 6711 22383 12821 7789 7718 1074 86077 483 359 21309 19837 1804 1472 18033 52511 842 13257 9439 6605 45921 7500 6734 38421 6590 345 108 85594 6800 4768 2032 78794 226 181
is_linear=0
shrinkage=0.05


Tree=90
num_leaves=63
num_cat=0
split_feature=20 12 42 1 69 8 70 62 7 2 30 3 3 7 23 9 54 47 59 5 9 67 54 54 1 69 54 38 38 36 3 69 7 23 2 43 69 66 36 37 66 36 63 42 5 44 1 44 43 17 48 42 28 43 35 38 60 22 59 69 63 47
split_gain=75.7573 40.5945 29.699 27.1014 38.8681 33.5224 50.2426 35.1604 30.4511 29.9311 34.567 28.2699 26.6638 31.7329 26.4141 25.9456 25.3339 31.2582 20.6918 19.5062 22.1131 23.529 20.1831 19.4507 19.0343 18.8728 22.2577 18.8544 62.0776 21.4312 18.4529 18.3961 18.7525 18.3014 23.429 20.612 18.1648 17.9676 17.8347 30.9532 19.7066 18.8853 19.9321 17.8224 17.7802 17.7687 17.514 17.3828 17.1148 31.3767 23.077 20.1369 25.5907 21.6576 20.3535 20.3435 22.0147 31.7056 33.8064 23.4185 30.901 28.9226
threshold=76.500000000000014 7.3050000000000006 8.1250000000000018 4.995000000000001 0.52281185432277033 0.14050000000000004 9.4742924473447214 1.3261744236624622 4.830000000000001 7.5000000000000009 71.500000000000014 118.35000000000001 117.75000000000001 10.550000000000002 4.4889493949394952 5859.5000000000009 1.6286043071371963 2.6466787174673585 913.99236238627816 0.89500000000000013 301352.50000000006 0.0087262032186418322 0.82980584361375509 3.278923338369566 5.7150000000000007 2.9777544746209959 1.2249331540860944 24834195282.375343 32356183980.192245 112.81000000000002 329.95000000000005 26.790697891513783 6.0150000000000015 4.8722813238770692 1.0000000180025095e-35 4.2994949494949504 28.38186440467004 0.77714596145697101 47.00119047619048 73.966252789454487 0.90255091666790865 93.503333333333345 28.074589456082585 7.8050000000000006 0.90500000000000014 0.3155682704793582 7.3750000000000009 0.26000000000000001 5.0273205741626814 3.4121032884141456 89902999506.429504 5.4250000000000007 314282781.64634436 4.333615819209041 2.3688789921995586 3724231179.3580117 6.4285714265543019 5.0950000000000006 133.56639045023681 4.9053390505588617 38.088268959839716 72.124843273635278
decision_type=2 2 2 2 2 2 2 2 2 2 2 2 2 2 2 2 2 2 2 2 2 2 2 2 2 2 2 2 2 2 2 2 2 2 2 2 2 2 2 2 2 2 2 2 2 2 2 2 2 2 2 2 2 2 2 2 2 2 2 2 2 2
left_child=1 2 3 4 14 7 8 11 -7 10 23 19 13 48 37 -3 18 -18 27 20 21 -5 -21 33 -10 -15 36 30 -29 -30 38 32 -24 34 -6 -36 -27 -1 -14 40 -40 42 -41 -26 -9 -2 -46 -25 51 50 -50 52 53 -11 -55 56 -53 -58 59 -59 -61 -62
right_child=45 15 -4 5 9 6 -8 44 24 12 -12 -13 16 25 -16 -17 17 -19 -20 22 -22 -23 31 47 43 26 -28 28 29 -31 -32 -33 -34 -35 35 -37 -38 -39 39 41 -42 -43 -44 -45 46 -47 -48 -49 49 -51 -52 55 -54 54 -56 -57 57 58 -60 60 61 -63
leaf_value=0.049468597121376086 -0.049318786546269755 0.038212162918769721 0.036722880111078098 -0.0057727363433845427 0.00486881899646788 0.0053588984986939307 0.022980504655867897 0.0031416474984909885 -0.0010500486058197395 -0.0049664208930255832 0.048206072971079102 0.020111539025402119 0.0065473198946923708 -0.015537857001364015 -0.022020300394682557 -0.007484645276341545 0.062345903461890895 -0.010781287137363468 -0.035407983554181809 -0.026419968108582759 -0.0090882103203915616 0.012977078545790314 -0.0069527251168007122 -0.032063041581037253 -0.010544325783562639 0.0017800312680285296 -0.021833446919134112 -0.082134951900270536 0.014274418007070501 -0.048173887571183738 -0.049333533512201412 0.0083573760287054908 0.0027162534486479205 0.0066177941835266936 -0.001861396755535737 -0.018428556291694376 0.0087367571653779973 -0.030690442075917465 -0.0042022487206709088 -0.0065528144561966956 0.0046249900236836816 0.0054922387698269695 0.031028161680868083 -0.074829353453788869 0.015474928103751824 0.042668333825810915 0.057233008706952242 0.041413826391416164 0.00024416016613487544 0.02723370616152267 0.035114476598635806 -0.0039416338023590862 0.036255654618407844 -4.7324068250979558e-05 0.018654320329931928 0.001618500605116883 0.042791720365549415 -0.008668734531506659 0.0024878364726632764 -0.057291108364747524 -0.010175024830132681 -0.091755450317344001
leaf_weight=22.940627697855234 5.4865042651072136 112.41499276645482 54.964536498300731 348.58733153808862 181.56546515598893 588.82223020866513 174.99051083438098 349.17687345854938 733.94631485082209 2514.3767250217497 27.237503113225102 216.36250956822187 3104.8913773261011 138.31521674990654 309.34607927128673 42.922293729148805 15.067657671868799 484.51925520785153 34.78395326808095 58.736279436387122 798.89798983559012 321.76689606625587 544.90115909464657 10.563164465129374 1330.8425157461315 3491.2896526874974 87.252252973616123 27.644924107939005 76.982074622996151 16.723196998238564 16.438043396919966 1337.5316439103335 6290.1831546574831 152.9445509891957 244.56076734885573 808.10082337539643 1283.2327486695722 10.0547635294497 1913.580559104681 45.77479849755764 944.2636534050107 945.72105447202921 153.92499776557088 10.869736243039368 600.46310883853585 121.67904277145863 26.20565278455615 33.822897158563137 1814.1057727430016 122.96304875705391 48.721213187091053 8833.1111827604473 46.704574044793844 9685.0276155173779 147.70397514104843 1578.5182834994048 22.856669276952744 119.27509972453117 146.57156001962721 96.157703552395105 102.28266410715878 12.155550822615622
leaf_count=181 124 4313 1775 1780 1046 3191 895 1736 4316 14991 232 1153 16819 1362 5652 650 92 2487 351 301 4102 1682 2490 61 7676 15407 403 180 1006 93 120 7582 31897 785 2062 5486 6159 106 8150 204 4083 4015 724 74 2865 8792 124 152 8902 1085 467 44293 400 46502 586 12253 101 517 678 461 599 60
internal_value=0.000153094 6.20071e-05 -1.188e-05 -4.95468e-05 -0.000709332 0.00186616 -0.00297241 0.00312745 -0.00467688 -0.000564054 -0.00759266 0.00223634 -0.000294733 -0.000965357 -0.0174844 0.0255854 0.00231617 -0.00857575 0.00306354 0.00183766 -0.00346929 0.00322709 0.00278492 -0.00865431 -0.00752382 0.0026743 0.00319243 0.00324823 -0.0162947 0.00312952 0.00358109 0.00299481 0.00194543 -0.00969685 -0.0117185 -0.0145796 0.00364977 0.0250415 0.00370346 0.00149779 -0.00128563 0.00844247 0.0224139 -0.0110651 0.0121832 0.0386996 0.0172211 0.0239275 -0.00168494 0.00277093 0.00115617 -0.00206462 -0.000685597 -0.000825333 0.000233606 -0.00363107 -0.004519 -0.0147332 -0.0174929 -0.026371 -0.0363969 -0.0188404
internal_weight=53941.8 53814.7 53659.3 53604.4 39872.1 13732.3 2839.47 10892.8 2664.48 39529.7 1458.8 9916.97 38070.9 30290.6 342.341 155.337 7780.32 499.587 7280.73 9700.6 1469.25 670.354 8231.35 1431.56 2075.66 5000.09 4861.77 7245.94 121.35 93.7053 7124.59 8172.62 6835.08 1387.17 1234.23 1052.66 4774.52 32.9954 7108.16 4003.27 2857.84 1145.42 199.7 1341.71 975.846 127.166 626.669 44.3861 25290.5 1985.79 1862.83 23304.7 12393.8 12347.1 9832.73 10910.9 9332.41 499.299 476.443 329.871 210.596 114.438
internal_count=296831 287915 282952 281177 209313 71864 16152 55712 15257 203374 9824 50987 193550 155226 5939 4963 38324 2579 35745 49834 7564 3462 42270 9592 12066 23331 21969 35394 1279 1099 34115 41969 34387 9379 8594 7548 21566 287 33995 17176 12233 4943 928 7750 4725 8916 2989 213 131895 10454 9369 121441 62479 62079 47088 58962 46709 2416 2315 1637 1120 659
is_linear=0
shrinkage=0.05


Tree=91
num_leaves=63
num_cat=0
split_feature=20 18 68 9 44 46 45 20 18 62 67 3 5 59 46 45 43 9 50 26 60 27 18 57 33 41 46 62 1 30 26 2 1 5 44 68 43 62 46 7 60 43 48 70 28 34 38 54 38 42 47 52 26 56 30 37 53 23 59 59 38 57
split_gain=71.1847 40.1195 28.166 27.3843 28.5402 31.711 28.9792 30.3151 26.9335 23.4348 21.2875 23.1118 21.8174 21.1792 27.8605 27.3525 33.2619 21.0851 20.9837 20.384 23.2386 32.7777 20.0812 20.1912 20.125 19.6774 32.0914 19.5368 19.4859 18.8905 18.7186 18.5715 17.8304 21.424 17.5705 19.7262 19.1369 18.5938 19.2623 18.3076 20.502 20.5703 18.0214 17.3914 19.5743 19.8638 17.3187 29.1589 25.2157 24.021 24.6349 20.7025 20.1352 19.5548 35.7169 28.4054 29.1748 25.4455 18.9805 21.3157 19.4864 19.4731
threshold=76.500000000000014 177961840574.29214 7.3726059476560311 16482336.500000002 0.64645257778336429 7.623193277310925 0.69235352187475019 20.500000000000004 2849608823.3497171 1.3861983471074379 0.98897820466835418 116.45000000000002 1.0650000000000002 462.29718982610228 11.614614475566521 0.77052246789286583 4.350125628140705 4148.5000000000009 22.500000000000004 10.001271186440681 12.85714285350932 8.4000000000000057 57139815.666748248 2.6671931580906878 4.5472650556194862 0.18333333333333326 12.474316720257237 1.976478067387158 5.0850000000000009 75.500000000000014 -1.0000000180025095e-35 7.5000000000000009 4.5950000000000006 0.90500000000000014 0.36726404981560962 184.91729106721789 4.1701351351351361 -0.59999999999999998 19.251923076923081 5.3150000000000004 12.857142843897176 6.0519047619047628 12301494904.492456 121.73029870830875 1693756202.7702296 0.4121608220220313 4009412946.1181588 1.604275101211176 1995580896.2832637 7.5950000000000006 22.636094546674421 3039041.8328679088 16.010101010101014 1.0000000180025095e-35 14.500000000000002 44.873190523684457 3.5000000000000004 4.6879049111807749 253.66859616057994 167.28008845243571 31117057190.348759 1.1374379287942318
decision_type=2 2 2 2 2 2 2 2 2 2 2 2 2 2 2 2 2 2 2 2 2 2 2 2 2 2 2 2 2 2 2 2 2 2 2 2 2 2 2 2 2 2 2 2 2 2 2 2 2 2 2 2 2 2 2 2 2 2 2 2 2 2
left_child=1 2 8 4 5 29 7 25 9 10 11 30 -13 18 15 -15 -17 -3 27 -9 -21 -22 23 -2 -25 -7 -27 34 -14 -4 -1 -10 -5 -34 35 36 -8 38 -38 42 41 -41 -39 44 45 -16 48 52 51 50 -49 -36 -48 54 -50 -55 -57 -56 59 -54 -60 -61
right_child=22 17 3 32 -6 6 13 19 31 -11 -12 12 28 14 43 16 -18 -19 -20 20 21 -23 -24 24 -26 26 -28 -29 -30 -31 -32 -33 33 -35 46 -37 37 39 -40 40 -42 -43 -44 -45 -46 -47 47 49 53 -51 -52 -53 58 55 57 56 -58 -59 60 61 -62 -63
leaf_value=0.056517310000851466 0.023448375695951151 0.044335449801100935 -0.020002028369047915 -0.018963531285884062 -0.0057678493862950327 -0.00012494847326942454 -0.0087265493142259353 -0.043413655700454856 -0.0041003689175032254 0.013780492097830553 -0.01016419861403392 0.0036272757569135229 0.013893626225766495 -0.050169131222886937 -0.0065899060532354061 -0.025716604130110357 0.030386035018798992 -0.005078582915405032 -0.020496646555686577 0.035859828854926258 0.051820329270363612 -0.2410015833474283 0.048147381260599399 -0.18016259137213475 0.004826826516392933 -0.036938325749451044 0.0071073711014758541 0.016602513472665507 0.060334510136318742 0.056436809707257465 0.00057103323504717701 0.021127231688863726 -0.0076585840593592289 0.0089826634541899774 -0.0019975431044378339 0.011156999357023595 -0.021564731706591449 -0.0055084052767752356 -0.0027092752494165956 0.0017081757514211496 -0.045641291989825396 -0.017343293222959907 0.03971725509350639 -0.056575809440336924 0.024756741892516906 -0.026490821727581229 0.024164128914437314 -0.076318687815931652 -0.012734202579289351 0.050356515937219883 -0.010366873410907175 0.040030429935563855 0.0044212178964362931 0.014798434418754525 -0.077359968792570052 -0.0025724361690983633 -0.059812058087973852 -0.00290246553440629 0.034463263663831858 -0.034449861623936366 -0.022816051850644725 0.02228661795578089
leaf_weight=14.976519195362924 17.804574426263574 77.546430575661361 248.98188859783113 262.38827145285904 2296.4902246436104 2438.2784469611943 550.07559519261122 9.6050099339336139 96.442829637788236 388.70624563284218 391.30701308697462 1297.1910886578262 436.69508267287165 15.708031222224234 1323.6988430749625 33.201951120048761 129.32430981099606 29.916696799919009 126.16262405365705 123.97061728872359 1.9840863244608038 1.8437705319374798 98.739314852282405 2.8084391802549353 3.0854626214131713 42.118988521397114 2277.895634864457 174.84633066877723 23.818973433226347 8.3538695238530618 8783.0051917647943 299.50008737388998 1085.444168439135 235.33786932565272 9203.4247467443347 441.33355825953186 170.81339623779058 1255.7556504849344 654.21236087754369 17064.068661207333 23.045967929065228 142.87109812349081 22.420423824340105 18.247179450467229 45.696670841425657 138.50849580019712 147.71459079440683 24.783869391307235 180.34592072665691 8.7264733714982849 33.028548061847687 29.394855257123709 486.07472539972514 108.9799951389432 43.225845701992512 64.833166651427746 33.902386710047722 15.621234234422444 81.083842020481825 69.882232012227178 18.176901865750551 19.300290115177631
leaf_count=228 589 3793 2165 4724 12073 10657 3895 90 707 1952 2154 6851 2229 91 9595 414 857 657 621 3393 73 29 8220 15 92 236 13696 731 122 60 45300 3278 9579 2851 39300 1972 1101 6136 3171 83489 121 629 119 122 204 639 899 142 770 265 163 124 3236 508 210 294 146 96 391 371 106 90
internal_value=0.000145824 5.91111e-05 -2.00696e-06 -0.000607914 -0.000354807 -2.81184e-05 9.09856e-05 0.00368005 0.00216362 0.00171588 0.00128749 0.00171201 0.00694636 -0.000443111 -0.00587047 0.0128357 0.018925 0.0305791 -0.000146571 0.0268337 0.0321133 -0.0892237 0.0382271 -0.00310545 -0.0833205 0.00301146 0.00630774 -6.39321e-05 0.0162957 -0.0175206 0.000666269 0.0149824 -0.0070585 -0.00469343 -0.00015826 0.000701598 0.000469528 0.000731178 -0.00661311 0.00105856 0.00148687 0.00154999 -0.0047151 -0.0080551 -0.00746795 -0.00847503 -0.00181188 0.00486783 -0.00242519 -0.0269683 -0.0386401 -0.00186374 0.00744416 -0.0140245 -0.023771 -0.00280103 -0.0222265 -0.0575949 0.00378261 0.000298557 0.0239741 -0.0221713
internal_weight=53892.7 53770.3 53662.8 41931.2 40348 38051.5 37794.2 4895.7 11731.6 11335.7 10947 10555.7 1757.71 32898.5 1704.39 178.234 162.526 107.463 31194.1 137.403 127.798 3.82786 122.438 23.6985 5.8939 4758.29 2320.01 31067.9 460.514 257.336 8797.98 395.943 1583.17 1320.78 30893.1 20324.6 19883.3 19333.2 825.026 18508.2 17230 17206.9 1278.18 1526.15 1507.9 1462.21 10568.5 888.771 9679.73 66.5389 57.8124 9232.82 822.233 446.909 239.193 207.716 98.7356 58.8471 674.518 575.257 99.2607 89.1825
internal_count=296831 287915 283465 220644 203490 191417 189192 28174 62821 58836 56884 54730 9202 161018 11922 1362 1271 4450 149096 3585 3495 102 8916 696 107 24589 13932 148475 2351 2225 45528 3985 17154 12430 147744 100633 98661 94766 4272 90494 84239 84118 6255 10560 10438 10234 47111 5663 41448 570 305 39424 5093 2024 1076 948 440 306 4194 3697 497 461
is_linear=0
shrinkage=0.05


Tree=92
num_leaves=63
num_cat=0
split_feature=10 48 39 59 9 18 67 1 47 44 64 66 8 1 33 44 0 17 40 43 47 36 69 63 46 27 37 9 67 52 9 7 32 37 44 43 44 59 60 58 67 47 3 55 33 48 43 69 1 25 27 60 48 22 46 58 40 7 52 39 58 52
split_gain=67.2132 32.6604 31.508 26.9773 26.3688 31.9056 28.3406 26.7261 26.3621 25.9384 30.8033 30.723 29.1234 31.4332 26.0793 25.4504 33.9805 24.4829 23.9979 21.5821 21.2595 35.0134 27.8006 20.2223 24.9243 26.5387 32.1494 28.5802 22.2296 22.0582 20.1259 20.1167 20.0376 25.0702 24.0744 19.6201 21.4765 31.4696 32.0106 21.4348 20.4206 20.1279 21.018 19.1838 19.002 21.2373 18.4443 18.3557 18.2102 18.0711 20.6837 21.5721 18.2357 29.3607 21.9388 18.8185 28.3884 17.4722 17.1727 23.3748 17.0854 17.0298
threshold=19.500000000000004 2106968938586.5383 6.1440622366080754e+19 1912.9801129416526 8150.0000000000009 2849608823.3497171 0.80382625221112025 6.9450000000000012 104.3601157822835 0.64645257778336429 1.0000000180025095e-35 0.11319890333640058 0.17850000000000002 5.285000000000001 6.6020000000000012 0.14142135623730967 65.450000000000017 3.6455575208653941 11.500000000000002 4.8071825396825405 32.042513859626538 44.534848484848489 6.94203218739887 216.8610349357036 10.004687500000001 8.5003594619226703 20.075176216901077 10334.500000000002 0.87032255546191728 1564289.9949597816 191207753.50000003 2.1050000000000004 6.995000000000001 17.350000000000009 0.48680549331869888 4.9098361713106309 0.32649223123688048 185.34377659491963 7.4808358073659376 2478664.0925169266 -0.28400453026986777 117.45955762148239 122.05000000000001 126626.88915154275 4.3252450980392174 22751352802.89983 5.10057471264368 23.081006820840908 4.7750000000000012 1.1697544831548912 35.304099303624149 1.8367346924718866 33261411691.198246 6.8950000000000005 35.000500000000009 13936884.001522975 29.500000000000004 7.5500000000000007 97140.433868095846 7.4982902584944013e+17 2124582.739042535 1357609.1028752234
decision_type=2 2 2 2 2 2 2 2 2 2 2 2 2 2 2 2 2 2 2 2 2 2 2 2 2 2 2 2 2 2 2 2 2 2 2 2 2 2 2 2 2 2 2 2 2 2 2 2 2 2 2 2 2 2 2 2 2 2 2 2 2 2
left_child=1 3 23 4 5 -1 47 9 -8 10 12 48 13 20 -13 16 -9 46 30 49 21 32 -22 24 28 -26 27 29 -2 -27 -14 -24 34 -34 -6 36 43 38 41 -39 -37 -38 -43 57 -41 -46 -5 -7 -12 50 52 -52 53 55 -54 56 60 -33 -23 -60 -11 -36
right_child=2 -3 -4 17 7 6 8 15 -10 19 11 14 18 -15 -16 -17 -18 -19 -20 -21 22 58 31 -25 25 26 -28 -29 -30 -31 -32 35 33 -35 61 40 37 39 -40 44 -42 42 -44 -45 45 -47 -48 -49 -50 -51 51 -53 54 -55 -56 -57 -58 -59 59 -61 -62 -63
leaf_value=0.0017135614740714706 0.018218138769832672 0.037167215132405257 0.047333383140995056 -0.028523657817138504 0.0011563280903651896 0.013515651169561339 -0.0012560404891411605 0.014388408122741239 -0.10557157237044348 -0.010260101250475684 -0.015634829980794396 -0.0013070135331735388 -0.0052716004961329043 0.005877576216910969 -0.040749183099726485 0.04060250329473495 -0.04147056963426031 0.10113165206703437 0.035731464317263546 -0.001895788388438563 -0.01003470290039883 -0.0074486423076983626 0.018263073692392176 -0.074268122599838449 0.041837020422529958 0.017107268365920126 0.05338246391983939 -0.18713549238444377 -0.055017490135682273 -0.095012671242611632 -0.028754722185668505 0.0036056337738425877 0.025989098171376648 -0.036493479564789759 -0.0050558062402478966 -0.00039389167826305905 0.0030194988690017007 -0.010423482361796538 -0.042782066870472563 0.034254061844849762 0.012381547902363624 -0.01026444760792365 0.0081169248183263817 -0.0011877888320385636 0.0027585885744735427 -0.059108514048395677 0.032004084859692757 0.035979992743678142 -0.00064370205050322184 0.037280816138238998 -0.078348689058622009 -0.014913835536699657 -0.014836992951820692 -0.08765999970857602 0.018071872594497492 0.047492810145258912 -0.083189187324333808 0.011580110524946117 0.0020214538372381316 0.059206844848024964 -0.040354532505570695 -0.033451467912499061
leaf_weight=4766.2005814975128 20.915340922772884 59.086346069350839 99.958696139976382 146.50193509832025 7934.8530741706491 527.40638337191194 180.60976717341691 188.24799291417003 6.2666484769433728 471.13659427687526 628.68847579695284 14576.674794959836 1449.228121638298 3111.4975056946278 42.030530396848917 71.740376371890306 31.829434491693974 4.0515210852026931 33.97422731295228 1407.0028143264353 467.53443968296051 2329.3971303924918 196.28980467002839 6.5441635567694894 85.725010121241212 12.140682714991277 12.730294014327226 3.0999359376728526 20.534614212810993 6.8685904033482066 97.369785206392407 2019.4214349072427 133.35888538137078 18.250935913063586 1193.7423020191491 487.75988545175642 4601.5021348232403 1066.4465712495148 40.677857782691717 45.690535023808479 871.97837730962783 602.37600188702345 209.63894066214561 1179.3372685238719 252.83199686557055 14.676623120903967 13.769054673612116 109.87847275473177 298.88003348745406 18.180995043367147 23.998715788125992 30.353142127394676 99.800048125907779 13.799057446420191 102.82092002406716 12.237411364912985 14.932551085948942 1040.9500756300986 209.60605525225401 19.535206779837608 52.408274561166763 55.244958762079477
leaf_count=25791 147 2314 7910 2219 48565 4460 1426 807 55 2154 3901 77465 7720 15669 187 359 166 16 216 7207 2815 10402 892 33 2900 309 301 31 121 57 1166 8329 2174 212 5852 2374 20448 4501 308 177 4346 2539 884 4868 1040 63 71 1802 1645 84 114 157 507 73 538 56 79 4287 926 100 240 256
internal_value=0.000138974 1.39242e-05 0.0250921 -2.70912e-05 3.52031e-05 0.0032843 0.012368 -0.000345044 -0.00475412 -0.000437767 -0.000177294 -0.00198031 0.000767019 0.00113844 -0.00142041 0.0147402 0.00630962 -0.0202551 -0.0058369 -0.00568155 0.0005484 -0.000981903 0.00193813 0.0119026 0.0153833 0.0268822 -0.00991526 -0.0463616 -0.0180633 -0.0234049 -0.00675004 0.00238135 0.000438305 0.0184674 0.000140675 0.00213062 0.00143461 -0.000299764 0.00140672 -0.00704605 0.00779879 0.00173876 -0.00551891 0.0042302 0.00445414 -0.000635695 -0.0233237 0.0173889 -0.0108044 -0.0120252 -0.0131165 -0.0429231 -0.0110046 -0.0156231 0.00186276 -0.0138181 -0.0152115 0.00631806 -0.00616388 0.00689674 -0.0132726 -0.0063118
internal_weight=53850.2 53581.7 268.517 53522.6 53358.3 5590.36 824.161 47767.9 186.876 47476.1 45229.4 15546.3 29683.2 28102.6 14618.7 291.818 220.077 164.323 1580.57 2246.67 24991.1 11894 13097.1 168.559 162.014 120.565 34.8395 22.1092 41.45 19.0093 1546.6 12629.6 9335.45 151.61 9183.84 12433.3 11073.5 6833.84 5454.19 1379.65 1359.74 5413.52 812.015 4239.71 313.199 267.509 160.271 637.285 927.569 839.668 821.487 54.3519 767.135 564.514 202.621 550.715 538.477 3060.37 2558.54 229.141 523.545 1248.99
internal_count=296831 285022 11809 282708 280402 33534 7743 246868 1481 245536 234327 83198 151129 142027 77652 1332 973 2306 9102 11209 126358 68487 57871 3899 3866 3598 698 397 268 366 8886 55056 57059 2386 54673 54164 47444 29960 24179 5781 6720 23871 3423 17484 1280 1103 2290 6262 5546 4002 3918 271 3647 2602 1045 2529 2473 12616 11428 1026 2394 6108
is_linear=0
shrinkage=0.05


Tree=93
num_leaves=63
num_cat=0
split_feature=20 19 42 68 46 70 9 62 2 56 50 58 41 35 32 62 1 43 28 23 68 62 43 60 30 65 9 47 61 35 55 16 33 19 44 19 27 30 23 28 14 33 68 27 63 65 16 20 60 66 63 57 47 66 38 28 34 54 51 42 48 61
split_gain=64.1605 35.5525 25.638 24.8248 25.2593 28.4124 25.261 33.5423 25.0706 31.6826 34.626 24.8235 30.8409 24.548 27.8724 24.7124 23.7236 34.1547 26.9356 23.7149 22.2398 21.5432 20.9906 24.5812 20.5971 20.2132 20.1914 19.9349 22.8985 20.357 19.8636 19.5574 19.7975 19.4361 19.3097 31.9749 23.516 32.4065 29.248 33.4739 29.58 20.5934 20.6289 19.0634 20.5728 19.9009 18.8891 18.8744 18.7987 23.6349 17.9509 17.6401 17.592 17.3952 17.3139 22.1578 17.1809 17.1795 19.8722 17.1475 21.6458 16.9725
threshold=76.500000000000014 2.2404068342863944e+20 8.1250000000000018 2.6822706168558326 7.623193277310925 121.73029870830875 16482336.500000002 1.976478067387158 8.5000000000000018 32.500000000000007 11.500000000000002 12877761.87428925 0.41666666666666669 1.7371779276130044 4.7750000000000012 0.4000000000000008 5.0050000000000008 5.9866228070175449 873309728.52938259 5.2168699186991887 28.28858805711824 1.3261744236624622 4.2601136363636387 12.857142788265309 6.5000000000000009 1.0000000180025095e-35 4148.5000000000009 23.518456828427166 12.514212319380663 0.65860960068012475 23056650.849024478 1.0000000180025095e-35 4.3752049180327885 71934765968103600 0.62067145377314303 7.1351828652540078e+18 20.000099895442776 20.500000000000004 4.6879049111807749 32060770911.971039 0.050927248643506708 4.3729020979020996 6.3953761187919156 4.0827413762461786 12.327787753692816 1.0000000180025095e-35 11.815037593984966 9.5000000000000018 12.857142847689078 0.77159520228797451 238.85049593420416 2.6671931580906878 89.521853609812169 0.53727914962411616 364436269155.82098 32481542.102725748 0.44999999999999979 0.66088290724407883 0.91411176835121 6.5950000000000006 11220684543.019653 11.427598484234336
decision_type=2 2 2 2 2 2 2 2 2 2 2 2 2 2 2 2 2 2 2 2 2 2 2 2 2 2 2 2 2 2 2 2 2 2 2 2 2 2 2 2 2 2 2 2 2 2 2 2 2 2 2 2 2 2 2 2 2 2 2 2 2 2
left_child=1 2 3 21 5 19 7 8 9 10 16 12 27 15 47 59 22 18 -18 43 -17 31 23 -6 -22 -13 -3 56 29 -29 -16 -1 -33 51 35 48 41 46 -39 40 -40 50 61 44 45 -5 -38 53 54 -50 -36 -2 -37 -15 57 -56 -11 -24 -59 -10 -61 -43
right_child=33 26 -4 4 6 -7 -8 -9 13 11 -12 25 -14 14 30 20 17 -19 -20 -21 24 -23 34 -25 -26 -27 -28 28 -30 -31 -32 32 -34 -35 36 52 37 38 39 -41 -42 42 -44 -45 -46 -47 -48 -49 49 -51 -52 -53 -54 -55 55 -57 -58 58 -60 60 -62 -63
leaf_value=0.058570322521534803 0.022536817035047316 0.04371517772346302 0.035232657259598073 0.029655029810967754 -0.0069444429839222478 0.033509886297244683 -0.0059202867753741636 0.018699443449190545 -0.0075660019382963496 -0.015403256454652112 0.050275948464897274 -0.02504050996731615 -0.070638536390767018 -0.011121774437519986 0.022313930300100857 0.0017908755692226882 0.0033537840209496364 -0.0077043329608311104 0.015261240609967912 0.029225081087345606 -0.016567343902705475 0.023618740925860453 0.038899564164836281 0.083627590137639735 0.0024531372169338075 0.0048857728437098659 -0.0051642083693438428 -0.087181117831511862 0.068429089696867756 -0.0033759542821755898 -0.03003233483065644 -0.0066616049389072148 0.0049182751463391992 0.047904925622487354 -0.024219234192628038 0.027702448846598955 0.056550539169003149 -0.0181930476724575 -0.086130709770494224 -0.021269910224104165 -0.27166710317418524 0.0011143141571699411 -0.0031383362839685573 -0.054427502353417083 -0.030859010624812933 -0.012387445411434113 -0.015359985472102459 -0.067929902252494428 -0.050825208444962633 0.028777021799633474 0.030067177201756119 -0.076216603163973731 -0.05476431410512355 0.0060038593225083684 -0.073078629787332039 0.050870745369807284 -0.044825575172766426 -0.071518357557320514 0.00043085418749326022 -0.05661341893061176 -0.014788345387983418 0.024642394179948297
leaf_weight=16.002869214862585 17.475579489022497 72.586132545024157 51.573650326579809 33.338462583720684 1240.0901758037508 31.541622128337622 1855.1028820797801 239.27569931279868 1778.1918418854475 222.5904941726476 34.958222614601254 66.29824074357748 24.141463914886117 234.69807598739862 231.68232214450836 1568.4682453107089 5586.779764065519 648.29772774502635 519.0535087781027 27.363040387630463 381.46662613004446 138.84877191483974 29.016068257391453 7.5367815643548957 227.04813012294471 378.87765677180141 29.8025963595137 7.4724589996039859 10.811701033264397 239.3519764021039 19.660819932818413 436.06035912409425 2403.6240787915885 91.321984435431659 156.93612165004015 139.37524776998907 9.5472398139536363 13.797155337408187 4.1692281886935216 5.2245448892936102 4.4316891673952341 188.16745202988386 1776.789111521095 34.46921169757843 133.35308763384819 180.76456554234028 209.97081176750362 10.486964754760264 36.516646191477776 12.522658450528978 16.864412896335125 6.1007151994854203 6.7815930955111972 402.6922216117382 4.0959457308053961 30.118505774065852 63.849993793293834 9.5999452099204046 31131.546015424654 38.95273108407855 150.27569926995784 129.33431159052998
leaf_count=197 589 3793 1778 225 8806 215 19536 1061 8851 1363 249 375 144 1100 944 7662 26303 2957 4065 129 1830 670 139 40 986 1914 657 37 57 1194 85 2159 13193 8220 742 2087 53 112 40 129 64 929 9302 186 1287 1362 1073 52 247 146 79 107 47 1721 35 977 317 43 152245 172 822 932
internal_value=0.000132555 5.26845e-05 -3.55405e-06 -3.74972e-05 -0.000299564 -0.0122159 -0.000194718 2.54268e-05 -6.7645e-05 0.000323833 0.000534861 -0.00841207 -0.0153387 -0.00340251 0.00408615 -0.00502735 0.000493377 0.00320745 0.00436603 -0.0157397 -0.00135691 0.00438584 -2.79531e-05 -0.00639731 -0.00947045 0.000428973 0.0294877 -0.0128849 -0.00279333 -0.0059131 0.0182192 0.0034507 0.00314008 0.0374561 0.000206357 0.000544025 -0.00400902 -0.0186551 -0.0696958 -0.121093 -0.18173 -0.00241312 -0.00104063 -0.0189612 -0.0154428 -0.00584092 -0.0122325 -0.00139676 0.000434913 -0.030498 -0.0189517 -0.00301709 0.023876 -0.000302094 0.000483526 0.0360323 -0.0219617 0.000444505 0.000408674 -0.00908874 -0.023398 0.0106985
internal_weight=53807.1 53692.2 53589.9 53538.3 50543.7 440.83 50102.9 48247.8 48008.5 42964.9 41951.5 1013.39 568.218 5043.62 899.22 4144.4 41916.6 6754.13 6105.83 409.288 2176.98 2994.54 35162.4 1247.63 608.515 445.176 102.389 544.077 257.636 246.824 251.343 2855.69 2839.68 114.898 33914.8 31399.6 2515.23 247.141 27.6226 13.8255 8.60092 2268.09 2094.29 381.925 347.456 214.103 219.518 647.877 31253.4 49.0393 173.801 23.5763 146.157 637.39 31204.4 34.2145 286.44 31170.2 31141.1 1967.42 189.228 317.502
internal_count=296831 287915 283465 281687 265468 3404 262064 242528 241467 217242 211841 5401 3112 24225 3902 20323 211592 33325 30368 3189 10478 16219 178267 8846 2816 2289 4450 2968 1288 1231 1029 15549 15352 8916 169421 155966 13455 1471 345 233 104 11984 11163 3060 2874 1587 1126 2873 153832 393 821 696 2134 2821 153439 1012 1680 152427 152288 9845 994 1861
is_linear=0
shrinkage=0.05


Tree=94
num_leaves=63
num_cat=0
split_feature=20 49 9 18 69 44 67 33 49 56 69 47 46 42 31 47 43 44 59 69 7 47 28 55 46 56 44 35 69 35 63 43 7 62 9 36 57 57 27 38 31 63 47 61 0 67 33 58 38 50 31 60 69 59 37 8 56 62 64 44 53 35
split_gain=60.4345 37.4356 25.6226 33.4835 26.9172 27.8199 25.3861 25.0528 24.5483 24.0358 23.5195 22.151 22.0413 29.4847 32.4132 31.7683 25.3555 22.3586 27.2549 22.9006 23.1603 22.0125 21.9392 21.7972 21.7684 21.5354 31.8332 21.2271 20.6124 20.4008 20.1225 26.4479 21.2397 21.2144 19.3882 19.0253 27.0843 35.2331 18.566 22.7823 20.8113 20.5677 18.4598 18.2775 18.653 18.5381 21.4718 17.9361 25.2227 24.6776 17.8501 17.8604 17.6849 20.5284 21.5376 17.4337 17.4004 17.0396 17.005 30.5486 16.7326 16.7235
threshold=39.500000000000007 4.4673269474346762e+20 8150.0000000000009 2849608823.3497171 9.2151272061935234 0.64645257778336429 0.80382625221112025 4.8200574712643691 9.0275556970711745e+20 36.500000000000007 0.10456237086455401 104.3601157822835 28.922401433691761 7.5100000000000007 0.55000000000000016 10.839922098661157 4.9200946372239764 0.3807886552931955 302.07971598668348 43.193351547135997 10.615000000000002 57.588439900169128 260978615803.30365 6917969.8825201085 33.340245398773014 15.500000000000002 0.16248076809271908 1.0594143602407793 23.081006820840908 3.8048387175515246 132.22316551234059 4.8850133689839579 0.68200000000000016 1.4361415289256196 191207753.50000003 21.504250000000003 0.63657580755814902 0.84740386712829718 19.700180132982471 32356183980.192245 0.81666666666666676 32.053524656909879 14.937924284998511 12.659731359303448 36.050000000000004 -0.53727914962411583 4.6590109890109899 9499422.7789874133 4991429223.2918406 4.5000000000000009 0.2166666666666667 0.16274864374474754 11.933748848671929 70.15939337229706 6.7689498292654156 0.19950000000000004 587.00000000000011 1.2764780673871583 2.5000000000000004 0.64645257778336429 3.5000000000000004 0.97817871105489851
decision_type=2 2 2 2 2 2 2 2 2 2 2 2 2 2 2 2 2 2 2 2 2 2 2 2 2 2 2 2 2 2 2 2 2 2 2 2 2 2 2 2 2 2 2 2 2 2 2 2 2 2 2 2 2 2 2 2 2 2 2 2 2 2
left_child=2 7 3 -1 9 8 28 22 12 10 57 58 13 14 56 -15 17 24 19 20 30 -22 -2 38 27 29 -27 50 43 -12 32 -32 -19 -34 -26 36 -16 -38 39 -7 -40 -42 -28 44 45 46 -5 48 -20 -49 -14 -52 53 54 -39 -18 -6 -4 -8 -60 -53 -44
right_child=1 -3 4 6 5 23 11 -9 -10 -11 25 -13 16 15 35 -17 55 18 47 -21 21 -23 -24 -25 34 26 42 -29 -30 -31 31 -33 33 -35 -36 -37 37 52 40 -41 41 -43 61 -45 -46 -47 -48 49 -50 -51 51 60 -54 -55 -56 -57 -58 -59 59 -61 -62 -63
leaf_value=0.0015038949181442472 0.0089899052089825651 0.050512866596354504 -0.0360966502401463 -0.075314277975687433 -0.0073921611570764911 -0.0084229666375665712 0.0085704483592507538 0.048411753333303921 0.031325352510009001 -0.014749311898434567 -0.0020405181218530084 -0.092781092604814264 0.0093316367102554906 -0.008453777762573297 -0.025485785750868618 -0.1353330111619937 0.0059057845035145216 0.022132604770896517 -0.011969863647323732 0.015252205290124436 -0.0015979198285089114 0.0085338283685159801 -0.073013743879317528 0.045560580642220572 0.0011763707007275462 -0.027352631069406774 0.034878066242944344 -0.0049778625279838333 0.036171984296251 0.047209108194711871 -0.0064143193586907194 -0.041094821544446769 -0.0019235403492017179 0.022387909694824664 -0.038430109647688067 -0.0076158241107799453 0.080115487875988461 0.0098934674107109578 -0.019374476793963719 0.013350253510744947 -0.1624484070958373 -0.013804833213279664 -0.055314535144440437 0.018437471682746488 -0.046165634722832569 0.018859779803354834 -0.00014270197833321488 -0.082361036466580162 0.028686342450701202 0.0026123427650322907 -0.041407452635075809 0.041746943513121727 0.028324407925480456 0.024066744119015146 -0.078842862758763191 -0.0042953958609468551 0.054752159789282051 0.034658057893224153 0.030726539643404934 -0.050074931170627793 -0.016696588967982044 0.012210511822829678
leaf_weight=4721.2500400980935 263.44747492019087 78.742292930372059 75.307553172111511 12.732835741713641 1557.0240649431944 892.67067680880427 146.47913808282465 40.927339982241392 65.165175864472985 371.53749545104802 13712.102751046419 6.6853412063792339 628.980144277215 11.062486689537765 30.320350436493754 8.904600100591777 3467.8439399898052 96.126355677843094 582.07536091655493 218.63153883442283 1071.2551598343998 1073.1164112575352 8.4169148206710798 19.360864266753197 14654.208479966968 40.361029032617807 111.29865957982838 216.6390582844615 113.73610677756369 21.059513382613659 1336.4324053879827 57.33279250562191 5946.844075656496 91.106903936713934 30.964287370443344 101.3370848800987 25.492731641978025 12.982937291264536 146.44404813833535 138.82507209479809 5.2106315903365594 4.2054646704345942 10.393146608024834 409.0266506690532 20.419090809300542 87.998299769125879 37.409214968793094 20.035667106509209 40.824106071144342 14.897399514913557 8.2048531323671323 104.25564365833998 113.96762873791158 27.904889024794102 14.447553703561423 476.35281934775412 11.346150785684584 9.59317081235349 17.179487431421876 36.657621843740344 13.877155918627976 77.870278377085924
leaf_count=23861 5912 7670 2419 75 7129 3873 1502 1965 1567 2600 93909 63 2671 71 145 55 16338 432 2354 1565 4603 4708 111 94 60965 437 559 894 2199 105 5558 275 25928 427 209 535 106 64 787 1178 65 52 58 4349 123 917 306 87 215 63 35 593 698 149 72 1987 47 197 145 249 77 429
internal_value=0.00012637 0.0196986 -1.72009e-05 0.00317952 -0.000392618 0.000388271 0.0120851 0.0119414 0.000668191 -0.00219671 -0.00186496 -0.00324946 0.000605887 -0.00459595 -0.00395904 -0.0650373 0.000936249 0.000373723 -0.00140558 -0.000750142 -0.00111186 0.00347235 0.00645107 -0.00706486 0.00157249 -0.00170555 0.0131452 0.00881925 0.0167441 -0.00196499 -0.00241771 -0.00784091 -0.00118547 -0.0015567 0.00109286 0.0103747 0.0184733 0.0253156 -0.00792296 -0.00549259 -0.0240074 -0.0960605 0.0213358 0.0128511 -0.00155988 0.00503347 -0.0192314 -0.0112605 -0.0093053 -0.0461237 0.0127765 0.029927 0.0170641 -0.00612737 -0.0368437 0.00467376 -0.00694259 -0.0281019 -0.000261436 -0.0242911 0.0348815 0.00425934
internal_weight=53767.3 391.534 53375.8 5609.57 47766.2 33336.7 888.324 312.792 32130 14429.5 14058 207.002 32064.8 1914.79 1894.82 19.9671 30150 26205.8 10548.7 9890.85 9672.21 2144.37 271.864 1206.72 15657.1 13973.1 239.923 971.957 681.322 13733.2 7527.84 1393.77 6134.08 6037.95 14685.2 326.453 225.116 194.796 1187.36 1031.5 155.86 9.4161 199.562 567.586 158.559 138.14 50.1421 657.833 622.899 34.9331 755.318 126.338 169.303 55.3354 27.4305 3944.2 1568.37 84.9007 200.316 53.8371 118.133 88.2634
internal_count=296831 15658 281173 33789 247384 146671 9928 7988 140622 100713 98113 1959 139055 9071 8945 126 129984 111659 46215 43496 41931 9311 6023 6049 65444 95497 1483 4270 7969 94014 32620 5833 26787 26355 61174 1769 1234 1089 5955 5051 904 117 1046 5770 1421 1298 381 2719 2569 150 3376 705 983 285 136 18325 7176 2616 1896 394 670 487
is_linear=0
shrinkage=0.05


Tree=95
num_leaves=63
num_cat=0
split_feature=20 18 59 61 69 27 52 0 9 62 0 48 16 59 26 64 66 44 51 28 54 37 53 53 68 61 36 40 23 22 64 67 58 27 45 67 18 27 69 40 47 54 67 7 9 68 45 59 70 54 52 46 59 46 48 18 70 38 0 47 0 47
split_gain=57.5365 31.6844 41.7245 36.4359 25.2971 37.7719 41.7272 32.3935 25.3463 26.5664 29.1174 25.1172 24.4625 26.2714 23.2687 22.5077 32.7457 26.9156 36.2219 24.2898 29.4655 24.2438 23.7945 22.6686 22.6641 34.1772 31.5182 32.6132 31.626 39.9135 25.9737 23.2341 32.0771 24.2969 22.3722 32.0669 21.1062 29.7939 21.0319 20.634 27.9188 20.4261 20.4218 20.3838 19.8636 19.8246 19.5026 30.691 27.4922 26.285 22.0083 22.6748 20.322 19.3402 22.6683 19.0636 18.8764 20.0899 18.8641 18.698 18.7143 18.4022
threshold=76.500000000000014 31787728920.71088 177.09673713188911 10.788876157592751 1.6957288840208113 1.1472315808458509 8699.2155705180903 20.750000000000004 1011552483.0999991 1.976478067387158 58.750000000000007 717084238072.96545 23.581944444444449 486.54259682889079 22.302777777777784 1.0000000180025095e-35 0.14780378300014815 0.48304589153964811 0.42427491528427175 3981073692.4389358 2.1714724095162552 3.535678207549481 304.50000000000006 247.50000000000003 6.2909150314086721 9.7780647449238192 31.075500000000009 52.500000000000007 5.0411989223170197 7.2750000000000012 1.5000000000000002 -0.97233289553061575 89230.906121783555 24.370552898924064 0.49660464411436001 -0.92384435400961362 15849431924.611111 4.5303964686120626 1.750283164471883 22.500000000000004 26.983093938437808 0.92602025594890092 0.80382625221112025 1.6050000000000002 5859.5000000000009 58.519031553931661 0.85037905391068314 839.60587267989297 75.399111786811389 1.3571702559476619 627252.47986883041 529.89117647058845 333.98830153008242 575.75603448275876 492656364.77085847 57139815.666748248 3.9971144242658889 50294278.041270085 386.75000000000006 9.0041215936683781 20.750000000000004 61.434186342362146
decision_type=2 2 2 2 2 2 2 2 2 2 2 2 2 2 2 2 2 2 2 2 2 2 2 2 2 2 2 2 2 2 2 2 2 2 2 2 2 2 2 2 2 2 2 2 2 2 2 2 2 2 2 2 2 2 2 2 2 2 2 2 2 2
left_child=1 4 43 -4 5 7 12 -1 9 11 -11 15 -7 42 -15 17 -17 23 -19 22 21 -21 -20 36 25 -18 28 31 29 38 -27 32 56 39 35 -23 46 -38 -26 -33 -41 -29 -14 -3 -45 -34 47 50 52 -50 51 -6 53 -48 -55 -2 -28 -58 -5 60 -13 -43
right_child=55 2 3 58 8 6 -8 -9 -10 10 -12 59 13 14 -16 16 24 18 19 20 -22 34 -24 -25 26 30 27 41 -30 -31 -32 33 45 -35 -36 -37 37 -39 -40 40 -42 61 -44 44 -46 -47 48 -49 49 -51 -52 -53 -54 54 -56 -57 57 -59 -60 -61 -62 -63
leaf_value=-0.002424891082389892 -0.0034736771300606217 -0.039520682019316813 -0.15213817877361643 0.0010831106052401247 0.0025035171529050426 0.040305799825432607 -0.034151778437996161 -0.01322812971443342 -0.040445196193868271 0.019557952732232767 -0.01279609777545713 -0.028789605671411339 0.032523234206592609 0.016593617905122111 -0.082181595613782354 -0.0090616315291090002 0.0010569648541716757 -0.098655208297155683 -0.0030213324288946436 -0.010483102706522637 -0.058612522442013294 -0.10315358663589512 0.059100829529854272 -0.060337305960177945 0.056113895517231442 0.038954225021782272 0.0068333845945936335 -0.039940376064461339 0.0068756660261738711 -0.081836883934017834 0.009684664829106954 -0.0015157642821880517 0.0051262130485264894 -0.0078934559139441952 0.015650827637400399 -0.0015110009410283336 0.011985069111077773 -0.10209499814616232 -0.010409642266582224 0.019886280296888742 0.0013148439489947411 0.020271468159178119 -0.026754661319655079 0.037438868957442861 0.006834076648703365 0.038757614273991277 0.0015422693667984074 0.052517543320041875 -0.035646103313124948 0.043636836488356978 0.016604870101833338 0.016948106189078743 -0.0054984729229087571 -0.0044665642045646917 -0.066073395220533473 0.047654483529229408 -0.057210441789272273 -0.0043702491023917883 -0.074494456181588745 0.038551619472449374 0.019987773505000223 -0.015602933981130865
leaf_weight=2578.8356923218817 23.247915654443204 11.643115413375197 4.517028931528329 81.011323695071042 6190.9864833522588 105.66907206550241 37.288698833435774 949.32590694539249 38.234467476606369 332.62232734262943 87.921596065163612 28.73991188686341 66.855125090107322 10.535173781216146 13.736295931041239 1280.0793768130243 1703.7835678877309 9.6592151671648008 5992.7977642025799 148.78549467027187 17.098386779427528 8.5587052246555668 15.454040765762327 14.745867533609269 11.981724973767994 103.5360236633569 263.87164540216327 16.882540107704699 305.66307240072638 19.519523502327502 282.88787024281919 8307.9599789381027 70.866749379783869 1322.7951349224895 558.24294966645539 83.121679136529565 11.20189478620887 11.702273882925509 1418.7282240837812 265.23306823894382 853.84408856742084 324.26819729339331 18.563807990401983 174.76371731236577 76.105433617718518 114.80287946760654 17074.50373692438 32.44033682718873 84.18328545615077 11.936427686363457 318.26804514601827 284.15962693095207 1125.4004356786609 43.753212630748749 22.666735738515854 84.493853548541665 25.651758998632431 60.211019326001406 9.1933288015425187 73.022861368022859 62.270970638841391 40.176005341112614
leaf_count=23463 696 102 27 1014 29890 505 185 10486 302 1530 407 320 319 54 68 6867 8714 44 28173 1020 110 87 69 78 65 520 1155 114 1417 135 1536 42033 302 5577 5196 1132 50 83 7858 1273 3613 1927 87 5575 1025 434 78209 246 490 62 2046 1482 6143 228 104 8220 133 251 65 1801 1528 186
internal_value=0.000120584 4.72302e-05 0.0148883 -0.0135589 -5.23215e-05 -0.00399438 0.0146814 -0.00533173 0.000248923 0.000280396 0.0127938 0.000173035 0.0231367 0.00659695 -0.0393076 0.00010745 -0.00137545 0.000884186 -0.00189929 -0.00176234 0.00633311 0.00772343 -0.00286155 0.00163823 -0.000741196 0.00410183 -0.00149538 -0.000555409 -0.00774073 -0.0108214 0.017527 -0.00104136 0.00912435 -0.00154767 0.0118914 -0.0109997 0.00167448 -0.0463011 -0.00985253 -0.000657231 0.00571647 0.013826 0.0196406 0.0251528 0.0281544 0.0259211 0.00171811 0.00400004 0.000869844 -0.0258005 0.00376836 0.00313741 0.00101019 0.00143752 -0.0254908 0.0366223 0.00020716 -0.0201564 -0.00661948 0.0197057 0.00458459 0.0163167
internal_weight=53721 53613.3 357.234 94.7217 53256 3780.81 252.648 3528.16 49475.2 49437 420.544 49016.4 215.359 109.69 24.2715 48852.4 16792.7 32059.7 6833.72 6824.06 815.807 798.709 6008.25 25225.9 15512.7 2090.21 13422.5 11666.6 1755.89 1450.23 386.424 11285.2 535.404 10749.8 649.923 91.6804 25211.2 22.9042 1430.71 9427.04 1119.08 381.327 85.4189 262.512 250.869 185.67 25188.3 6825.85 18362.4 96.1197 6793.41 6475.15 18266.3 17140.9 66.4199 107.742 349.734 85.8628 90.2047 164.034 91.0109 364.444
internal_count=296831 287915 7808 1106 280107 35167 1218 33949 244940 244638 1937 242701 1033 528 122 239052 84110 154942 35831 35787 7545 7435 28242 119111 77243 10770 66473 56998 9475 8058 2056 54771 2275 52496 6415 1219 119033 133 7923 46919 4886 2227 406 6702 6600 736 118900 33664 85236 552 33418 31372 84684 78541 332 8916 1539 384 1079 3649 1848 2113
is_linear=0
shrinkage=0.05


Tree=96
num_leaves=63
num_cat=0
split_feature=10 38 48 59 1 69 32 3 1 68 59 32 38 68 36 48 48 42 43 58 43 42 40 48 43 40 3 56 47 58 30 37 18 56 7 42 47 7 2 68 46 46 22 47 38 46 1 59 37 48 40 44 32 26 36 35 69 35 27 3 61 37
split_gain=55.1162 28.4785 26.6197 23.3265 21.7938 22.1563 32.9915 26.7214 31.3726 31.1395 25.7437 30.1611 36.0119 29.218 24.9242 33.1187 42.1314 24.0729 29.7717 24.8457 27.0566 23.1945 30.4254 21.3325 21.2416 55.2258 26.7376 30.7937 21.9832 21.3451 34.3089 20.6821 23.6269 21.0292 20.4216 23.3909 23.4679 20.3342 20.3336 20.9008 19.8652 19.3137 19.2663 18.6066 22.0856 22.9787 18.3408 17.9325 22.6365 17.4491 17.3446 17.3409 17.3363 17.6766 19.6979 17.2821 26.0103 19.1328 24.9666 17.2004 17.139 22.6665
threshold=19.500000000000004 48804021104.410027 2106968938586.5383 1912.9801129416526 7.5950000000000006 29.50022715391701 7.2950000000000008 108.15000000000002 4.3950000000000005 4.380862541618427 117.27520445318387 7.0950000000000006 5823628996.9336138 29.440853760098722 518.47568627450994 6098562037.988904 65168305571.740456 5.1950000000000012 4.3889756944444454 2738543.7384190937 4.5000510204081641 5.8950000000000005 64.500000000000014 336828834.31793433 5.0273205741626814 7.5000000000000009 104.65000000000002 1.0000000180025095e-35 1.0000000180025095e-35 178039.06431532057 9.5000000000000018 54.847415617064328 22407325.212547075 24.500000000000004 5.6100000000000003 5.6850000000000014 60.325377807844511 10.350000000000003 7.5000000000000009 12.668535916060369 7.623193277310925 16.279119170984462 6.6950000000000012 30.344459107330653 3300178574.507051 64.113118279569903 4.6950000000000012 167.28008845243571 3.8455296586495384 1529174843.0337913 22.500000000000004 0.42330092542940162 4.745000000000001 24.00370370370371 125.73541666666669 0.67128141549550058 14.588723830624085 0.78315398375996292 4.6000000000000059 329.95000000000005 12.845812642539387 8.4873169222850269
decision_type=2 2 2 2 2 2 2 2 2 2 2 2 2 2 2 2 2 2 2 2 2 2 2 2 2 2 2 2 2 2 2 2 2 2 2 2 2 2 2 2 2 2 2 2 2 2 2 2 2 2 2 2 2 2 2 2 2 2 2 2 2 2
left_child=2 60 3 4 5 7 10 8 -1 52 42 12 14 -13 21 17 37 -16 49 20 23 -12 31 -20 26 28 38 34 -26 30 -29 32 -23 -33 -28 36 55 -17 -10 -40 -11 47 43 44 -7 -46 -14 48 -30 -19 -41 -44 53 -9 -55 56 -36 58 -57 -42 61 -2
right_child=1 -3 -4 -5 -6 6 -8 9 24 40 11 13 46 -15 15 16 -18 18 19 -21 -22 22 -24 -25 25 -27 27 29 41 -31 -32 33 -34 -35 35 -37 -38 -39 39 50 59 -43 51 -45 45 -47 -48 -49 -50 -51 -52 -53 -54 54 -56 57 -58 -59 -60 -61 -62 -63
leaf_value=-0.0035191645433548507 0.03645892246897308 0.046748552802841271 0.035235645044257816 -0.019120367491610297 0.027952326857318112 0.00084025468556488613 0.04038638837083635 0.025002394884047416 -0.019555398437765645 -0.015872968345572464 -0.000717050428280963 0.0541097381717138 0.049726117880965377 -0.081535264437903834 0.036044958026406913 -0.059199323580517972 0.06407754698145432 -0.02788873674316051 0.04692966420440875 0.029737421215135423 0.013404113312209271 -0.030025966441144171 0.018221608399259275 -0.017710936486844232 -0.0043899842207658826 0.012770315690579194 -0.0063152620524748772 -0.020973785653275512 -0.0053048426407377568 -0.0067529820426129768 -0.12236933422858698 -0.0043664710836039495 0.015736290254422716 -0.071563313804565223 0.04231579534770296 -0.0036223600190699173 0.0057583191049141239 -0.0043568385874126004 0.0072625549536068134 -0.0027673166719491605 0.001646366996589742 0.0019631299645643317 -0.031812159909637039 0.0068194293014684805 -0.01918217954101728 -0.11881967041279157 0.00040997243312101305 0.040505121225792008 0.054616246730797041 0.028250575223613295 0.0073755379090343007 0.046262533721612674 0.014216739111455323 -0.015890822740334723 0.044240999850432221 -0.004377847175157901 -0.0054616657369004609 -0.00020203731599360603 -0.049962048996955867 -0.035007037623154456 -0.021598544846545401 -0.0064860043262978135
leaf_weight=9127.5544239310548 77.104568056762218 86.79114337824285 53.566531411837786 159.52425529807806 69.780854639597237 776.6276959516108 57.298127203248441 46.162392564117908 98.315784539096057 168.96610493399203 1714.9597460329533 4.9279693132266429 53.154385004192591 20.420604323968291 75.30886597931385 44.40365269780159 11.681211501359938 85.033755034208298 14.023674905300139 131.52535325288773 326.75065524876118 256.26178620010614 76.717663509771228 142.04288978874683 1624.7311648018658 1090.6147246966138 1597.5852614575997 61.654757633805275 79.589502729475498 1651.7685195440426 9.6482788398861867 326.60036336630583 31.693681225180626 12.073405638337134 58.67298474535346 4199.164380621165 1932.0344289541245 27.289170935750008 1900.910024581477 1526.6039997860789 6947.5135088646784 1941.1177674476057 8.3766716476529819 2691.2780857533216 68.589741735719144 6.3197187706828108 29.214987679384649 64.004575541242957 19.653211664408445 16.532466635107994 582.24087977875024 47.105962161906064 748.13428633473814 143.05211456120014 15.052219092845915 94.091369669884443 55.368782185018063 10227.355124294758 44.124239658936858 32.15548675134778 31.92409504763782 51.080896317027509
leaf_count=50098 2455 7910 2314 2306 324 3668 1196 264 660 1263 7038 133 298 112 298 206 53 353 52 549 1755 1155 503 578 8108 7280 8430 334 359 8152 57 1411 173 52 333 21757 8101 129 10316 8081 35281 8249 87 14166 592 41 202 295 83 65 2749 647 3988 687 64 386 233 58521 199 238 402 1042
internal_value=0.000115019 0.0236844 6.09823e-06 -2.92588e-05 2.79724e-05 -8.69366e-06 0.00260045 -0.000408163 -0.000964144 0.0021989 0.00229111 -0.000828208 -0.000420135 -0.0551648 -0.00123697 0.00599646 -0.023977 0.00915489 0.00632624 0.0104721 0.00522396 -0.00385297 -0.0114992 -0.0119025 -0.000156047 0.00287347 -0.000763438 -0.00152048 -2.09675e-05 -0.00790922 -0.034694 -0.0151379 -0.0249892 -0.00676198 -0.000915905 -0.000396608 0.000694742 -0.0383241 0.00290954 0.00346036 0.00106741 0.00335225 0.00523906 0.00478121 -0.00166058 -0.0275881 0.0322345 0.0198698 0.00656144 -0.0187506 3.30717e-05 0.034475 0.0106918 -0.00221828 -0.010166 -0.000238785 0.0191192 -0.000451761 -0.0189302 0.0014775 0.0111819 0.0193457
internal_weight=53673.8 246.901 53426.9 53373.4 53213.8 53144.1 7056.21 46087.8 37986.8 8101.04 6998.91 3400.62 3375.27 25.3486 3292.9 874.592 83.374 791.218 715.909 614.343 482.817 2418.31 703.347 156.067 28859.2 4819.71 24039.5 19931.5 3729.1 1723.07 71.303 626.629 287.955 338.674 18208.4 16610.8 12411.6 71.6928 4108.07 4009.75 7148.64 2104.37 3598.3 3542.82 851.537 74.9095 82.3694 163.247 99.2427 101.566 2108.84 55.4826 952.401 204.267 158.104 10479.6 114.042 10365.6 138.216 6979.67 160.11 128.185
internal_count=296831 11809 285022 282708 280402 280078 35512 244566 202781 41785 34316 15115 14870 245 14370 4038 388 3650 3352 2934 2385 10332 3294 630 152683 24374 128309 106503 17094 8543 391 2791 1328 1463 97960 89530 67773 335 21806 21146 36782 8986 19201 18467 4301 633 500 737 442 418 10830 734 5003 1015 751 59672 566 59106 585 35519 3899 3497
is_linear=0
shrinkage=0.05


Tree=97
num_leaves=63
num_cat=0
split_feature=20 18 69 1 2 30 8 40 5 0 59 69 59 3 7 0 1 3 58 0 68 66 48 45 9 0 64 67 18 2 43 18 50 36 47 69 59 29 24 36 58 43 50 38 30 16 36 30 20 3 16 37 57 34 61 34 11 56 58 29 27 36
split_gain=51.7661 28.6078 22.9376 21.0159 25.3256 30.4921 25.2767 38.9639 34.525 31.8305 33.0643 25.4644 23.6954 24.2708 28.9997 23.1902 31.225 20.0891 19.1655 23.7041 21.2536 19.7454 19.4054 32.4406 19.1532 18.8538 23.4243 18.6068 21.4469 22.66 22.4202 18.5511 18.5487 21.1526 18.4569 18.1693 17.714 28.5811 25.8006 33.0371 26.1494 37.5945 24.438 35.7522 29.1743 30.0248 23.5547 27.5483 23.2366 23.0093 22.701 23.6269 21.465 22.8448 21.0852 20.7307 19.8744 19.6505 22.484 19.6261 23.424 35.8026
threshold=76.500000000000014 177961840574.29214 0.050008090413482302 5.0050000000000008 6.5000000000000009 71.500000000000014 0.14050000000000004 10.500000000000002 0.85500000000000009 34.850000000000001 64.493781836834458 26.790697891513783 1912.9801129416526 117.75000000000001 12.65 130.35000000000005 6.495000000000001 108.85000000000001 7696016.7891858136 32.823 27.573483192955475 0.99809679250719918 70364582344.254501 0.61367698529807357 4148.5000000000009 14.719500000000002 1.0000000180025095e-35 0.55191596924288711 323640891.70229912 2.5000000000000004 4.4923419649657284 57139815.666748248 1.0000000180025095e-35 167.76481481481486 47.840309590751474 3.0868630355231388 70.15939337229706 3.0025845207441912e+19 0.31386327477037784 12.84481053910738 4085941.2742793742 4.2834408602150553 1.0000000180025095e-35 1663855669.7600229 60.500000000000007 32.075961538461549 12.84481053910738 6.5000000000000009 10.500000000000002 95.850000000000009 10.667467948717951 2.1652380213986135 1.0065811194838612 0.60375908945000878 6.1203605651917679 0.58499881291307088 6.5000000000000009 127.50000000000001 22477130.377283495 8.3698809697358905e+19 7.5023544156883792 32.777854406130281
decision_type=2 2 2 2 2 2 2 2 2 2 2 2 2 2 2 2 2 2 2 2 2 2 2 2 2 2 2 2 2 2 2 2 2 2 2 2 2 2 2 2 2 2 2 2 2 2 2 2 2 2 2 2 2 2 2 2 2 2 2 2 2 2
left_child=1 2 -1 4 5 27 8 9 -5 10 -8 15 13 14 36 16 17 -10 19 20 21 22 -15 -24 -3 26 -12 28 29 -4 -31 -2 33 -20 -25 -16 37 38 40 49 41 -6 54 48 45 55 -42 -48 -44 -40 51 -38 53 -53 -41 -45 59 58 -49 -39 -61 -62
right_child=31 24 3 6 12 -7 7 -9 11 -11 25 -13 -14 18 35 -17 -18 -19 32 -21 -22 -23 23 34 -26 -27 -28 -29 -30 30 -32 -33 -34 -35 -36 -37 50 56 39 42 46 -43 43 44 -46 -47 47 57 -50 -51 -52 52 -54 -55 -56 -57 -58 -59 -60 60 61 -63
leaf_value=-0.037005788910923688 -0.0034852512938283336 0.042649083595582421 0.0067933747122602478 -0.0055609220119729715 -0.01309904631075981 0.046604142037232218 -0.0068149980563887731 0.029599206002521986 0.0029719242734687406 -0.011224870068058038 0.0001859453581145661 0.011012639021180166 -0.031823672568411343 0.011497490174498949 -0.016214566616693567 -0.0054723588658217729 0.021791532717649068 0.024218690762571184 -0.031892103518938071 0.0011156050638875471 -0.0025253074699451384 -0.016518962890563132 0.044363386735792112 -0.071729405219817063 -0.0060309565038003561 0.0038511321961651628 0.042391409201505664 -0.014578663320803729 0.020369386952318509 -0.003405509928381368 -0.023074089545930723 0.04739365650366683 -0.0020784461190062561 0.045345428679653438 0.031824132329979757 0.0037958766125881418 0.017090377378537545 0.024891977656968312 0.0065640565034480666 -0.0069371027877972854 -0.024538678666368871 0.0011576890769012646 -0.011873799677002639 -0.069461860396439354 0.048626042368075356 -0.10961242760303778 0.00031498736857390276 0.027027291237823044 0.048139893575050802 -0.027740573802098874 -0.0027367688789432139 -0.015046083662354534 0.033132998664533703 0.020422282524206876 0.005630916023849148 -0.003482624925060135 0.046139591430468946 -0.017476774663035394 0.07466567249609346 0.0096947289294954317 -0.17531673966985403 -0.011162546584684432
leaf_weight=41.856094609946012 23.223873384296894 65.109152043703943 257.07350483350456 983.81236691121012 488.98003734461963 26.370549205690622 861.18460194021463 93.235383816063404 5403.4311301652342 861.46976132877171 58.255198456346989 1219.9795567123219 59.34913332760334 1734.035624191165 116.90001564659178 697.80655686371028 241.11700462084264 113.59241747763008 94.515222849324346 4754.607672419399 442.88910485059023 69.257693065330386 12.354686907492576 23.297701409086589 29.298337429761887 878.92324938997626 75.459138795733452 592.94683992117643 86.946398992091417 381.03471588529646 233.78442441858351 78.384127698373049 715.83524018805474 9.781759560108183 5.2777686920016995 3832.0016846256331 299.93677171133459 69.444457185454667 61.450449337251484 621.62634283583611 36.029006907716393 8508.6585991084576 102.09805005043745 23.163763144984841 7.2736614337190977 19.197139235213399 133.27037037909031 154.42835913412273 19.155255485326052 238.96628924831748 16476.702705670148 213.35518607497215 36.933303168974817 57.670261771418154 720.54999298974872 24.494377830997109 52.933416009880602 20.035385593771935 29.499936476349831 25.555614960379899 5.1751650571823111 9.2741219419985992
leaf_count=1436 696 3793 1571 5200 3278 238 5092 751 27473 4398 443 6919 958 9690 1197 3162 1141 613 606 21930 2858 386 349 247 657 5157 432 4214 479 2694 1859 8220 3763 40 41 17428 1989 624 331 3858 200 44632 447 135 181 107 695 760 96 1154 84336 1148 220 319 3815 145 1517 94 117 317 41 144
internal_value=0.000109882 4.22023e-05 -6.3839e-06 2.26212e-05 -0.00049678 -0.00671032 0.00191717 -0.00218653 0.00325756 -0.00326998 0.000387192 0.00438781 -0.000253613 -0.000207082 -0.000811723 0.00313592 0.00417912 0.00340938 0.00228511 0.00312761 0.0073103 0.00967232 0.0106943 -0.0233342 0.0275418 0.0065122 0.0240038 -0.00761633 -0.00331082 -0.00567224 -0.0108845 0.0357646 -0.00494866 -0.0246482 -0.0526035 0.0032035 -0.00136893 0.000160191 -0.000141522 -0.0055581 0.000920866 0.000382901 -0.00259499 -0.0191165 -0.0464712 -0.0568175 0.0138887 0.0179941 -0.00239301 -0.0207235 -0.00238669 0.00710211 -0.00262597 -0.00749893 -0.000189937 -0.0355512 0.0209867 0.0295457 0.0346679 0.00882188 -0.0190742 -0.0699561
internal_weight=53630.3 53528.6 53434.2 53392.4 41904.1 1578.16 11488.3 2828.53 8659.74 2735.29 1873.82 7675.93 40326 40266.6 32404.8 6455.95 5758.14 5517.02 7861.85 7041.72 2287.11 1844.22 1774.97 40.9302 94.4075 1012.64 133.714 1551.79 958.839 871.893 614.819 101.608 820.132 104.297 28.5755 3948.9 28455.9 11371.3 11208.9 1837.98 9370.9 8997.64 1537.56 195.382 74.1289 66.8553 373.263 337.234 121.253 300.417 17084.6 607.896 307.959 271.025 1342.18 47.6581 162.383 203.964 183.928 109.449 40.0049 14.4493
internal_count=296831 287915 283465 282029 221248 11055 60781 16273 44508 15522 11124 39308 210193 209235 169325 32389 29227 28086 39910 35501 13571 10713 10327 637 4450 6032 875 10817 6603 6124 4553 8916 4409 646 288 18625 150700 62688 60045 10269 49776 47910 8784 1111 568 387 1866 1666 543 1485 88012 3676 1687 1467 7673 280 2643 971 877 1126 502 185
is_linear=0
shrinkage=0.05


Tree=98
num_leaves=63
num_cat=0
split_feature=20 29 17 49 69 66 66 61 49 65 52 47 32 26 57 40 45 56 47 44 30 47 53 30 57 9 42 60 69 39 59 33 29 14 44 53 70 45 59 8 16 39 65 59 69 1 59 55 26 26 29 16 42 39 46 55 63 70 46 20 65 46
split_gain=48.5115 26.5803 24.9617 23.6947 21.3837 19.9052 34.74 25.929 32.9126 30.7778 23.7618 46.3518 43.424 23.3521 22.0005 21.5154 34.3529 29.4387 34.1132 30.047 39.1963 26.4735 20.1184 23.3597 22.8883 19.9734 19.6648 22.6192 20.2701 24.4782 23.3584 25.3144 21.245 20.4306 19.5813 20.9009 19.3736 18.8301 18.5319 33.7842 25.0765 25.6903 31.4111 22.572 26.5181 22.4036 20.5716 31.2506 29.0305 19.9603 19.9425 19.3308 18.7534 32.5293 26.3075 35.7546 20.8396 28.1067 20.4548 18.5826 29.3458 23.9904
threshold=76.500000000000014 2.3255098181953143e+20 2.4119569339299187 1.8241251903377698e+21 0.050008090413482302 0.85260769842926931 0.99535829673000953 4.5666164022068338 2.2398702695961205e+20 1.0000000180025095e-35 1253585.7590579332 45.628835315338875 6.7950000000000008 32.759194015444024 0.44712423513235833 24.500000000000004 0.60538018689544237 338.50000000000006 7.8033035490534015 0.58943240117553408 67.500000000000014 25.074582781617536 119.50000000000001 52.500000000000007 0.37383954225588245 10334.500000000002 6.8850000000000007 0.45918367331125048 20.535140399790897 4.07340222413515e+19 152.48791565509131 4.4500877192982466 83487723879391216 0.099999999999999714 0.75001851806129383 121.50000000000001 132.69699643672681 0.76192014368991579 36.86033060866631 0.15050000000000002 24.003846153846158 1.3075249088883039e+18 1.0000000180025095e-35 913.99236238627816 1.9685002862761696 6.5150000000000006 126.37861785162376 250768.18256585576 6.0013333333333341 11.356806295886555 3.567450785045865e+18 9.8575187969924816 5.1750000000000007 1.1471671405774459e+17 30.55043859649123 1314369.0631557761 36.583480669313339 16.998287276659209 15.656038647342998 4.5000000000000009 1.0000000180025095e-35 33.181864722308418
decision_type=2 2 2 2 2 2 2 2 2 2 2 2 2 2 2 2 2 2 2 2 2 2 2 2 2 2 2 2 2 2 2 2 2 2 2 2 2 2 2 2 2 2 2 2 2 2 2 2 2 2 2 2 2 2 2 2 2 2 2 2 2 2
left_child=1 3 -3 4 -1 15 7 9 10 36 25 12 14 -10 -12 38 34 19 -19 -18 -21 -22 23 24 -11 -9 -26 -28 29 30 31 -29 -31 -33 35 -17 -7 -16 39 52 41 51 -43 44 49 59 48 -48 -46 50 -44 -40 53 56 55 -54 -6 -58 -57 -42 -61 -62
right_child=-2 2 -4 -5 5 6 -8 8 13 22 11 -13 -14 -15 37 16 17 18 -20 20 21 -23 -24 -25 26 -27 27 28 -30 32 -32 33 -34 -35 -36 -37 -38 -39 40 -41 45 42 43 -45 46 -47 47 -49 -50 -51 -52 -53 54 -55 -56 58 57 -59 -60 60 61 -63
leaf_value=-0.036382473698907479 0.035231788439396367 0.0055950397276368601 0.045041159952499576 0.034904954903705952 0.0023782717868051314 -0.0053896397458996909 -0.0030232833643291019 0.014505865502349259 -0.10679293650767091 0.061488901613353956 -0.043470343878226368 -0.074272691670976387 -0.062176247901131458 0.020146818053827977 -0.023179292054099118 0.01590090164231665 0.0011011703209968667 -0.037042859097095496 0.050830573504664925 -0.010860398608246908 -0.16665860278970723 -0.031134062008816101 -0.039354658039963443 0.024084429218346443 0.0025333395240844003 0.0050396571168494948 0.0039102580703723145 0.010944204847022963 -0.0048009027604594212 0.034460222970286149 -0.0092809197975492717 -0.060948263082602962 -0.033454515744733286 -0.13626217288386838 -0.045079942784870985 -0.070542930591807232 0.032754676884866954 0.040927880349199433 -0.020072318666183753 -0.012306155844726661 -0.0025992290566545463 0.038805503046519946 0.0027064274808498924 0.038545157202758272 -0.064388361950941914 0.011579734409505564 0.03558552808133162 -0.034700664461448087 0.0046270840370128711 0.0068967795369916478 -0.078961995119314649 0.0023491307555597095 -0.0097393124237386431 0.036488596553621681 0.001839073196042324 0.043999247077078078 0.014079951654908086 0.10112842262117701 -0.013676184308621343 0.0085977065591338053 -0.03022075787080012 -0.0086645390742846745
leaf_weight=40.479703097604215 98.107867684680969 114.31727520376444 61.779743352904916 48.50974724907428 2074.8162735067308 1794.1302802227437 3910.3258005296811 860.17670448962599 10.783523492515089 16.234900712966919 12.64910016953945 25.302918327972293 21.595533301122487 5.4561520451679817 14.328227732330559 558.79621745552868 5748.8613157328218 13.822414658963678 54.956070197746158 303.18648653198034 6.8269311599433404 7.6315162405371666 28.933630205690861 122.78985824249685 11151.888873208314 1582.2412345632911 249.44209678471088 9.2291363403201085 164.3897417075932 21.573614455759525 27.861237030476332 36.827704958617687 24.69775589928031 11.91908637434244 13.981101788580416 7.0811785217374554 33.917459244839847 57.113305694423616 113.98450868204236 465.91162155196071 16843.150274526328 99.242218321189284 11.020969212055205 49.753560848534107 17.236156705766916 269.80147671326995 100.36549496650696 18.772622309625149 131.37501752004027 23.839142479002476 23.232502564787865 613.73893203958869 980.38397156447172 80.027678616344929 3328.0947202518582 50.843236789107323 257.57725007086992 9.6194868907332403 22.035443015396595 154.94711895287037 194.31546431593597 384.4159027133137
leaf_count=1436 8916 2722 3232 1746 12571 10122 19971 5823 109 67 57 130 168 79 125 5572 27990 69 252 1892 52 82 135 1755 53625 8012 1256 40 990 90 122 182 165 80 102 68 277 291 670 2923 87851 478 46 217 86 1281 503 90 663 104 103 2988 5137 315 17523 243 1299 56 113 756 931 2082
internal_value=0.000104682 4.02576e-05 0.0194338 -2.37968e-05 -5.56055e-05 -2.79788e-05 0.00120869 0.00222496 0.00681305 0.00135731 0.00726083 -0.0134858 0.00106749 -0.0641441 0.0173093 -0.000783969 0.00174224 0.000642808 0.0331706 0.000274026 -0.0146959 -0.0951255 0.00228771 0.0023895 0.00216209 0.00837349 0.00207975 -0.00718564 -0.0165206 -0.031104 -0.046906 -0.0649873 -0.00178987 -0.0793633 0.0133749 0.0148192 -0.00468191 0.0280706 -0.00142853 0.000719259 -0.00224814 0.00474046 0.0137876 0.00717721 0.00238756 -0.00271905 0.00903163 0.0245105 -0.00337744 -0.028235 -0.0526854 -0.00116278 0.00161127 0.00514197 -0.000340523 -0.0072276 0.00407084 0.0172138 0.0265606 -0.00293854 -0.0107281 -0.0159023
internal_weight=53590.6 53492.5 176.097 53316.4 53267.9 53227.5 20193.8 16283.5 2589.65 13693.8 2573.41 130.989 105.686 16.2397 84.0906 33033.6 6715.14 6135.28 68.7785 6066.51 317.645 14.4584 11865.8 11836.9 11714.1 2442.42 11697.8 545.94 296.498 132.109 85.8372 57.9759 46.2714 48.7468 579.858 565.877 1828.05 71.4415 26318.5 7269.31 19049.2 1202.56 474.838 375.595 325.842 17846.6 267.749 119.138 148.611 58.0926 34.2535 727.723 6803.4 2422.04 4381.36 1053.26 2342.01 267.197 72.8787 17576.8 733.678 578.731
internal_count=296831 287915 5954 281961 280215 278779 103671 83700 14794 68906 14606 771 641 188 473 175108 36079 30337 321 30016 2026 134 58507 58372 56617 13835 56550 2925 1669 679 424 302 255 262 5742 5640 10399 416 139029 40180 98849 5948 2290 1812 1595 92901 1342 593 749 253 149 3658 37257 14241 23016 5493 13926 1355 356 91620 3769 3013
is_linear=0
shrinkage=0.05


Tree=99
num_leaves=63
num_cat=0
split_feature=11 48 15 22 45 40 35 70 20 20 57 22 69 30 56 50 55 56 53 50 42 32 43 61 20 69 50 34 68 2 5 62 46 70 23 3 69 59 57 35 42 38 42 43 47 30 46 11 61 59 46 48 69 34 47 60 5 32 69 59 29 61
split_gain=47.1911 29.1184 28.5756 41.7123 27.7559 22.7328 26.5213 23.2885 29.1521 28.7691 31.8302 22.64 20.6352 19.7002 19.5936 38.1997 23.5148 44.9837 22.7021 21.7053 21.6807 30.2246 20.7803 20.7142 23.9841 22.8841 20.1123 19.7049 19.6509 20.1817 29.2744 24.0125 21.1401 32.9965 25.5315 21.9133 21.5908 44.8372 22.614 24.1665 35.6726 24.1273 20.2028 32.6775 43.8712 30.3128 27.78 25.2985 27.3061 24.8497 24.5766 24.9639 38.2363 24.8843 22.6609 40.5161 25.3735 29.214 33.8628 25.2168 21.8714 21.1911
threshold=17.500000000000004 119356201642.28355 0.44562733087508605 6.6950000000000012 0.6681453567742347 179.50000000000003 0.70934496430592697 132.69699643672681 29.500000000000004 5.5000000000000009 2.319603860708066 4.8900000000000015 0.10456237086455401 17.500000000000004 32.500000000000007 10.500000000000002 4955638.3957291674 273.50000000000006 74.500000000000014 5.5000000000000009 5.0950000000000006 5.6950000000000012 4.2834408602150553 11.929080098739698 10.500000000000002 1.8866688655995623 9.5000000000000018 0.44913493033693203 1.5488808615635459 8.5000000000000018 0.90500000000000014 0.78100649350649365 7.623193277310925 121.73029870830875 5.2168699186991887 108.85000000000001 29.709351895646119 138.22010288437224 0.92251200058356597 0.81942355076085283 5.8950000000000005 4120975412.130218 5.3250000000000011 4.9250850340136072 1.0000000180025095e-35 13.500000000000002 10.004687500000001 6.5000000000000009 12.41842585423967 913.99236238627816 31.380384615384617 258227081496.16293 7.4784826118344094 0.35843808781412129 1.7999999999999996 12.857142826836737 0.96500000000000008 6.8850000000000007 3.7415144009359991 33.489441501522386 58062935577858344 11.929080098739698
decision_type=2 2 2 2 2 2 2 2 2 2 2 2 2 2 2 2 2 2 2 2 2 2 2 2 2 2 2 2 2 2 2 2 2 2 2 2 2 2 2 2 2 2 2 2 2 2 2 2 2 2 2 2 2 2 2 2 2 2 2 2 2 2
left_child=5 2 3 -2 -4 12 -7 9 -9 10 11 -8 -1 -13 15 22 17 -16 19 -18 -20 -22 23 24 25 -14 -19 -27 -24 32 -31 -32 33 34 -30 36 42 -38 -39 -40 -41 -42 47 46 49 -46 -44 -34 -49 -45 51 54 53 -53 -48 56 -56 59 -59 60 -58 -52
right_child=1 -3 4 -5 -6 6 7 8 -10 -11 -12 13 14 -15 16 -17 18 26 20 -21 21 -23 28 -25 -26 27 -28 -29 29 30 31 -33 35 -35 -36 -37 37 38 39 40 41 -43 43 44 45 -47 50 48 -50 -51 61 52 -54 -55 55 -57 57 58 -60 -61 -62 -63
leaf_value=-0.024500604793520502 -0.37365212540224668 0.049435843460360583 0.046007738616493932 0.029103650310452891 0.003434560271203372 0.038116854295352935 0.035193451335735391 -0.043212701452760099 0.02081801886163398 0.033178775726785847 -0.065272759913493406 -0.06127628925467276 -0.024669628175677038 0.016742389818537411 -0.014150290012680589 0.04211717186475894 -0.0066886502468043148 -0.0489848276489048 0.022884747003969853 0.01374052318505229 -0.036948259954291206 -0.00059813916062329128 0.0066504567063801999 0.018756474296741821 -0.049733289104542777 -0.0027738320811185003 0.031388166746865169 -0.035892918040489989 -0.022023984615663527 -0.0078670065208655063 -0.0038991757676671043 0.0070911063348763868 0.001006257415444042 0.048014543167225629 0.029995328811024374 0.0031678805856066765 0.007289729022488394 -0.033824840800847876 0.010738449608350284 0.0005434711886870572 -0.018879154275616362 0.029369259858979799 0.011228872144367142 -0.0074557677173337699 0.0030568031620148827 0.021533946804527353 0.021344210311819579 0.050093813568444112 -0.01403937390441899 0.027248259320566754 -0.0029654452041149673 -0.071700082692922523 -0.08634871405589814 0.024738482166486567 -3.6851649878131029e-05 -0.077610942914494455 -0.019134110430781871 -0.041393711272371271 0.040414600939254398 -0.012419676235485897 -0.057415560746360721 0.0067516136515307253
leaf_weight=86.438400138169527 1.1753621567040675 66.606184390373528 50.28629178693518 1.4189768759533761 160.40923560690135 79.635247218888253 38.143096841871738 45.863570624031126 29.025882016401738 98.585819443222135 18.077920589596033 15.934304073452948 132.95756773836911 16.438316579908133 852.08133324049413 54.111019057221711 200.82733304798603 8.6343252882361394 40.134024225175381 368.75351777672768 103.82912406697869 127.29753943067044 1197.556231061928 95.359604608267546 29.579563267529011 2450.2349600121379 79.001345459371805 45.750143319368362 255.01586673408747 1837.8411645819433 1150.5947648338042 874.93631627550349 12118.184018688276 20.825874652713537 25.99190429225564 6812.3642543647438 2794.5671565965749 56.080951042473316 328.60787692666054 1153.2646294459701 429.19258761405945 27.575680520385504 342.85384267941117 1342.7176077738404 4366.234019649215 233.85986206447706 61.3217470087111 52.463851593434811 24.277467560023069 53.643244333565235 10905.858172784559 9.6326682865619677 26.342627572827041 21.889025409705937 492.32653293665498 21.645579099655151 83.435448475182056 17.62935408949852 44.779092350043356 419.3431178946048 67.493198717013001 591.51134460885078
leaf_count=2676 42 7456 2857 69 2385 2839 212 391 1043 1533 97 89 1720 129 4707 406 916 45 189 1628 490 675 6302 752 149 14343 445 203 1807 9026 5696 4164 59576 147 122 33416 15424 229 1734 4939 1909 144 1686 6617 20451 3456 340 225 106 258 60176 43 231 238 2491 146 386 87 393 1993 333 4054
internal_value=9.98587e-05 0.0205767 0.0115646 -0.153364 0.0135954 -7.71552e-06 0.0128473 0.00516865 -0.0183955 0.0145965 -0.00608155 0.00909313 -9.06941e-05 -0.0216596 -5.0771e-05 0.000128991 -0.0052067 -0.010642 0.000867717 0.00653744 -0.0110373 -0.0169277 8.44555e-05 -0.00414002 -0.00496131 -0.00445756 0.0234694 -0.00338089 0.00032551 0.000164571 -0.00329774 0.000848121 0.000474199 -0.0127119 -0.0172124 0.000566975 7.59821e-05 0.00320242 -0.00252383 -0.00161836 -0.00414038 -0.0159663 -0.00040244 -0.00141744 0.00163986 0.00399615 -0.00281625 0.00118748 0.029805 -0.00612256 -0.00319354 -0.00980597 -0.0418879 -0.00473204 -0.00826918 -0.00985287 -0.00854918 -0.0151731 0.0173051 -0.0187274 -0.036253 -0.00246553
internal_weight=53558.4 279.896 213.29 2.59434 210.696 53278.6 341.704 262.069 74.8895 187.179 88.5936 70.5157 52936.8 32.3726 52850.4 51069.8 1780.56 939.717 840.842 569.581 271.261 231.127 51015.7 2753.88 2658.52 2628.94 87.6357 2495.99 48261.9 47064.3 3863.37 2025.53 43200.9 301.834 281.008 42899.1 36086.7 4789.29 1994.72 1938.64 1610.03 456.768 31297.4 19102.5 5996.45 4600.09 13106.1 12194.9 76.7413 1396.36 12763.2 1265.84 57.8643 31.5217 1207.97 1146.65 1125.01 632.68 62.4084 570.272 150.929 11497.4
internal_count=296831 12809 5353 111 5242 284022 6333 3494 1434 2060 527 430 277689 218 275013 265918 9095 5197 3898 2544 1354 1165 265512 17167 16415 16266 490 14546 248345 242043 18886 9860 223157 2076 1929 221081 187665 24379 8955 8726 6992 2053 163286 103379 30782 23907 72597 59907 331 6875 70911 6681 512 281 6169 5829 5683 3192 480 2712 719 64230
is_linear=0
shrinkage=0.05


Tree=100
num_leaves=63
num_cat=0
split_feature=10 45 48 8 1 69 5 7 1 1 28 69 0 59 46 69 0 43 1 48 67 9 2 31 48 42 38 7 4 7 44 9 43 58 69 70 53 24 57 36 52 40 38 54 59 36 66 2 59 26 62 59 70 69 44 63 45 18 6 33 2 28
split_gain=43.5995 27.2033 22.0242 20.1779 23.0504 30.6626 23.8497 24.8732 33.2593 23.8083 21.77 21.179 20.3788 33.3922 34.0028 23.716 22.5902 24.0256 20.9256 19.7492 19.4283 18.9377 18.7423 26.304 22.9889 35.7573 23.4578 18.6086 18.357 18.1805 19.0054 32.2865 23.7915 18.9143 19.6857 20.3447 45.306 32.1981 22.2331 55.8096 20.6909 18.7447 19.0386 18.5143 18.3242 18.6423 22.4361 18.2053 18.1418 18.0691 18.0597 17.8816 17.8427 17.8283 18.4087 17.7208 17.5975 17.5089 20.0494 18.8216 19.4452 17.9749
threshold=19.500000000000004 0.6681453567742347 2106968938586.5383 0.57500000000000007 5.0050000000000008 0.52281185432277033 0.84500000000000008 13.050000000000002 5.7150000000000007 7.0950000000000006 356614286372.11792 26.790697891513783 33.050000000000004 97.161303154026129 79.750190839694667 6.5328750840158332 14.719500000000002 4.7666666666666684 5.8650000000000011 89902999506.429504 0.98321746822993605 335768928.00000006 7.5000000000000009 2.5833333333333339 177919219725.96808 7.1950000000000012 32356183980.192245 5.6100000000000003 0.093175000000000022 9.9150000000000009 0.48680549331869888 1214.5000000000002 4.333615819209041 251472.59094740567 2.4776735704861719 11.726219551040138 7.5000000000000009 0.34999999999999976 0.58332519816940243 15.64443650793651 872005.5773535975 79.500000000000014 54087185.635438435 1.737177927613009 100.31313370088866 33.800641025641035 0.77159520228797451 12.500000000000002 592.41317732307311 550.0200000000001 0.72603600944510049 441.9246103158444 1.7696475763095982 2.8777382937940312 0.72428632330585385 6.3337587363699495 0.51526463954623158 323640891.70229912 3.6650000000000005 4.1987500000000013 2.5000000000000004 3981073692.4389358
decision_type=2 2 2 2 2 2 2 2 2 2 2 2 2 2 2 2 2 2 2 2 2 2 2 2 2 2 2 2 2 2 2 2 2 2 2 2 2 2 2 2 2 2 2 2 2 2 2 2 2 2 2 2 2 2 2 2 2 2 2 2 2 2
left_child=2 -2 3 4 5 -1 50 9 52 11 22 12 13 15 16 -8 18 -18 -15 -3 -12 -11 23 24 25 26 57 -14 55 30 32 -32 33 -30 -35 41 37 -37 -38 -40 -41 42 -36 53 45 -44 -47 -33 -10 -29 -6 -20 -9 -31 56 -24 -55 59 61 -7 -61 -59
right_child=1 19 -4 -5 6 10 7 8 48 21 20 -13 27 14 -16 -17 17 -19 51 -21 -22 -23 28 -25 -26 -27 -28 49 29 43 31 47 -34 34 35 36 38 -39 39 40 -42 -43 44 -45 -46 46 -48 -49 -50 -51 -52 -53 -54 54 -56 -57 -58 58 -60 60 -62 -63
leaf_value=-0.014953413001666378 0.045227990598003392 0.0013184485271633406 0.033369605964342762 -0.0165804740593017 0.00054349258950346353 0.0096440876599627051 -0.003850947486283552 -0.0020234403023853208 -0.013077341070282966 0.027268210101848572 0.048976169441975081 0.0089715328190234488 -0.0091150100906152599 0.017100330386759333 -0.011137491403211026 0.0049834471751387457 0.0018087931220935475 0.016805144014293737 0.030457871755678736 0.051038549113786649 -0.10633687652969281 -0.037649616455417173 -0.020570795151792054 0.048805319590369975 -0.058850191274272601 0.051159702454061054 -0.066567145781840475 0.0013075026118681745 -0.0073343831565797759 -0.013184051282191018 0.0087199041840984003 -0.0034838822569089865 0.00051631800572246925 -0.032753373678431154 0.00046476254280421354 0.060229531724845811 -0.032743961697426709 -0.029146159227127485 0.089197056101823186 -0.044561817593013302 0.007493457235366179 0.064483749445402569 -0.018224944445323833 -0.014824190146658157 -0.02608535327465843 0.044587959852325026 -0.018179224623626908 -0.015459285235237756 0.023489931662006715 -0.048819634510102461 -0.013491431549333896 0.081182360343520568 0.017192445071723194 0.022253343815881284 -0.017452015010594821 0.062315837520517336 0.0025576167560959887 0.028764213973139816 0.023004560277922671 0.00015987227128328984 -0.014160082199888575 -0.053695675380860092
leaf_weight=364.46426577307284 80.575491465628147 126.02324771694839 49.405304555315524 183.51374412979931 520.42792083276436 134.90256265178323 1301.7238704222254 299.59732851013541 655.36514424346387 152.06930067203939 32.358116901945323 1375.3323881598189 572.75711887143552 239.37662584660575 165.64915119856596 1824.3477707933635 531.67961197905242 536.669102196116 54.455682484433055 23.733398205600679 2.1471469248644999 12.130225479602812 9.1061897426843661 21.663479492533952 20.828438977710903 26.906097181141376 16.34937840513885 2357.5103179668076 1887.1214918643236 184.0889198705554 530.74265737272799 5959.6907248762436 20994.428000311367 45.605099786072969 1350.9774529412389 63.690434217453003 40.451161570847034 11.971046537160872 18.886508420109749 24.269724383950233 89.43074644356966 10.681711658835409 67.045423686504364 163.01785635715351 146.09480686485767 36.580641150474548 23.308902487158775 335.2155886022374 35.769618097692728 18.115697652101517 409.61016748892143 25.515353102236986 202.42489289864898 115.12484022043645 113.2809455357492 22.093902733176947 7608.2394567551091 10.209075927734377 93.473482187837362 331.38234701007605 832.93174964562058 18.739873357117176
leaf_count=6324 7711 1948 2314 1091 2840 1073 8373 1950 4099 705 1629 7672 2728 1562 731 8819 3176 2726 270 2150 53 64 72 243 126 154 91 10795 11645 1868 3752 30744 107322 591 6997 271 199 50 72 115 382 39 300 772 602 140 99 1584 316 85 2135 134 1010 701 534 308 34059 44 443 1995 5938 96
internal_value=9.53125e-05 0.0218022 1.47431e-06 -2.94953e-05 2.77609e-05 -0.000514196 0.00203216 0.00272068 -0.00407008 0.00360452 -0.000387059 0.00326041 0.00223066 0.00428209 0.010274 0.00130473 0.0128298 0.00934199 0.0244981 0.00919808 0.0393116 0.0224724 -0.00042018 -0.00589295 -0.00669051 -0.00594889 -0.00701744 -0.00102518 -0.00021317 -0.000243208 -0.000786592 -0.00312308 -0.0001438 -0.00377545 -0.000293774 0.000492215 0.0138153 0.0460886 -0.000296281 0.00960323 -0.00361791 -0.00153475 -0.00196898 0.00185737 -0.0140113 -0.000114868 0.0201591 -0.00412159 -0.0111848 0.000925251 -0.00563781 0.0466419 0.00572477 0.00219641 0.00255771 0.0381242 0.0028512 -0.0063326 0.0117439 -0.00803591 -0.0100844 -0.0246155
internal_weight=53511.3 230.332 53280.9 53231.5 53048 41757.5 11290.5 10360.5 1193.16 9167.33 41393 9003.13 7627.8 4679.42 1553.35 3126.07 1387.7 1068.35 319.348 149.757 34.5053 164.2 41358.5 1507.39 1485.72 1464.89 1437.99 2948.38 39851.1 39819.9 31636.2 6825.65 24810.5 3816.12 1928.99 1883.39 248.7 75.6615 173.038 132.587 113.7 1634.69 1624.01 8183.75 273.03 126.935 59.8895 6294.91 691.135 2375.63 930.038 79.971 502.022 8020.73 7836.65 31.2001 7723.36 1421.64 122.422 1299.22 1164.31 28.9489
internal_count=296831 11809 285022 282708 281617 221427 60190 55215 7375 47840 215103 47071 39399 25791 8599 17192 7868 5902 1966 4098 1682 769 213421 10203 9960 9834 9680 13608 203218 202838 164904 36080 128824 21502 9857 9266 1089 321 768 569 497 8177 8138 37934 1141 539 239 32328 4415 10880 4975 404 2960 37162 35294 380 34760 9589 583 9006 7933 140
is_linear=0
shrinkage=0.05


Tree=101
num_leaves=63
num_cat=0
split_feature=20 48 33 66 66 61 65 68 52 30 67 69 27 69 65 56 56 50 44 12 68 57 42 55 43 55 53 57 44 35 56 43 70 1 64 16 26 35 16 66 37 38 15 55 57 40 47 36 57 45 47 54 48 38 48 38 69 34 63 18 70 69
split_gain=41.4173 33.102 23.5532 19.1983 30.6489 27.0407 26.644 19.3243 21.1524 22.5821 23.1502 19.0775 25.948 38.2323 22.927 22.5271 22.5636 36.3666 29.0585 24.1039 22.2264 22.1915 22.006 22.9128 21.5557 20.9479 37.3408 29.833 22.6778 20.8282 19.9788 20.9019 18.6427 18.6039 36.9076 18.3387 18.502 31.3218 24.5008 25.4272 21.2213 20.9153 18.445 18.21 22.1536 20.1834 18.1895 18.1078 34.1749 18.0251 23.4123 33.4195 20.826 25.7245 23.2379 19.4881 17.9149 17.8845 33.7366 25.9332 25.5926 22.7713
threshold=39.500000000000007 354852392809.20172 4.8200574712643691 0.85260769842926931 0.99535829673000953 4.5666164022068338 1.0000000180025095e-35 64.304567539336105 1415614.3804121297 12.500000000000002 -0.28400453026986777 3.0868630355231388 7.5023544156883792 1.8139298249981335 3.5000000000000004 276.50000000000006 32.500000000000007 9.5000000000000018 0.4030980859448286 5.285000000000001 5.7731703443205786 3.0791712258597479 7.870000000000001 8326571.8737218203 5.0273205741626814 5043390.3278354695 62.500000000000007 1.216024549329106 0.2692582403567253 3.102103442166102 177.50000000000003 4.5947391107078053 66.511479477106789 5.6050000000000013 1.0000000180025095e-35 -1.0000000180025095e-35 7.5726153846153847 2.0437387383682455 13.061680911680915 0.14780378300014815 4.1003521171670609 4009412946.1181588 0.93704146081206907 31268852.601546738 0.37383954225588245 300.50000000000006 32.401126222324372 22.239439655172418 0.58332519816940243 0.56953717734058229 3.4188813911250446 1.214459524169093 25508130562.905334 22432160661.166283 503769687336.08356 98794983665.985031 8.9605405640885234 0.40801470717006305 197.65468672792846 31787728920.71088 9.4742924473447214 30.15487851932987
decision_type=2 2 2 2 2 2 2 2 2 2 2 2 2 2 2 2 2 2 2 2 2 2 2 2 2 2 2 2 2 2 2 2 2 2 2 2 2 2 2 2 2 2 2 2 2 2 2 2 2 2 2 2 2 2 2 2 2 2 2 2 2 2
left_child=3 2 -2 11 5 6 32 -7 9 -9 -11 12 14 20 21 16 17 22 19 25 -14 33 23 35 -15 28 27 29 -18 47 -20 -32 -5 49 -35 -13 37 40 39 41 42 -38 56 44 -8 -46 -30 48 -27 55 52 -52 53 -51 -54 -1 -37 60 59 61 -40 -59
right_child=1 -3 -4 4 -6 7 43 8 -10 10 -12 15 13 24 -16 -17 18 -19 30 -21 -22 -23 -24 -25 -26 26 -28 -29 46 -31 31 -33 -34 34 -36 36 38 -39 57 -41 -42 -43 -44 -45 45 -47 -48 -49 -50 50 51 -53 54 -55 -56 -57 -58 58 -60 -61 -62 -63
leaf_value=0.019185967300948795 0.0048486395964204053 0.050436448669838263 0.048068872682988768 -0.0052509535569139378 -0.0027883392675033957 0.0082564242716650933 0.059858651984348824 -0.010935197071876087 -0.075115589770210725 -0.033854999832101274 0.048932109827242304 0.062281919561547543 0.083018718891859813 -0.028581047068314425 -0.03155024627743841 0.020433007465231287 -0.022617151082700959 0.050444647101599571 -0.028552173234261638 0.059406187096070387 0.023889812564637489 -0.068810196171432539 0.025101691351824124 -0.050554562244062178 0.044905073279642937 -0.026681207637806039 -0.048875254548431779 -0.011349994527124249 -0.0092597225519599046 -0.017502030483918511 -0.028401368772804789 0.025860650676130144 0.02432184155762239 -0.0049573589048842338 0.023354156658847484 0.059733431234147961 -0.019389931345654983 0.066709846442046028 -0.00013086009703482785 0.011984526425575607 -0.038785183993503225 0.033502032525523216 -0.015056900860877907 -0.054948568210336272 0.0019944918831207442 0.037648811760232534 0.027791613175618332 0.012803994768143895 0.064846198349144818 -0.0044349737267780527 -0.016959418933902123 0.047131502636159707 0.02546202692434343 -0.098738058506204193 -0.048546681512990603 -0.044187246460919878 -0.013125628162217698 -0.0037505809668897717 -0.017373060538745266 0.027067061181805296 0.0074758396436749482 0.0047337141986449581
leaf_weight=122.51844102889299 258.57198465801775 61.54690430406481 35.898494997061789 1770.3829583711922 3900.2921781511977 2327.8070471649989 16.633329205214977 189.43364193476737 10.738852266222237 11.233005884103475 34.015501487068832 11.72919707559049 20.952510938048363 48.522645968943834 76.739436782896519 130.60549332480878 199.95939912647009 35.511044372804463 220.68535265140235 15.576573575846849 65.818293150514364 13.159794487059115 85.755699560046196 22.632380499504507 12.562714441679416 12.176062449812887 26.810177944600582 80.50316087435931 98.716964692808688 23.299228839576244 31.891885876655579 40.015392946079373 54.946183596737683 317.51876617223024 180.58394215069711 18.092347743920982 120.02952265366912 11.740899823606012 19010.686127210036 720.3533355970867 77.186260077171028 22.137926074676216 150.88907664082944 13.957794591784475 11789.177849791013 39.826644548214972 49.853131845593452 58.153181560337543 62.800927862524986 2974.0307671427727 575.48128573317081 21.085025195032358 98.268375583924353 7.2492388412356368 11.889808621257542 13.464215704239903 15.809323174878953 4456.0241638701409 373.13819089531898 76.524538016878068 1174.0518209785223 961.49902446102351
leaf_count=682 6023 7670 1965 10075 20071 14026 68 987 53 61 187 163 89 245 1350 709 1306 218 1034 78 306 74 2153 114 63 59 139 403 494 117 155 222 426 2457 1238 112 569 69 86831 3917 408 197 937 68 58118 587 207 279 285 27891 4154 123 627 32 92 151 102 20888 1605 1593 5905 5604
internal_value=9.06432e-05 0.0170877 0.0101176 -2.32883e-05 0.00119214 0.00214705 0.00126283 0.00684952 -0.00649493 -0.00335491 0.0283801 -0.00076677 -0.00376881 0.0168349 -0.00445929 -0.000284681 -0.000380415 -0.000121222 -0.00808034 -0.00201559 0.0381676 -0.00397975 -0.000186976 -0.00026664 -0.013468 -0.0035782 0.00705337 0.013382 -0.0116234 0.0261098 -0.0210942 0.00179468 -0.00436075 -0.00378235 0.0053068 -0.000224797 -0.000251762 -0.0131857 -0.000120225 0.0081707 -0.0167663 -0.0111537 -0.00756916 0.00212836 0.00219562 0.00211454 0.00317296 0.0337423 0.0499824 -0.00496628 -0.00562545 -0.0146942 -0.00387542 -0.00466428 0.017474 0.0129111 0.0257572 -0.000394719 -0.0028246 -0.00183652 0.000311586 -0.00224479
internal_weight=53469.1 356.017 294.47 53113.1 20158.4 16258.2 13684.9 2573.23 245.421 234.682 45.2485 32954.7 4559.85 147.856 4411.99 28394.8 28264.2 27343.8 920.441 627.849 86.7708 4335.25 27308.3 27222.5 61.0854 612.272 263.743 236.933 348.529 156.429 292.593 71.9073 1825.33 4322.09 498.103 27199.9 27188.2 273.718 26914.4 862.521 261.977 142.167 184.791 11859.6 11845.6 11829 148.57 133.13 74.977 3823.99 3688 596.566 3091.44 2981.28 110.158 135.983 33.9017 26051.9 5867.19 5494.05 20184.7 5417.52
internal_count=296831 15658 7988 281173 104727 84656 69342 15314 1288 1235 248 176446 39574 703 38871 136872 136163 131385 4778 3367 395 37521 131167 129014 308 3289 1282 1143 2007 740 1411 377 10501 37447 3695 128900 128737 1628 127109 4683 1559 766 1151 58841 58773 58705 701 623 344 33752 32919 4277 28642 27923 719 833 214 122426 29690 28085 92736 26492
is_linear=0
shrinkage=0.05


Tree=102
num_leaves=63
num_cat=0
split_feature=20 15 69 63 27 58 63 9 68 18 62 16 59 36 44 59 55 58 45 70 42 56 69 68 18 43 41 43 35 28 44 61 30 67 20 61 47 69 67 55 65 59 32 39 51 50 32 47 55 58 24 58 68 47 43 46 3 59 41 32 20 33
split_gain=39.0762 22.4607 18.9122 34.6026 31.8991 32.4071 26.4229 24.9347 22.4939 22.1349 20.7647 20.4945 24.0167 19.8701 19.273 25.7681 23.3039 37.6818 22.7422 21.1766 22.0426 20.9298 20.0627 18.9447 18.8894 18.6296 44.2512 25.7759 23.1755 34.0315 18.7275 26.7646 25.7473 22.2372 21.226 20.5309 19.1828 32.0348 24.6992 20.9892 20.4807 19.9437 23.5133 23.4956 19.9154 24.3994 36.2393 34.4967 32.3069 35.6588 28.6868 21.6706 20.5362 23.0929 20.3533 33.7921 25.1294 29.1479 23.5593 20.1619 42.9545 50.1114
threshold=76.500000000000014 0.57905930920433624 1.6957288840208113 720.0510843326382 1.1472315808458509 89230.906121783555 9.0257068166624901 1011552483.0999991 80.329612155336065 177961840574.29214 1.976478067387158 23.581944444444449 486.54259682889079 21.504250000000003 0.58943240117553408 535.17466620435641 1386925.5058770154 11945464.489365352 0.72061703704424496 181.58075310490156 5.8650000000000011 169.50000000000003 37.947048243757941 54.507431619296909 57139815.666748248 4.9142857142857164 0.2166666666666667 5.9866228070175449 0.64339923244926267 873309728.52938259 0.3807886552931955 12.857142857142833 82.500000000000014 0.72534675097891099 13.500000000000002 12.557362773767911 0.37282548461146886 4.9053390505588617 0.026175951569892299 4189392.2404117733 1.0000000180025095e-35 333.98830153008242 6.495000000000001 2.903370203827302e+19 3.8000767166534599 3.5000000000000004 6.7950000000000008 62.064122213697367 558518.00169160403 7595245.8606462674 0.62048368229954287 2566742.1208866327 11.910832045814336 7.2976793334115682 4.5176759884281594 12.474316720257237 112.75000000000001 222.04092397882437 0.89444444444444449 6.495000000000001 10.500000000000002 4.8888888888888911
decision_type=2 2 2 2 2 2 2 2 2 2 2 2 2 2 2 2 2 2 2 2 2 2 2 2 2 2 2 2 2 2 2 2 2 2 2 2 2 2 2 2 2 2 2 2 2 2 2 2 2 2 2 2 2 2 2 2 2 2 2 2 2 2
left_child=1 -1 4 7 8 11 -7 9 -3 10 14 -6 -13 -14 15 25 19 18 -18 20 -17 22 -16 -12 -2 30 27 28 -27 -30 31 -4 36 -33 -35 -34 37 38 -32 -39 -40 44 -43 -44 45 48 47 50 49 54 51 -47 53 -50 -38 58 59 -58 -56 60 -57 -62
right_child=24 2 3 -5 5 6 -8 -9 -10 -11 23 12 13 -15 21 16 17 -19 -20 -21 -22 -23 -24 -25 -26 26 -28 -29 29 -31 32 33 35 34 -36 -37 41 39 40 -41 -42 42 43 -45 -46 46 -48 -49 52 -51 -52 -53 -54 -55 55 56 57 -59 -60 -61 61 -63
leaf_value=0.013914186067590515 -0.006697310567936314 -0.0033312704247839644 0.0012094601974531457 0.051130434251526816 0.039040587213229797 0.019357476753130161 -0.056355735937168389 -0.040920410516532335 -0.016461141581259987 0.034070602209640276 0.015430115114888046 0.020370278887237071 0.016643596613020256 -0.074468562257069063 -0.004024288044105504 -0.010564553987275072 0.096325211121744136 -0.033552208536043716 0.021307147739438884 -0.068768901595424828 0.0092581510480962189 0.02394543609349415 0.023572250571286785 -0.015975541687414808 0.046750421631971469 -0.015031578333851684 0.018839450011200957 -0.008376264486537421 0.0027599596602269788 0.021252353212938613 0.038379746454762845 -0.031123237130896372 0.02037167322899355 0.012115032365262665 -0.060545354941002508 -0.069583550770517547 -0.0066152498350003398 -0.0058242059174604018 -0.022800775070875377 0.062109687022426821 0.028181115673267029 -0.015548134119452106 0.046271798349838883 -0.035290957460882406 0.060046377869468093 -0.053866046089154199 -0.052721197751996608 -0.064469724820590157 -0.021432278332742485 -0.066006565407973797 0.034596297934378954 -0.0057696972379396921 0.00076490757612405048 0.013085532115643778 -0.019203454969764212 -0.0018828803422041526 0.0083561013876775215 -0.022188034663789595 -0.085896694582885513 0.011626257102798793 -0.021663878812895148 -0.13143831150927723
leaf_weight=289.760741638951 22.05418045911938 3141.0642519686371 23137.37996041216 33.348299920558929 97.220822534523904 20.301987513899803 26.649391915649176 36.871708124876022 364.00196701847017 48.223854893352836 362.81772411148995 80.739910941570997 10.335858758538963 14.21198186278343 4121.3572763544507 1023.0610608607531 11.64617198705673 30.124192759394646 76.232733815908432 14.438111130148171 162.52023724466562 70.202296726405621 66.929221883416176 55.343456767499447 66.009259300772101 169.7327174320817 420.18227686407045 539.2803353369236 4575.9783615767956 263.09491102024913 117.24573054909706 117.64730665460229 179.67762906430289 74.50968911498785 11.618333328515289 6.5751380026340476 2051.805819446221 254.82228926476091 40.19351976364851 11.901095371693371 38.634707033634186 426.81605297327042 31.056864649057388 12.337182182818649 13.131404526531695 24.956369891762733 49.773013520985842 25.470037270337343 51.855223717167974 21.928252909332514 42.17876098304987 380.41917793918401 1418.0350435376167 738.80656519904733 58.599862945266068 6329.8102821521461 1066.2900328235701 84.281144203618169 17.107194682583213 265.42392756510526 104.32532295770943 11.546839375048874
leaf_count=5753 696 28333 112852 256 481 94 142 301 5780 2080 1679 403 53 70 21819 7580 57 156 463 75 773 344 632 261 8220 950 3982 2381 20499 1377 577 686 3950 403 75 33 8778 1177 207 64 199 1909 165 61 59 114 293 115 318 102 182 1744 6450 3896 386 27549 5054 358 88 2403 800 94
internal_value=8.62481e-05 3.1307e-05 -4.45188e-05 0.000216009 -0.00346529 0.0138102 -0.023617 0.000181544 -0.00469481 0.00021233 0.000179129 0.0224876 0.00720287 -0.0361058 8.39858e-05 0.000391485 -0.00649538 0.0147063 0.0312489 -0.00858023 -0.00784724 -0.00312947 -0.00358329 0.0112736 0.0333652 0.000601678 0.00319496 0.00201013 0.0031284 0.00376537 0.000185799 0.00105057 -0.00126895 -0.0169908 0.00231343 0.0171961 -0.00152019 0.00848584 0.0238287 -0.00279302 0.00218609 -0.00187032 -0.011983 0.023083 -0.00149754 -0.00156096 -0.0121388 -0.00786856 -0.00110841 -0.00231598 -0.00464743 -0.00873068 0.004365 0.0108217 -0.00217617 -0.00102867 -0.000708523 0.0061187 -0.0342738 -0.001879 -0.00243513 -0.0326031
internal_weight=53429.9 53341.8 53052.1 49297.5 3754.53 249.46 46.9514 49264.2 3505.07 49227.3 49179.1 202.509 105.288 24.5478 48760.9 44502.5 1318.02 118.003 87.8789 1200.02 1185.58 4258.49 4188.29 418.161 88.0634 43184.4 5968.27 5548.09 5008.81 4839.07 37216.2 23341.2 13875 203.775 86.128 186.253 13688.8 462.797 196.074 266.723 78.8282 13226 470.21 43.394 12755.7 12742.6 522.797 473.024 12219.8 10011.1 447.554 405.376 2208.7 790.662 9989.19 7937.38 7861.68 1150.57 75.7071 6711.11 6445.68 115.872
internal_count=296831 287915 282162 246806 35356 1243 236 246550 34113 246249 244169 1007 526 123 242229 219434 9104 676 520 8428 8353 22795 22451 1940 8916 210330 29189 25207 22826 21876 181141 114016 67125 1164 478 3983 63142 2224 983 1241 406 60918 2135 226 58783 58724 2448 2155 56276 45612 2040 1858 10664 4214 45510 36732 36258 5412 474 30846 28443 894
is_linear=0
shrinkage=0.05


Tree=103
num_leaves=63
num_cat=0
split_feature=10 45 49 8 1 69 28 23 64 66 28 20 26 68 28 20 66 47 3 7 63 67 40 1 7 1 3 46 26 27 37 68 55 56 66 32 15 62 10 66 49 49 49 69 34 40 45 38 40 69 69 47 47 16 55 54 51 45 40 34 46 16
split_gain=37.3068 28.5523 19.804 18.3963 19.9768 26.3801 20.7128 20.2543 19.014 30.6449 39.014 22.6785 20.5324 22.2917 23.9795 18.8885 18.3181 31.6237 22.2767 22.0532 17.5065 17.4096 17.3332 17.1787 17.7761 27.4866 17.0787 16.2028 22.3462 19.3533 19.2061 15.5674 23.8467 15.4443 15.4066 15.2003 16.8891 15.1146 15.3004 15.311 23.2568 16.8546 29.8136 18.264 18.6106 18.1079 17.4591 16.3657 22.3754 17.4778 15.6203 15.9865 15.4322 14.9973 14.8626 15.0419 14.8282 17.2555 14.8101 14.7573 14.5934 19.1067
threshold=22.500000000000004 0.6681453567742347 2.6525167386475758e+21 0.57500000000000007 5.0050000000000008 0.52281185432277033 356614286372.11792 4.499890109890111 1.0000000180025095e-35 0.14780378300014815 66484327755.426994 43.500000000000007 40.934848484848494 9.7462758986796185 103561835295.2126 7.5000000000000009 0.23343647497176648 16.457007857888332 107.25000000000001 0.85500000000000009 216.8610349357036 0.98321746822993605 13.500000000000002 7.5950000000000006 24.950000000000003 5.7350000000000012 121.55000000000001 10.004687500000001 6.0013333333333341 5.9453637494758009 20.075176216901077 64.304567539336105 123345.3879928575 785.50000000000011 0.77714596145697101 6.6950000000000012 1.0022180351613532 -0.59441508880082183 15.500000000000002 0.53727914962411616 3.4246259468111443e+17 2.245323959565793e+18 7.3568073164943923e+18 4.6325676483035041 0.41457809879442481 19.500000000000004 1.0000100942965064 1663855669.7600229 32.500000000000007 29.309287172338255 14.916049513330515 9.8287143078839296 6.5729211218154111 10.36410984848485 5043390.3278354695 2.4127471216847334 0.42427491528427175 1.4161776583801673 7.5000000000000009 0.19443796555451706 29.612761627906984 15.904166666666667
decision_type=2 2 2 2 2 2 2 2 2 2 2 2 2 2 2 2 2 2 2 2 2 2 2 2 2 2 2 2 2 2 2 2 2 2 2 2 2 2 2 2 2 2 2 2 2 2 2 2 2 2 2 2 2 2 2 2 2 2 2 2 2 2
left_child=2 -2 3 4 5 7 8 34 11 35 16 33 13 -12 -15 23 17 19 -19 -11 27 -8 -9 24 26 -26 -6 28 -3 -29 -31 -20 -33 56 -1 36 -10 53 39 40 -39 43 45 44 52 -43 47 -47 49 -49 51 -44 -42 -18 55 -45 57 -7 -46 -52 61 -41
right_child=1 20 -4 -5 15 6 21 22 9 10 12 -13 -14 14 -16 -17 37 18 31 -21 -22 -23 -24 -25 25 -27 -28 29 -30 30 -32 32 -34 -35 -36 -37 -38 38 -40 60 41 42 50 54 58 46 -48 48 -50 -51 59 -53 -54 -55 -56 -57 -58 -59 -60 -61 -62 -63
leaf_value=0.044766605090754204 0.050585315108412736 0.03166496243749941 0.032323159034278182 -0.01587655567051096 0.0016758353606711055 -0.085079208476014079 0.048713876889648025 -0.016090715992676256 -0.010463518123810198 0.033935950941541455 0.00077833027841419712 0.025186819090429437 0.021901714097706575 -0.10267092511066103 -0.033321321936172064 0.013237803286596919 0.025305422574235778 0.03451547623213265 0.00039353617205276168 -0.010753998559675368 -0.091905946185326937 -0.093069211038039931 -0.095469147326609993 0.02680479788043931 0.0060944898379475445 -0.015655119848356665 0.023594738005892384 0.04557451999709701 -0.04932388096306161 -0.039239673569985728 0.052797477763232931 0.0082707272400045356 0.04422364931310091 0.046306660244625569 -0.029734515649447527 0.014549724281404454 -0.066511199260539833 -0.0092947086934701256 0.032304578266248045 0.0040372413350035826 0.032869945673628477 -0.0028448531027907855 0.0036170612449680632 0.0017931133937375964 0.012345659517045388 -0.022458778504785986 -0.0020282626247126864 -0.065430822942829203 -0.093988375974440444 0.0089764623812989604 -0.042979570467689271 -0.029539204008070738 -0.055740997840936592 0.0027072690351642461 0.043239722581716586 -0.042574504612645614 0.00031726769015600243 0.0023523156236791125 0.074352425830543509 0.022694604287297804 -0.00010543231855108906 -0.010094451662964698
leaf_weight=23.748037457466125 61.67461991449818 14.55863558501005 47.366505273617804 182.32576566003263 10150.6952256402 10.996488764882089 31.261141925584525 317.41349892877042 1046.4645132999867 30.375255990773439 18.374898500740528 91.961545309517533 13.085332280956207 22.069042645394802 28.643146032001823 355.81313830241561 80.486449398100376 96.449906244874001 281.3648760151118 302.7115710042417 4.2099318727850905 2.3262250660918644 7.029549539089202 66.824384462088346 242.18258681613952 362.98991212248802 89.655567289330065 45.071728568058461 20.524328855797648 17.16375504387543 8.4632554962299746 174.23138584196568 62.725324869155884 18.240753868594766 9.8043244052678329 60.670382855460048 13.615885056555269 1590.0610067509115 32.444221042096615 333.16874348279089 10.282320633530619 106.72285267710686 130.65804573893547 797.63500876538455 15.927184566855429 70.902160778641701 44.30229514092207 16.885821238160137 24.896941486746073 14.817680798470972 9.2676717191934568 50.370071351528168 9.4103314653038961 836.10744908079505 21.092957839369774 19.572090476751328 26756.780969414394 11.592359051108359 24.355649292469025 111.04473871923983 7093.9535195194185 847.93091138824821
leaf_count=187 6981 231 2449 1091 50660 51 1810 5995 5964 355 262 2480 143 134 337 4526 386 398 1231 2050 30 56 34 310 1688 2699 483 2428 143 476 252 703 240 85 108 515 69 9803 390 1856 67 459 686 3225 73 300 179 76 184 65 38 247 59 4317 80 79 134719 51 94 643 35880 5221
internal_value=8.22467e-05 0.0233536 7.18556e-06 -2.16006e-05 3.295e-05 -0.000471547 -0.000354589 -0.013986 -0.000386483 -0.00184974 -0.00118173 0.000399473 -0.0355275 -0.0464048 -0.063501 0.00190102 -0.000968572 0.00572887 0.0124513 -0.00667858 0.00808427 0.0388941 -0.0178106 0.00153137 0.00137565 -0.00695119 0.00186774 0.0120637 -0.0157153 0.0258486 -0.00884464 0.00834557 0.0177879 0.00031441 0.0229967 -0.00979038 -0.0111834 -0.00148501 -0.00198269 -0.00208076 -0.00509756 -0.000582626 -0.00722786 0.00370711 0.0303619 -0.0190204 -0.0290684 -0.0384639 -0.0585131 -0.0306541 0.00367193 -0.00560849 -0.00947368 0.00469162 0.00180011 0.00073051 0.000283082 -0.0402103 0.0498359 0.0176357 -0.000962199 -0.00610813
internal_weight=53393.8 171.666 53222.1 53174.7 52992.4 41724.2 41366.2 357.995 41332.6 14443.1 13322.3 26889.6 82.1724 69.0871 50.7122 11268.2 13240.2 947.858 614.771 333.087 109.992 33.5874 324.443 10912.3 10845.5 605.172 10240.4 105.782 35.083 70.6987 25.627 518.322 236.957 26797.6 33.5524 1120.75 1060.08 12292.3 11375.7 11343.3 3068.2 1478.14 579.868 898.276 59.9755 278.528 171.805 127.503 56.6004 31.7035 301.341 181.028 19.6927 916.594 838.3 817.207 26779.4 22.5888 40.2828 120.312 8275.05 1181.1
internal_count=296831 10541 286290 283841 282750 222384 216060 6324 214194 76808 70260 137386 876 733 471 60366 69384 4977 2572 2405 3560 1866 6029 55840 55530 4387 51143 3530 374 3156 728 2174 943 134906 295 6548 6033 64407 59704 59314 16357 6554 2877 3677 293 1263 804 625 325 141 1614 933 126 4703 3384 3304 134821 102 167 681 42957 7077
is_linear=0
shrinkage=0.05


Tree=104
num_leaves=63
num_cat=0
split_feature=10 49 23 59 61 40 43 69 57 58 36 49 32 35 52 43 24 70 28 69 68 69 32 32 0 28 44 36 38 63 40 35 59 28 43 32 37 60 61 47 70 40 25 49 40 30 61 44 32 32 7 42 59 69 69 49 59 44 34 43 58 34
split_gain=34.8498 27.2489 18.9731 19.5899 27.573 18.6654 26.0878 19.9601 25.9414 33.1067 20.4277 31.3589 19.5446 30.2465 21.6013 18.4719 18.2026 18.0222 24.55 17.9569 16.8782 16.8393 33.4377 24.3706 20.2073 20.1904 19.6909 18.9031 39.0538 24.3626 21.9623 24.0136 28.3808 28.9868 24.6516 19.9079 21.9493 22.8748 21.1411 18.7085 20.6865 19.4291 20.1714 21.2602 18.5342 22.1348 24.9113 18.2949 18.1032 18.0383 17.5175 16.9318 23.7954 37.9981 25.3356 20.672 18.6195 16.8465 17.5926 19.4756 27.038 26.1553
threshold=22.500000000000004 6.2349243979636761e+19 4.7250468164794022 273.80206532576489 11.713264006922726 179.50000000000003 4.6735347788750543 17.91653493813946 1.0218693691841232 7065372.3619509852 33.620273972602746 3.7089979670222832e+19 5.495000000000001 0.91684390624019885 6059708.2360309279 4.6333603457590504 0.27932900199947858 59.362609500338102 720152963.76643431 0.050008090413482302 1.5488808615635459 27.909060640760753 7.2950000000000008 7.1750000000000007 60.050000000000004 6698806900.5935421 0.58220040438387854 293.53333333333336 629310439.96096146 97.38779615232572 27.500000000000004 0.45626268526800767 135.21545015949479 720152963.76643431 5.0769672855879762 4.5700000000000012 29.499774702762011 4.0601503738792477 0.083193864469785703 29.668047302589681 11.440383617312543 46.500000000000007 0.95001917916336398 4.1873636410197189e+19 90.500000000000014 19.500000000000004 0.033813002504229757 0.35653816864669691 6.7950000000000008 5.8950000000000005 6.1200000000000001 5.3950000000000005 913.99236238627816 0.58645851484902056 0.18639379154116154 2.8505807344636854e+17 116.04544532156042 0.59299456488229174 0.16665364532466728 4.6573922282938698 679226.29794259218 0.31592573472498947
decision_type=2 2 2 2 2 2 2 2 2 2 2 2 2 2 2 2 2 2 2 2 2 2 2 2 2 2 2 2 2 2 2 2 2 2 2 2 2 2 2 2 2 2 2 2 2 2 2 2 2 2 2 2 2 2 2 2 2 2 2 2 2 2
left_child=5 2 3 4 -2 19 7 8 12 15 -9 -12 -7 -14 16 -10 -15 -6 -19 -1 -21 27 23 25 -25 39 -26 29 -29 -22 31 32 -31 -34 51 -32 38 -38 -37 40 44 -42 -43 49 45 -23 -47 -30 57 -44 -36 52 53 54 -33 -55 -53 58 -41 -60 -61 -62
right_child=1 -3 -4 -5 17 6 -8 10 9 -11 11 -13 13 14 -16 -17 -18 18 -20 20 21 22 -24 24 26 -27 -28 28 47 30 35 34 33 -35 50 36 37 -39 -40 48 41 42 43 -45 -46 46 -48 -49 -50 -51 -52 56 -54 55 -56 -57 -58 -59 59 60 61 -63
leaf_value=-0.034788169342605618 0.035392437222000972 0.049930772185707087 0.049298930372611412 0.052236973021005287 -0.058121808230637166 0.042930190719060263 0.032227666071454296 0.039946017283892667 0.026436887002397044 -0.063729642214913632 -0.09826425558773548 0.026954851816036952 0.03655247070104737 -0.0061137378439812262 0.043618341015599187 -0.068562314026090726 -0.091084494206219599 -0.066945326039131156 0.044985489835041498 0.005408094964025654 -0.0010969268238447999 -0.0018481098978355088 0.037804943942727848 0.0043564463927049726 -0.024081849530905919 0.02342378656876587 -0.12141838926918716 -0.0035911752868568085 -0.080502380334869214 -0.00086685059858948729 -0.021396350190374887 -0.032744016714809109 -0.014018153347211286 -0.13791270399161165 0.012488758694579591 0.0061108048623033564 0.0043895940503667968 -0.046075147827657904 0.025516743616157779 0.0097955415418458022 -0.099741070000523305 0.03864236823681625 -0.055167800944189806 -0.10576191036252457 0.034054838820389913 0.026036547727463652 -0.046263879920814287 -0.025042582306110308 0.030935131622084971 0.028510961872569098 -0.0028651570803715984 0.0034421264685109334 -0.033206230071914332 0.0013719437949100001 0.065640907037006577 0.015167427622195841 -0.0041143476892210812 -0.01162327298125246 3.905554602214026e-05 0.00849586081868434 0.02793991643305474 -0.02951228936614364
leaf_weight=37.212906597182155 20.580421087797731 59.819970114156604 21.862542675342411 13.519583826884626 29.867400888353586 29.678991034626961 106.37341007217765 53.533483087085187 24.525632749777291 36.333699031267315 7.7443117499351528 14.108837525360284 23.181630072183907 10.321212116628887 6.5144873964600256 6.4660184467211357 16.188792783766985 7.8963328972458866 12.905056859832255 1382.7417275798507 31411.095974680502 1370.7755575366318 64.18527127802372 15.192842029966412 10.665498342365028 106.13675470231101 10.13146911934018 1168.4863491430879 17.038221590220928 25.018169752322137 52.424292713403702 7.9322510398924342 8.6221240386366862 10.434288887307046 733.24977106787264 258.76745324209332 390.68692945316434 23.824834575876594 306.67278783861548 794.61333212256432 9.2423383519053441 11.03070879075676 13.781327098608019 8.8710377663373929 34.080764606595039 15.203294616192577 55.065272828564048 116.85548539832234 55.962782178074121 12.090297661721705 248.80427162908018 1120.8765391353518 46.192034715786576 3745.9801677428186 37.376988591626287 292.77268903702497 2989.392949892208 208.11502324044704 4085.3481145575643 1432.4397515021265 25.471209324896336 89.131629776209593
leaf_count=1436 479 7814 1196 216 305 236 3157 1843 218 313 47 174 480 57 123 75 81 59 472 7441 170960 5996 1253 195 65 1348 53 5318 79 199 214 135 38 106 3443 1344 1914 172 2379 3492 52 137 57 69 209 82 325 526 362 67 1169 5262 722 17565 314 1145 16211 1115 17491 8341 137 548
internal_value=7.8339e-05 0.0229211 0.00776867 -0.00294231 -0.0134126 6.86226e-06 0.0117725 0.002254 -0.00810979 -0.0313474 0.0233166 -0.0174203 0.0101062 -0.00722612 -0.0379566 0.0066165 -0.0580026 -0.033236 0.00249588 -6.76955e-05 -4.32355e-05 -0.000189771 0.00185398 0.00157807 -0.039478 0.00175551 -0.0715004 -0.000590208 -0.00652207 -0.000404988 0.00170536 0.000934694 -0.035884 -0.0818563 0.00111065 0.00862293 0.0102289 0.00148904 0.0166358 0.00147577 -0.00351197 -0.0336156 -0.0202638 -0.0389664 -0.00238924 -0.00325114 -0.030621 -0.0320999 0.00261639 -0.0160631 0.00859883 0.000218256 0.0024792 0.00288282 0.0484167 0.00237199 -0.00205369 0.00237754 0.0028309 0.00184834 0.00662619 -0.0167432
internal_weight=53361.4 166.451 106.631 84.7688 71.2492 53195 334.971 228.597 153.21 67.3254 75.3866 21.8531 85.8851 56.2061 33.0245 30.9917 26.51 50.6688 20.8014 52860 52822.8 51440 8427.53 8363.35 35.9898 8327.36 20.797 43012.5 1302.38 41710.1 10299 9266.65 44.0746 19.0564 9222.58 1032.38 979.952 414.512 565.44 8221.22 1530.14 55.0157 45.7734 34.7427 1475.12 1441.04 70.2686 133.894 6691.08 25.8716 982.054 8240.52 4130.25 4084.06 45.3092 4038.75 4110.27 6635.12 6427 5632.39 1547.04 114.603
internal_count=296831 10541 2727 1531 1315 286290 6804 3647 1583 606 2064 221 977 741 261 293 138 836 531 279486 278050 270609 41394 40141 313 39828 118 229215 5923 223292 52332 46309 343 144 45966 6023 5809 2086 3723 38480 6994 382 330 193 6612 6403 407 605 31486 124 4612 41354 19881 19159 449 18710 21473 31124 30009 26517 9026 685
is_linear=0
shrinkage=0.05


Tree=105
num_leaves=63
num_cat=0
split_feature=22 27 2 42 23 9 44 18 47 47 27 61 1 44 0 61 69 3 29 3 54 1 14 43 43 30 60 34 40 1 59 61 35 30 38 35 56 52 69 58 15 69 32 48 25 69 3 69 27 69 3 59 62 40 32 44 0 67 50 47 52 22
split_gain=33.0308 24.1206 23.6217 20.1449 17.9581 17.7462 27.0698 20.838 24.4247 32.0621 27.2041 25.4613 19.1528 24.5841 29.0472 19.0932 19.0589 17.6827 17.4399 17.1393 27.5524 23.237 22.1851 19.569 22.6074 27.3451 25.7784 21.359 17.5226 16.2163 15.738 16.0847 15.712 15.608 30.607 16.7204 19.5934 27.2065 23.6917 18.1629 15.9624 16.2926 18.438 18.4254 21.2453 21.5961 15.4167 15.2204 16.7022 15.1266 15.7677 18.7271 15.1194 15.0202 20.6621 17.4029 17.9214 16.2265 19.2181 18.8691 18.0705 15.8252
threshold=7.5950000000000006 2.7941709680888911 1.0000000180025095e-35 8.1250000000000018 6.3008333333333342 8150.0000000000009 0.82800832358843324 2849608823.3497171 104.3601157822835 18.308139881416476 13.65025640544002 12.805302269023047 6.9450000000000012 0.14142135623730967 65.450000000000017 1.4190977352952634 0.10456237086455401 249.85000000000002 14123186727462540 117.75000000000001 1.5634601348517061 4.285000000000001 0.46861441356076022 6.0519047619047628 4.9142857142857164 13.500000000000002 12.857142843897176 0.37102175656119768 3.5000000000000004 4.9050000000000011 2764.1534509597445 12.60995974241902 0.87566990438559611 72.500000000000014 1076632684.1200874 0.77552586054152239 210.50000000000003 1209728.0443487314 4.9053390505588617 7996895.2558702296 0.57905930920433624 25.899644644146278 7.2950000000000008 9988806828.719862 0.60856551604277287 31.636936471583983 107.95000000000002 22.717311617833762 14.700000000000005 40.574746085484556 74.050000000000011 693.66653281436766 1.2260600071864889 59.500000000000007 5.7550000000000008 0.51462998389974424 33.750000000000007 -0.56638466991089631 23.500000000000004 144.3994227787777 700749.5000134263 4.0950000000000006
decision_type=2 2 2 2 2 2 2 2 2 2 2 2 2 2 2 2 2 2 2 2 2 2 2 2 2 2 2 2 2 2 2 2 2 2 2 2 2 2 2 2 2 2 2 2 2 2 2 2 2 2 2 2 2 2 2 2 2 2 2 2 2 2
left_child=3 2 -2 5 -3 7 12 33 9 10 -9 -10 16 14 -14 -11 -7 19 -19 21 29 -18 23 24 26 28 27 46 -26 -21 31 -4 -28 35 -35 36 37 40 -39 -40 -1 42 -42 44 45 -43 52 48 -24 50 51 -29 -23 54 57 -56 -57 59 60 61 -59 -37
right_child=1 4 30 -5 -6 6 -8 8 11 15 -12 -13 13 -15 -16 -17 17 18 -20 20 -22 22 47 -25 25 -27 32 49 -30 -31 -32 -33 -34 34 -36 53 -38 38 39 -41 41 43 -44 -45 -46 -47 -48 -49 -50 -51 -52 -53 -54 -55 55 56 -58 58 -60 -61 -62 -63
leaf_value=0.024735216360892535 -0.21001231032616696 0.046284992591327935 -0.039080236476626687 0.035888562169106804 -0.017136272556168425 -0.025953142017824362 -0.01262285744122483 0.0064171253620625137 -0.084974801436411951 -0.076770341333985775 -0.062087923727952736 0.0077672478240667329 0.01219734096756374 0.040036687731815131 -0.040127512305109622 0.027445758778407492 -0.0032016186457708403 -0.01726582091169751 0.0030097812106821514 0.0025521611277462752 -0.010004408966874427 0.0027347254019744107 -0.0121640869683887 -0.0099317608057083138 -0.0011677159830047296 0.021446284067526158 -0.072089137409278636 0.0026694132972973294 0.0045220429490409383 0.018490774486051884 -0.092081461595891395 0.020197580853445734 -0.0014788226334229437 -0.05085866261760557 0.031114751289149548 0.050781088902863696 0.048900000946860728 0.018100069713703936 -0.074913866340872368 0.0043092697195788003 -0.0079268367637555844 -0.0015267743851592388 -0.063477411711513207 0.039090433386298556 0.0067186914530009134 -0.11850706753355461 -0.00014631071976837706 0.0054887237956037539 -0.044335258152759655 0.012090430779217355 -0.0043634885689670787 0.055779917999308863 0.016832604223305049 -0.010904129439840194 0.017186773510572361 0.0070376905227306765 -0.024148551315416239 0.0026220677947604719 -0.0390601160052109 0.036487852153857733 0.019263481165926272 -0.0072044621165165109
leaf_weight=46.114472928456962 1.2977284430526186 85.922634685412049 13.869032302405683 39.076999031938612 12.828159198164938 72.296945810317993 444.27938249148428 514.34424572158605 13.584340982139112 4.469399143010377 14.912174312863497 16.257498946040869 186.93712488561869 63.929292203858495 30.9087541885674 263.68320784764364 6902.76783871511 296.04233734495938 165.25989069277421 6301.5239336742088 437.8593384870328 3082.4431667290628 252.41104687470943 475.22212701663375 2139.7826471515 195.40072137489915 20.140306345187128 592.86384552717209 3680.9163777679205 163.73093858081847 3.978171005845069 65.441754477098584 12.940163469873367 13.049262842163442 89.400297269225121 11.952275831252335 16.478670552372932 13.472591970115898 33.695797731168568 9.2127554062753898 606.26538724824786 8.6623083353042585 15.314799781888722 37.481569563038647 118.9190971814096 7.2454525604844084 16494.121142247226 96.833998308051378 48.019260021857917 161.56238323077559 4953.1579321841709 17.075776780024171 202.68604097794741 200.4377125557512 425.19100519642234 287.4964692145586 54.856541428714991 1803.6957999058068 26.098702147603035 26.655030712485313 179.34851126745343 757.15990800224245
leaf_count=356 51 7011 276 1927 224 2599 2064 5398 84 73 146 220 808 335 166 3628 37183 2032 825 30995 2229 16324 1529 2178 10451 2049 125 2873 16938 842 17 2986 67 125 3182 70 80 67 206 52 3655 64 163 451 678 53 88927 879 289 1209 22999 81 935 1137 1986 1226 248 8351 126 108 810 3665
internal_value=7.50386e-05 0.0212614 0.00166581 1.9517e-06 0.0380463 -2.44545e-05 -0.000338748 0.00263359 0.00996138 0.0116234 0.00448695 -0.03445 -0.000222745 0.0127739 0.0047733 0.0257088 -0.000301054 -0.000261335 -0.0100022 -0.00016414 0.00213375 -0.000567477 -6.72021e-06 0.000138936 0.000290611 0.00304803 -0.00035899 -0.000301777 0.0024304 0.0029558 0.00496397 0.0098317 -0.0444683 0.00136758 0.0206736 0.000945473 -0.00512661 -0.00611981 -0.0397425 -0.0579041 -0.00386305 -0.00552423 -0.00929552 0.00808021 -0.00054056 -0.0548074 0.000476666 -0.0117499 -0.0173062 -0.00299138 -0.00342938 0.00415629 0.00360454 0.00241463 0.0031619 0.010431 0.0020406 0.00117276 0.00356613 -0.00487001 0.00412713 -0.00630335
internal_weight=53329 183.337 84.5867 53145.6 98.7508 53106.6 47491.1 5615.46 827.251 797.409 529.256 29.8418 47046.8 281.775 217.846 268.153 46765.1 46692.8 461.302 46231.5 6903.11 39328.3 32425.6 32028.3 31553.1 6016.1 25537 25503.9 5820.7 6465.25 83.289 79.3108 33.0805 4788.2 102.45 4685.75 912.863 896.384 56.3811 42.9086 840.003 793.889 621.58 172.308 134.827 15.9078 19779.3 397.264 300.43 5724.66 5563.1 609.94 3285.13 3772.89 3572.45 767.544 342.353 2804.91 2009.14 795.767 1983.04 769.112
internal_count=296831 10565 3330 286266 7235 284339 247931 36408 9549 9245 5544 304 245867 1309 974 3701 244558 241959 2857 239102 34066 205036 167853 165156 162978 29438 133540 133348 27389 31837 3279 3262 192 26859 3307 23552 5825 5745 325 258 5420 5064 3818 1246 795 117 106186 2697 1818 27162 25953 2954 17259 17727 16590 3460 1474 13130 9287 3843 9161 3735
is_linear=0
shrinkage=0.05


Tree=106
num_leaves=63
num_cat=0
split_feature=20 29 15 69 54 69 27 63 0 53 9 42 16 59 0 68 1 63 12 56 61 46 70 11 56 42 44 43 27 47 69 69 67 69 26 30 60 61 16 29 38 55 56 69 34 22 56 67 48 59 7 46 16 43 45 53 63 46 53 45 36 26
split_gain=31.5197 22.4066 20.0088 17.7972 22.0924 17.2541 32.3497 31.4251 26.8679 26.4455 23.0979 21.913 21.3237 19.5778 19.143 17.8856 17.5991 17.0922 17.0858 16.8082 22.6983 20.5115 18.4555 17.988 16.7895 16.4241 17.3238 24.5198 25.2482 23.98 30.459 29.2825 28.0884 23.7817 22.8813 22.443 22.2274 22.0367 23.1734 25.9234 25.7823 30.0106 22.9711 22.6947 21.8544 21.3755 24.2805 21.0545 24.7664 20.9672 20.7334 25.8343 20.4867 24.3718 19.4268 25.8741 19.1125 19.6075 18.9769 25.1837 18.9185 18.9963
threshold=98.500000000000014 2.2877379429107382e+18 0.70155262461294543 21.580764108436437 0.58357095760436362 1.6957288840208113 1.1472315808458509 720.0510843326382 20.750000000000004 1.0000000180025095e-35 1011552483.0999991 7.6050000000000013 23.581944444444449 486.54259682889079 16.117500000000003 12.369161775601139 7.5050000000000008 11.105124075544902 5.285000000000001 3.5000000000000004 1.3777411888256903 34.733598937583011 48.056661163319596 21.500000000000004 9.5000000000000018 7.870000000000001 0.3807886552931955 4.9250850340136072 6.007794617690112 1.5000964125358642 6.205549401309403 5.6145446964227927 -0.31729257441605191 1.8139298249981335 32.240312500000009 63.500000000000007 12.857142843897176 12.856590046223458 26.401923076923083 2.3255098181953143e+20 4991429223.2918406 487646.25844053214 22.500000000000004 43.193351547135997 0.40585985539619751 6.705000000000001 29.500000000000004 0.80382625221112025 33261411691.198246 592.41317732307311 10.615000000000002 127.04097222222224 10.039077412513256 4.5428832832309514 0.97494679610934232 1.5000000000000002 36.583480669313339 82.357189542483681 5.5000000000000009 0.67556919407172522 9.9985714285714291 15.505263157894738
decision_type=2 2 2 2 2 2 2 2 2 2 2 2 2 2 2 2 2 2 2 2 2 2 2 2 2 2 2 2 2 2 2 2 2 2 2 2 2 2 2 2 2 2 2 2 2 2 2 2 2 2 2 2 2 2 2 2 2 2 2 2 2 2
left_child=2 -2 3 19 -5 6 8 10 24 12 16 -10 15 -14 -15 -8 25 -11 -6 20 21 -1 -21 -22 -4 26 36 29 -29 30 32 33 -28 44 35 -35 49 38 39 40 41 47 43 50 -31 -42 60 48 -33 -7 51 56 53 -43 55 -34 -40 -58 59 -46 -47 -62
right_child=1 -3 5 4 18 7 9 -9 11 17 -12 -13 13 14 -16 -17 -18 -19 -20 22 23 -23 -24 -25 -26 -27 27 28 -30 31 -32 37 54 34 -36 -37 -38 -39 42 -41 45 52 -44 -45 58 46 -48 -49 -50 -51 -52 -53 -54 -55 -56 -57 57 -59 -60 -61 61 -63
leaf_value=-0.14924001067705941 -0.06900229326694382 0.047641481176587501 -0.0014985140652987261 -0.079903126987948173 -0.12127001709961385 0.0011611012353671814 0.012247614812325168 0.049384046650878269 -0.011320929072641314 0.0098293086902972969 -0.04000293208043159 -0.12245649288378156 0.017621178340169918 0.023007773735460254 -0.068232828406240717 0.055681793374682154 0.027219112144212323 -0.057323280640871027 0.031426516465242353 -0.027087552276053424 0.0078533841347850544 0.015170222680003257 0.033363417749720202 0.05129306879536695 -0.04097462416522632 0.015469991014663923 0.028711493146512196 0.00069448677510631574 0.011367560673941454 -0.037149371206594478 -0.0043436778758316674 0.0019289200963068431 -0.023436838700521045 -0.02406986726058722 -0.0059699277021126769 0.037768768119153563 -0.043281063168517799 -0.042365823559018106 0.0013220760790693857 -0.063046502501863708 0.025535739295203499 -0.021740257550020528 -0.011894286887215045 0.013524624410488899 0.062052177996914329 -0.052840773798661637 -0.067600770431104726 -0.026000895798276941 -0.05288328571694563 -0.0072703621958768259 0.0018202227078614479 -0.0088829279857947068 0.025132959993474559 0.020848992940886952 0.018619499510825796 0.041450678328775969 -0.0051473443543591001 0.0021189012304253965 0.083997456407256754 -0.040953737416586616 0.041747394575706295 -0.015151465772821915
leaf_weight=4.2503138137981287 4.4858862613327792 50.083084142301232 2508.2658515572548 4.8109241947531691 1.85876413155347 27490.582798270043 39.710133299231529 32.429519005119801 926.91330999135971 18.788456432521343 35.793175172060728 4.4567610248923293 81.273809880018234 9.2873967066407221 15.087940253317354 58.794412994757295 60.094304410740733 19.117277804762125 127.03676053788513 67.547272854018956 322.85804600734264 3.426352933049202 15.528381409589199 25.730706167407334 27.226836250163615 174.19199144653976 211.42332447227091 2914.5158606432378 684.18026619311422 11.661118052899836 334.446967353113 393.55520068109035 87.810143544338644 369.6676818295382 594.74096384737641 15.278808868024496 28.451588897034526 33.197481603361666 2919.4567699716426 13.755808043759314 240.43884388078004 68.681345924735069 580.01311590056866 239.46326788049191 12.409227587282659 10.981985737569628 12.645207870751618 105.01238442957401 21.747404664754868 757.67321097105742 2778.3628057204187 1601.3394577018917 172.29792820848525 65.747952739708126 99.851256100460887 18.621174469590187 4519.2547263214365 1168.4549886640161 15.430871315300463 11.371366672217844 35.865884284023196 24.820665783248842
leaf_count=59 154 6806 23080 24 13 133262 187 256 10506 91 301 22 394 47 78 285 282 105 3785 588 3518 56 470 2068 372 4161 1091 14123 5000 66 1558 1753 451 1931 3456 250 236 294 13749 206 2270 295 2594 1855 59 98 69 475 117 6028 12356 6841 767 349 563 94 21021 5044 69 52 470 211
internal_value=7.17494e-05 0.0380527 3.2826e-05 0.00932539 0.025298 -6.82678e-05 -0.00335631 0.000180786 -0.00459019 0.0143158 0.000148177 -0.0118527 0.0214371 0.00583374 -0.0334687 0.0381722 0.000177568 -0.0240383 0.0292245 0.00446438 0.00918696 -0.0758582 -0.0157881 0.0110598 -0.00192242 0.000144294 8.94345e-05 -0.00102162 0.00272364 -0.00182446 0.00690099 -0.00223373 0.0159043 -0.0103867 -0.0121175 -0.0216154 0.000890463 -0.00167378 -0.00158356 0.00518663 0.00600153 0.00131388 -0.0021551 -0.00172801 0.022945 0.0179395 -0.00372282 -0.00599897 -0.000941332 0.000934953 -0.00200925 -0.00305149 0.013719 -0.000910304 0.00277798 -0.0120841 -0.00196657 -0.0036546 0.0408165 0.012797 0.00754782 0.0184759
internal_weight=53302.3 54.569 53247.7 573.048 133.706 52674.6 3708.92 48965.7 3466.86 242.059 48933.3 931.37 204.154 105.649 24.3753 98.5045 48897.5 37.9057 128.896 439.341 356.265 7.67667 83.0757 348.589 2535.49 48837.4 48663.2 20386.5 3598.7 16787.8 752.153 16035.7 417.706 1030.56 979.687 384.946 28276.7 15005.1 14971.9 1165.55 1151.79 827.042 13806.3 13226.3 50.8726 324.753 84.3137 520.315 415.303 28248.3 12986.9 10208.5 306.727 134.429 206.283 106.431 8607.17 5687.71 39.2115 23.7806 71.6685 60.6866
internal_count=296831 6960 289871 10581 3822 279290 35167 244123 33980 1187 243867 10528 991 519 125 472 243566 196 3798 6759 5701 115 1058 5586 23452 243284 239123 99597 19123 80474 3757 76717 2199 5883 5637 2181 139526 70834 70540 7080 6874 3756 63460 60866 246 3118 848 2345 1870 139290 59011 46655 1411 644 1108 545 39814 26065 180 111 779 681
is_linear=0
shrinkage=0.05


Tree=107
num_leaves=63
num_cat=0
split_feature=20 49 33 55 64 49 28 56 35 47 10 49 24 37 10 51 66 66 61 65 65 55 57 30 10 63 27 70 56 37 43 56 56 50 69 57 55 27 69 43 30 65 27 69 0 68 60 65 18 57 42 49 34 37 40 43 40 5 35 18 60 47
split_gain=30.3007 28.9859 21.8054 16.5841 18.8529 24.8792 28.0271 22.883 30.3871 21.6082 21.705 24.4908 21.5132 19.6056 19.26 16.429 16.1809 27.5431 23.1763 23.4003 17.6319 16.1945 19.7969 17.1778 19.0479 17.3694 18.1224 16.1613 15.5744 20.8053 21.5518 23.2409 19.7368 36.6734 15.5359 21.8571 20.5652 19.4654 30.5297 19.0119 18.8682 18.6423 16.7846 31.8846 18.9916 16.0319 15.4927 31.7447 35.5338 32.0534 32.13 22.0049 23.2545 19.5478 18.0905 37.138 21.2201 18.6704 17.6231 21.7591 21.1608 16.5179
threshold=39.500000000000007 4.4673269474346762e+20 4.8200574712643691 11742351.845412029 1.5000000000000002 6.4859966390911037e+18 1213247792.1617887 12.500000000000002 0.7951870795411663 3.2000000000000011 18.500000000000004 2.8642256196265021e+19 0.23980699783758652 13.827894906306378 12.500000000000002 5.6598755256124589 0.85260769842926931 0.99535829673000953 4.5666164022068338 1.0000000180025095e-35 3.5000000000000004 31268852.601546738 0.37383954225588245 52.500000000000007 4.5000000000000009 57.488920418684629 46.107105640406395 66.511479477106789 273.50000000000006 10.390473828930871 4.6750494071146269 467.50000000000006 32.500000000000007 9.5000000000000018 3.0868630355231388 2.7143405118953257 8326571.8737218203 7.5023544156883792 1.8139298249981335 5.0273205741626814 154.50000000000003 3.5000000000000004 3.0000000000000009 2.0412393268775983 31.107000000000003 9.6172176742100728 1.5428571422620407 1.0000000180025095e-35 3985798.167736372 1.7898680669615661 6.5950000000000006 3.6928225303769216e+18 0.32953565816160169 13.62171932038766 54.500000000000007 4.4889649923896515 17.500000000000004 0.90500000000000014 0.81323457241725683 125896694.5204816 5.8441558421635191 79.8275234188648
decision_type=2 2 2 2 2 2 2 2 2 2 2 2 2 2 2 2 2 2 2 2 2 2 2 2 2 2 2 2 2 2 2 2 2 2 2 2 2 2 2 2 2 2 2 2 2 2 2 2 2 2 2 2 2 2 2 2 2 2 2 2 2 2
left_child=15 2 3 4 5 6 12 -7 -9 -6 11 -11 -2 14 -8 16 28 18 19 27 -20 22 -21 24 -24 -26 -27 -18 32 -30 -31 -32 33 34 35 37 40 41 45 -40 46 42 -1 -44 -45 -39 -36 48 -48 -49 51 52 -51 54 56 -56 57 -50 -59 60 -60 -55
right_child=1 -3 -4 -5 9 7 13 8 -10 10 -12 -13 -14 -15 -16 -17 17 -19 20 21 -22 -23 23 -25 25 26 -28 -29 29 30 31 -33 -34 -35 36 -37 -38 38 39 -41 -42 -43 43 44 -46 -47 47 49 53 50 -52 -53 -54 61 55 -57 -58 58 59 -61 -62 -63
leaf_value=-0.0027983714038737166 -0.055720819062827609 0.050374221283213651 0.047816137748921378 0.049608071194125677 0.035691630322407776 0.035007780784977259 -0.084210081027716585 -0.077319764504827693 0.054210548574182532 0.021112694171323717 0.029673038995747015 -0.062190499852187477 0.043354402843799981 -0.14398651987189071 0.041056249298430998 0.044392597775913423 -0.0049422744881938195 -0.0027039151777879713 0.0069684230616740908 0.056255322554849302 -0.021570219416569697 -0.052082631118068816 0.0019348283451484404 0.021921541703664019 -0.049365129087335279 0.022163466809435997 -0.05865878048936022 0.022861178372247985 -0.0046319173416343997 0.048318224264422338 0.028258184845220399 -0.086207027615025356 -0.0078981776835047555 0.043657974730609755 0.0006278195343371758 -0.060115180078114318 -0.0479317302601499 0.069140085676757598 -0.027053634272046014 0.04267512985541444 0.04160448250966739 -0.029538952764259607 -0.003319478094297237 -0.023209400235292554 -0.089938111947359164 0.020511515355069537 -0.0022954057503811291 -0.0027597889031200744 0.026295423423770416 -0.0054502074779656587 -0.070415727802452088 0.025162571227614568 -0.037300903885872809 -0.0041869962411747843 -0.086299539672843401 0.034434480371542585 0.040866519126740657 -0.030497869407900433 0.015591227276649973 0.036235772869568875 -0.034362628261667617 0.018432115384221025
leaf_weight=4088.5778117198497 7.89404418319464 49.710396403446794 31.934734412003309 18.380311646964401 14.630261092446743 85.77819722564891 7.486886156722905 11.32282740622759 7.172895128838717 11.118667171336709 11.881050536409019 42.733912385068834 17.910902459174395 5.7775782356038681 5.1995610669255257 20.809362122789025 1764.0329032596201 3889.8104387344792 2500.75026454404 16.812802016735077 55.319020609837025 13.838643778115509 11624.721412087791 106.80613113148138 34.67462183535099 25.824201133102179 9.4825020730495435 53.861856608651578 68.029233866371214 58.578087948262691 12.431242777965965 6.8936285972595206 950.78644096245989 46.764904219657183 18252.414753078017 16.920218572020531 22.552812435198575 24.41457911580801 45.90663306042552 12.420417415909467 27.008454028051347 69.076527763158083 83.216328643262386 21.381641368381679 21.270418280735612 55.427182219922543 1056.5365412272513 6747.8091924032196 173.40564124379307 129.38936453312635 28.198811349924654 31.204105041921139 102.86790656298399 256.61345944274217 12.088095836341383 13.463576741050927 99.969943189062178 31.888307926245034 52.781220674514771 52.278437731787562 35.430928282439709 117.74911244958639
leaf_count=36246 93 7670 1965 700 253 2937 63 166 200 169 631 406 202 31 172 101 10071 20063 14991 68 318 68 56643 1596 224 185 47 426 378 281 99 41 5214 295 85366 99 143 98 232 63 876 1261 432 128 110 261 4711 34082 819 568 175 153 435 1405 53 191 821 180 221 228 166 541
internal_value=6.84575e-05 0.015197 0.00893437 0.00391316 0.000244041 0.0107985 -0.0206067 0.0241314 -0.0263105 -0.0192645 -0.0314961 -0.0449913 0.0130461 -0.0676391 -0.0328695 -2.55365e-05 -4.30022e-05 0.0010744 0.00198127 0.00116305 0.00635078 0.0019745 0.0020378 0.00196056 0.00177826 -0.0242293 0.000456622 -0.00411849 -0.000727074 0.0155709 0.033213 -0.0125742 -0.000799852 -0.000587145 -0.000652454 -0.00339553 -0.000205543 -0.00317849 0.0152931 -0.0122053 -0.000166002 -0.0037743 -0.00335201 -0.0213359 -0.0564868 0.0353815 -0.000207487 -0.00191258 0.00381852 -0.00346124 -0.0196898 -0.0142605 -0.019557 0.011457 0.018232 -0.0226829 0.0205774 0.0147115 0.00305866 0.0106753 -0.00447303 0.00292744
internal_weight=53271.4 328.932 279.222 247.287 228.907 148.543 44.269 104.274 18.4957 80.3639 65.7336 53.8526 25.8049 18.464 12.6864 52942.5 52921.7 20095.9 16206.1 13650.1 2556.07 11832.2 11818.3 11801.5 11694.7 69.9813 35.3067 1817.89 32825.7 145.932 77.903 19.3249 32679.8 31729 31682.3 4438.61 27243.7 4421.69 138.169 58.3271 27221.1 4283.52 4214.45 125.868 42.6521 79.8418 27194.1 8941.67 1902.21 7039.47 291.66 263.461 232.257 845.669 471.306 25.5517 445.754 345.785 172.379 140.491 88.2121 374.363
internal_count=296831 15658 7988 6023 5323 3864 561 3303 366 1459 1206 575 295 266 235 281173 281072 104700 84637 69328 15309 58831 58763 58695 57099 456 232 10497 176372 799 421 140 175573 170359 170064 38930 131134 38831 654 295 130991 38177 36916 670 238 359 130115 44749 9336 35413 1331 1156 1003 4625 2679 244 2435 1614 795 615 387 1946
is_linear=0
shrinkage=0.05


Tree=108
num_leaves=63
num_cat=0
split_feature=22 27 37 42 43 44 18 46 64 47 17 43 51 43 30 62 35 20 27 46 60 22 58 28 46 48 26 16 67 70 32 44 35 30 47 38 26 22 46 47 70 26 69 66 46 16 58 9 28 45 54 32 58 20 53 47 45 37 17 17 9 30
split_gain=28.6566 21.9909 27.5041 17.8665 16.995 16.553 21.9729 26.746 17.5067 18.1896 26.9977 17.0828 15.8617 15.9696 47.2732 27.4694 23.1874 22.8286 24.502 31.7718 24.9226 20.105 47.7078 36.4922 30.0024 26.6208 23.6739 21.8154 20.9474 35.0594 17.9158 23.2669 39.7718 18.504 23.1456 36.021 22.0577 17.3902 16.7759 16.4453 28.8952 33.8799 23.6409 21.8475 20.3401 16.3977 18.8952 18.2608 27.5499 21.9121 22.1248 44.8226 21.8494 19.4697 20.3027 27.3585 19.6515 19.4853 25.1343 21.4502 25.4201 21.05
threshold=7.5950000000000006 2.7941709680888911 25.150476887027619 8.1250000000000018 6.247280701754387 0.82800832358843324 31787728920.71088 320.25476190476201 2.5000000000000004 7.1051064590318527 4.0002614095090658 4.4665333333333344 5.5062336098448066 4.6143701298701325 142.50000000000003 1.3261744236624622 1.3425965507975126 23.500000000000004 10.700000000000005 18.404761904761909 12.85714285350932 6.7950000000000008 1638360.7254776878 11429809256.922129 10.500476947535775 89902999506.429504 17.303571428571434 -1.0000000180025095e-35 0.93038214053199464 167.19941662671292 7.4050000000000011 0.5370363115698259 0.60882404005128776 38.500000000000007 6.9359842530030855 1494272816.5176182 100.02000000000002 5.4050000000000011 51.326136363636373 52.300071701622549 17.618859416304655 15.505263157894738 8.0876720768713763 0.43049470426488845 366.49719298245623 38.143633276740239 4749456.9662694195 206914.50000000003 132003921.55445339 1.3571702559476664 2.2286560211320734 6.495000000000001 1860540.0900768389 31.500000000000004 75.500000000000014 4.9269341807690479 0.91776325708570405 15.147349801081141 2.5499999999999985 8.2113525652078074 4538.5000000000009 26.500000000000004
decision_type=2 2 2 2 2 2 2 2 2 2 2 2 2 2 2 2 2 2 2 2 2 2 2 2 2 2 2 2 2 2 2 2 2 2 2 2 2 2 2 2 2 2 2 2 2 2 2 2 2 2 2 2 2 2 2 2 2 2 2 2 2 2
left_child=3 2 -2 5 -3 6 12 8 11 10 -10 -8 13 21 15 16 17 30 -19 -20 -21 23 24 27 25 -23 -24 -1 45 37 33 32 -32 39 35 -35 -36 -30 -28 44 42 -42 -41 -43 -15 47 -47 49 -49 50 52 -52 -29 54 57 -56 -57 61 -59 60 -60 -54
right_child=1 4 -4 -5 -6 -7 7 -9 9 -11 -12 -13 -14 14 -16 -17 -18 18 19 20 -22 22 26 -25 -26 -27 38 28 29 -31 31 -33 -34 34 36 -37 -38 -39 -40 40 41 43 -44 -45 -46 46 -48 48 -50 -51 51 -53 53 -55 55 56 -58 58 59 -61 -62 -63
leaf_value=0.061908203448438996 0.0050639725485479292 0.045260800645767402 -0.23310788858097986 0.034705411202844018 -0.019008928472573648 -0.0078029349880798854 -0.1027304509760187 -0.065855137318366064 0.010623867677988763 0.055427829411612999 -0.093175529245916378 0.035051342107535674 0.041199385956542191 -0.00090191116040910953 0.050517609279933019 0.016278508688427413 0.0078907405318863477 0.030975614811066476 -0.10935215003207698 0.013670965345010805 -0.14588095196242015 -0.085025171769769606 0.0083909272487604838 0.048212420569650499 0.017878459876485543 0.046868933714641341 -0.07232812724327406 0.0022882500170033249 -0.0028658575400518356 -0.050090168459016253 0.046230223993548002 -0.0069307593144868167 -0.094785359450443349 -0.072706543200272172 0.027241843673677775 0.01534782884697509 -0.079601290397333421 -0.017031059692464979 -0.0024366522126910012 -0.0091555609962490452 -0.12666457242080309 -0.071565330470004948 0.00374435400454547 0.0012979451061066764 0.012352638826578321 -0.0061953446605579228 0.0056344027759144023 -0.00051761757838885921 -0.018189462067044099 -0.003381226153880599 -0.0021618165788989193 -0.0807127738399777 0.011854963450210842 0.044713709623508888 -0.069350007604740457 0.027900751713232724 -0.021868602472966337 0.0081527688844113943 -0.10484491123233278 -0.0007293495883223661 -0.002700697297356803 0.035755409467073507
leaf_weight=13.879150675609706 81.13584425393492 80.489494632463902 1.2305348245427001 37.05569211486727 11.793120048008857 675.40219734515995 2.2937842793762675 8.9121916517615301 16.861652776598934 8.6533351135440153 9.9673906462267023 116.91112558636814 23.371432667132467 16023.441018830985 48.011145797092468 285.15781582333148 1060.4507048986852 120.0478383381851 6.9352114875800899 45.606618985999376 2.5863310396671286 14.630749724805357 15.440687917172907 38.08775561535731 83.842755327001214 5.1802534833550444 51.945443781092763 3818.6971667199396 3574.6932475510985 41.21241379249841 6.6258390443399575 85.272392458282411 20.378774335607886 17.49153027497232 159.68421836011112 34.566036619246006 4.9813597016036502 230.64984904695302 10.285811058245597 381.39316707104445 8.1081664562225324 13.766882237046955 5164.5359035376459 40.709761513397098 294.76759644970298 1983.308979102876 406.78602710738778 14971.232342848554 223.84206323698163 1331.326885458082 88.65881164977327 22.839114287868142 328.937459487468 38.313569749239832 17.807593323290348 34.238406106829643 47.144319411367178 762.72129974514246 14.16991311684251 36.546014599502087 10.683289431035517 127.96446543745697
leaf_count=230 3237 7031 93 1927 204 3349 17 46 193 276 66 2742 333 77013 2809 1469 4759 3202 80 1141 28 74 184 376 597 117 291 17606 19926 330 148 779 179 100 1831 358 50 1058 65 1887 46 76 24082 262 1490 8521 1802 89258 956 6011 536 113 1449 1022 87 152 226 3326 66 204 51 894
internal_value=6.54363e-05 0.0202856 0.00150574 -1.10796e-06 0.0370475 -2.53589e-05 7.49722e-05 0.0183704 0.023223 -0.00760787 -0.0279392 0.0324001 1.76249e-05 -8.24079e-07 0.000953367 0.000853283 0.000666039 0.000324482 0.0183037 -0.0092909 0.00510843 -0.000802838 -0.0173987 -0.00069599 0.00480243 -0.050537 -0.0470262 -0.000762221 -0.000793163 -0.00422121 0.000182966 -0.0197396 -0.0601858 0.000283982 0.0148223 -0.0142388 0.0240097 -0.00372444 -0.0607762 0.000140286 0.00247598 -0.0313081 0.00285723 -0.0171155 -0.000662485 -0.000249744 -0.00418196 0.000179893 -0.000777945 0.00235868 0.00378738 -0.0182521 0.00425659 0.0095554 0.00857943 -0.0132136 -0.000930211 0.0102669 0.00567531 -0.0251005 -0.0609376 0.0185488
internal_weight=53243.7 174.649 82.3664 53069 92.2826 53032 52356.6 163.599 154.687 35.4824 26.829 119.205 52193 52169.6 23824.5 23776.5 23491.3 22430.9 175.176 55.1282 48.193 28345.1 181.326 28163.7 103.654 19.811 77.6719 28125.7 28111.8 3846.56 22255.7 112.277 27.0046 22143.4 216.723 52.0576 164.666 3805.34 62.2313 21926.7 5608.51 62.5848 5545.93 54.4766 16318.2 24265.2 2390.1 21875.1 15195.1 6680.05 5348.72 111.498 5237.22 1418.53 1380.21 99.1903 81.3827 1281.02 824.121 61.3992 24.8532 456.902
internal_count=296831 10565 3330 286266 7235 284339 280990 3340 3294 535 259 2759 277650 277317 121789 118980 117511 112752 4451 1249 1169 155528 1328 154200 788 191 540 153824 153594 21314 108301 1106 327 107195 2339 458 1881 20984 356 104856 26353 384 25969 338 78503 132280 10323 121957 90214 31743 25732 649 25083 7477 6455 465 378 5990 3647 321 117 2343
is_linear=0
shrinkage=0.05


Tree=109
num_leaves=63
num_cat=0
split_feature=10 48 15 38 45 69 40 53 70 40 6 33 68 62 0 26 31 34 63 33 6 33 22 24 3 15 52 14 17 69 55 27 34 70 34 63 9 0 59 61 62 43 28 61 7 69 63 68 40 44 46 46 48 42 58 53 28 34 62 43 54 17
split_gain=27.6488 23.8688 27.1307 36.5317 22.6032 15.7152 14.637 22.8808 24.0301 27.3908 17.1363 16.526 14.4957 17.175 17.2579 16.2334 19.4001 23.1529 23.7165 18.2697 18.0711 14.645 13.6776 13.3426 13.1422 12.9165 13.1867 18.1298 13.6094 12.8271 33.0542 26.3087 28.0427 34.1736 33.195 25.8187 22.1493 20.2665 15.4989 32.4108 40.3939 25.7007 24.05 32.1984 20.7118 18.0145 19.4816 15.5307 15.4677 15.4035 26.0833 22.7349 24.6004 41.0183 22.6131 31.3336 27.3545 21.3983 20.5427 19.3453 28.8264 28.3661
threshold=17.500000000000004 119356201642.28355 0.45307175847452302 17253870753.113544 0.6681453567742347 0.050008090413482302 300.50000000000006 86.500000000000014 48.056661163319596 793.50000000000011 8.2250000000000032 4.783362779740874 2.6822706168558326 1.3261744236624622 -1.0000000180025095e-35 8.7575000000000021 2.5166666666666671 0.18856180831641287 6.0826560209548717 4.5100119331742254 7.6300000000000008 4.3752049180327885 6.205000000000001 1.0000000180025095e-35 120.05000000000001 0.57905930920433624 1253585.7590579332 0.88597346391569543 5.6614109682212623 1.9685002862761696 3154175.3362211157 1.2106313607869836 0.30912061651652362 59.362609500338102 0.58160675499121928 720.0510843326382 1011552483.0999991 24.008500000000002 169.68417681478135 12.840490878191931 0.57606000718648975 4.9824135839902981 111539867.90955482 12.023621934975054 8.8500000000000032 1.6320822234945609 1147.8267575509678 97.905286355187144 55.500000000000007 0.3807886552931955 10.500476947535775 12.955825791855206 33261411691.198246 6.8850000000000007 3248503.6563450946 14.500000000000002 4032529212.2290168 0.68816918490420964 1.976478067387158 4.5285920726672186 1.5105895022721811 1.2099793384901669
decision_type=2 2 2 2 2 2 2 2 2 2 2 2 2 2 2 2 2 2 2 2 2 2 2 2 2 2 2 2 2 2 2 2 2 2 2 2 2 2 2 2 2 2 2 2 2 2 2 2 2 2 2 2 2 2 2 2 2 2 2 2 2 2
left_child=5 2 3 -2 -4 -1 12 8 9 11 -10 -8 13 14 -7 16 17 18 23 -19 22 -16 -17 -14 -23 26 -22 28 -28 30 31 37 33 -33 -34 36 49 38 42 40 41 -40 44 -44 48 46 47 -41 -27 -31 -51 52 53 54 56 -56 -52 -54 59 -53 -61 -62
right_child=1 -3 4 -5 -6 6 7 -9 10 -11 -12 -13 15 -15 21 20 -18 19 -20 -21 25 24 -24 -25 -26 29 27 -29 -30 35 -32 32 34 -35 -36 -37 -38 -39 39 45 -42 -43 43 -45 -46 -47 -48 -49 -50 50 51 58 57 -55 55 -57 -58 -59 -60 60 61 -63
leaf_value=-0.033529771565985071 -0.31508189248184076 0.048978005189530126 0.045708547635922657 0.031778367050594142 0.0027950862375511433 0.055388619224332275 0.016842374492952707 -0.050826511551294556 -0.069439311867028369 -0.11067177154002256 0.046023920372525305 -0.094518630057714229 0.023230829273862885 0.020741563188253972 -0.0062459417565269232 -0.012451031579200257 0.046720791539680777 -0.032799265249239568 -0.0067645767354783176 -0.0086563263722978252 0.01675073489546771 0.0023163298527846348 -0.075058990102602446 0.093851382306728404 0.013233376469428459 -0.00046636870449038166 -0.043788173868047085 -0.10083972598967023 0.043645674097366763 0.0008794854264222011 0.054719727737792961 0.0044274978700604237 -0.025063640616386159 0.077670391597584029 0.017620906069751321 0.046242531025439966 -0.042311649454165157 -0.010248127032962913 -0.017159055151266974 0.045329814903472293 0.022733100763099444 0.01821090660718477 -0.046610562214548443 -0.0083084411361249218 -0.022828784271912289 -0.023320228235774263 -0.039908237674109795 -0.019451105612204731 0.075341674357483845 0.012934275958253883 -0.043982231220103467 -0.004263737365104059 -0.050214845089937489 0.053920073214427648 0.061306031087754988 -0.03992244985133634 0.014251768168065374 0.038294539771701157 0.030395357601026591 -7.7040201152810169e-05 -0.010299068782421043 -0.065122981183679166
leaf_weight=34.951188086532056 1.4956705532968038 47.014497216790915 38.610854783095419 1.5414327052421866 149.47523008473217 15.364369381219147 45.550867686979473 11.691333140246568 3.3664729148149481 5.3265988524071863 70.689796183723956 3.5944019965827456 30.626749575138092 136.00418024603277 428.56974438205361 183.54698729328811 14.961080752313135 133.13664197921753 107.87969538010657 190.45307944621891 186.22830376308411 2015.7902598520741 9.1587956175208074 8.5570355951786023 319.34920996520668 1499.0006203763187 8.540412861388182 5.6737128058448425 9.2939035524614138 26239.386072971858 24.728978741914034 32.027482844889164 69.842340990900993 31.677346933633089 130.94450170639902 30.293782707303762 30.810441482812166 1047.1196233788505 268.1622493378818 98.592619968578219 127.45010942220688 63.52540384978056 69.917612336575985 254.93082950636744 107.64390181191266 15.77401435561478 8.3705155346542579 10.210135377943514 6.759093075990676 330.18833819078282 74.095183085650206 3888.4210991659202 65.037097402382642 24.346109040081501 18.836902454495434 12.865520100109277 27.706443686038256 7.6298530222848049 51.801337328739464 14196.795911198482 92.651189831085503 31.654876929707825
leaf_count=1436 40 7456 2832 96 2385 215 689 86 17 48 2459 52 228 661 2141 1802 193 714 736 967 2808 11032 47 55 1739 13663 62 58 96 126436 130 180 336 142 661 242 260 11311 3929 581 1258 380 337 1259 1205 103 59 79 27 1759 368 16761 514 142 80 84 148 63 293 71930 669 292
internal_value=6.28751e-05 0.0170617 0.00921064 -0.139039 0.0116045 -1.35504e-05 8.58023e-06 0.0161416 0.0222333 -0.00297506 0.0407752 0.00869762 -3.427e-05 0.00339285 0.00254383 -0.000234568 -0.00933169 -0.0111135 0.00533657 -0.0185896 -0.000145126 0.00225005 -0.0154266 0.0386531 0.00380932 -8.52707e-05 0.0122964 -0.0229907 0.00177577 -0.00013828 -0.00290211 -0.003273 0.0119439 0.0408477 0.00277338 9.8561e-05 6.75606e-05 -0.00439803 -0.0019771 0.00510309 -0.00119184 -0.0103849 -0.00413992 -0.0165523 -0.00164077 0.0268428 0.0335958 0.0392507 -0.00012608 9.65371e-05 -0.000994954 -0.00124367 -0.0168478 -0.0057654 -0.0166498 0.0202254 -0.0281332 -0.0409216 -0.0010467 -0.00113614 -0.000286948 -0.0242601
internal_weight=53205.6 238.138 191.123 3.0371 188.086 52967.5 52932.6 140.219 128.528 54.4719 74.0563 49.1453 52792.3 2915.08 2779.07 49877.3 485.614 470.653 147.063 323.59 49391.6 2763.71 192.706 39.1838 2335.14 49198.9 209.736 23.508 17.8343 48989.2 3866.68 3841.95 264.492 63.7048 200.787 45122.5 45092.2 3577.46 2530.34 592.085 459.138 331.688 1938.25 324.848 1613.4 132.947 117.173 108.803 1505.76 45061.4 18822 18491.8 230.517 157.85 133.504 31.7024 101.802 72.667 18261.3 18209.5 14321.1 124.306
internal_count=296831 12809 5353 136 5217 284022 282586 3351 3265 789 2476 741 279235 15788 15127 263447 2893 2700 1019 1681 260554 14912 1849 283 12771 258705 3024 216 158 255681 35640 35510 1319 322 997 220041 219799 34191 22880 6389 5567 4309 16491 1596 14895 822 719 660 13690 219539 93103 91344 1399 822 680 164 516 577 89945 89652 72891 961
is_linear=0
shrinkage=0.05


Tree=110
num_leaves=63
num_cat=0
split_feature=21 28 19 9 69 44 15 48 0 68 43 30 26 35 62 1 0 2 44 30 37 5 21 38 28 0 60 59 1 0 28 9 40 55 58 66 1 7 56 58 40 3 66 61 58 70 66 37 58 16 68 43 27 69 53 43 60 3 24 45 60 61
split_gain=26.0915 19.8175 16.8415 19.284 14.6524 14.6186 18.6696 15.7288 14.7933 14.6484 13.9606 35.5037 22.5818 18.1109 20.0337 23.5906 23.0224 18.1412 16.8678 22.6865 28.0329 22.6788 20.122 19.1526 16.779 18.8381 22.91 16.1957 31.8123 29.6725 23.0723 18.5407 17.8555 21.8359 35.0145 18.5607 17.7928 19.1106 15.592 22.3985 23.1463 15.4414 15.2207 16.9187 27.5707 17.6396 15.4352 15.2048 15.1596 15.0253 15.0013 14.3501 19.3979 15.588 14.3355 21.6322 17.8267 15.6899 31.8142 23.0385 20.2168 24.4094
threshold=14.071428571428573 1817214841.7040446 2.2404068342863944e+20 4148.5000000000009 0.050008090413482302 0.82800832358843324 0.57905930920433624 1448954142357.0898 34.850000000000001 1.5488808615635459 4.7333839918946321 40.500000000000007 100.02000000000002 1.08573620475813 0.29999999999999943 5.7250000000000005 88.050000000000011 9.5000000000000018 0.53977590228849437 77.500000000000014 11.50084921265257 0.87500000000000011 0.5 32356183980.192245 11429809256.922129 82.250000000000014 4.2857142846301031 462.29718982610228 5.5850000000000009 33.050000000000004 548935473.70398152 127206812.00000001 54.500000000000007 1803598.9086502157 10108445.161979947 0.50751903745502713 7.0950000000000006 6.5500000000000007 306.50000000000006 2980259.2224003649 73.500000000000014 329.95000000000005 0.95878322595067733 12.848450000608484 480855.39427130384 39.559289847204603 0.55191596924288722 118.29501183256822 2523193.2918242761 135.25000000000003 22.016913030310445 5.0273205741626814 5.0213260444028744 36.128572228722227 117.50000000000001 4.4789736842105272 12.857142850105371 108.15000000000002 0.31386327477037784 0.76496038612949258 6.4285713975765315 12.857142857142833
decision_type=2 2 2 2 2 2 2 2 2 2 2 2 2 2 2 2 2 2 2 2 2 2 2 2 2 2 2 2 2 2 2 2 2 2 2 2 2 2 2 2 2 2 2 2 2 2 2 2 2 2 2 2 2 2 2 2 2 2 2 2 2 2
left_child=2 -2 4 -4 -1 6 -6 9 -7 -8 18 13 -13 14 15 17 -16 24 27 21 22 -20 -21 38 25 51 49 31 30 -30 32 36 33 -29 -35 -34 41 -38 39 48 50 54 43 -25 45 -45 -47 -26 -23 -27 -41 -12 -53 -54 56 -56 57 58 60 -59 -11 -62
right_child=1 -3 3 -5 5 8 7 -9 -10 10 11 12 -14 -15 16 -17 -18 -19 19 20 -22 23 -24 42 47 26 -28 28 29 -31 -32 -33 35 34 -36 -37 37 -39 -40 40 -42 -43 -44 44 -46 46 -48 -49 -50 -51 -52 52 53 -55 55 -57 -58 59 -60 -61 61 -63
leaf_value=-0.032871252782209669 -0.061570556711236013 0.047206919272051139 0.040617729032127792 -0.011654858670134195 0.014866808622857539 -0.0028267333234353442 0.0051158675232115779 0.031789203442185422 -0.019387845592206868 -0.00019864369478571665 -0.0026907731625755338 0.025651017647399795 -0.10484940001724102 0.0073328230227959496 0.007290394831928353 -0.010068400706869382 -0.0049709831119923694 -0.014504884032191794 -0.011651138990649762 -0.13351736251048549 -0.087701290346012803 -0.0018333629170841264 0.028786673878021064 0.016361669635917963 0.014463960018696126 0.0036881034296034655 -0.016102819349479703 -0.008545768326193531 0.032777064999273846 -0.02040329427571835 0.030873192339817675 -0.013462179096482875 -0.0098971764843697775 0.039054463813250513 -0.049492635102611954 -0.075380468123781269 0.036133477686957696 -0.0089910278488886785 0.030740552296358817 -0.032071318497791018 0.038315467886712501 -0.028662164879123569 0.043036517852050545 -0.13291964346251681 0.04830043627879077 -0.069823138191542761 0.034659634177970709 -0.0689556640321312 0.032261256789345348 0.021683849811482702 -0.005943926792736939 0.00038682310770162638 0.017449497867762936 -0.037547727944098754 -0.031934160945956615 0.023254181149775115 -0.05236416324562352 0.0095665699478493637 -0.0059363739208781654 0.0010470232319350335 0.014186261566703641 -0.0079787822639222471
leaf_weight=33.895845021121204 4.6308372048661104 43.693447234109044 52.57649166486226 26.555104940664023 213.42344590835273 511.46094521507621 1375.4503449313343 39.000699365977198 183.12119283154607 19771.617082459386 5328.5027485787868 176.65762565657496 3.378321945667266 1013.1292165443301 1812.430888463743 598.60157486610115 485.35560906305909 208.49693628400564 704.50680734124035 2.2430043555796138 18.025634048506618 1456.0193772558123 12.849175599869339 104.06232089595869 262.86426537670195 2724.0048939995468 142.309654712677 1393.3861535545439 96.70845359377563 35.991268388926983 38.874015683308244 257.09795203711838 23.813368491828442 53.452697345986962 14.112019121646879 19.834024794399738 68.405456593260169 35.712881326675415 34.143753934651613 136.83943262696266 17.353327613323927 47.078941963613033 37.33559909183532 5.6995001896284583 8.6403676401823741 9.1612683013081533 5.7554912525229147 5.5783198289573184 33.349660811945796 121.14971646666527 91.790637478232384 2535.0890459120274 250.65521685406566 13.582068182528017 75.780228444840759 23.189643789082766 16.208898595999926 907.00431481702253 2453.2229971764609 6342.3766545560211 498.9881538907066 165.37746786698699
leaf_count=1436 154 6806 4272 682 3364 2639 7552 1985 869 101407 26052 4719 37 4947 8755 2698 2320 1109 3494 15 187 6803 274 813 2685 12677 702 13068 735 267 215 2879 108 296 84 100 296 147 165 660 103 366 267 47 138 79 70 34 148 629 394 12227 1392 112 399 149 162 4836 12209 30733 2857 1007
internal_value=5.98783e-05 0.036783 2.6479e-05 0.023076 -7.89998e-06 1.31096e-05 0.000108764 4.83233e-05 -0.00719294 2.45507e-05 -0.000113579 0.00112625 0.0232022 0.000869866 0.000417938 -0.000389251 0.00470046 0.000110562 -0.000668833 -0.00448245 -0.0456089 -0.00396745 0.004665 -0.00117735 0.000378249 7.99338e-05 0.00347513 -0.000353045 -0.00513883 0.0183533 -0.00715857 -9.14255e-05 -0.00814119 -0.00719971 0.0205599 -0.0396538 2.16348e-05 0.0206556 -0.00272011 -0.00337846 -0.0173561 -4.92668e-05 0.0148194 0.00691729 -0.0266752 -0.0580979 -0.0295094 0.0127305 -0.00106992 0.00445438 -0.0215817 -0.001168 0.00173058 0.0146226 -4.74129e-06 -0.019003 5.76121e-05 8.58051e-05 -0.000556222 0.00211294 8.9634e-05 0.00866882
internal_weight=53181.6 48.3243 53133.3 79.1316 53054.1 53020.3 52325.7 52112.2 694.582 52073.2 50697.8 15681.8 180.036 15501.8 14488.6 12190.8 2297.79 11592.2 35016 2677.78 33.1178 2644.66 15.0922 1940.15 11383.7 11115.3 2987.46 32338.2 1676.17 132.7 1543.47 30662.1 1504.6 1460.95 67.5647 43.6474 30405 104.118 1769.5 1735.35 245.983 30300.8 170.655 133.319 29.2566 20.6163 14.9168 268.443 1489.37 2845.15 228.63 8127.83 2799.33 264.237 30253.8 98.9699 30154.8 30138.6 22889.2 7249.38 20436 664.366
internal_count=296831 6960 289871 4954 284917 283481 279973 276609 3508 274624 267072 81095 4756 76339 71392 60317 11075 57619 185977 13657 476 13181 289 9687 56510 53791 14008 172320 14873 1002 13871 157447 13656 13448 380 208 154568 443 8273 8108 1157 154125 1414 1147 334 196 149 2719 6951 13306 1054 39783 13731 1504 153759 548 153211 153049 117480 35569 105271 3864
is_linear=0
shrinkage=0.05


Tree=111
num_leaves=63
num_cat=0
split_feature=10 9 19 67 44 69 8 1 7 5 69 3 63 50 69 59 57 33 20 47 44 60 66 5 47 30 7 59 63 7 3 57 70 7 64 59 36 48 57 45 47 47 69 69 70 2 54 69 57 59 38 45 66 47 69 47 43 48 65 59 66 40
split_gain=25.236 16.54 21.7882 20.9168 19.9555 18.2092 15.9601 17.7559 22.7492 25.4698 21.5025 20.4855 17.9651 19.7123 19.8761 19.51 21.3689 18.5902 18.8577 17.891 17.0949 19.6002 22.02 17.7874 18.8041 21.2683 17.0703 16.2752 17.173 16.0129 15.8922 15.6701 15.6405 18.6644 21.5625 25.861 17.8596 19.409 16.1126 15.362 15.3029 15.202 15.1693 15.4455 14.8291 14.7676 14.5899 14.4912 14.2384 14.1833 14.145 19.6723 16.5341 16.4108 14.1148 13.9847 15.7408 13.8432 14.8425 14.5766 16.9025 15.29
threshold=49.500000000000007 8150.0000000000009 3.5874449613878175e+18 0.80382625221112025 0.82800832358843324 30.15487851932987 0.55400000000000016 5.1450000000000005 13.050000000000002 0.85500000000000009 0.18639379154116154 48.550000000000004 10.190793523722878 77.500000000000014 21.999013591894656 913.99236238627816 1.6703633919355843 4.771495535714287 9.5000000000000018 12.865644252351197 0.35832763863858175 7.4808358073659376 0.80382625221112025 0.99500000000000011 69.626560648161544 14.500000000000002 25.850000000000005 33.489441501522386 107.14016870095747 7.8050000000000006 121.55000000000001 0.57490259620649342 27.142567383387831 10.850000000000003 1.5000000000000002 84.836879305338769 158.45833333333334 4239661714.5447698 0.44712423513235833 1.169254374354906 150.46051750694571 37.621924778461882 0.44098043364616263 26.790697891513783 50.573266641702581 20.500000000000004 1.737177927613009 2.6595211719897445 1.0000100942965069 622.81633298656391 165419193.96788993 0.84446149258965575 0.89490028524376763 84.872744195128391 0.85013753702920025 134.6450131923261 4.7706594202898565 3059883085.5140729 1.0000000180025095e-35 109.05589156929649 0.23343647497176648 45.500000000000007
decision_type=2 2 2 2 2 2 2 2 2 2 2 2 2 2 2 2 2 2 2 2 2 2 2 2 2 2 2 2 2 2 2 2 2 2 2 2 2 2 2 2 2 2 2 2 2 2 2 2 2 2 2 2 2 2 2 2 2 2 2 2 2 2
left_child=1 2 -1 5 6 -4 7 10 9 29 -3 -11 13 14 31 20 17 -17 -19 49 27 32 23 -23 25 -25 -16 28 55 -9 42 -12 33 34 35 45 -36 -38 -34 -21 -5 -24 -13 -44 -6 -22 -35 48 -29 -10 51 -40 53 -52 -30 -14 -57 58 59 -49 -61 -62
right_child=-2 4 3 40 44 -7 -8 8 19 11 12 30 15 -15 26 16 -18 18 -20 39 21 22 41 24 -26 -27 -28 47 54 -31 -32 -33 38 46 36 -37 37 -39 50 -41 -42 -43 43 -45 -46 -47 -48 57 -50 -51 52 -53 -54 -55 -56 56 -58 -59 -60 60 61 -63
leaf_value=0.0012840074841829717 0.045425420470334876 -0.024796355270697852 0.012069984415815443 -0.0018765008342120665 -0.013494355887119724 0.045125474551965909 -0.014711535309437643 -0.0086571726204586735 -0.0089889057820722491 0.014481863662544539 -0.031706506299250023 0.023883400549632894 0.0028514167188063728 0.041548928772909305 0.004896075735508789 -0.022269544769078914 0.067859531958318495 0.016383085254929281 -0.063877367114322264 0.018620908903167591 -0.00025562670355801161 -0.029514067260446964 0.0077318734054492135 -0.01640362397279134 -0.07819993191257775 0.021674976761759959 -0.025495998973847491 -0.0046437233085033294 0.077287932563660816 0.028380423063130062 0.041375488700971456 -0.0044286552034176769 -0.071911699260680625 0.0026366388592920986 0.0032786114941949045 -0.0060370656297504622 -0.017784783221374886 0.031984284556438362 -0.0022998692423711327 -0.038267639383951613 -0.089152629942441441 -0.029908919890277143 0.0015837126108033516 0.0083972114208882478 0.016178747180643296 -0.033886526073560283 -0.024704850039828558 -0.0073055122167008631 -0.057191470229019326 0.017162112342586178 0.00097118447648695356 0.057290332834366409 0.017647492438415506 -0.080701671187474747 0.016180815287583236 0.032309662601059823 -0.014087087772767005 0.023066868769201734 0.0014957243157763887 0.013264931198037953 -0.0029440481415010504 0.051937474117691444
leaf_weight=4787.3951593579259 30.634215759346262 91.349491940811276 602.03961790772155 195.59603912872262 422.24366924818605 44.759887458756566 187.95274147577584 582.67523751291446 855.81249599298462 423.78759577008896 53.282454527914524 85.453004961833358 2475.8789243949577 24.52879896434024 876.89521357510239 218.50256706541404 7.99025391973555 63.256754469126463 8.2760543841868621 113.2661223965697 4121.571784705855 173.23738731630147 182.34019297477789 102.54709315299988 8.7175216353498381 57.081892991904169 48.771628715097904 996.02289784513414 10.00634855031967 30.721234459895641 27.039386449381709 4429.9339405933861 6.4752445369958869 3107.4111436121166 2231.5428961142898 4352.4910660455935 178.1520324870944 22.00975263863802 24.54569798707962 13.255719177424906 5.1549094966612747 31.45070641185157 5205.9727767666336 989.92914814967662 46.768109111115336 32.902323648333549 49.570100843906403 1035.9841109309345 13.060251608490942 55.192894626408815 425.75987177342176 31.783787276595831 185.22731986711733 6.2407050412148228 169.95149747096002 79.465388812124729 23.742513537406921 69.988156124949455 11306.233477728441 222.46312189847231 874.75796245038509 12.877822540700434
leaf_count=28984 5105 2910 8192 2167 2121 1342 1139 3033 5518 2066 354 895 14566 142 4147 3143 60 436 46 536 19099 1268 1714 463 73 664 235 11519 85 145 146 28112 37 13915 9658 19133 756 86 110 56 43 243 26271 5320 247 144 213 4839 175 502 3888 157 1806 36 909 339 103 557 51543 992 4255 73
internal_value=5.71621e-05 3.0998e-05 0.00259219 0.00998148 -0.000272938 0.0143575 -0.000170562 -0.000112198 0.00197279 0.00295169 -0.000566849 0.00384041 -0.000509138 -0.00317278 -0.00337559 -6.95e-05 -0.0128044 -0.0150267 0.00709728 -0.00495769 4.68447e-05 -0.00116869 -0.01039 -0.0182665 -0.00669218 -0.00278706 0.00329478 0.00112463 0.00464513 -0.00680219 0.00312553 -0.00475285 -0.000822088 -0.0011794 -0.00215683 -0.00334371 0.00199528 -0.0123122 0.00658418 0.0126607 -0.00411759 0.00219455 0.00296088 0.00267232 -0.0105355 -0.000521974 0.00220733 0.000456206 -0.00532383 -0.00740456 0.0073388 0.0313238 0.00514989 -0.000208666 0.0195786 0.00360314 0.0216363 0.000887533 0.000772141 -0.00303992 0.00094088 -0.00214783
internal_weight=53149.9 53119.3 5634.95 847.55 47484.3 646.8 47015.3 46827.4 8383.11 7345.58 38444.3 6732.18 38352.9 5433.41 5408.88 32919.5 298.026 290.035 71.5328 1037.53 32621.5 15331.1 555.375 341.584 168.347 159.629 925.667 17290.4 2759.04 613.396 6308.39 4483.22 14775.7 14095.7 10938.7 8506.97 2431.7 200.162 680.033 126.522 200.751 213.791 6281.35 6195.9 469.012 4154.47 3156.98 14531.4 1009.08 911.005 673.557 56.3295 617.228 432.001 179.958 2579.09 103.208 13522.3 13452.3 2146.08 1110.1 887.636
internal_count=296831 291726 40728 11744 250998 9534 248630 247491 44488 37876 203003 34698 200093 32990 32848 167103 3685 3625 482 6612 163418 73463 4425 2468 1200 1127 4382 89955 16002 3178 32632 28466 69038 63004 48876 38376 10500 842 6034 592 2210 1957 32486 31591 2368 19243 14128 73953 11694 6020 5997 267 5730 3924 994 15008 442 62259 61702 10159 5320 4328
is_linear=0
shrinkage=0.05


Tree=112
num_leaves=63
num_cat=0
split_feature=20 28 18 9 68 67 59 50 47 44 1 3 20 3 1 46 59 70 0 24 43 24 60 59 0 58 56 56 66 40 67 40 44 37 66 28 45 27 18 40 46 67 0 5 47 37 66 3 10 46 48 45 70 67 35 67 54 46 46 46 59 9
split_gain=23.9172 18.3147 15.0346 18.0866 13.4628 22.846 46.2076 26.2732 24.2279 20.4818 18.9174 19.1786 27.1972 19.4087 21.0672 20.5403 32.7263 31.4255 24.8263 21.6394 20.903 20.3922 19.6834 21.2276 18.2216 17.5643 17.9653 18.6395 17.3885 17.3454 26.1823 20.2732 21.0704 18.2321 21.6801 17.6796 28.5961 26.7099 17.1696 17.091 29.8723 19.9176 19.027 18.9674 21.7807 20.2672 18.0416 24.7493 17.0462 16.5744 20.8986 23.6381 22.2968 19.4259 17.9696 16.5275 18.6351 16.2645 16.0718 20.7765 15.9764 17.6869
threshold=98.500000000000014 1817214841.7040446 177961840574.29214 4148.5000000000009 14.976542208875104 0.86159635224327558 735.44328314882227 7.5000000000000009 11.963142630952953 0.82800832358843324 6.9450000000000012 110.35000000000001 39.500000000000007 107.25000000000001 5.5250000000000012 31.643650793650799 122.28996540871715 181.58075310490156 20.750000000000004 0.29999999999999999 5.0273205741626814 0.20662735436136601 2.1428571424844294 283.30967910500294 -1.0000000180025095e-35 7065372.3619509852 785.50000000000011 488.50000000000006 0.99809679250719918 64.500000000000014 0.62249093318774806 175.50000000000003 0.38729833462074181 15.350527275258942 0.70088257582277247 2793372180.2075877 0.51999426589581821 21.968032048587137 1996966214.8986785 55.500000000000007 23.802083333333339 0.095842103007655763 9.9975000000000005 0.97500000000000009 86.449178493770987 74.950989592249172 0.23343647497176648 107.25000000000001 7.5000000000000009 14.99982142857143 1431714332.4934061 0.60538018689544237 5.8473071261916223 -0.13052122218260628 1.3425965507975126 -0.38266886095259284 0.56677173801414427 9.9983333333333348 10.857389610389612 28.922401433691761 126.37861785162376 21128.500000000004
decision_type=2 2 2 2 2 2 2 2 2 2 2 2 2 2 2 2 2 2 2 2 2 2 2 2 2 2 2 2 2 2 2 2 2 2 2 2 2 2 2 2 2 2 2 2 2 2 2 2 2 2 2 2 2 2 2 2 2 2 2 2 2 2
left_child=2 -2 4 -4 5 10 7 24 57 39 11 12 13 14 -1 16 19 18 22 21 29 -15 23 -18 -7 28 27 49 55 35 31 -31 -33 34 -32 38 37 -37 -17 41 -41 43 -43 44 45 -6 47 -45 -44 -27 53 -52 -53 -51 -54 56 -13 -8 -59 -60 -38 -62
right_child=1 -3 3 -5 9 6 8 -9 -10 -11 -12 25 -14 15 -16 20 17 -19 -20 -21 -22 -23 -24 -25 -26 26 -28 -29 -30 30 33 32 -34 -35 -36 36 60 -39 -40 40 -42 42 48 46 -46 -47 -48 -49 -50 50 51 52 54 -55 -56 -57 -58 58 59 -61 61 -63
leaf_value=0.0030487495603463591 -0.056346144875530038 0.046966410490236588 0.039908211196794038 -0.011029466949032556 -0.003207197748479251 0.044322161002277247 -0.059188123827177523 0.019757653263360403 0.078858407902699018 -0.01209615590362801 0.023836873010403759 0.061928339759316414 0.030454879606497995 -0.0064888868521927323 0.017835560808488429 5.7686065755396573e-06 0.020992272126781075 -0.04334091789737525 -0.0051603589663333366 -0.018255971037120233 0.0064243626249793212 0.015592530291118366 0.026126233994356353 -0.015156433310889658 -0.0045840875582786522 0.020884589516798977 0.055765775872226468 -0.057871829776265142 -0.011132927803134038 -0.01426986082425849 0.036433078626577992 -0.10925359385945224 0.036959386021184516 -0.094339000583123681 -0.090553238409843015 -0.0051604662133678024 0.028882191043227874 -0.11083786822054612 -0.049516111325952093 -0.014655144307210191 0.0083167060340055953 -0.01326804666655643 0.00059045521408826289 0.028769962753965175 -0.010440413834873267 0.011293303389232847 -0.001261436868766909 0.0034034568866065915 0.021390944625042482 0.027625671649842393 0.04119882852949483 -0.087232716858185011 -0.031047271752874507 -0.0092228637912031373 0.040636769859047184 0.010529081394230446 0.0022751922109975312 0.064055257146475392 -0.023476846188251486 0.031269013441569564 0.019692579500580787 -0.036887029051408823
leaf_weight=2264.1529302159324 4.7906849491409949 41.026529419701546 49.96138533600606 26.761397047666833 6974.9852111330256 19.14640592224896 6.4072839878499499 116.86698532896116 19.399910662323236 389.46072346996516 95.311540563590825 13.226740077137945 76.761180511210114 1398.6878924090415 269.55535347480327 8520.7053079036996 81.567268203943968 31.020477689802647 217.20590449310839 375.03461204376072 1431.9141090824269 113.00378457829356 211.93340736813843 80.883853416889906 3622.5903595159762 53.351312281098217 11.664383843541144 17.332261025905609 137.89426405937411 174.69639336597174 8.1918535716831702 2.6544171944260588 34.349002560600638 15.675750456750391 5.6998017458245149 26.87778145680204 153.03472258709371 7.6900052083656183 17.538768906146288 163.40473856008612 1056.6552942607086 246.77746331505477 14134.598755215295 107.16330373473465 1041.5301854535937 249.5954221226275 4684.7519797720015 936.26588426809758 99.187889550812542 50.99219074100256 11.955762754194437 16.067239210009575 81.524427591823041 119.78925201296806 9.7926062047481519 1551.8875319969375 1284.6423950449098 19.183632727712393 26.037052590399981 51.826393405906856 36.334918982349336 22.283378537744284
leaf_count=12484 154 6806 4272 682 38136 255 45 692 91 1907 467 64 2730 7723 1373 41132 421 173 1162 2229 7645 545 1129 576 19309 442 59 92 737 1247 95 20 676 99 35 326 1481 89 99 1200 7993 2007 73143 539 4674 1073 24345 4784 989 211 84 70 742 546 37 8473 7039 138 157 484 278 126
internal_value=5.43309e-05 0.036164 2.31594e-05 0.0221408 -8.85892e-06 0.000904249 -0.00259179 -0.0035781 0.0275832 -0.000704345 0.00161721 0.00150538 0.000766379 0.000619358 0.00462188 -0.000162723 -0.0042252 0.00571477 0.00828704 -0.00750535 0.000812079 -0.00483823 0.0160888 0.00299396 -0.00432696 0.00493138 -0.0053069 -0.00728131 0.00620779 -7.82985e-05 -0.0133043 -0.00714871 0.0264709 -0.0573779 -0.0156699 0.000284957 0.013494 -0.0286696 -9.59564e-05 -0.000554937 0.00524005 -0.000803234 0.000496757 -0.0021484 -0.00368074 -0.00270623 6.28657e-05 0.00600867 0.000735403 -0.00472842 -0.00943847 -0.0254918 -0.0329169 0.00177943 -0.0233601 0.00704687 0.00288312 0.017968 0.0230621 0.0129623 0.0203802 -0.0018158
internal_weight=53121.3 45.8172 53075.4 76.7228 52998.7 22914.3 3881.46 3758.6 122.854 30084.4 19032.9 18937.6 15577.5 15500.7 2533.71 12967 2509.34 622.611 591.59 1886.73 10457.6 1511.69 374.385 162.451 3641.74 3360.12 372.469 360.805 2987.65 9025.73 241.267 211.7 37.0034 29.5674 13.8917 8784.46 246.221 34.5678 8538.24 29694.9 1220.06 28474.9 14480.6 13994.3 8266.11 7224.58 5728.18 1043.43 14233.8 343.473 290.121 119.34 107.384 170.781 91.317 2849.76 1297.87 103.454 97.0471 77.8634 211.653 58.6183
internal_count=296831 6960 289871 4954 284917 124127 21171 20256 915 160790 102956 102489 83893 81163 13857 67306 13958 3461 3288 10497 53348 8268 2126 997 19564 18596 2283 2224 16313 45703 2172 1943 696 229 130 43531 2300 415 41231 158883 9193 149690 76139 73551 43883 39209 29668 5323 74132 2132 1690 933 849 757 779 15576 7103 824 779 641 1885 404
is_linear=0
shrinkage=0.05


Tree=113
num_leaves=63
num_cat=0
split_feature=10 49 8 1 51 36 22 27 65 23 22 69 32 59 32 38 42 22 61 19 45 35 35 45 49 35 63 65 35 43 69 36 33 45 42 33 32 45 42 38 53 45 24 33 66 66 65 16 32 59 52 67 34 65 59 56 62 36 40 32 69 66
split_gain=22.851 14.9809 15.0593 14.6236 14.068 14.91 13.5501 19.1614 16.1033 14.27 12.9931 12.9656 24.7381 18.1821 28.5593 29.8596 21.6357 18.9011 20.531 19.9755 30.5256 18.0538 17.7137 19.9947 19.9123 17.7125 17.42 16.8912 22.6418 21.4533 19.2242 15.8002 24.6951 32.7509 23.0962 16.9598 26.8941 42.4143 23.6062 27.7122 20.9983 17.9172 18.8712 16.1962 15.6962 26.3995 22.0567 31.3687 18.4346 17.4899 19.8506 17.7794 15.7949 26.3565 34.8172 28.1563 24.0523 22.8734 21.819 29.837 26.6249 22.8775
threshold=49.500000000000007 2.6525167386475758e+21 0.57500000000000007 7.5950000000000006 5.5062336098448066 108.35227272727275 7.5950000000000006 2.7941709680888911 3.5000000000000004 6.3512500000000012 7.8100000000000014 29.50022715391701 7.2350000000000012 126.37861785162376 7.0950000000000006 5823628996.9336138 5.8950000000000005 6.6950000000000012 12.357007003803135 3.5481379513145482e+18 0.99990731729870819 0.58887387376712097 0.81430215356859814 1.2574268072728716 2.5719593002922819e+18 1.5035172991420185 115.27855811064182 3.5000000000000004 1.8612620652996537 4.1701351351351361 15.752548480246947 155.7416666666667 4.2430952380952389 1.384372926143292 4.8850000000000007 4.2337121212121227 4.995000000000001 1.0133537911075883 5.7950000000000008 160477307.61689153 1.5000000000000002 0.70905221535224772 0.25497548783981966 4.385839598997495 0.99535829673000953 0.85260769842926931 1.0000000180025095e-35 21.512500000000003 7.4900000000000011 656.45388571880233 1197927.5501819451 -0.11319890333640038 0.40801470717006305 1.0000000180025095e-35 214.54981517367165 290.50000000000006 0.80000000000000038 293.53333333333336 21.500000000000004 4.6850000000000014 12.970280177242291 0.17364817766693028
decision_type=2 2 2 2 2 2 2 2 2 2 2 2 2 2 2 2 2 2 2 2 2 2 2 2 2 2 2 2 2 2 2 2 2 2 2 2 2 2 2 2 2 2 2 2 2 2 2 2 2 2 2 2 2 2 2 2 2 2 2 2 2 2
left_child=1 2 3 4 6 -6 11 -8 9 -9 -11 27 13 17 15 16 31 18 -13 20 -20 -17 24 -24 -18 26 -25 44 30 -30 -29 32 34 -34 -15 -33 -37 40 39 43 41 -38 -43 -39 45 52 47 49 -48 50 51 -47 58 54 56 -55 -54 -56 -1 60 -60 -61
right_child=-2 -3 -4 -5 5 -7 7 8 -10 10 -12 12 -14 14 -16 21 22 -19 19 -21 -22 -23 23 25 -26 -27 -28 28 29 -31 -32 35 33 -35 -36 36 37 38 -40 -41 -42 42 -44 -45 -46 46 48 -49 -50 -51 -52 -53 53 55 57 -57 -58 -59 59 61 -62 -63
leaf_value=-0.00085580073743325323 0.044791001065109325 0.029602833165213439 -0.014445564337462519 0.023715934916730491 0.060008887828805896 -0.038224380643845146 -0.0028827703830575191 0.048804268424151032 -0.096676834702298126 0.037126251458259395 -0.083160169921265348 0.004007686916856993 0.03983278383304515 -0.018373017316697254 -0.055175586938281944 -0.018533875431048483 -0.017739870658493039 0.033992889144797374 -0.12638429588005065 0.027974125936608009 -0.00547782133672918 0.043740020199385339 -0.013683746596646658 -0.04926307840653691 0.015021274594566085 0.045884552590325402 0.031006714317161635 -0.017818906378561261 -0.040284206957749397 0.026235041407697769 0.001062936306394427 -0.02823931983245085 -0.0017419076404859705 -0.030123048398724248 0.034547312507321307 0.018429711495681001 0.024917356412356522 -0.064652859108477762 -0.086959631318834107 0.0040373072951305029 0.037280269516807095 0.0062128293641518966 -0.027555544534493121 -0.018892394230383122 -0.0035406861658665353 0.00036829868710329492 0.002885930544081271 -0.0050060796866672405 -0.023456546860424525 0.061422903111150721 -0.052152896355940108 0.027860420373739238 2.4922955455106163e-05 -0.0051352446787833357 0.019739248406211329 0.029875716602501226 -0.040679724610559909 -0.044100253455269307 0.012325508500420281 -0.0059111790604152231 -0.012386492190242413 0.0076839292916118882
leaf_weight=18444.963160564192 28.525851248763502 42.783851415850222 179.70397703722119 65.211963041685522 18.13384999497794 4.9083283990621558 67.944387035211548 55.756201670272276 2.2508386240806422 4.8131320634856802 4.207563478499651 3668.5343024381436 42.891479659825563 28.05970923602581 24.185760031454265 14.586400939151643 67.104347556829453 52.135594992432743 10.134521592408424 8.2014216016978008 10.766264513134955 57.588281030766666 680.45333592034876 14.180078685283663 150.19041691161692 27.644879430532455 12.915045723319052 404.60064902668819 14.466877810657023 74.750812046229839 202.15708185173571 34.510278642177582 931.73612146824598 114.09673696756363 77.734532982110977 348.3922498524189 86.10783239454031 29.172524884343147 11.587036460638044 103.30044209212065 62.274530351161957 172.99224723130465 54.378436729311943 57.34750585258007 3298.2632646402344 126.84978389367461 11342.861304565798 1908.4395470102318 66.805305962916464 17.638356607407331 12.253767004236577 109.63762432243675 1031.8033672473393 4920.4899599617347 324.49893060233444 58.10399922914803 37.614897452760488 14.665224522352217 143.15841310471296 357.53027545101941 456.7597354054451 2300.8178801373579
leaf_count=103683 5105 3022 1091 321 370 22 1778 3917 44 65 55 19326 947 113 268 114 312 930 74 95 42 352 3042 57 844 105 52 3597 74 327 844 137 3763 459 287 1436 526 126 58 450 256 857 252 258 17220 700 57406 10983 953 90 97 658 5580 25441 1521 350 215 66 654 1673 1904 11467
internal_value=5.19422e-05 2.78935e-05 4.03069e-06 5.31673e-05 2.39311e-05 0.0390837 6.87141e-06 0.0158289 0.0347965 0.0393648 -0.0189795 -3.37109e-05 0.0019777 0.00174274 -0.00105087 -0.000633492 -0.00138224 0.00409736 0.00367585 -0.0381549 -0.0641038 0.0311546 -0.00763805 -0.011345 0.00490407 0.0177269 -0.011002 -0.000339952 -0.00806976 0.0154488 -0.0115279 0.00143948 -0.00250946 -0.00483819 0.0205113 0.00617635 0.00745958 0.000837665 -0.0176759 -0.0134467 0.0107611 0.00549296 -0.00186328 -0.0343217 -0.00022033 4.24518e-05 0.00185207 -0.00276262 0.00273169 0.0133103 0.00989864 0.0131139 -0.00083268 -0.00301821 0.00302018 -0.00472664 -0.00140679 0.0169789 -0.000189486 0.0035825 -0.00648947 0.00585548
internal_weight=53096.6 53068 53025.3 52845.6 52780.3 23.0422 52757.3 134.972 67.0277 64.7769 9.0207 52622.3 6953.2 6910.31 3160.54 3136.35 3064.18 3749.77 3697.64 29.1022 20.9008 72.1747 952.488 735.193 217.295 54.74 27.0951 45669.1 695.975 89.2177 606.758 2111.69 1151.63 1045.83 105.794 960.063 925.553 577.161 201.408 189.82 375.753 313.479 227.371 86.52 44973.2 41674.9 13584.5 2174.82 11409.7 266.38 248.741 236.487 28090.4 6387.18 1408.58 4978.59 1069.42 339.164 21703.2 3258.27 599.918 2658.35
internal_count=296831 291726 288704 287613 287292 392 286900 5859 4081 4037 120 281041 35538 34591 14124 13856 13390 20467 19537 211 116 466 4412 3256 1156 214 109 245503 4842 401 4441 8978 4622 4222 400 4356 4219 2783 892 834 1891 1635 1109 384 240661 223441 70887 12528 58359 1545 1455 1358 152554 33173 7382 25791 5795 1587 119381 15698 2558 13140
is_linear=0
shrinkage=0.05


Tree=114
num_leaves=63
num_cat=0
split_feature=20 24 18 59 7 26 40 61 67 67 69 43 8 1 68 2 35 32 56 55 31 58 70 65 3 14 2 59 61 32 42 32 61 20 44 26 69 27 59 55 58 40 55 69 35 62 16 5 27 12 3 69 47 35 27 50 50 47 3 44 36 68
split_gain=21.566 17.4484 13.6511 33.8277 24.8357 21.4902 19.9249 20.7332 16.6427 15.0607 13.247 12.7065 12.5203 13.8734 11.9104 16.8881 23.5531 21.826 19.8154 27.189 23.3917 20.0201 22.8345 17.9755 17.7002 16.941 16.3655 19.0568 24.0715 21.5838 22.3961 19.3507 18.5324 18.4657 17.1529 15.3973 16.6283 15.1426 15.1326 15.0223 24.5229 19.2026 14.7011 14.4326 14.4293 14.2919 14.7441 14.1394 22.2894 13.9203 13.8259 13.4472 22.1096 13.3392 13.2652 13.2447 14.2327 13.0315 12.9655 20.9124 26.0809 34.3658
threshold=98.500000000000014 0.31386327477037784 31787728920.71088 53.735794435085005 1.6050000000000002 438.22500000000008 26.500000000000004 10.38674347656462 -0.94260559819261258 -0.81408451933196957 0.050008090413482302 4.1016949152542379 0.57500000000000007 7.5700000000000012 2.6822706168558326 8.5000000000000018 1.7371779276130044 4.7750000000000012 32.500000000000007 3879428.1942266924 4.7500000000000009 12877761.87428925 8.5047870378995132 1.0000000180025095e-35 213.05000000000004 0.15039230729988318 14.500000000000002 42.647306790180103 0.17403298315642465 5.995000000000001 5.3950000000000005 6.0950000000000006 3.66920837413176 16.500000000000004 0.7660902622830742 7.5726153846153847 0.85013753702920025 13.258063569934857 129.11076408121798 3480101.789221996 3834275.6109066876 70.500000000000014 21311753.644024398 31.636936471583983 0.99674143387631431 1.1000000000000012 1.0000000180025095e-35 0.11010000000000002 0.2880447869020018 4.2950000000000008 115.85000000000001 18.24386062084589 15.677844365268003 1.0218693691841214 2.3406105334047438 1.5000000000000002 11.500000000000002 8.6434713512857417 108.85000000000001 0.57228853927217804 47.488104838709681 27.230693199715894
decision_type=2 2 2 2 2 2 2 2 2 2 2 2 2 2 2 2 2 2 2 2 2 2 2 2 2 2 2 2 2 2 2 2 2 2 2 2 2 2 2 2 2 2 2 2 2 2 2 2 2 2 2 2 2 2 2 2 2 2 2 2 2 2
left_child=2 -2 10 -4 -5 6 7 -6 -9 -10 -1 -12 13 14 45 18 26 24 19 20 35 22 43 -23 25 57 27 28 -17 30 -29 -31 51 53 -28 36 -16 -34 -24 58 -41 44 -19 -20 -42 46 -13 54 49 -49 -46 52 -30 -33 -38 -21 -57 -18 -37 60 61 -60
right_child=1 -3 3 4 5 -7 -8 8 9 -11 11 12 -14 -15 15 16 17 42 21 55 -22 23 38 -25 -26 -27 34 29 32 31 -32 33 37 -35 -36 39 47 -39 -40 40 41 -43 -44 -45 50 -47 -48 48 -50 -51 -52 -53 -54 -55 -56 56 -58 -59 59 -61 -62 -63
leaf_value=-0.031959016630895891 -0.072492495364662762 0.0447483095453486 0.032748340033503832 -0.088736432853163974 -0.10163857070348979 -0.061008539979617797 0.044042965253441937 0.052556205549669881 -0.055608797034863745 0.002160798521921596 -0.0089034157883560658 0.055648104523297728 -0.013318227722206134 0.023056686708992469 0.046539073752498432 -0.016644105998622559 0.059129230168209583 0.020671927161302187 -0.0073668178218211982 0.031220768749522562 0.044005411548321369 -0.023380313628921037 -0.052116444864392257 0.0054023029454581158 -0.021519573517335508 -0.04471643957994631 -0.0021184104458327165 -0.0081959558264724716 0.061243417485267009 0.039067077462972701 -0.025593904003290077 -0.016010692121011326 0.015061838780927553 -0.062215117851895763 -0.031443051965776923 -3.8708154488049465e-05 -0.020145795370841525 -0.041571866074343905 -0.0074069844169474368 -0.079103474089898429 0.036781792026119677 -0.055134152820141905 -0.022894067986523686 -0.062611016789756377 -0.037592533408646572 0.015763032225229082 0.0019408164527600993 0.037485482669442828 -0.041188099628370362 -0.012835946178946645 0.018178765085599183 0.069576935152894426 -0.015546046401137334 0.024620386363181705 0.040463178466190901 0.0028938186852938952 0.041761998573681819 0.0033896572896126944 0.010383980587812553 -0.0080569929284262012 0.0004461743263716963 -0.0028278583036788442
leaf_weight=32.487098434008658 3.4491229713894418 39.711185262072831 110.078537782887 7.8756489062216124 4.9532524775713673 12.715414428152142 29.233506891876459 14.851281578652559 12.449015996884553 120.34909855294973 399.58194308076054 12.8400004748255 174.64656873419881 65.681076290085912 11.822249157354234 81.003213241696358 10.697752527892588 230.71896379068494 461.02823247201741 92.619164216797799 30.528110865969211 63.447115353774279 55.952574107795954 374.01877946173772 85.577627912163734 18.074597239494324 3128.6514338240959 404.37711288873106 17.564628042280674 33.049563735723495 340.92893650382757 42.598824255168438 40.269126549363136 12.420855695381759 50.674575842916965 35485.176708254265 15.719252400100229 16.696796774864197 28.599603391252458 14.550118507817386 21.841347709298134 17.699415044859052 21.138098940253258 12.133687965571879 24.948404490947723 209.20435138139874 2682.3276962183882 15.233112432062624 74.360682084225118 140.49162085913122 20.037709772586823 21.838755816221237 20.101645331829786 38.417082898318768 21.207455568015575 169.54582966584712 27.352240703999996 529.5772407501936 1905.1388504216447 451.38677202048711 3793.8110291259363 663.65474944491871
leaf_count=1436 178 6782 3486 121 34 94 2642 200 121 1727 3743 195 1052 315 78 475 55 948 2624 713 1409 414 296 2041 422 80 15928 2248 98 125 1684 192 196 60 244 187302 99 76 200 91 101 117 95 54 113 1046 14717 104 445 864 84 79 109 156 112 1350 242 2311 11059 2529 16435 4485
internal_value=4.97605e-05 0.0353791 2.10043e-05 0.0104404 -0.00169056 0.00183315 0.00622754 -0.00101662 0.00235898 -0.00325475 -4.07657e-05 -2.10825e-05 4.68044e-05 9.16001e-05 6.26158e-05 -0.000121285 -0.00283197 0.004536 0.000195698 0.000357139 0.000253618 -0.00677943 -0.0130603 0.00122787 -0.000345055 0.00290034 -0.00438546 -0.00973648 0.00428853 -0.0129134 -0.0161544 0.006184 0.0188468 -0.00544709 -0.00258581 0.000222321 -0.0114887 -0.00153758 -0.0369936 0.000299339 -0.0191473 -0.00882667 0.0170155 -0.00878349 0.00343797 0.00317388 0.00219668 -0.014058 -0.0186674 -0.00791347 -0.0127509 0.0383613 0.0202626 0.00325623 0.0146627 0.0156279 0.00829322 0.00449333 0.000344889 0.00234255 0.00308033 0.00697067
internal_weight=53069.1 43.1603 53026 312.506 202.427 194.552 181.836 152.603 147.649 132.798 52713.5 52681 52281.4 52106.7 52041.1 49136.7 5144.38 895.784 43992.3 42997.1 42707.6 995.18 557.714 437.466 643.927 558.35 4248.59 1069.27 197.474 871.792 745.306 126.486 116.471 93.4368 3179.33 42677.1 278.834 56.9659 84.5522 42398.2 99.077 84.5269 251.857 473.162 66.8275 2904.37 2695.17 267.012 230.085 155.725 44.9861 59.505 37.6663 81.0159 36.9267 289.517 196.898 540.275 42299.2 6813.99 6362.6 2568.79
internal_count=296831 6960 289871 8425 4939 4818 4724 2082 2048 1848 281446 280010 276267 275215 274900 258942 25581 3911 233361 227732 225427 5629 3174 2455 2868 2446 21670 5498 1033 4465 3932 533 558 408 16172 224018 1702 272 496 222316 506 415 1043 2678 298 15958 14912 1624 1413 968 197 286 207 348 211 2305 1592 2366 221810 34508 31979 15544
is_linear=0
shrinkage=0.05


Tree=115
num_leaves=63
num_cat=0
split_feature=10 6 4 37 10 37 45 27 24 17 46 61 69 22 48 27 59 23 36 67 61 25 46 27 66 1 47 15 59 44 51 47 44 70 69 44 37 33 5 69 3 1 69 47 58 46 66 55 58 61 16 42 48 36 36 0 59 32 59 46 61 27
split_gain=20.6856 14.0261 21.8185 28.4081 18.1383 19.9093 28.198 28.8783 24.7913 19.503 19.4801 20.4558 25.6755 23.4407 19.4579 18.7481 17.9662 28.8548 30.65 29.6119 21.2944 17.144 16.8292 14.8718 13.5945 13.4393 13.4424 27.1895 21.2387 24.9385 19.6828 17.8588 18.2898 17.5712 34.4233 24.9727 17.3314 18.2165 17.0528 16.5393 15.5589 18.4635 15.4099 15.4805 15.3334 26.0169 19.1097 16.3999 15.7073 16.1081 15.1885 14.7875 30.7229 33.4005 21.8266 19.7507 24.3597 27.5648 23.384 21.4971 24.568 20.1181
threshold=49.500000000000007 6.7300000000000013 0.099370000000000014 4.3783443303946354 10.500000000000002 36.950466090434091 0.8042490405615782 9.1000000000000068 0.43158742828156432 4.5004339458078855 10.004687500000001 12.467625093730463 0.90469181748027194 5.3950000000000005 119356201642.28355 28.44999755907029 913.99236238627816 4.7412599206349215 15.64443650793651 0.0087262032186418322 3.422360389306756 0.6768225691998736 9.2020000000000017 7.1093323894982463 0.17364817766693028 4.1850000000000014 54.615426844926297 1.1581186184086731 342.2143492731139 0.29453267245589865 3.8000767166534599 80.935629030907947 0.31921429234176674 17.618859416304655 2.3958421498095643 0.41457809879442509 76.045808449914617 4.4301315789473703 0.9850000000000001 13.779502003933187 106.65000000000002 5.7950000000000008 45.048197082472434 10.001296706855136 532725.67023321183 70.534523809523833 0.99535829673000953 708271.58514125028 833987.78942186513 12.105993993666214 30.703030303030307 5.3750000000000009 226429676.27455905 12.000787401574806 28.907003973644887 33.050000000000004 165.07546602681867 6.7950000000000008 656.45388571880233 33.181864722308418 10.592252618833813 16.357471279357394
decision_type=2 2 2 2 2 2 2 2 2 2 2 2 2 2 2 2 2 2 2 2 2 2 2 2 2 2 2 2 2 2 2 2 2 2 2 2 2 2 2 2 2 2 2 2 2 2 2 2 2 2 2 2 2 2 2 2 2 2 2 2 2 2
left_child=1 2 3 22 25 9 7 -7 -9 10 11 -6 -13 -14 15 16 17 18 -11 21 -19 -20 24 -4 -1 -3 30 28 31 -30 40 36 -33 38 -35 -36 44 -38 39 -34 41 -27 51 -44 46 47 -28 -46 -47 -50 -49 52 -42 -54 -55 56 57 59 -57 -53 -61 -59
right_child=-2 4 23 -5 5 6 -8 8 -10 14 -12 12 13 -15 -16 -17 -18 20 19 -21 -22 -23 -24 -25 -26 26 27 -29 29 -31 -32 32 33 34 35 -37 37 -39 -40 -41 42 -43 43 -45 45 48 -48 50 49 -51 -52 55 53 54 -56 58 -58 61 -60 60 -62 -63
leaf_value=-0.026917751472599401 0.044103052538909247 -0.0020567556325007137 -0.018661596371490962 -0.063495120357661236 0.046312981172323769 -0.11536383982112706 0.024247649899915322 -0.14340419660806938 0.025829804299661814 0.044429790916176187 0.029422136500634601 0.078595329768075706 -0.077116035628145674 -0.0035332105735709908 0.051143830131875768 -0.11678412886144991 -0.099388224826140653 -0.13783952676782699 0.011987695069742902 0.0043616054135049397 0.037242984650407096 -0.071059855691771728 -0.018561588910001463 0.062520628725850041 0.037098834567068591 0.0018438573472326124 0.0056020878662113843 0.042694372825819712 0.0047076775518727918 -0.014767467449978805 0.047135571500455581 0.0042806682269300273 -0.012964290573157292 0.056896519922728039 0.0050654167223256876 -0.064142571969298262 -0.0018867711948617916 0.014195391360244029 0.002175495449565214 -0.0020020329799032492 -8.9025248103327605e-05 0.016077411673009034 -0.025742732559419307 0.019035554239337192 0.021564633257389436 -0.018802505834044973 -0.0095504025108963872 0.047193124474480361 -0.0016521992405907665 -0.05733922324106408 -0.012348318660138908 -0.0058002164768894693 -0.04718684360197356 0.037080429225249886 0.008546073995963013 -0.0033819704060019692 0.0044595175965372481 0.011210776320398628 -0.029264928190439573 -0.0013993300825683884 0.011006282259648932 -0.019577127318883475
leaf_weight=9.4583428949117643 26.630886467173696 6859.7315634868573 271.31721792090684 12.044551633298395 17.394834820181131 11.500764074269684 18.554327863734215 2.6995393931865683 10.909053169889374 17.348824891261756 197.40380746917799 6.3527542566880575 16.317569717764854 32.144076855620369 16.643256365088746 3.7101762462407342 4.6877014487981787 1.8016428146511305 7.510465162806212 36.450695362873375 48.162050766870379 36.01042532036081 24.258778809569776 5.7611118704080573 67.316635963506997 3784.413514153799 3203.6097369412892 40.488800813443959 275.71222613379359 407.08464657142758 21.960504775866866 1714.200148768723 470.30894563347101 10.429704092442988 19.331418756395578 40.015286957845092 232.88447168469429 721.93412411957979 1617.1790597243235 1281.9555602096952 10732.068519263528 242.43488994520158 21.882516697049141 163.64330583717674 167.87557833548635 181.63245894014835 222.53191213775426 12.329820316284893 805.66733701527119 13.198754016775636 81.561947446316481 2800.2562200990506 25.553908597677946 72.619447663426399 868.8138695564121 6754.1004774507601 2163.9611655159388 591.73384396522306 88.40550593752414 4943.9294287390076 434.13782181963325 58.286387796513736
leaf_count=89 5105 36555 2435 72 118 88 155 14 412 206 6499 65 100 261 2103 60 21 35 123 458 1470 259 223 32 632 21565 14595 239 1322 1797 206 7488 1981 46 140 222 962 3424 7322 5944 56370 1229 92 1344 803 799 1050 58 3465 86 380 14213 134 276 3562 33120 15473 6675 728 29157 2270 704
internal_value=4.73556e-05 2.52288e-05 -0.00942007 0.00908857 9.52441e-05 0.00971393 -0.0224951 -0.0570353 -0.00774118 0.0128962 0.0212936 -0.000928061 -0.0159196 -0.0283094 -0.000242016 -0.00573544 -0.00302435 4.2684e-05 -0.0158145 -0.0288837 0.0309297 -0.0567282 0.0177415 -0.0169736 0.0292123 5.67477e-06 0.000318068 0.00179291 0.00164865 -0.00690344 -0.00018507 0.00218949 6.15127e-05 -0.00204143 -0.0268765 -0.041599 0.00413278 0.0102729 -0.00152713 -0.00494431 -0.000215864 0.00270078 -0.000611057 0.013754 0.00288231 -0.00182859 0.00461792 0.0122051 -0.00550033 -0.00254978 -0.00452937 -0.000701296 0.000680095 0.00921615 0.0107471 -0.00160744 -0.00029467 -0.00145999 -0.00371638 -0.00224765 -0.000397902 0.00845007
internal_weight=53050.3 53023.6 390.157 113.078 52633.5 485.602 43.6637 25.1094 13.6086 441.938 269.613 72.2092 54.8144 48.4616 172.325 155.682 151.972 147.284 97.3204 79.9716 49.9637 43.5209 101.034 277.078 76.775 52147.9 45288.1 11519.9 11479.4 682.797 33768.2 10796.6 5153.42 3439.22 69.7764 59.3467 5643.23 954.819 3369.44 1752.26 33746.2 4026.85 29719.4 185.526 4688.41 1262.27 3426.14 261.767 1000.5 818.866 93.8918 29533.9 11699.1 966.987 941.433 17834.8 10992.3 8828.34 6842.51 8178.32 5378.07 650.02
internal_count=296831 291726 3483 1016 288243 12447 669 514 426 11778 7043 544 426 361 4735 2632 2572 2551 1046 840 1505 382 944 2467 721 275796 239241 52123 51884 3119 187118 48765 23143 15655 408 362 25622 4386 15247 7925 186912 22794 164118 1436 21236 5591 15645 1241 4350 3551 438 162682 60342 3972 3838 102340 68492 53019 33848 45640 31427 7379
is_linear=0
shrinkage=0.05


Tree=116
num_leaves=63
num_cat=0
split_feature=11 48 59 17 22 27 37 27 15 30 48 42 63 1 36 43 51 36 62 0 48 69 30 41 24 56 56 44 52 51 59 36 44 63 66 66 43 42 59 42 46 43 16 57 60 48 3 3 47 65 55 47 37 55 58 63 69 38 38 27 17 36
split_gain=19.4517 13.4927 12.7567 21.3739 14.7186 21.1844 18.7133 43.2177 17.8139 14.5371 15.4866 19.5684 14.866 13.0605 22.4007 11.7589 12.5002 11.7941 11.5204 21.9739 15.1702 12.0992 11.4706 11.4637 11.2636 10.6771 18.25 20.8963 13.5366 19.3824 17.5216 11.9785 11.4809 11.2531 15.1032 18.4615 23.4256 25.0253 17.6906 25.1012 20.5345 20.1094 19.876 19.3919 18.6081 18.2547 17.4948 19.1919 17.8073 16.5182 20.6607 14.6567 18.6891 16.5448 15.9249 14.6202 19.1606 23.1158 21.1374 20.4801 23.6854 20.1292
threshold=50.500000000000007 2106968938586.5383 1912.9801129416526 3.6455575208653941 7.5950000000000006 1.0000000180025095e-35 36.029933542458309 9.1000000000000068 1.0679372505817668 9.5000000000000018 126395190.85061492 5.6050000000000013 720.0510843326382 5.8050000000000006 22.239439655172418 4.1016949152542379 5.5062336098448066 101.65357142857145 1.976478067387158 58.750000000000007 4984963.5387616856 0.050008090413482302 7.5000000000000009 0.14999999999999999 0.7867216588290562 740.00000000000011 476.00000000000006 0.53467166381561537 14886368.524633704 0.42427491528427175 78.356211667331237 32.654794176706837 0.44529057901244185 10.190793523722878 0.87878364999916148 0.98897820466835418 4.2252118644067815 4.8850000000000007 36.86033060866631 5.1350000000000007 25.587844488188981 4.2909673659673677 23.003500000000006 0.97882142137795602 1.5428571422620407 3397740532.5087485 226.25000000000003 163.05000000000004 39.508610421112031 1.0000000180025095e-35 7167371.2409054423 6.752962882890837 63.392483139401811 1146491.8317786979 6237865.1294281343 100.88931164988072 5.1326485524383276 848799774.93367589 183150284014.59192 5.2080066465895092 1.7500000000000007 39.001219512195128
decision_type=2 2 2 2 2 2 2 2 2 2 2 2 2 2 2 2 2 2 2 2 2 2 2 2 2 2 2 2 2 2 2 2 2 2 2 2 2 2 2 2 2 2 2 2 2 2 2 2 2 2 2 2 2 2 2 2 2 2 2 2 2 2
left_child=1 2 4 9 15 8 13 -8 -6 10 -4 -12 -13 -7 -15 -1 18 -18 21 20 -20 -17 -3 -21 -9 26 28 -28 29 -23 32 -27 -30 -31 38 49 37 -37 39 41 43 51 -40 45 46 -41 47 -44 -49 50 -36 53 54 -35 -53 56 59 -58 -59 60 -38 -60
right_child=-2 22 3 -5 5 6 7 24 -10 -11 11 12 -14 14 -16 16 17 -19 19 23 -22 25 -24 -25 -26 31 27 -29 30 33 -32 -33 -34 34 35 36 55 -39 42 40 -42 -43 44 -45 -46 -47 -48 48 -50 -51 -52 52 -54 -55 -56 -57 57 58 61 -61 -62 -63
leaf_value=-0.0086331644488168626 0.0444435848813284 -0.014798708942639033 -0.021593033145645531 0.098146060468260896 0.0015677170487998411 0.050241231939814807 -0.30642015966125652 -0.1008012739577312 -0.09485753962710744 -0.061565247066850792 0.081923632624974763 -0.052420466046216932 0.03687581754810168 -0.15493343626837797 0.027279793111338962 -0.035150212082591011 0.058645973605729665 -0.028050997736998075 0.0065412956528416626 -0.022839541413481199 0.027996459262633073 -0.039236125649694087 0.044666570233762463 0.019344339745508102 0.03884523137683394 0.0012244234209589583 -0.049542527760831567 0.012518492022419404 0.099221134428333413 -0.0017630754806368552 -0.02412453548594784 0.064140075456786447 0.029379016221990857 0.0059793393704713343 -0.0018186752047099934 0.0018890286999603354 0.0038509442275139771 0.03663325072071056 0.0050409621565378404 0.03676752013552461 0.0016294211651734618 0.0095915271178670936 -0.00067041717292067949 -0.0098050926084401503 -0.0036898923051598303 -0.022784749452091774 -0.014503308939103 0.013907987219560819 -0.00052454684620666374 0.0035487730484497697 -0.072514574969115383 -0.031264553997935061 0.024491691711981761 0.090009348446989823 0.0026630151899340285 0.0020900525427524352 -0.0070969252001841787 0.0072153538063171457 0.0072554492295660369 0.036900676149842035 -0.077894359894038243 -0.1093956913556457
leaf_weight=391.36847091559321 24.658260794589296 11.103303724899886 96.373856416903436 4.0701217055320731 44.814541763626039 60.987706174142659 1.2543674814514805 1.8505708442535231 5.3630066649056962 16.909649260342121 8.8986851945519465 9.4107846021652239 9.2343430742621404 2.1346457274630657 8.0381553198676539 24.500902070663869 16.509756403975192 5.1453935801982871 280.44541256502271 75.384713925421238 116.66135708242655 31.477728337049484 30.077993152895942 20.481023915112019 6.5719974956009537 16.81155428849161 38.54588646069169 20.92745566368103 8.4654571712017077 7620.7319505838677 10.903998339548705 13.755139544606207 19.297025131992996 64.591034356504679 1349.3810372101143 135.66550853662193 450.66500450856984 83.864440284669399 1273.3393843416125 43.965901732444763 3528.1604091562331 1409.8608607519418 13666.34030845575 699.06066583143547 6205.3638360537589 18.19312077620998 217.4501332230866 449.33766413852572 407.59078115224838 9083.6769958608784 10.4144364381209 103.45024994015694 27.946271985769272 6.4420052878558627 51.958282671868801 1815.343525642762 2355.1051624324173 438.63158243987709 7.100394406821577 46.984091769903898 9.0389954829588515 7.7180907884612679
leaf_count=3620 5012 150 2015 16 886 4582 40 93 40 119 58 61 40 33 198 1089 195 23 1386 388 596 163 2887 98 226 94 204 99 36 45121 127 68 125 517 7635 780 3442 334 7690 184 19190 7540 69853 4092 30990 99 1244 2449 1734 45386 66 595 128 36 278 8783 10286 3038 199 251 59 65
internal_value=4.5302e-05 2.46438e-05 2.39524e-06 -0.014813 4.30457e-05 0.0167811 0.0326215 -0.0326149 -0.00873827 -0.0180777 -0.0121434 0.0209201 -0.00819484 0.0414928 -0.0109556 1.41675e-06 6.6047e-05 0.0380463 5.03106e-05 0.00765767 0.0128444 -2.21266e-05 0.0286335 -0.0138273 0.0081627 -5.49449e-06 -2.29551e-05 -0.0277045 8.91475e-06 -1.32376e-05 0.0295818 0.0295367 0.0506756 1.06955e-05 0.000318143 0.00155585 -0.000832528 0.015162 -0.000375707 0.00204476 2.24965e-05 0.00725689 -0.00102427 -0.0074254 -0.00139298 0.0193374 -0.000426052 -0.00021528 0.00704327 0.0027794 -0.00236012 -0.0056821 -0.0131521 0.0136 -0.0199214 -0.00151691 -0.00349199 -0.00510652 0.00523117 0.00545729 0.00224362 -0.0535014
internal_weight=53019.8 52995.1 52954 144.897 52809.1 131.015 80.8374 9.67694 50.1775 140.827 123.918 27.5438 18.6451 71.1605 10.1728 52678.1 52286.7 21.6551 52265 492.973 397.107 51772.1 41.1813 95.8657 8.42257 51747.6 51717 59.4733 51657.5 51618.8 38.6665 30.5667 27.7625 51587.4 43966.6 15793.6 5350.12 219.53 28173.1 5953.63 4289.38 1664.25 22219.4 761.22 20946.1 62.159 14740.7 14523.3 856.928 10443.5 1359.8 254.388 183.355 71.033 155.409 5130.59 3315.24 2808.56 453.45 506.688 459.704 14.8185
internal_count=296831 291819 288782 2309 286473 6098 5172 359 926 2293 2174 159 101 4813 231 280375 276755 218 276537 2468 1982 274069 3037 486 319 272980 272818 303 272515 272227 288 162 161 272064 226943 80324 27237 1114 146619 32659 23565 9094 113960 4375 106270 283 75280 74036 4183 53087 7701 1554 1001 553 873 26123 17340 13588 3302 3752 3501 264
is_linear=0
shrinkage=0.05


Tree=117
num_leaves=63
num_cat=0
split_feature=20 29 9 18 44 66 18 56 52 61 34 60 44 56 52 46 70 16 37 43 1 69 7 1 7 3 54 56 44 56 46 38 69 54 40 36 27 70 45 63 55 55 1 9 62 46 65 69 33 50 26 52 3 24 37 44 59 29 65 61 7 56
split_gain=18.4998 16.5074 12.792 21.6833 16.1826 15.3588 18.1668 18.1013 17.7062 17.1673 17.3258 19.2516 16.7389 15.4922 33.541 15.3558 24.901 15.2102 16.8823 14.8822 17.0534 20.3801 15.5167 16.0769 14.8883 19.3275 17.4034 15.5372 18.4537 20.085 17.3079 20.2473 20.1095 27.2031 22.3567 23.9551 15.8556 15.508 15.6826 14.942 18.9866 14.9318 14.7272 15.8282 14.5505 14.4231 22.6013 34.1237 19.5138 19.1049 18.2566 16.2401 15.674 17.4115 15.0639 22.5427 20.434 28.4194 36.7787 19.8623 19.2097 17.7574
threshold=98.500000000000014 2.2877379429107382e+18 8150.0000000000009 177961840574.29214 0.82800832358843324 0.79332313182700753 69898535.163809404 179.50000000000003 2803693.0248250836 10.38674347656462 0.31350235909376162 6.4285713975765315 0.23134478201002359 90.500000000000014 2472703.9472947377 7.623193277310925 121.73029870830875 80.925000000000026 85.495907666839869 6.1406250000000009 5.1050000000000013 0.18639379154116154 13.215000000000002 5.7150000000000007 9.9150000000000009 117.15000000000002 1.2773367114801542 30.500000000000004 0.57228853927217804 6.5000000000000009 43.342708333333341 76291381.913792476 11.497314605063357 1.4476482730108395 130.50000000000003 30.030516194331991 0.50001913192100045 13.000323497839164 0.52894840744626881 103.33069471524306 5260874.5261675818 3879428.1942266924 7.0950000000000006 335768928.00000006 0.4000000000000008 33.000694444444456 1.0000000180025095e-35 17.58920925543303 4.9751000000000012 3.5000000000000004 10.286607142857145 1058749.5465190413 169.25000000000003 0.56803707930988445 3.9893981889788335 0.31368774282716239 218.27334304790955 1.6462660407598876e+18 1.0000000180025095e-35 0.88106702399468084 1.3050000000000004 20.500000000000004
decision_type=2 2 2 2 2 2 2 2 2 2 2 2 2 2 2 2 2 2 2 2 2 2 2 2 2 2 2 2 2 2 2 2 2 2 2 2 2 2 2 2 2 2 2 2 2 2 2 2 2 2 2 2 2 2 2 2 2 2 2 2 2 2
left_child=2 -2 3 5 15 6 -1 13 9 10 11 12 -7 14 17 16 -4 45 -19 20 21 -17 42 -24 25 -23 37 28 30 -30 32 44 34 -34 41 -36 -31 -26 -39 40 -28 -27 -22 -44 -32 54 47 -47 -49 50 -48 52 -52 -54 56 -56 60 58 -58 -57 -8 -61
right_child=1 -3 4 -5 -6 8 7 -9 -10 -11 -12 -13 -14 -15 -16 19 -18 18 -20 -21 22 24 23 -25 26 27 39 -29 29 36 31 -33 33 -35 35 -37 -38 38 -40 -41 -42 -43 43 -45 -46 46 49 48 -50 -51 51 -53 53 -55 55 59 57 -59 -60 61 -62 -63
leaf_value=-0.0041495026722825059 -0.051924304076093178 0.046275301509273316 -0.015117600624191763 0.034642573745484025 -0.0095121483881710628 -0.010093707639584485 0.048686010203054256 0.045770886672112009 -0.01989631035429127 0.0118517045886391 -0.0023288532347724455 0.03360954956126181 0.010621549894785422 -0.034921008841147697 0.054232771580485076 -0.024795152505317514 0.029607929395356836 -0.0040027048872481102 -0.061634782219940537 -0.0091428728885252306 0.0025453115431697225 -0.0014331518427510579 0.0037357577726954208 -0.0096790129935023454 0.0024137513070074095 0.0037638733668015193 -0.026663353633376803 -0.0057089723444625354 -0.016836335479492589 0.052288133950223317 -0.003402284527228155 0.0068161883001532546 0.018429197153554205 -0.016943255614710988 -0.065067792524418661 0.02139222550763982 -0.0092691360401017317 0.044370694001024481 -0.011796813143156431 0.0056614956765504206 0.03851228797379444 0.04743004375486197 0.023876457584986313 -0.036550628236338617 0.023961019582807219 0.039268759119639299 -0.043717342832702101 0.009699406764064682 -0.065808076548387703 -0.062575768126362022 0.0073474043622531017 0.070890302938874411 0.0072490509206217454 -0.095505076476018969 0.039774792562173596 0.041632247256041255 0.035962875921065549 0.035686789953379254 -0.044811832083664516 -0.014313846068111228 -0.0036279490273524381 -0.074323836488731407
leaf_weight=1543.3606153381988 4.8803557241335502 34.763193022226915 311.54487226717174 51.278587251435965 466.89276424609125 127.68989907205105 18.244190370664001 24.7190817669034 68.314698168076575 787.75197030627169 779.23957091383636 69.915292901918292 412.70496441423893 26.967590189073235 31.691210724180564 85.673870386555791 34.574028752744198 38.675154871772975 18.924912929534912 448.54086901061237 7075.7526265024208 25349.016963239294 385.2584970574826 531.42626599315554 7335.5512499529868 754.14339369116351 137.04995728097856 565.29014906752855 200.38460693485104 20.746096462011337 1375.4368549603969 1010.4033117298968 567.25149325840175 60.11361393192783 23.502180471550673 12.154591542668639 21.099921798333526 13.003834753297268 280.45868259062991 77.945501971524209 12.166187698487191 20.099533252418041 129.77916256338358 11.824313111603258 50.361444935202599 115.02023998880759 18.423654193524271 26.310153521597385 12.68063828954473 10.616609535645692 479.64716432988644 9.7405833643861097 8.5675361966714281 7.9464821415022007 20.931819900870323 15.116564027965067 25.457123532891273 97.478800050914288 31.567166024819016 244.43245280883275 459.78733981819823 12.982134025543926
leaf_count=8202 154 6806 2851 4585 2368 620 111 186 566 6798 5034 389 1787 189 562 2872 347 221 92 2192 36627 134544 2410 3808 33876 4831 610 2832 1148 88 6861 4438 3066 539 180 127 105 159 1721 354 72 95 604 65 241 736 94 234 118 59 3349 89 58 57 102 219 109 548 166 1945 2551 64
internal_value=4.31334e-05 0.0341863 1.7577e-05 0.00227828 -0.000249512 0.00197898 -0.000192018 0.00328638 0.00516864 0.00595507 0.00261221 0.00892091 0.00572674 0.00267977 0.00327476 -0.000157303 -0.0106499 0.00230921 -0.0229381 -7.9293e-05 8.88199e-06 -0.000436179 0.00208654 -0.00404114 -0.000381095 -0.000888062 0.00155677 0.00206377 0.00313135 -0.0102569 0.0039686 0.00140144 0.00832002 0.0150398 0.00311471 -0.0355955 0.0212493 0.00196286 -0.00930793 -0.0120812 -0.0213493 0.00489746 0.00286483 0.0188306 -0.00243577 0.0032097 0.00868779 0.0255657 -0.0148572 0.00382859 0.00517316 0.00695363 0.00569843 -0.0421958 -0.00086606 -0.0102287 0.00347773 0.0192853 -0.00875191 -0.0140693 -0.00163137 -0.0173403
internal_weight=53003.3 39.6435 52963.6 5596.18 47367.4 5544.91 3299.29 1755.93 2245.62 2177.3 1389.55 610.31 540.395 1731.21 1704.24 46900.6 346.119 1672.55 57.6001 46554.4 46105.9 37971.9 8134.04 916.685 37886.2 30030 7856.18 4680.99 4115.7 242.231 3873.47 2436.2 1437.26 627.365 809.9 35.6568 41.846 7629.01 293.463 227.162 149.216 774.243 7217.36 141.603 1425.8 1614.95 688.953 154.011 38.9908 534.942 524.325 505.902 496.161 16.514 925.998 293.463 632.535 154.503 57.0243 272.531 478.032 257.415
internal_count=296831 6960 289871 39840 250031 35255 20061 11859 15194 14628 7830 2796 2407 11673 11484 247663 3198 10922 313 244465 242273 198759 43514 6218 195887 159095 36792 24551 21719 1341 20378 11540 8838 3605 5233 307 193 35756 1880 1036 682 4926 37296 669 7102 10609 4794 1088 352 3706 3647 3553 3464 115 5815 2330 3485 823 275 2228 2662 2009
is_linear=0
shrinkage=0.05


Tree=118
num_leaves=63
num_cat=0
split_feature=11 40 42 53 70 69 40 63 43 30 52 37 28 45 25 40 30 47 37 30 34 42 47 42 34 69 69 69 37 36 44 68 1 27 62 25 30 46 27 69 64 36 28 60 22 63 61 70 11 40 60 3 67 57 13 59 40 62 66 37 47 36
split_gain=17.5886 12.7844 21.4963 23.2371 24.9176 18.9058 24.8808 12.3009 11.8676 43.4942 22.1059 21.7476 29.9763 19.5258 17.997 16.9055 16.4003 17.4935 34.0725 23.2495 21.7453 21.9947 33.9417 26.0514 20.4798 39.2058 29.4072 20.6455 19.8388 24.115 22.9266 16.1668 15.8503 15.398 15.2507 15.2344 14.3141 37.4994 24.925 13.9308 21.0254 22.6423 26.8442 25.8612 22.5236 24.2855 21.7531 19.0947 18.9466 27.3632 17.8094 17.6412 17.4202 16.6948 16.3206 15.5925 15.4916 14.9851 14.9393 14.8712 14.5368 21.1051
threshold=54.500000000000007 300.50000000000006 5.995000000000001 86.500000000000014 48.056661163319596 24.863113315575912 403.50000000000006 85.175227323580543 4.7333839918946321 36.500000000000007 2803693.0248250836 16.559565661354977 74318950.018201083 1.2666922388844875 2.5860262331511708 8.5000000000000018 54.500000000000007 0.74579828516494751 3.535678207549481 249.50000000000003 0.52494046589120047 7.6950000000000012 5.2945389616274747 6.8850000000000007 0.3477686621195068 12.461106893032289 8.4695520400288782 2.8777382937940312 18.122977435043754 20.001923076923081 0.50990395253647713 1.8896565390360729 5.7250000000000005 4.4620155521945879 1.5000000000000007 1.0030574137502635 46.500000000000007 48.558137019230777 20.800000000000011 4.0506553234920721 1.0000000180025095e-35 22.811666666666671 22387249247.425648 10.47619047244898 5.5050000000000008 223.78612222094409 0.047273915550012001 143.36538072873091 6.5000000000000009 80.500000000000014 2.2208049884008396 106.65000000000002 0.50751903745502724 3.0112940037949971 5.4379870129870147 1017.2002665187262 7.5000000000000009 -0.75848177582899401 0.49240481012316856 20.075176216901077 72.969244845360791 41.369615384615393
decision_type=2 2 2 2 2 2 2 2 2 2 2 2 2 2 2 2 2 2 2 2 2 2 2 2 2 2 2 2 2 2 2 2 2 2 2 2 2 2 2 2 2 2 2 2 2 2 2 2 2 2 2 2 2 2 2 2 2 2 2 2 2 2
left_child=1 8 -3 4 5 6 7 -4 16 10 13 -11 -13 14 34 -15 31 -18 -19 20 24 23 -23 -22 25 -20 27 -26 29 -25 -31 32 35 -28 39 -1 37 -14 -39 40 44 54 57 -44 45 47 -47 51 53 58 -49 56 -53 -41 -42 -56 -10 -43 -50 -46 -60 -62
right_child=-2 2 3 -5 -6 -7 -8 -9 9 11 -12 12 36 15 -16 -17 17 18 19 -21 21 22 -24 28 26 -27 33 -29 -30 30 -32 -33 -34 -35 -36 -37 -38 38 -40 48 41 42 43 -45 59 46 -48 50 49 -51 -52 52 -54 -55 55 -57 -58 -59 60 -61 61 -63
leaf_value=0.0018128879751209189 0.04685763051104222 -0.073681618374306035 0.029065115662825016 -0.04747511008938602 0.045434944867754117 0.049746764046662395 -0.075596422303540051 -0.052918634134083889 0.011948575995962113 0.031521645321870663 0.059274958843519333 -0.074501950112575488 0.046494908903050358 0.004196125328405651 0.053810397105429897 0.020447118494523325 -0.052936886460782512 0.021247767638176727 -0.072041093288760086 -0.090149178730020929 -0.0020758392053030739 -0.19398192562001004 0.053772491741396124 -0.10680942172418786 -0.053477496083697333 0.019244015381990321 -0.029742299658252588 0.057740270898825601 -0.11237888022385654 -0.1006338788656031 0.011795586805345662 -0.0006113484170225125 0.024000742135959235 0.005843921702688046 0.019301689319488877 0.024150743597375249 0.037325960012838028 -0.020815333270198202 -0.2181154821450364 0.00062826870071844884 0.0054267838890175628 -0.018039636029950939 -0.084249172331235953 -0.011206735181335251 -0.018167092191949272 -0.0051251662040328362 0.050793220185619992 -0.013839308734320066 -0.0017617701830669322 -0.16507376303724042 0.06610628352726404 -0.0041115966187365311 -0.019212468053550744 -0.05020302166085882 0.019117339171391499 0.06920317611267511 -0.051679022095696872 0.003124230971844845 0.03297001176394701 0.041468724204862743 -0.15312115226741635 0.024201945692631992
leaf_weight=982.3186149308458 20.054446083027869 6.5032146531157187 19.677397456951443 11.838890297338365 69.810034539317712 13.890218258369712 12.691441700793801 5.9614647431299082 164.91112117655575 172.2129209372215 16.136863819789141 12.030472449958323 8.192281009629367 741.88521237671375 15.700205996632574 204.04780238308012 22.838072899729013 79.801415432011709 27.571276175789535 10.053555113961918 24.399282345548272 1.5640769279561926 11.900447777705265 10.65006738482043 4.7949947034940115 20.513587675988674 48.000099078286439 32.151872549206018 15.367725681047885 6.056669399142268 18.040851729456335 34349.976334852865 103.98098601959646 82.892232824815437 104.35483882809058 82.758467892184854 26.299133580178022 3.3562209368683389 3.0603758068755269 12764.403698469047 326.93378592981026 102.32565522752702 19.273356024175882 32.641944412142038 416.64645884139463 31.963390531018376 38.151160562410951 11.456640560179951 59.968427143990993 2.0480876956135026 17.773519894108176 571.48924867808819 286.83627145364881 16.173656269907951 89.138548806775361 18.819939941167831 10.155412852764128 457.99559319764376 115.90809162636288 10.722771167755125 2.6285739550366989 4.6402594721876085
leaf_count=5298 4672 48 171 86 3543 415 113 89 1070 6740 129 109 300 3039 88 962 162 1603 170 151 222 56 494 63 29 174 542 426 131 28 238 182020 501 951 608 395 1097 84 55 60161 1852 716 96 218 2230 245 303 53 1074 30 90 3801 1948 94 467 80 48 2956 3115 50 54 78
internal_value=4.12264e-05 2.34971e-05 0.0150928 0.0194053 0.0258938 -0.000229429 -0.0183399 0.0100025 -1.65536e-05 0.001077 0.000781911 0.0229059 -0.00512161 0.000725183 0.000304662 0.00770164 -0.000530238 -0.0103932 -0.00792562 -0.0153409 -0.0128661 -0.0338191 0.0249926 -0.0444462 -0.00432877 -0.0330978 0.00391336 0.0433063 -0.0650747 -0.0441536 -0.0164624 -0.000414557 0.00536768 -0.00720606 0.000251078 0.00354858 0.0152822 -0.0244014 -0.114917 0.00012342 -0.00321147 0.00226914 -0.00392758 -0.0383235 -0.00689 -0.00319981 0.0253015 -0.0050804 0.00079402 0.0166721 0.0347719 -0.00620765 -0.00915802 0.000563942 0.0109928 0.0278486 0.00825761 -0.000740706 0.0187046 -0.0166708 0.0286686 -0.0399221
internal_weight=52976.3 52956.3 140.373 133.869 122.031 52.2205 38.3303 25.6389 52815.9 16880.3 16655.1 225.151 52.9385 16639 15693.1 945.933 35935.6 416.596 393.758 313.957 303.903 87.9791 13.4645 74.5146 215.924 48.0849 167.839 36.9469 50.1153 34.7476 24.0975 35519 1169.06 130.892 15677.4 1065.08 40.908 14.6089 6.4166 15573 2607.23 1047.13 612.237 51.9153 1560.11 1132.74 70.1146 1062.62 12965.8 185.193 29.2302 1033.39 858.326 12780.6 434.892 107.958 175.067 560.321 183.145 427.369 123.177 7.26883
internal_count=296831 292159 4465 4417 4331 788 373 260 287694 94040 85655 8385 1645 85526 81525 4001 193654 5440 5278 3675 3524 1232 550 682 2292 344 1948 455 460 329 266 188214 6194 1493 81437 5693 1536 439 139 80829 16223 6385 3986 314 9838 7558 548 7010 64606 4351 143 6867 5749 60255 2399 547 1118 3672 4321 2280 3247 132
is_linear=0
shrinkage=0.05


Tree=119
num_leaves=63
num_cat=0
split_feature=10 38 21 65 53 60 8 1 43 41 45 26 59 17 28 62 1 28 41 59 12 45 44 42 67 37 45 33 37 44 62 8 26 7 7 0 68 48 44 46 52 46 23 38 48 48 7 32 16 60 64 70 28 41 48 32 59 10 41 3 38 24
split_gain=16.7017 12.2257 26.0885 18.3405 12.8294 12.7682 12.3574 12.5261 11.8814 43.6967 18.2593 17.1208 15.7299 24.6252 16.1551 13.7481 16.9172 20.5996 13.6342 14.1478 13.6146 21.5259 16.2042 17.4629 14.3137 15.7701 13.8687 14.1741 13.5957 13.5546 13.5068 13.5034 12.6885 12.044 18.6711 19.9459 25.3582 16.8776 14.3415 17.4769 35.2179 31.7687 25.0516 26.3581 26.2009 34.5126 23.9274 27.7598 23.3801 24.2971 25.0403 22.7701 21.7175 20.4169 19.3799 19.8611 26.8729 20.7102 17.4542 21.5701 17.1971 17.0061
threshold=57.500000000000007 357108618513.30475 1.2142857142857146 3.5000000000000004 96.500000000000014 0.67669172897987451 0.57500000000000007 7.5950000000000006 5.0273205741626814 0.083333333333333259 0.84740386712829674 90.616666666666674 1912.9801129416526 3.6455575208653941 144584649.27329287 0.57606000718648975 5.9250000000000007 22631762453.255054 0.30555555555555564 0.94310831115673099 7.3050000000000006 1.1291656529484577 0.82800832358843324 6.8850000000000007 -0.68832836526074781 17.104632036460391 0.51526463954623158 5.0601470588235307 31.836852422312386 0.3826225293941799 0.13282738095238053 0.34050000000000008 248.05000000000004 5.6100000000000003 0.30050000000000004 15.907000000000002 36.054765635935205 1066711041.810403 0.3807886552931955 10.500476947535775 959432.64713903319 13.503125000000002 4.6500561797752828 3300178574.507051 33261411691.198246 29461618077.40765 9.1250000000000018 6.7950000000000008 26.730180180180181 12.857142819948981 1.0000000180025095e-35 16.998287276659209 1817214841.7040446 0.89444444444444449 1007577511.0605918 4.8750000000000009 693.66653281436766 4.5000000000000009 0.31666666666666671 329.95000000000005 4009412946.1181588 0.29999999999999999
decision_type=2 2 2 2 2 2 2 2 2 2 2 2 2 2 2 2 2 2 2 2 2 2 2 2 2 2 2 2 2 2 2 2 2 2 2 2 2 2 2 2 2 2 2 2 2 2 2 2 2 2 2 2 2 2 2 2 2 2 2 2 2 2
left_child=1 6 -3 4 -4 -6 7 8 12 11 18 15 20 14 29 16 17 -10 19 -11 22 -22 33 24 -24 -26 27 -25 -13 31 -18 -14 -30 34 35 36 -1 -38 -35 40 46 42 44 61 45 54 -40 58 -43 -50 52 -42 -51 -45 -41 -56 57 -57 59 -48 -59 -44
right_child=-2 2 3 -5 5 -7 -8 -9 9 10 -12 28 13 -15 -16 -17 30 -19 -20 -21 21 -23 23 26 25 -27 -28 -29 32 -31 -32 -33 -34 38 -36 -37 37 -39 39 41 51 48 43 53 -46 -47 47 -49 49 50 -52 -53 -54 -55 55 56 -58 60 -60 -61 -62 -63
leaf_value=0.01902506720269613 0.049475874136366657 -0.0055884216616384277 0.043832953475930359 -0.094445040388083115 -0.063212736093305064 0.045561670100300176 -0.013272130425666854 0.02234452794310644 2.4328116478798491e-05 -0.055119070765426582 0.021087929174517815 -0.02821095679108351 -0.025787296356913292 0.10611065897912547 -0.076771055486474324 0.012327535564397364 -0.017054617022818845 0.020277852557026962 0.023574477487703516 0.0056454005547303884 0.045505014346259968 -0.14481251999097547 0.021966676629606764 -0.026027689055282285 -0.019763475515910602 0.025334457205418066 -0.014816933422220683 -0.087196888578552845 -0.01461950281748442 0.029125593530202682 0.00092469042670008633 0.095677776631444222 0.03075143662990696 0.00081538428607223811 -0.0047590692374833215 -0.0057601614322652286 -0.0080518028882347742 -0.091398742880099137 0.0056821764395820181 -0.039191588788025852 0.09147346674042986 0.0056388599283144041 -0.022921794017089017 0.0086924040295476967 -0.032520293275578864 0.071827037843049002 -0.036842783920307071 0.037904808016188229 -0.0015089650693038761 -0.061749561111679244 -0.0781123465463857 0.024121650812940008 0.053626056497266851 -0.059585058358307033 0.051876028347510275 -0.028520059876893347 0.058922644202447631 -0.058508575685835222 -0.07734379687253308 0.039551291180568195 0.056484546244997304 -0.080134098977978005
leaf_weight=276.50169091112912 17.079400644404814 92.432975692208856 74.943448793608695 2.7617155038751653 5.9904887378215772 4.9083441777620465 175.34683118574321 62.7779466570355 3317.7673685047776 9.6772924000397307 290.94528178218752 96.421965412795544 92.173927460797131 3.8742695152759543 12.094869989901779 225.26861926168203 255.4751254580915 130.48186598811299 110.59025077382103 944.98693928681314 26.264427634188909 1.5748320221900929 47.902991928160191 23.959841057658195 93.714913472533226 24.440252676606178 91.904588170349598 15.660386037081478 44.951345279812813 14.513258416205643 176.71407646127045 2.3463691268116227 23.447877883911133 25584.129097757395 2752.0827614769805 235.75016443710774 37.09357297886163 7.2632756289094678 650.04102555196732 30.782537296414375 14.872599564492701 1200.8649201209191 20.139729060232639 38.156698305159807 71.089344282168895 16.753027667291462 44.268122930079699 16.002493187785149 15127.240756489104 7.1532357707619694 20.957923050038517 80.319859439507127 9.4895186293870193 15.355112290941177 19.209997609257698 63.458032676018775 14.527162075042723 4.1721153138205436 18.134177416563034 11.677454493939875 14.730446330737321 36.580779103562236
leaf_count=1764 4422 1242 7455 47 24 169 1065 307 15546 64 1540 432 1976 15 74 964 1163 823 1755 5955 1209 7 212 124 441 104 475 85 200 112 766 32 98 140472 15275 1237 304 40 3515 182 59 7767 95 273 566 130 277 185 73428 30 147 784 150 223 87 294 61 43 98 62 201 179
internal_value=3.97281e-05 2.37777e-05 0.0129949 0.0323814 0.0364616 -0.0142256 -2.07357e-05 2.34569e-05 -3.22587e-06 0.00216781 0.00998671 -0.000315248 -0.000263751 -0.0179768 -0.0219457 0.000319065 -0.000378055 0.000790722 0.00695471 0.00502944 -0.000216404 0.034739 -0.000237225 -0.0118676 -0.00108807 -0.010435 -0.0254773 -0.0502056 -0.016116 -0.015864 -0.00970321 -0.0227721 0.000934069 -0.000162698 -0.00306991 0.00528195 0.0133951 -0.0216996 6.03267e-05 -0.00104064 0.00601742 -0.00139345 -0.0164096 -0.0360717 -0.00717576 0.00383499 0.00233549 -0.0218145 -0.00107694 -0.00160875 -0.0417518 0.0346445 0.00403637 -0.0108997 -0.00392012 0.00543187 -0.00377664 -0.0148358 -0.0347149 -0.0208971 0.0311036 -0.0598197
internal_weight=52952.2 52935.1 181.037 88.604 85.8423 10.8988 52754.1 52578.7 52516 5626.73 1356.2 4270.53 46889.2 125.003 121.128 4105.71 3880.44 3448.25 1065.25 954.664 46764.2 27.8393 46736.4 297.583 166.058 118.155 131.525 39.6202 164.821 109.034 432.189 94.5203 68.3992 46438.8 3308.69 556.609 320.859 44.3568 43130.1 17546 835.316 16710.7 344.955 110.232 234.723 163.633 740.123 90.0822 16365.7 15164.8 37.6007 95.1925 16.6428 53.5118 146.88 116.098 96.8878 82.3606 74.0798 55.9456 18.9026 56.7205
internal_count=296831 292409 8937 7695 7648 193 283472 282407 282100 29306 9314 19992 252794 2209 2194 19262 18298 16369 7774 6019 250585 1216 249369 1441 757 545 684 209 730 2120 1929 2008 298 247928 18620 3345 2108 344 229308 88836 4980 83856 2334 770 1564 998 4137 622 81522 73755 327 843 180 496 868 686 599 538 437 339 244 274
is_linear=0
shrinkage=0.05


Tree=120
num_leaves=63
num_cat=0
split_feature=21 47 15 9 12 12 36 19 69 6 26 40 53 27 69 38 57 30 24 55 69 45 42 58 48 63 38 0 1 45 67 46 45 45 24 0 68 1 5 19 60 63 69 40 42 68 69 35 60 61 21 0 40 64 40 63 7 58 63 35 36 58
split_gain=15.8876 16.2571 11.5877 14.5716 17.0213 15.9195 26.1392 11.3094 11.1341 10.8138 22.3257 12.4882 18.7203 17.8 18.0559 24.4752 12.7386 19.2637 12.4576 10.6637 13.5991 21.2881 17.4002 19.6819 16.4685 14.6043 15.7045 15.3863 16.9599 13.5633 19.4989 10.6431 18.0773 22.2079 16.6919 13.8782 13.8677 16.6255 18.3029 16.3624 16.2785 15.3744 20.4096 34.2209 19.0614 19.0844 17.667 19.2251 17.5614 23.9363 23.0481 16.7133 27.884 20.1701 19.8362 19.1799 16.8975 14.9285 31.2593 28.0717 21.5024 19.4617
threshold=14.071428571428573 1.2572830495136293 0.57905930920433624 4148.5000000000009 6.3650000000000011 6.5850000000000009 21.504250000000003 1.2789225281647012e+18 0.050008090413482302 6.7300000000000013 1.0000000180025095e-35 300.50000000000006 86.500000000000014 0.19441633935269853 9.2151272061935234 3035647219.2535701 4.9633655074657286 30.500000000000004 0.21213203435596428 2773498.4095325577 8.4695520400288782 1.277336711480155 6.705000000000001 1387555.985352624 183381802.33500051 5.3034383433147534 6802800.715789956 20.014000000000003 4.0450000000000008 1.0133537911075883 0.50751903745502724 575.75603448275876 0.90478017063177651 0.97494679610934232 0.39698866482558409 550.05000000000007 52.647956824849047 6.9450000000000012 0.94500000000000006 4.0018379721507447e+19 12.857142819948981 97.38779615232572 12.970280177242291 219.50000000000003 7.5950000000000006 14.976542208875104 37.947048243757941 1.8010675180911502 7.4808358073659376 12.60995974241902 0.78571428571428581 89.250000000000014 27.500000000000004 2.5000000000000004 29.500000000000004 122.37076993732275 17.550000000000004 2566742.1208866327 54.235021026855783 1.9000383583267297 43.397322057787179 11945464.489365352
decision_type=2 2 2 2 2 2 2 2 2 2 2 2 2 2 2 2 2 2 2 2 2 2 2 2 2 2 2 2 2 2 2 2 2 2 2 2 2 2 2 2 2 2 2 2 2 2 2 2 2 2 2 2 2 2 2 2 2 2 2 2 2 2
left_child=2 -2 3 -1 7 6 -6 -5 -4 10 -10 31 13 14 -13 18 -15 -18 -16 20 21 22 23 24 25 26 27 28 -12 30 -26 35 34 -34 -33 36 37 39 -39 41 57 46 43 44 45 -43 -11 48 50 -50 -48 52 55 56 -53 -44 -54 -38 59 -59 -60 -61
right_child=1 -3 8 4 5 -7 -8 -9 9 11 19 12 -14 16 15 -17 17 -19 -20 -21 -22 -23 -24 -25 29 -27 -28 -29 -30 -31 -32 32 33 -35 -36 -37 40 38 -40 -41 -42 42 51 -45 -46 -47 47 -49 49 -51 -52 54 53 -55 -56 -57 -58 58 60 61 -62 -63
leaf_value=0.019909423150611821 -0.10265177156899737 0.041208735282032852 -0.030356981968919207 -0.012503920275565376 -0.15280161512360046 -0.0077356779175708369 -0.010224421207713094 0.039915338517811323 0.060836533670657347 -0.00056252183902053725 0.10329548901774238 0.037668699530946065 -0.044090192860489985 0.044192932366625651 -0.03006641392815684 0.051582279932267883 -0.11504956045841008 0.024650403754198743 -0.11950405124642086 0.039986784400747988 -0.026171420228119347 -0.044173423116916362 -0.038209222094779054 -0.051235047284203299 -0.014125138593681953 -0.021528795130335333 -0.033034621899152308 0.101929717968386 0.0029715784663035686 0.068640613931151909 0.048246517599992642 0.014504539196333367 -0.079429162017664076 -0.015870947796707651 -0.050718324682891169 0.0052142784309665109 -0.0029263189015683831 0.0067228564158847912 0.04189359854853409 0.014966349846962702 0.034192861948455555 0.01106019707679551 0.0009620204657615314 -0.075426708938954146 -0.038050822729232631 0.0027431406252305434 0.0024784047490495355 0.040769650278315347 -0.1008247485601242 0.022829469312929049 0.024166351189653185 0.007307803209749917 0.0030126599431522928 0.037403296849405819 -0.0078043441316614712 -0.0065530799717497066 0.033124918033348931 -0.015710205577788489 -0.016340196615804544 0.033322454406238343 0.01177113816446885 -0.016884744310948389
leaf_weight=160.30683479830623 2.0825694834347805 34.437724701827392 30.261743629351258 16.759607923217118 5.5285083507187647 46.757115276996046 7.6806981852278113 26.653300545644015 11.268648379482327 32027.496592121199 4.948905434459447 13.618686169385908 11.849420929327605 65.677056218031794 9.2286482378840464 5.872797343414276 3.2586342860013238 10.166394362691788 6.734770579263567 10.119154803454874 115.27463510958478 30.630626693367958 25.506128703709692 13.932161040604113 25.274525411427021 49.521145291626453 12.276523347944019 6.513909336179494 28.316324891522527 16.859434325248003 24.851755559444427 70.29773323982954 16.431881174445152 84.01023967564106 11.400273423641918 1266.8410744126886 7184.0713301089127 195.73165036784485 45.611069055972621 186.99498726753518 31.049275951692834 1181.6900758109987 1501.9182031871751 13.017359957098959 24.54029893851839 1656.7424041014165 897.08694262802601 38.152731522917747 9.0624845877755416 6.8883697020355603 141.87401823420078 1290.6567787379026 753.71484164218418 50.658566868631169 261.0646932143718 1953.063231552951 49.657658541575074 298.41432514414191 75.412072637118399 57.90711909532547 694.35729715321213 28.951267011463642
leaf_count=4732 69 6891 1436 141 40 891 87 285 245 168291 60 113 82 2102 56 272 27 365 85 56 967 280 155 146 146 589 118 81 330 122 144 352 76 489 67 6105 40537 900 263 4126 184 6427 6342 103 206 9519 5219 186 109 87 1160 5416 4467 349 1249 8050 265 1438 452 248 2897 139
internal_value=3.7909e-05 0.0330051 1.51498e-05 0.0104705 -0.00416601 -0.0214286 -0.0698979 0.0196788 -3.7227e-05 -1.97857e-05 -0.00847681 4.09802e-05 0.0157377 0.0219261 -0.00751304 -0.0356917 0.0351212 -0.00925873 -0.0677991 -0.0106225 -0.0120695 -0.00525737 0.000473488 0.00587993 0.0106006 -0.00209079 0.0164008 0.0316574 0.0178969 0.0298459 0.0167977 2.89988e-06 -0.0120625 -0.0262688 0.00540323 4.52241e-05 -8.40478e-05 0.00028402 0.0133697 0.000208905 -0.00194351 0.000142977 0.00200875 0.00545856 0.00582633 0.00620568 -0.000349186 0.00590169 0.00464063 -0.0474247 0.00543998 0.00031585 -0.00128645 0.00680349 0.00476531 -0.00328618 0.00487394 -0.00207805 0.00319794 -0.00842878 0.00901715 0.0165876
internal_weight=52936.9 36.5203 52900.4 263.686 103.379 59.9663 13.2092 43.4129 52636.7 52606.5 375.294 52231.2 126.406 114.557 35.4549 21.8362 79.1021 13.425 15.9634 364.025 353.906 238.631 208.001 182.495 168.563 101.577 52.0557 39.7791 33.2652 66.9857 50.1263 52104.8 182.14 100.442 81.698 51922.6 50655.8 42285.6 241.343 42044.3 8370.16 41857.3 8736.72 2875.99 2862.97 2838.43 33120.6 1093.06 1054.91 15.9509 1038.96 5860.73 4309.01 854.031 1551.72 3454.98 803.373 8339.11 1155.04 385.273 769.769 86.8584
internal_count=296831 6960 289871 6176 1444 1018 127 426 283695 282259 3439 278820 3102 3020 526 413 2494 392 141 3194 3138 2171 1891 1736 1590 1178 589 471 390 412 290 275718 984 565 419 274734 268629 222734 1163 221571 45895 217445 42393 16255 16152 15946 175052 6761 6575 196 6379 26138 19473 5081 6665 14392 4732 45711 5174 1825 3349 387
is_linear=0
shrinkage=0.05


Tree=121
num_leaves=63
num_cat=0
split_feature=10 30 33 24 63 60 61 33 8 43 40 36 27 63 17 15 27 33 59 70 59 17 22 28 34 43 44 7 1 44 48 1 62 67 68 15 66 60 44 67 43 40 56 70 22 28 59 48 24 7 66 40 39 45 28 0 59 54 21 5 39 63
split_gain=15.4277 11.5201 26.8773 25.0865 13.4515 17.3287 14.0237 11.4903 10.7742 10.9954 44.4142 17.084 17.81 17.6178 15.9733 16.1899 30.8886 47.7226 50.8548 15.3787 14.9521 21.8644 21.6838 15.663 21.672 14.7365 22.3995 14.5288 15.3481 13.9484 14.5838 14.9539 13.461 13.2963 13.0257 12.9548 14.3149 13.8772 13.1052 17.711 14.419 20.5471 19.4042 17.3808 15.5961 28.1241 23.7463 15.2506 15.2105 17.3778 16.1948 14.351 19.2831 21.578 16.0279 14.6848 21.7028 14.2285 15.0934 14.1697 14.3929 20.2209
threshold=57.500000000000007 162.50000000000003 4.5923538461538476 0.34720972680047218 119.44883983181386 0.69498069479957081 0.052741989278349062 4.4800943396226431 0.57500000000000007 5.0273205741626814 8.5000000000000018 72.504545454545465 3.6542677770961629 132.22316551234059 2.5499999999999985 0.59906585043449712 1.2106313607869836 5.2004464285714294 42.647306790180103 4.1641335738964118 1912.9801129416526 3.6455575208653941 7.6950000000000012 144584649.27329287 0.44369423012888182 5.225378787878789 0.3327137917003497 8.1250000000000018 5.8550000000000013 0.82800832358843324 22751352802.89983 5.1050000000000013 0.80000000000000038 -0.70088257582277225 47.82091111242287 0.57905930920433624 0.49240481012316856 5.5102040740420657 0.4316555694210894 0.0087262032186418322 4.5130693581780559 524.50000000000011 232.50000000000003 39.559289847204603 6.0950000000000006 1064770981.463791 141.46609392965144 16771531282.1355 0.16996731711975968 7.5500000000000007 0.59480013772226081 115.50000000000001 1.7541505872277629e+18 0.67556919407172522 1020140476.0303177 183.95000000000002 177.09673713188911 1.1636885464104989 0.5 0.92500000000000016 1.5185747365468838e+18 26.706199187469299
decision_type=2 2 2 2 2 2 2 2 2 2 2 2 2 2 2 2 2 2 2 2 2 2 2 2 2 2 2 2 2 2 2 2 2 2 2 2 2 2 2 2 2 2 2 2 2 2 2 2 2 2 2 2 2 2 2 2 2 2 2 2 2 2
left_child=1 8 3 4 5 7 -6 -3 9 20 11 12 13 32 15 16 -12 -18 -19 -13 22 23 29 24 34 -17 -27 -14 -29 35 33 -32 -11 -31 -22 36 -1 -38 39 59 44 42 51 -43 45 47 -46 48 49 -41 -51 52 54 -54 -42 56 -55 58 -52 -37 -61 -62
right_child=-2 2 -4 -5 6 -7 -8 -9 -10 10 14 19 27 -15 -16 25 17 18 -20 -21 21 -23 -24 -25 -26 26 -28 28 -30 30 31 -33 -34 -35 -36 38 37 -39 -40 40 41 43 -44 -45 46 -47 -48 -49 -50 50 57 -53 53 55 -56 -57 -58 -59 -60 60 61 -63
leaf_value=-0.0058558791960793164 0.049347078308072008 -0.070528786279096964 0.049819131572404023 0.039814090032019606 -0.027357431426486729 0.043041586097643594 -0.16271274793640295 0.015924483765783093 -0.012288828719486274 -0.0018919851996093398 0.012019190889986806 -0.005064296636821319 0.017832852411824213 0.0092019435307679493 0.027749539045093599 0.0061781976832420912 0.011089219036171652 -0.56837523068065177 -0.10044871870129113 -0.029698622348431066 -0.003393820535706481 0.098333164658217564 0.037398433586911715 -0.075909000131802754 0.078034189474118706 0.054125943384803192 0.013421827657285546 0.0083761187102755052 -0.044482669689788867 0.019861333493712569 -0.017260261448618915 -0.068736145975698784 0.016056055891716575 -0.010228903367356844 -0.039222811611860926 -0.0022937635387054083 0.0021434051454286367 0.038365821577658957 -0.0015126390858767773 -0.00046085183035802287 0.0027617124814180148 -0.12227804191824708 0.076264196800967521 0.014860383815612733 -0.05483383509464114 0.076355144027246136 0.017221347631832092 0.03766879367244972 -0.0041831588213134567 4.3718589293046398e-05 0.010203792737296555 0.024991131290839408 0.02328388706142075 -0.037461954468795869 0.057350110883413297 -0.092967654072208916 0.039810710277071226 -0.024701191734466232 0.040292461116359202 0.0010419794590691351 -0.039376832586277548 -0.0008029405176322162
leaf_weight=61.2884040127974 15.85719630261883 11.942238852847373 38.13664492755197 19.766942384885624 4.1987560414709142 8.8547733712475729 3.5160891343839467 5.667222104035317 178.03170585539192 3046.5781288770959 8.0715876379981619 517.71689623221755 251.18283598870039 459.57542779669166 123.87243711622432 797.22522459714673 2.3270250563509753 1.0446272362023594 1.3073262106627224 72.1884820535779 52.184734892100096 3.9360947459936133 38.369594945572317 11.883004371076821 5.8657131008803836 40.65457633882761 200.42873299820349 41.246543902903795 20.587297440506518 51.203203648328781 110.33198790205643 16.177429686300457 108.17741408478469 129.73067485541105 49.362520636059344 8273.7191245034337 43.341267066076398 67.812659925315529 13266.008794779889 4689.5613067029044 9176.4481906648725 6.0248063355684263 8.9924715980887395 3.7475686739198864 30.944211324676871 12.061639074236153 18.135406911373138 26.706069702282548 1826.8209370747209 659.05530434660614 710.17157182469964 72.171307363314554 22.435781656298786 53.983370768371969 13.466474603861569 8.8925814777612668 10.925707144662736 27.412955440580845 44.277974203228951 7185.341817160137 53.224381052423269 93.936992867384106
leaf_count=725 4422 58 3535 1245 86 479 26 151 1118 14605 220 2229 1304 2122 2825 4980 134 37 74 367 930 15 3311 75 37 202 1501 220 135 227 646 95 457 599 1154 45215 537 1336 67347 25148 51302 29 48 115 171 60 107 199 7962 3100 3414 727 259 347 78 44 61 122 179 37343 309 926
internal_value=3.62517e-05 2.14699e-05 0.0176912 -0.00502127 -0.0309511 -0.0140152 -0.0890465 -0.0427057 -9.34241e-06 3.21969e-05 0.00210749 -0.000144988 0.00104672 5.58358e-05 0.0107676 0.00876617 -0.0472325 -0.149446 -0.30828 -0.00807887 -0.000219485 -0.0176131 -0.000173698 -0.0214386 -0.0154126 0.00945384 0.0202859 0.0124882 -0.00922298 -0.000204519 -0.0108195 -0.0238428 -0.00127654 -0.00171355 -0.0208104 -0.000134286 0.0135448 0.0242419 -0.000185239 0.000347916 0.00144375 0.0027761 0.0028517 -0.0696874 -0.000109184 6.329e-05 -0.0282087 -5.1966e-05 -0.000178563 0.00101477 0.00581726 0.00278116 0.00260854 -0.0196565 0.0028417 -0.0327104 -0.0244552 0.0106839 0.0119697 -0.000875434 0.000724956 -0.0147541
internal_weight=52914.1 52898.3 92.0827 53.946 34.1791 26.4642 7.71485 17.6095 52806.2 52628.1 5692.18 4517.25 3927.35 3614.33 1174.93 1051.06 12.7506 4.67898 2.35195 589.905 46936 123.232 46812.7 119.296 107.413 1038.31 241.083 313.017 61.8338 46774.4 307.443 126.509 3154.76 180.934 101.547 46466.9 172.442 111.154 46294.5 33028.5 17422.2 9377.09 9367.32 9.77238 8045.15 7996.07 49.0796 7984.01 7957.3 6130.48 1440.92 9358.32 9286.15 96.2374 9189.91 73.8017 64.9091 781.863 754.45 15606.2 7332.5 147.161
internal_count=296831 292409 5580 2045 800 688 112 209 286829 285711 31412 21439 18843 17184 9973 7148 465 245 111 2596 254299 2211 252088 2196 2121 6683 1703 1659 355 248777 1567 741 15062 826 2084 247210 2598 1873 244612 177265 93472 53010 52866 144 40462 40184 278 40124 39925 31963 6815 52818 52091 711 51380 452 408 3715 3593 83793 38578 1235
is_linear=0
shrinkage=0.05


Tree=122
num_leaves=63
num_cat=0
split_feature=10 40 33 57 33 48 40 30 56 50 58 43 53 69 40 56 36 52 44 20 58 55 44 30 32 37 69 58 32 36 63 55 61 9 57 56 26 58 25 37 43 57 46 70 44 61 70 42 48 48 69 37 58 40 46 46 66 42 66 57 57 30
split_gain=14.6411 10.9198 18.8778 18.7695 15.3815 12.577 10.954 11.5145 10.9419 34.4789 20.6456 20.4709 17.6632 20.5121 16.6227 16.1982 16.1235 17.9643 18.7765 14.182 14.2322 14.0938 42.5404 19.4507 13.6498 13.5485 20.7045 17.4036 14.0335 13.6648 12.9793 12.936 12.3578 12.3116 13.2105 13.1578 12.1408 11.7588 27.3806 36.5736 17.6978 23.4238 22.589 20.2133 19.2841 19.3129 19.9682 19.4822 25.9541 20.9421 18.9893 20.9809 16.736 16.0208 25.1336 15.9091 18.6125 18.1935 17.3721 17.1719 27.0141 37.9605
threshold=57.500000000000007 300.50000000000006 4.4800943396226431 0.80983820318457445 4.791341829085459 1251660903095.9309 417.50000000000006 104.50000000000001 32.500000000000007 11.500000000000002 20020196.486327756 4.6375216262975796 73.500000000000014 9.2151272061935234 79.500000000000014 785.50000000000011 54.06333333333334 14886368.524633704 0.21248257472880652 29.500000000000004 2139931.8621308538 7964846.1329227118 0.45684969068500797 158.50000000000003 6.6950000000000012 14.255665839761738 15.097897114834087 24152343.420257404 4.6850000000000014 16.991287878787883 92.904983751011414 11742351.845412029 1.3020482823185582 22554.500000000004 3.4123137863827187 66.500000000000014 32.089297385620917 5476522.3712234693 0.83518169596779213 12.495791289994852 4.2994949494949504 1.6703633919355843 198.00166666666669 11.440383617312543 0.42491756644210099 11.929080098739698 15.006825365237992 6.495000000000001 1709394958.3587945 526814557.28941286 31.636936471583983 28.768699576582801 2139931.8621308538 38.500000000000007 31.643650793650799 11.614614475566521 0.40673664307580032 4.8850000000000007 0.43049470426488845 1.3028834457097578 0.95334461619688449 10.500000000000002
decision_type=2 2 2 2 2 2 2 2 2 2 2 2 2 2 2 2 2 2 2 2 2 2 2 2 2 2 2 2 2 2 2 2 2 2 2 2 2 2 2 2 2 2 2 2 2 2 2 2 2 2 2 2 2 2 2 2 2 2 2 2 2 2
left_child=1 8 3 -3 -4 -6 7 -5 9 21 15 12 13 -12 25 19 17 18 -14 20 -10 23 24 37 -23 26 -15 -28 -29 -27 33 -21 -19 -31 35 -35 -37 40 39 -39 41 44 43 -43 45 46 47 48 49 50 52 -52 -1 -51 -55 58 59 -58 -40 60 61 -57
right_child=-2 2 4 6 5 -7 -8 -9 10 -11 11 -13 16 14 -16 -17 -18 32 -20 31 -22 22 -24 -25 -26 29 27 28 -30 30 -32 -33 -34 34 -36 36 -38 38 55 -41 -42 42 -44 -45 -46 -47 -48 -49 -50 53 51 -53 -54 54 -56 56 57 -59 -60 -61 -62 -63
leaf_value=-0.0040248186769603128 0.049233016623943922 0.029369363877903277 0.034323659108760105 0.027915854324516723 -0.13360918536748648 0.052219084781531783 -0.062906655133473044 -0.055971271942608626 -0.0269301447306622 0.040948521567147976 -0.038089092493406827 0.077086120598716973 0.03522589647892406 0.058717495910732581 0.062756723632803768 0.059228457344645748 0.036702402371980955 0.073975544866527659 -0.025647948763287923 -0.088264282286394338 -0.0059730376964845615 -0.028074048513941137 0.036220854712249305 0.039376046388041742 -0.099618271732493491 0.0544459073038999 0.041162735336769674 -0.033250848269572662 0.021980196131354948 -0.035598811708026458 0.021368434246218829 0.030202788132380726 0.0034213881557683666 -0.033109261729582777 0.039478736696594831 -0.021028887907023258 0.024859240744660973 -0.062197442162617425 0.084319375757575157 0.0019377541815630292 0.00016648144545497649 -0.033029213445957946 0.026543257960382479 0.042170253703528483 -0.048290397422637535 0.020568502177069667 -0.028575939105894895 -0.076763506530511602 0.052460805014343539 -0.07237894972515628 0.072721291305657965 0.0090873075458442806 0.014105103704901879 -0.066505107487812118 0.017350248798130779 0.022441009562695825 -0.0065020791487117539 0.013854804129597687 -0.0044423389340120445 -0.012334510943342255 0.018500832417115764 -0.032452958892054129
leaf_weight=1854.1292356317863 15.117912410059942 19.754461744101718 77.228762396844104 10.458120224997403 2.5321242334321137 1.42178548569791 15.464075156254692 6.7186702059116206 87.493173399940133 51.653838332742453 21.11501195281744 9.4154655598103982 13.901246100664137 31.467206582427025 15.819632776547222 9.0024259611964208 17.929990075528622 7.9044354017823926 142.73935788217932 9.8011843580752593 1093.5901519814506 12.263467513024809 15.896745703415943 31.505480410996825 14.608240384608505 11.998901784420012 28.493635818362236 25.627249583601952 20.865031123161316 31.92058701813221 49.978343591094017 3.0126181389205149 28.889980825362727 33.160359352827072 17.52184097468853 24.318117722868919 35.39176569879055 34.80317904567346 13.399018078111114 61.524194087833166 46889.723388480488 144.96512334235013 21.290100574493408 9.5231425501406175 23.082800224423409 88.323409067466855 75.323560402728617 8.7685619592666608 21.591084286570549 17.59561525285244 16.303902357816696 63.034510210156441 136.67486498691142 14.44717778265476 23.423603534698486 51.377949856221676 131.49580360949039 663.93145657610148 9.3653642712160927 218.92391650006175 180.63405495882034 81.374791757203639
leaf_count=12448 4422 202 3820 85 33 156 142 64 704 587 114 87 63 144 119 47 75 52 732 129 5797 61 156 2222 72 50 117 125 84 141 197 90 247 161 75 109 148 269 68 405 252124 750 90 48 111 747 671 35 79 75 57 237 747 60 86 216 674 2973 73 1002 753 404
internal_value=3.4893e-05 2.08292e-05 0.0142986 -0.00909857 0.0293992 -0.0667872 -0.0323796 -0.00489644 -1.53246e-05 0.000118904 -0.00387852 0.00397376 0.00274239 0.00967203 0.0127602 -0.0075893 -0.00865628 -0.0128607 -0.0202456 -0.00809313 -0.00752551 7.74936e-05 -0.0286131 0.000101607 -0.0669676 0.0102149 0.0246779 0.0103935 -0.00846399 0.0026784 -0.000551879 -0.0604118 0.0185783 -0.00825001 -0.000341921 -0.00785489 0.00617033 7.7276e-05 0.00452027 -0.0212344 -5.28292e-05 -0.00413602 -0.0217398 -0.0283937 -0.00281517 -0.00236264 -0.00327034 -0.00238623 -0.0020825 -0.00263653 -0.00182416 0.022164 -0.00278014 -0.0329561 -0.0146394 0.00635728 0.00564669 0.0104895 0.0478024 -0.0015899 0.00591601 -0.0112079
internal_weight=52901 52885.9 133.578 52.3953 81.1827 3.95391 32.6409 17.1768 52752.3 50981 1771.36 568.458 559.043 347.678 326.563 1202.9 211.365 193.435 156.641 1193.9 1181.08 50929.3 42.7685 50886.5 26.8717 310.743 106.453 74.9859 46.4923 204.29 192.291 12.8138 36.7944 142.313 110.392 92.8702 59.7099 50855 1446.83 96.3274 49408.2 2518.48 175.778 154.488 2342.7 2319.62 2231.29 2155.97 2147.2 2125.61 2070.14 79.3384 1990.8 55.4664 37.8708 1350.5 1327.74 795.427 22.7644 532.311 313.387 132.753
internal_count=296831 292409 4502 493 4009 189 291 149 287907 278300 9607 2840 2753 1584 1470 6767 1169 1094 795 6720 6501 277713 289 277424 133 1351 470 326 209 881 831 219 299 634 493 418 257 275202 6837 674 268365 16241 888 798 15353 15242 14495 13824 13789 13710 13489 294 13195 221 146 6163 6022 3647 141 2375 1373 620
is_linear=0
shrinkage=0.05


Tree=123
num_leaves=63
num_cat=0
split_feature=10 48 15 9 33 8 64 37 18 60 22 22 60 47 56 56 44 56 59 42 43 57 67 33 56 50 43 52 40 63 67 26 51 50 59 69 50 13 60 31 27 31 31 34 31 46 48 46 24 34 57 51 22 40 42 39 24 40 36 69 57 57
split_gain=14.2719 18.2847 20.6654 19.2246 17.1482 10.6625 13.9594 16.5572 18.1967 16.5043 12.9301 12.9052 12.274 13.678 10.42 15.5357 19.0396 11.5061 27.8843 13.8612 21.4982 15.8544 14.6096 14.4402 13.8033 24.8697 18.3006 24.8911 20.3794 15.966 17.6405 18.7981 15.9475 14.6281 25.233 17.4792 15.1522 14.3595 13.8725 13.758 18.3716 13.3842 13.534 29.8053 16.3653 13.157 16.9095 13.0909 12.681 17.3317 14.2641 12.5605 15.6492 12.0298 12.0061 13.1088 13.9716 12.081 13.5259 16.0158 13.2703 14.6996
threshold=17.500000000000004 119356201642.28355 0.45307175847452302 3477.5000000000005 4.7291787090558772 0.13550000000000004 1.0000000180025095e-35 9.3785709227856238 888384833.4950875 12.857142850105371 6.7950000000000008 6.8950000000000005 10.47619047244898 22.320269654986266 740.00000000000011 476.00000000000006 0.53467166381561537 273.50000000000006 26.058475593001727 4.9850000000000012 4.3764705882352963 0.73769020236990934 -0.92384435400961362 4.2337121212121227 32.500000000000007 10.500000000000002 4.36224318658281 975572.96129299433 209.50000000000003 79.703211776245936 0.41467745240824977 28.564444444444444 0.50788089826074712 22.500000000000004 351.73630410521577 23.608364865201271 8.5000000000000018 4.2341666666666677 4.2857142846301031 13.216666666666667 2.854976218808245 9.7166666666666668 8.3166666666666682 0.4100771455544952 5.616666666666668 25.003181818181826 1529174843.0337913 14.600854700854702 0.64375514213798357 0.42426406871192862 0.54768045243458474 0.94411843892011327 5.995000000000001 68.500000000000014 6.5950000000000006 1.2689372841304443e+18 0.24999999999999997 9.5000000000000018 18.355238095238096 17.270975952801773 3.6265066431037019 0.86858896380650419
decision_type=2 2 2 2 2 2 2 2 2 2 2 2 2 2 2 2 2 2 2 2 2 2 2 2 2 2 2 2 2 2 2 2 2 2 2 2 2 2 2 2 2 2 2 2 2 2 2 2 2 2 2 2 2 2 2 2 2 2 2 2 2 2
left_child=14 2 3 -2 5 6 7 9 -9 10 -4 -12 13 -10 15 17 -17 24 -19 23 -21 -22 -23 -20 25 41 27 -26 29 30 31 45 -31 34 37 -35 -36 -29 47 -30 -41 42 44 -44 -1 51 -47 -39 49 -34 -51 52 -28 54 55 56 57 -49 59 -59 61 -60
right_child=1 -3 4 -5 -6 -7 -8 8 12 -11 11 -13 -14 -15 -16 16 -18 18 19 20 21 22 -24 -25 26 -27 28 33 39 32 -32 -33 48 35 36 -37 -38 38 -40 40 -42 -43 43 -45 -46 46 -48 53 -50 50 -52 -53 -54 -55 -56 -57 -58 58 60 -61 -62 -63
leaf_value=3.9561182597453802e-05 -0.019784077578975195 0.048461123249260663 0.037924473790782981 -0.26318919694018877 0.042219843087931974 -0.066009842123771187 0.02673996855884956 0.027283412521204354 -0.066268160496861378 -0.052535552579939138 -0.097757254000077634 0.022324913833720723 -0.10552855583551767 0.021613719403404136 0.029887429874433359 -0.047235731623797877 0.012319252945059381 0.063300911415859418 0.075054476134239545 -0.030047311545507674 0.041453975118982571 0.044160434037977425 -0.023443939759528808 -0.0039491965418517573 -0.010140203815470062 0.035221579771919774 -0.061979872056444202 -0.010222822145324389 0.037045122830335737 -0.058887735056462914 -0.038297361710446585 -0.026618021882340939 0.0016365810641743061 -0.03943938682632369 0.021899819062495787 0.027955933500097604 0.10535429740768305 -0.030025397863938669 0.06419694946369961 0.044105678940671578 -0.081402072008613616 0.047750809066987865 -0.10908463968927568 0.05171500613705296 0.043124186336619755 0.054526403050226303 -0.012259272358952231 -0.014765512420901067 0.03575468943400311 0.01104560584111277 -0.041632584666586814 0.0066852170858591083 0.0086931414219317306 0.062204985622244337 -0.041127473252212055 0.061472735541893433 -0.015062754594500363 0.071214633244855982 0.020439717260684082 -0.001422576988692481 0.059750785418215414 -0.012359838901753309
leaf_weight=50782.352172440384 2.0717910730745639 31.154914281331003 33.693193457089365 1.3332643262110648 32.143038488691673 5.5811868384480467 46.239658144302666 9.2153768902644497 11.289718672167515 8.5318183433264476 3.9155182205140573 5.220558918081224 8.1103666555136424 7.2842990094795814 29.111204179003835 37.343143516685814 20.948748230934143 23.772034659981728 12.967908315360548 43.712923683226109 30.926743535324931 10.804949655197559 30.690946546383202 10.44044918194413 342.83550480939448 50.336633588187397 19.828998528420925 91.232919000089169 34.859556888230145 13.076998932287095 98.507725466042757 125.25331279844977 215.10932511184365 32.504129886627197 11.160044007003309 13.665225610136984 10.609784729778765 19.103545881807804 12.315939161926506 5.2637346498668176 6.5364315952174366 14.70700457994826 8.0938059152103943 4.4751744542736551 22.049962547374889 21.594606675207615 16.891043249517679 29.259862430393696 20.223387124016881 17.488294123671949 48.458359558135271 44.711190478876233 12.947570547461508 11.767210021615027 10.785788372159002 13.099305495619772 45.440522737801075 23.688315108418465 101.47262291610241 11.165814161300657 14.309141859412192 51.494315400719643
leaf_count=270576 109 7456 1307 27 2221 35 969 135 99 77 34 92 60 188 180 204 99 120 70 219 139 72 162 78 2093 464 100 414 613 79 593 741 1004 170 61 57 48 108 56 88 65 1234 84 383 1349 88 90 188 102 77 204 209 87 44 49 47 195 105 448 54 59 253
internal_value=3.31223e-05 0.013175 0.00687977 -0.11509 0.00930533 0.00169849 0.00452913 -0.00724042 -0.0332915 0.0109684 0.0236188 -0.0291396 -0.0542109 -0.0318029 -1.82146e-05 -3.47499e-05 -0.0258331 -6.15561e-06 0.0132447 0.00471739 -0.00235746 0.0143556 -0.00584071 0.0398178 -4.74323e-05 9.40141e-05 -0.00470073 0.000249493 -0.0106764 -0.0129538 -0.0204681 -0.0131873 -0.00483282 0.00732987 0.0100401 -0.0194917 0.0625724 0.00741195 0.0120902 0.0212487 -0.0254165 5.92287e-05 4.54262e-05 -0.0518321 5.82606e-05 0.0013181 0.0252147 0.0101549 -0.00248657 -0.00523822 -0.0276629 -0.0105506 -0.0340623 0.0126113 0.0106706 0.0125976 0.0102849 0.0152627 0.0196095 0.0479447 0.0137054 0.00939818
internal_weight=52885.2 205.785 174.63 3.40506 171.225 139.082 133.501 87.2609 35.8998 51.3611 42.8293 9.13608 26.6844 18.574 52679.4 52650.3 58.2919 52592 163.316 139.544 116.136 72.4226 41.4959 23.4084 52428.7 50882 1546.66 845.91 700.751 654.091 339.734 241.227 314.356 503.074 456.905 46.1694 21.7698 435.135 343.902 46.6597 11.8002 50831.7 50817 12.569 50804.4 115.973 38.4856 331.586 301.279 281.056 65.9467 77.4878 32.7766 312.483 300.716 289.93 276.831 231.39 202.13 34.8541 167.276 152.967
internal_count=296831 12809 5353 136 5217 2996 2961 1992 482 1510 1433 126 347 287 284022 283842 303 283539 860 740 592 373 234 148 282679 274090 8589 4449 4140 3374 1908 1315 1466 2356 2129 227 109 2020 1606 766 153 273626 272392 467 271925 574 178 1550 1387 1285 281 396 187 1442 1398 1349 1302 1107 919 159 760 701
is_linear=0
shrinkage=0.05


Tree=124
num_leaves=63
num_cat=0
split_feature=10 9 19 64 43 44 61 67 63 19 16 67 69 25 41 3 46 70 1 35 46 37 27 20 7 0 3 44 70 41 69 45 70 37 7 43 32 44 68 44 63 1 44 62 1 69 63 69 16 27 31 38 28 44 2 3 68 52 44 46 67 68
split_gain=13.3266 10.5548 17.2671 18.3527 23.506 17.863 17.2389 16.287 15.9733 13.2464 18.9103 14.5884 14.1331 14.1341 22.7953 14.0279 13.4871 23.2715 13.9644 13.8898 12.5296 17.7398 18.372 23.4685 18.0234 14.5642 12.3406 12.3691 13.8359 12.2462 19.2421 12.1899 17.3588 18.5897 14.5352 12.1673 16.2036 17.5445 11.9897 13.228 12.4441 11.7605 13.3591 11.4843 22.6358 18.2608 14.4819 13.9393 15.3941 14.1205 14.0748 16.0149 21.5105 15.9364 15.7453 13.3577 14.0164 13.0198 12.9777 18.4231 17.2309 12.6869
threshold=57.500000000000007 8150.0000000000009 3.5874449613878175e+18 2.5000000000000004 5.3670833333333343 0.66366954876927242 10.592252618833813 0.79332313182700742 38.088268959839716 2.1621111547229998e+18 77.333333333333343 0.36648727148060617 22.353616414826622 0.46531551632491236 0.2388888888888889 107.95000000000002 7.623193277310925 121.73029870830875 5.495000000000001 1.8095603412635513 135.89531250000002 31.097913897701911 27.000014814806693 12.500000000000002 12.250000000000002 565.05000000000007 329.95000000000005 0.82800832358843324 50.573266641702581 0.16111111111111107 12.588400214084791 0.51093468459206093 35.931126947970078 69.09504181505288 12.65 4.9200946372239764 6.0950000000000006 0.55336960560022652 15.708125565581186 0.62067145377314303 27.622306274537966 5.6750000000000007 0.47359649784037267 -0.039999999999999543 6.0650000000000004 0.18639379154116154 13.978977794713476 16.50721602648677 9.6083333333333361 1.5974871919038065 2.5833333333333339 629310439.96096146 22400860.189232778 0.50290880349234424 9.5000000000000018 114.65000000000002 52.647956824849047 3706854.5102094403 0.35832763863858175 10.004687500000001 0.83385407025023295 1.7199601822383843
decision_type=2 2 2 2 2 2 2 2 2 2 2 2 2 2 2 2 2 2 2 2 2 2 2 2 2 2 2 2 2 2 2 2 2 2 2 2 2 2 2 2 2 2 2 2 2 2 2 2 2 2 2 2 2 2 2 2 2 2 2 2 2 2
left_child=1 2 -1 20 5 -5 -7 8 -8 16 12 -12 13 14 -11 -15 17 18 19 -3 21 22 24 -24 38 -22 27 31 29 -29 -31 32 33 34 35 36 -18 -38 -4 -40 -41 42 -17 44 45 -33 47 48 49 -47 51 52 55 -52 -53 -50 -57 -49 -48 60 -60 -45
right_child=-2 9 3 4 -6 6 7 -9 -10 10 11 -13 -14 15 -16 41 26 -19 -20 -21 25 -23 23 -25 -26 -27 -28 28 -30 30 -32 43 -34 -35 -36 -37 37 -39 39 40 -42 -43 -44 61 -46 46 58 57 50 -51 53 54 -54 -55 -56 56 -58 -59 59 -61 -62 -63
leaf_value=0.00092280279233201653 0.04910866838557968 -0.019101804087005736 0.020613063466411688 0.011527035654948876 0.030623951956508494 -0.097517000855579974 0.015955575889060172 -0.051160121870498315 -0.048796589622527586 -0.01895015661259488 -0.020956564219800529 -0.086479977892827575 0.011984936518658656 -0.039063651523317977 -0.14704336771990092 0.025392290773512689 -0.0035759167380320631 0.028958835823181123 0.031537261602913459 0.043101102982395882 -0.045437166095770157 0.036181278005278227 0.0090252165964968042 -0.15887185033311382 -0.018340531123816003 0.025030380654548968 -0.032538506239090888 -0.0096858068741978512 0.021262831537220552 -0.0061160934675293013 -0.10052848765396348 -0.031263749672490418 0.030575316266316155 0.024127467815228287 0.022194082160678391 0.0026673130076540121 -0.091774182937169935 -0.020310548445686631 0.023600277336020048 0.012651972237567892 -0.019091585831880933 -0.021422678445466175 -0.0045556085764731124 0.0068258076715081387 -0.026342295038134157 0.073703208078303717 0.0012271376829919682 0.00065430254590068701 -0.0068736457484232507 -0.00259727556529212 -0.021359489519304276 0.0059278128546578386 -0.01792200183202616 -0.11862430416911357 -0.043202723434074053 0.0068901851942212034 -0.023143533099846555 0.05249722521858418 0.020901745479317831 -0.0017252222017665757 -0.018162038251583371 0.00049109862646322454
leaf_weight=4747.248273935169 13.828882750123737 276.24652317352593 313.7101779517252 37.9088127927389 33.076308146119118 8.4620060175657255 31.80443210573867 29.488047459861264 13.595489042345433 13.003054130822422 27.392898581922054 12.313357552513478 94.380927446531132 32.197891859803349 4.7390614647883913 44.792789816390723 116.22227460565045 34.198819287354127 15.57515052706003 9.2759459391236287 19.240846829488877 78.459137903293595 4.9163246224634332 3.6093295167665929 45.14129855367355 11.847293728031216 29.233227062039077 315.85023093596101 34.025915727950633 12.046205095946791 9.7768732914701086 49.001315479166806 66.139493335504085 99.06496724486351 71.933528093621135 446.65098667098209 11.655641118064521 32.635728231631219 61.34155345056206 56.282514378428459 68.389326749602333 79.527702330145985 220.78231573011726 820.39349602302536 86.894329663366079 11.740467260591688 9093.3277835738845 1126.5269272131845 1604.2836323101074 12.540653381496666 17.796386248897765 385.87704597879201 374.74505347386003 5.5168384562712154 17.027050696313381 342.46209113299847 43.817385083064437 12.242186421062796 157.80136191099882 9372.9761437007692 34.379484469071031 21615.010620501591
leaf_count=29150 4422 2666 5659 668 184 43 275 211 130 101 165 79 1057 229 89 259 580 384 87 76 120 1378 51 101 541 87 248 1502 160 70 61 1686 1185 556 405 2596 80 212 1168 690 939 481 1457 4325 405 64 47305 5098 11206 67 235 1906 1804 54 82 2224 318 60 880 44068 213 114229
internal_value=3.14922e-05 1.86526e-05 0.00207846 0.00879126 -0.00673763 -0.0169289 -0.0298711 -0.0222274 -0.00343515 -0.0002237 -0.00809045 -0.0412761 -0.00539814 -0.00955119 -0.0531649 -0.0075003 -0.00013469 -0.0101267 -0.0145661 -0.017081 0.0124065 0.0139312 0.0107766 -0.0620539 0.0119162 -0.0185829 -6.2532e-05 -4.20714e-05 -0.00912648 -0.0121887 -0.0484134 3.12887e-05 0.0059838 0.00389366 0.000942013 -0.00157582 -0.0133829 -0.0391168 0.0146494 0.00459161 -0.00476111 -0.00455546 0.000495505 -7.99383e-05 -0.000871553 -0.000773889 -0.000707819 -0.00345629 -0.0053441 0.0342957 -0.00568889 -0.00536307 -0.00693268 -0.0443762 0.00385152 -0.00486382 0.00348333 0.00121163 -0.000125293 -0.00141101 0.0139136 0.000722739
internal_weight=52872.4 52858.5 5564.52 817.273 154.335 121.259 83.35 74.888 45.3999 47294 529.13 39.7063 489.424 395.043 17.7421 377.301 46764.9 335.296 301.098 285.522 662.938 631.85 553.391 8.52565 544.865 31.0881 46429.6 46400.4 371.699 337.673 21.8231 46028.7 844.303 778.163 679.098 607.165 160.514 44.2914 499.724 186.013 124.672 345.103 265.575 45184.4 22749 22662.1 22613.1 3954.58 2815.81 24.2811 2791.53 2768.21 2365.31 23.3132 402.904 1990.56 386.279 1138.77 18658.5 9565.16 192.181 22435.4
internal_count=296831 292409 41395 12245 1511 1327 659 616 405 251014 3917 244 3673 2616 190 2426 247097 3213 2829 2742 10734 10527 9149 152 8997 207 243884 243636 1793 1633 131 241843 5614 4429 3873 3468 872 292 8456 2797 1629 2197 1716 236229 117675 117270 115584 23118 17960 131 17829 17540 15552 289 1988 13748 2542 5158 92466 45161 1093 118554
is_linear=0
shrinkage=0.05


Tree=125
num_leaves=63
num_cat=0
split_feature=20 64 38 38 36 66 48 10 47 61 61 70 2 9 62 0 9 63 67 43 46 2 68 40 69 34 0 46 30 23 63 13 70 48 42 63 15 56 50 54 58 40 47 36 32 44 38 55 46 66 54 30 42 63 46 54 52 44 44 58 47 48
split_gain=12.647 22.2897 28.1497 20.7076 28.4429 22.1283 16.758 21.7274 18.2881 14.4715 20.4513 12.9927 10.3006 10.1753 14.9077 24.1112 29.1721 15.748 14.4267 13.8543 12.4112 11.9095 15.1085 17.3771 14.1095 13.4229 12.9951 12.6069 17.7099 19.8354 14.2335 18.9239 12.5545 12.4491 12.2581 12.1108 13.5802 12.0612 24.429 16.2143 14.7293 22.7149 15.6863 22.8126 18.8034 14.8288 14.4082 13.73 21.101 14.6155 14.2155 17.0722 21.9274 14.9526 14.1829 23.5223 13.6935 13.0247 16.6565 17.3903 13.3877 13.883
threshold=39.500000000000007 1.5000000000000002 31117057190.348759 24834195282.375343 13.85857142857143 0.99535829673000953 22751352802.89983 18.500000000000004 3.2000000000000011 12.773521190308186 11.713264006922726 18.176922994322947 7.5000000000000009 127206812.00000001 1.3261744236624622 64.050000000000011 2892811.5000000005 17.17031686052518 -0.93663652364155492 4.1016949152542379 175.46031468531473 8.5000000000000018 1.8896565390360729 13.500000000000002 30.40946516143487 0.65486487201204835 215.45000000000002 7.623193277310925 76.500000000000014 5.0250862068965541 13.30501765385864 4.1527777777777795 0.97526098496278457 3954269.4990041857 7.1950000000000012 126.99554365908446 0.9946162678607795 32.500000000000007 9.5000000000000018 0.66088290724407883 12877761.87428925 37.500000000000007 23.518456828427166 16.991287878787883 6.1950000000000012 0.65099486752108915 170574450.99276069 3879428.1942266924 157.70370370370372 0.79332313182700753 1.604275101211176 47.500000000000007 6.8850000000000007 5.5541612740770487 60.500000000000014 0.99648648644394344 54026.514079078108 0.2822159804703257 0.35373175447649158 7495286.7758558532 31.38313110523767 492656364.77085847
decision_type=2 2 2 2 2 2 2 2 2 2 2 2 2 2 2 2 2 2 2 2 2 2 2 2 2 2 2 2 2 2 2 2 2 2 2 2 2 2 2 2 2 2 2 2 2 2 2 2 2 2 2 2 2 2 2 2 2 2 2 2 2 2
left_child=13 2 3 4 5 9 12 8 -8 10 -2 -6 -3 14 19 16 20 18 -18 -1 -16 27 -23 24 26 32 -24 28 29 30 31 -21 -25 -33 -27 36 -34 38 39 -29 41 42 46 -44 56 -42 -39 50 54 -50 -41 -52 -53 -54 55 -49 -45 -58 59 -59 61 -60
right_child=1 6 -4 -5 11 -7 7 -9 -10 -11 -12 -13 -14 -15 15 -17 17 -19 -20 21 -22 22 23 25 -26 34 -28 37 -30 -31 -32 33 35 -35 -36 -37 -38 40 -40 47 45 -43 43 44 -46 -47 -48 48 49 -51 51 52 53 -55 -56 -57 57 58 60 -61 -62 -63
leaf_value=-0.0098508237547578377 -0.028243584618307421 -0.038757677180066535 0.04629345658736142 -0.061472635458119922 -0.13422355113081036 -0.12733363582685162 0.040556685607243244 0.051437233831513808 -0.047096075196599765 -0.035777799166819627 0.058622926424724303 0.041896860242332856 0.038414180407351992 -0.0085616956796115817 0.018498396802178598 -0.0081743956320944264 0.05122426434112845 -0.0034021789713082787 0.0084564448460908662 0.069617002465708594 -0.030783373759723343 0.0055827824762446467 -0.0056983499650178904 -0.030415288169079503 -0.057929778390448862 -0.009236250839286763 -0.02816750220579152 0.032579045674694107 0.051060952383238226 0.019913248200428522 -0.030904300587588696 0.036345449028024168 0.025157347934216492 -0.01421468551062467 -0.049187623304806291 0.0096198556045275097 -0.0013390370771456861 -0.0097853886170117532 0.040863445664392074 0.00038945015580942087 -0.00034353234892628729 -0.058419858009592852 0.061049931396997506 0.02380861777213239 0.048151599965327481 0.042778484576915556 -0.035174977670542749 -0.056098317602889081 -0.073561204993957158 0.0035264994269790478 -0.0061216894830524067 -0.079651696625839818 -0.11258261798226039 0.049633830438728543 0.03165874153526551 0.013680010704574808 -0.02782920847518482 0.044723352756378364 -0.025065404519308276 -0.022024226694628307 -0.027894023378303535 0.052083533814522603
leaf_weight=362.69202039204538 12.331138253211977 5.403202552348378 67.875453092623502 10.432522638235239 1.0688750660046924 3.9630631040781727 6.8240173275116822 8.2228556590853241 46.506202794611454 20.882197660161182 15.039883342571555 51.586884180083871 21.64862483763136 346.80177612509578 491.11293920013122 283.11725281178951 22.043155208230019 494.69622500613332 186.97151945531368 7.5563950017094603 13.116809874773024 550.03337715892121 1850.5476951263845 33.437513872981071 13.418666392564772 109.76362118218094 66.668061155825853 39.092652534600347 11.883009955286978 45.333091394975781 101.09117103088647 13.009681342169641 49.369805140653625 189.71490084496327 23.270353230414912 315.593516478315 2361.0708556175232 223.55755075998604 37.318726717494428 42807.573292804416 463.25551659055054 23.512383223045617 14.732433021068571 31.885316751897335 16.781471429858357 20.833059312775731 74.498230511322618 13.583523224107919 11.261778339743616 13.542794413864611 420.42000618111342 17.666942206211392 1.7798660621047 7.0374298531096429 95.35173940192908 108.93512455467135 75.805857807397842 30.007147945463657 10.738372735679151 14.46110939979553 58.118944644927979 12.760858401656149
leaf_count=3580 299 48 9259 161 29 24 139 1111 816 241 233 2426 872 5220 2437 1369 123 2822 1055 51 57 2928 10341 142 57 550 359 209 95 236 1008 142 367 1433 167 1338 10598 1458 260 224722 2360 161 80 152 103 122 370 90 49 61 1900 109 16 209 412 839 445 125 54 72 269 51
internal_value=3.01251e-05 0.0107881 0.0207468 0.00570838 0.0123914 -0.0137571 -0.00980014 -0.0242155 -0.0358802 -0.00442898 0.019488 0.0383217 0.0230002 -2.54756e-05 3.11932e-05 0.00495884 0.00803701 0.00145971 0.0129668 -0.000113586 0.0172164 -4.34955e-05 -0.00226841 -0.00316377 -0.00683728 -0.000711844 -0.00647968 0.000222091 -0.00898701 -0.0109874 -0.0154863 -0.00807416 3.6023e-05 -0.01097 -0.0162246 0.000409539 -0.000796347 0.000298122 0.000426963 0.000392301 -0.00494401 -0.0102696 -0.00826 0.000583585 -0.00297173 0.00151225 -0.0161314 0.000363373 0.0122232 -0.0314729 0.000296835 -0.00857448 -0.0475109 0.0168887 0.017198 0.00594376 -0.00664156 -0.0114506 -0.00160348 0.023017 -0.0150175 0.016829
internal_weight=52858.6 271.785 183.18 115.305 104.872 52.2163 88.6049 61.5531 53.3302 48.2532 27.371 52.6558 27.0518 52586.8 52240 1491.06 1207.94 703.711 209.015 50749 504.23 50386.3 5373.17 4823.14 1930.63 2892.51 1917.22 45013.1 368.588 356.705 311.372 210.281 2759.47 202.725 133.034 2726.03 2410.44 44644.5 43573.6 43536.2 1070.95 586.86 563.347 265.292 250.559 484.089 298.056 43497.2 242.675 24.8046 43254.5 446.904 26.4842 8.8173 217.87 122.519 233.778 201.892 126.086 44.4683 81.6182 23.4992
internal_count=296831 15658 12672 3413 3252 797 2986 2066 955 773 532 2455 920 281173 275953 7863 6494 4000 1178 268090 2494 264510 26847 23919 10757 13162 10700 237663 2965 2870 2634 1626 12445 1575 717 12303 10965 234698 228876 228616 5822 3340 3179 1351 1271 2482 1828 228407 1451 110 226956 2234 334 225 1341 929 1168 1016 571 197 374 105
is_linear=0
shrinkage=0.05


Tree=126
num_leaves=63
num_cat=0
split_feature=10 69 17 63 0 42 9 56 55 32 34 40 69 39 45 15 16 27 24 69 40 24 34 70 66 54 66 35 66 66 44 31 45 25 69 36 42 23 64 17 43 45 39 9 18 20 48 69 15 50 46 5 47 26 32 31 26 20 44 40 39 39
split_gain=12.1375 10.3731 25.1763 24.6676 23.4227 33.9319 19.1253 18.5657 31.5001 17.3672 22.9978 28.0676 20.7143 17.2262 21.6544 15.9358 15.8023 14.4511 20.01 19.1362 16.0789 16.5623 16.0411 22.0407 14.1253 13.758 13.7017 13.6335 13.4578 26.0265 12.05 36.7271 17.2571 20.381 15.0902 14.2526 13.9059 13.4488 14.3843 59.7014 26.0964 22.6887 19.184 18.6596 16.8735 16.3665 14.6317 14.5359 14.1532 14.4899 13.7811 15.0818 19.6313 13.7175 13.5421 26.3722 19.335 14.0881 13.4607 28.806 22.5074 19.6833
threshold=57.500000000000007 1.6957288840208113 3.7818430822702731 720.0510843326382 20.750000000000004 7.6050000000000013 1011552483.0999991 5.5000000000000009 3154175.3362211157 6.2250000000000005 0.4651168460367302 10.500000000000002 1.513881282517239 4.495731146171062e+20 0.61668771196851668 2.1714724095162623 29.275281954887223 1.384456024493429 0.39334745737353172 1.2502022603370593 55.500000000000007 0.29261628693863551 0.34000000000000025 59.362609500338102 0.50751903745502713 1.0340344807220279 0.99353402350479769 1.0482970252837118 0.90992662233962551 0.68832836526074803 0.58943240117553408 2.7500000000000004 0.43920504039975011 0.43797322721196658 37.947048243757941 209.65833333333333 7.3650000000000011 5.4252272727272741 2.5000000000000004 2.0001999800039991 4.9200946372239764 0.61367698529807357 6.1440622366080754e+19 4148.5000000000009 49461351.124960564 13.500000000000002 4077593032.795969 20.344200418212147 0.47307764671627878 16.500000000000004 39.128174603174607 0.91500000000000015 5.6422070718007733 14.718055555555557 7.4050000000000011 0.9833333333333335 32.663132183908054 24.500000000000004 0.82800832358843324 14.500000000000002 4.07340222413515e+19 2.903370203827302e+19
decision_type=2 2 2 2 2 2 2 2 2 2 2 2 2 2 2 2 2 2 2 2 2 2 2 2 2 2 2 2 2 2 2 2 2 2 2 2 2 2 2 2 2 2 2 2 2 2 2 2 2 2 2 2 2 2 2 2 2 2 2 2 2 2
left_child=1 2 4 6 7 27 13 9 -9 10 15 -12 26 30 -15 17 -4 18 20 -20 21 -1 23 -19 -14 -16 28 -6 29 -11 32 34 -3 -34 35 37 -37 38 43 41 42 50 46 44 47 -43 -41 -32 -45 54 51 -40 -53 -44 57 56 -56 58 60 -60 61 -50
right_child=-2 3 16 -5 5 -7 -8 8 -10 12 11 -13 24 14 25 -17 -18 22 19 -21 -22 -23 -24 -25 -26 -27 -28 -29 -30 -31 31 -33 33 -35 -36 36 -38 -39 39 40 -42 45 53 48 -46 -47 -48 -49 49 -51 -52 52 -54 -55 55 -57 -58 -59 59 -61 -62 -63
leaf_value=-0.00047242781289906786 0.048966635323923022 0.025850985229663493 0.045534473690054256 0.045342707665121836 -0.010045468272758862 -0.13374040849272395 -0.03770809360345579 -0.048812420878054937 0.027763768131326166 0.028826517322898711 -0.0093437026756028937 -0.062517075179250495 -0.077807652193733826 0.041317267435828947 -0.0051567884490233626 -0.072035206433922055 -0.012467226807268167 -0.012590192715216815 0.045574502927764139 -0.023834281075176725 0.072662015205413946 -0.024841246339239519 -0.025463642173140261 0.074995277738821003 -0.0014714321426845395 0.051371388496834508 -0.038382563445080953 0.025173098426485366 0.048187158964326543 -0.013839680944471848 -0.026341798291573501 -0.088114822546579236 -0.064324447024394354 0.00037874448332284131 0.02216074380924677 -0.018494584284517768 0.019617154058419944 0.0052904422286705602 0.047018974747568665 -0.033047683408392724 0.0051961843008826092 -0.0080829003446237484 0.056930071022849249 -0.053019408072865974 0.013376110461817907 -0.057817637414760752 -0.091716064510142192 0.023793144582165693 -0.0025154877453177679 0.024529178571420934 -0.0041797412972111696 -0.053905655365374276 0.028678338619159329 -0.050707557206634071 -0.066988526617690683 -0.097025850411935843 0.0048140411671039373 0.036676747480283323 -0.010663062125400517 -0.090683776996885568 0.018646252010583435 -0.035132719995518188
leaf_weight=2022.6999557511881 12.667016328894531 66.499487887602299 43.208115696907043 30.255360320210457 936.31525096111 5.4837673995643845 33.28244835883379 46.909664996434003 18.816564116626978 109.21937731001526 128.08267647773027 30.781783320009708 9.4462576285004634 57.192371921497397 81.608760333037935 7.6404853314161292 16.125583054497838 10.694916665554045 42.528310544788837 12.955542400479315 7.3715492933988562 72.214923411607742 10.258451998233793 21.87386517226696 16.905413259752095 12.399135684827341 10.181120108813046 28.310064017772675 37.249788430519402 53.129717509262264 54.558999856933951 12.452164551243184 12.174005773151292 44521.675939953653 63.04808758595027 215.31862203031778 26.927489353343844 577.33098109113052 43.578836042201146 14.469153910875319 17.484752081334591 257.79442709498107 4.989049223251639 14.181065750308333 323.52268629870377 17.675708341412246 40.025965730659664 19.670200426131487 1980.9461789131165 47.147913826629519 60.78743140399456 10.585884742438791 22.472488204250112 7.277888847514987 12.158201912418006 10.891519047087057 40.967429218348116 22.335707786027342 209.57208539173007 11.884285803884266 124.24327133316547 47.35918041318655
leaf_count=20782 4422 610 200 256 10708 31 301 557 102 572 627 135 44 5275 2404 33 100 60 185 57 29 341 56 98 99 1074 76 128 219 304 268 143 135 222071 667 980 152 3292 210 60 151 1202 82 178 3687 135 233 110 9130 277 271 50 149 69 101 121 289 470 965 63 937 298
internal_value=2.87441e-05 1.70092e-05 -0.0025366 0.000209253 -0.00306337 -0.00971692 0.000181439 -0.000644943 -0.0268897 1.76811e-05 -0.00127219 -0.0196466 0.012948 0.000207142 0.0170579 4.96993e-05 0.0297709 0.000299978 -0.000270852 0.0293675 -0.00105307 -0.00131246 0.0290602 0.046234 -0.0288356 0.00229897 0.0181967 -0.00901187 0.0210827 0.0148637 0.000155052 -0.00236903 0.000399063 0.000361057 -0.00212067 -0.00248206 -0.0142582 -0.00176779 -0.00296049 -0.0108224 -0.0491812 -0.00299569 -0.0634224 -0.00162171 0.00844323 -0.0112742 -0.0761389 -0.0130564 -0.00320928 -0.00292758 0.0135987 0.0277002 0.00223346 -0.00693058 -0.00345373 -0.0261492 -0.0116185 -0.00284743 -0.0032193 -0.0149573 -0.00201168 -0.00327707
internal_weight=52837.8 52825.1 3698.4 49126.7 3639.07 970.109 49096.5 2668.96 65.7262 2603.23 2367.1 158.864 236.132 49063.2 151.2 2208.24 59.3337 2200.6 2157.77 55.4839 2102.29 2094.91 42.8272 32.5688 26.3517 94.0079 209.78 964.625 199.599 162.349 48912 4311.66 44600.3 44533.8 4299.21 4236.16 242.246 3993.91 3416.58 497.142 84.2468 412.895 66.7621 2919.44 397.752 275.47 54.4951 74.2292 2521.69 2507.51 137.425 76.6372 33.0584 12.2669 2460.36 64.0172 53.1256 2396.34 2374.01 221.456 2152.55 2028.31
internal_count=296831 292409 35543 256866 35243 10867 256610 24376 659 23717 22403 762 1314 256309 8753 21641 300 21608 21394 242 21152 21123 214 158 143 3478 1171 10836 1095 876 247556 24740 222816 222206 24597 23930 1132 22798 19506 2612 595 2017 444 16894 4065 1337 293 378 12829 12651 680 409 199 151 12374 511 390 11863 11393 1028 10365 9428
is_linear=0
shrinkage=0.05


Tree=127
num_leaves=63
num_cat=0
split_feature=10 48 25 45 9 69 51 37 27 61 48 59 38 5 46 36 38 36 1 35 59 22 20 34 47 15 59 47 57 35 37 66 48 48 5 38 68 58 43 7 55 2 62 25 43 40 56 46 28 58 43 61 37 43 7 61 34 59 43 36 66 38
split_gain=11.6635 16.7267 17.4851 18.6176 11.6924 9.86365 9.81874 9.78241 12.104 33.406 17.2825 20.59 15.5159 16.1097 11.9342 10.0733 12.617 9.72296 9.64654 13.5507 14.0802 12.1608 11.4147 11.9519 11.3332 23.5013 18.5283 15.2232 20.0311 19.4122 17.7589 17.2785 19.7924 19.7645 16.4401 18.0585 15.502 15.1139 19.8353 18.1475 16.1814 13.4497 13.3218 13.2029 12.757 12.7003 16.9198 17.2888 15.7457 13.4241 18.3367 12.917 14.5291 14.6233 14.0291 15.8724 17.1965 12.6079 12.3204 14.7279 12.2659 12.2253
threshold=17.500000000000004 119356201642.28355 0.45321268060343484 0.6681453567742347 3477.5000000000005 0.050008090413482302 5.6598755256124589 36.950466090434091 4.0827413762461786 12.845812642539387 1165957902.3540127 136.68796552498847 3300178574.507051 0.71500000000000008 10.004687500000001 29.125815217391306 19581195501.549858 101.65357142857145 4.1950000000000012 0.89854030738603907 55.215914899711528 6.7950000000000008 2.5000000000000004 0.85250855104264589 54.615426844926297 1.1581186184086731 333.98830153008242 80.935629030907947 1.3714562586418502 1.3425965507975126 76.045808449914617 0.56638466991089664 1638986114.7188194 2390622486.4708419 1.0850000000000002 34535817096.876617 66.975080059957222 4749456.9662694195 4.4333333333333353 12.350000000000003 2123458.5611799504 12.500000000000002 0.91601652892562024 0.78077783571877324 4.900255102040818 53.500000000000007 25.500000000000004 75.197058823529431 10765011.357497785 4318056.4267071122 4.5080243902439046 5.9231452040815205 69.990912108355687 4.3764705882352963 17.550000000000004 1.4995406392997384 0.41457809879442481 120.9839315236741 4.425137362637364 47.00119047619048 0.99535829673000953 46823437.818465032
decision_type=2 2 2 2 2 2 2 2 2 2 2 2 2 2 2 2 2 2 2 2 2 2 2 2 2 2 2 2 2 2 2 2 2 2 2 2 2 2 2 2 2 2 2 2 2 2 2 2 2 2 2 2 2 2 2 2 2 2 2 2 2 2
left_child=5 2 4 -4 -2 -1 18 8 9 -5 -10 12 -12 -14 -11 -15 -17 -8 19 20 -7 22 -22 -24 -20 26 27 28 30 34 45 32 36 -34 35 -29 -30 38 39 -33 -40 -28 -31 44 -36 46 48 -48 60 50 -47 54 53 -53 57 61 -57 58 -50 -60 -26 -56
right_child=1 -3 3 7 -6 6 17 -9 10 14 11 -13 13 15 -16 16 -18 -19 24 -21 21 -23 23 -25 25 -27 41 29 31 42 -32 37 33 -35 43 -37 -38 -39 40 -41 -42 -43 -44 -45 -46 49 47 -49 51 -51 -52 52 -54 -55 55 56 -58 -59 59 -61 -62 -63
leaf_value=-0.029234759911916069 -0.026531218202075758 0.048182665326555282 0.045578542863089801 0.047322168360007216 -0.20053798711471449 -0.0046697181450355242 0.052464984347956024 -0.048108520989098041 0.049488141322398822 -0.047247388194300272 -0.10842451829153187 0.048899704163156851 -0.070386699005805367 0.038102918553138833 0.028527206113522698 -0.071209511726748193 0.025742522866362996 -0.026700305296190819 -0.00020868331502391991 -0.0027155648822981223 0.0016831231852639677 -0.016578473226782839 0.015757932755813091 -0.041305477464988 0.0070412281542041035 0.039401535608900973 -0.0042773552677167707 -0.00278583730047007 -0.01701754615368915 0.0099849056264179406 0.011198315634981559 -0.011055439284275326 -0.091524260504799282 -0.02376483695835931 -0.032991904696035496 -0.03615767923735741 0.020537879359989495 0.022512452810014762 0.019107592623913806 -0.076268251769146284 -0.047893058726363735 -0.030590071236742584 -0.022056500075011441 0.0040840016283317498 0.029879257181033504 -0.037700900815862338 0.0097557084168860362 -0.049396647799020178 0.027175730039536362 0.044588177795191912 0.023639485828234892 -0.050616260205272726 -0.022675251994086872 0.013237318231015746 -0.0224515038633861 -0.024651369706018098 0.032871821377318235 -0.010591615629032472 0.013372044399197312 -0.0048819305256382313 -0.0073675255487229896 0.023711063583154109
leaf_weight=28.871655196882784 2.3867842974141231 27.715835893643089 28.448237757198513 41.134188698139042 1.6211219232063738 376.9466382227838 16.428979639662433 9.3986466089263541 9.7671330906450731 18.162234310060743 6.481230583973228 8.298689447809009 12.451806021155788 9.9679892030544597 7.2786432334687552 7.5427947565913183 6.0450231633149087 5.07716180384159 34061.415044978727 5856.2362011745572 314.25923405215144 50.483732046792284 390.55333994771354 9.3969408348202688 2140.6270267777145 40.982531499583274 704.37235128693283 2967.0283495243639 116.09342508763075 597.53531443327665 860.81956110429019 35.005413807928562 15.355725109577177 35.97277969866991 43.301452089101076 41.099504176992923 35.998054340481758 68.715002732351422 64.095154331997037 15.344625428318976 10.48574575036764 52.160992354154587 34.302307263016701 1437.960320471786 9.915995595045386 16.886322811245918 20.667740650475025 30.703406482934952 38.682558476924896 37.583528672344983 43.745268288068473 9.221407622098921 34.363822859711945 324.13890142412856 16.074960291385651 51.857617683708668 17.335931517183781 478.42597422748804 133.49403199180961 641.54166189953685 158.64828675985336 133.0657250508666
leaf_count=1436 124 7456 2814 965 30 2192 201 59 133 118 103 286 134 228 131 58 170 23 191738 31858 1314 496 2241 44 9135 250 3186 13392 491 2509 4003 160 69 177 263 308 140 332 294 68 54 258 146 6429 120 80 89 145 148 157 424 41 191 1886 67 227 79 2089 642 3098 710 622
internal_value=2.75385e-05 0.0121802 0.00627533 0.00878218 -0.0969137 -1.7887e-05 -1.84839e-06 0.00111497 0.00475404 0.019468 -0.0114227 -0.0231367 -0.0372065 -0.0243875 -0.0255683 -7.19612e-05 -0.028077 0.0337757 -1.56659e-05 -0.00174411 0.00323914 0.00713771 0.00881409 0.0144172 0.00024973 0.00160588 0.00147087 0.00200476 0.00381111 3.86544e-05 0.00463953 -0.0070126 -0.0171891 -0.0440361 -0.00111382 -0.00324179 -0.00812867 0.00367756 -0.00668208 -0.0309296 0.0096876 -0.00609155 0.00824539 0.00317891 -0.0212771 0.00333473 0.00292191 -0.0255984 0.00327263 0.0211094 0.00655576 -0.000123766 0.00828003 0.011471 -0.00216966 0.0095529 -0.0102394 -0.00415043 -0.000363328 -0.00173782 0.00604703 0.0187355
internal_weight=52820 196.7 168.985 164.977 4.00791 52623.3 52594.4 136.528 127.13 66.5751 60.5547 50.7875 42.4888 36.0076 25.4409 23.5558 13.5878 21.5061 52572.9 6997.88 1141.64 764.693 714.21 399.95 45575 11513.6 11472.6 10716.1 5584.95 5131.14 5187.88 397.066 203.42 51.3285 4499.31 3008.13 152.091 193.646 124.931 50.35 74.5809 756.533 631.838 1491.18 53.2174 4327.06 4228.85 51.3711 4177.48 98.2151 60.6316 1878.2 367.724 333.36 1510.48 218.334 69.1935 1292.14 813.718 775.036 2299.28 149.141
internal_count=296831 12809 5353 5199 154 284022 282586 2385 2326 1214 1112 979 693 590 249 456 228 224 282362 38145 6287 4095 3599 2285 244217 52479 52229 48785 25618 23167 23833 1785 877 246 20512 13700 631 908 576 228 348 3444 2655 6812 383 19830 19169 234 18935 661 504 9090 2118 1927 6972 995 306 5977 3888 3740 9845 689
is_linear=0
shrinkage=0.05


Tree=128
num_leaves=63
num_cat=0
split_feature=30 35 24 57 48 53 26 20 15 69 61 47 66 59 48 37 24 14 23 60 5 25 17 44 23 17 16 69 33 38 25 8 1 5 59 7 1 69 67 65 69 59 3 60 47 28 68 67 66 1 7 3 68 44 38 67 44 53 45 66 41 28
split_gain=11.2546 24.77 21.5911 11.5064 10.5316 11.708 11.2268 10.6857 10.0851 13.0257 14.6178 20.0141 16.1334 19.0456 14.7161 12.7171 15.7985 16.2704 17.1309 12.0228 11.3279 15.2962 19.2809 14.6443 13.2192 22.9328 10.6201 13.0912 11.2608 10.4421 10.0362 9.63109 9.77625 19.6199 20.861 22.4123 18.4218 16.1525 15.4834 25.034 23.6976 16.9997 14.3556 14.1645 13.8772 13.3575 14.831 12.5743 13.0039 12.4994 12.2145 14.7745 20.4028 15.6623 17.5138 15.2979 15.1687 18.7543 16.5033 13.6818 18.3182 15.0819
threshold=162.50000000000003 0.73401884265338391 0.34720972680047218 0.79657258580196377 95815251942.373322 93.500000000000014 29.633138517279821 19.500000000000004 0.57905930920433624 0.3591490129695552 12.856757653761465 11.180779462875011 0.25881904510252091 203.91774594632514 2933313201.70436 4.3783443303946354 0.69562122515697367 0.62002132496288953 5.1428571428571432 11.42857141632653 0.96500000000000008 0.47210763579025777 1.0636478068300652 0.544999184152264 5.2168699186991887 5.8387086452156263 13.811672413793106 3.3869115780040331 4.7400440528634373 8748300798.5021763 0.44315763459515539 0.57500000000000007 5.1050000000000013 0.85500000000000009 1017.2002665187262 24.950000000000003 5.7350000000000012 0.52281185432277033 -0.88697705852364728 1.0000000180025095e-35 0.3591490129695552 393.88566249663955 90.050000000000011 2.1403827096644572 101.57083435542724 360730108351.84467 104.21953067533433 -0.81408451933196957 0.25881904510252091 5.5950000000000006 9.9150000000000009 117.15000000000002 3.7321721208652927 0.10000000000000012 14924342.829948062 0.93663652364155514 0.57874063290018907 178.50000000000003 0.75896123051053821 0.98321746822993605 0.33888888888888891 10765011.357497785
decision_type=2 2 2 2 2 2 2 2 2 2 2 2 2 2 2 2 2 2 2 2 2 2 2 2 2 2 2 2 2 2 2 2 2 2 2 2 2 2 2 2 2 2 2 2 2 2 2 2 2 2 2 2 2 2 2 2 2 2 2 2 2 2
left_child=8 -2 3 -3 6 -6 7 -5 9 -1 11 15 13 14 -13 16 17 -11 -19 26 -14 22 -22 -24 -25 -26 29 -28 -29 -17 -30 32 37 44 35 42 -37 38 39 40 41 43 -35 -10 -34 50 -47 48 -36 -49 51 -39 53 -53 -55 59 57 58 -54 60 -56 -62
right_child=1 2 -4 4 5 -7 -8 -9 31 10 -12 12 20 -15 -16 19 -18 18 -20 -21 21 -23 23 24 25 -27 27 28 30 -31 -32 -33 33 34 47 36 -38 45 -40 -41 -42 -43 -44 -45 -46 46 -48 49 -50 -51 -52 52 56 54 55 -57 -58 -59 -60 -61 61 -63
leaf_value=-0.080103001535288279 0.049569841135012754 0.054559133996461895 0.038802501862523521 -0.077201701316568408 0.052145431409374859 -0.045592431410516943 -0.14136469878402827 0.019463791931476449 0.043911369466997793 0.019619002171099516 0.041765546188022307 -0.1199603618937985 0.03960596095943697 -0.10358496637680599 0.02636904799937136 -0.11837156746029552 0.036958227993821612 -0.016221223184590326 -0.17039904132506087 0.054564428927554476 0.059721518368244332 0.024951938413750915 -0.17996449553763794 0.010873304067590392 -0.20578016341909935 0.0018492723825215684 -0.077146624464101199 -0.057270856764073411 -0.066354025840466388 -0.029799079454310019 0.056438798148733073 -0.011694501311091503 -0.004324554629835043 0.0086431945709133616 0.027927657945691933 0.0043405164609684518 -0.014935873203251846 -0.0011402450431802187 -0.015665754636632934 -0.025494593926665799 -0.017252922694985698 0.0039792158784188901 0.0017642987967493027 0.13520897922064559 -0.029092504435052659 0.051712851298405228 -0.09624928359367356 0.012637689309420018 -0.033539707315304777 0.051146426383456234 0.00143526173502775 0.044583660806238531 0.0086699145238476709 -0.013615574893907849 0.028649253837361801 -0.018481596661565281 -0.0092208445098890621 -0.048644746804129356 0.00037976610049462859 -0.0094683787893023053 -0.023234311821714131 0.014638977947631382
leaf_weight=3.9615766853094092 36.250595123390667 3.6651007016189387 18.417972218594514 8.1249250657856518 5.2224153575953078 7.4138728240504861 3.7930129033047697 4.410985233495011 7.7585626961663428 7.7087169873993826 34.020642299670726 1.9977306760847593 60.365197335020639 5.504359323764219 12.278704500640741 7.2285299152135831 19.818157061934471 4.0663235371466726 3.2350226964335889 3.5219132899073875 4.6338867396116283 46.13250347902067 2.0913689059671006 6.587634804309344 2.4916881497483701 2.8522523390129209 7.2817289084196117 5.1082040233304715 2.0585293280892047 6.1661514372099191 8.6830768345389515 177.02440231060609 665.99602771049831 849.26339049194939 17.333951631560922 193.07162915519439 346.16237667389214 28592.567690438009 297.408631676808 26.881356325000525 12.900038875639437 7.5781547036021939 7092.3653585122665 9.3902297765016538 61.801516925683245 19.776401292299855 1.8522121075075109 39.360669381916523 17.085841901600361 45.352319067344069 8490.9087294777855 32.561095960438251 710.77669224143028 74.248504608869553 203.18028537649661 36.026696551358327 358.03992554312572 18.59719905257225 3863.2168450586032 47.883108429145068 35.09001699835062 104.77419948764145
leaf_count=18 5255 112 1490 41 432 39 49 142 102 277 947 11 1913 42 349 33 242 114 30 316 122 1152 48 315 98 78 41 46 57 81 273 1115 3650 4384 122 1371 2618 151943 5675 526 157 128 37446 40 280 2506 24 360 133 336 40351 242 4272 390 911 211 2101 107 19920 246 157 844
internal_value=2.64776e-05 0.0179644 -0.00447939 -0.0289096 -0.0394712 -0.00519863 -0.0659934 -0.0431882 -3.22909e-06 0.00986205 0.0112661 0.00654569 0.0173899 -0.0245713 0.00589288 -0.014445 0.00765115 -0.0310437 -0.0845331 -0.0336612 0.0240219 0.00950203 -0.0287008 -0.0579199 -0.036528 -0.0949609 -0.042168 -0.0216519 0.00384355 -0.0775978 0.0329067 -5.17116e-05 -1.22875e-05 0.00145492 0.00212201 0.00183014 -0.008034 -0.000330922 -0.0108493 0.0113566 0.0376837 0.0663441 0.00249992 0.0939036 -0.00642775 -0.000241539 0.0390418 0.0228995 -0.00258449 0.0332539 -0.000261499 -0.000684278 0.00169288 0.0109805 0.00879747 0.0126952 0.000691509 0.00146428 0.00166802 0.0155683 0.019063 0.00513709
internal_weight=52801.3 87.2989 51.0483 32.6303 28.9652 12.6363 16.3289 12.5359 52714 257.794 253.832 219.812 144.935 19.7808 14.2764 74.8764 34.8282 15.0101 7.30135 40.0481 125.155 64.7893 18.6568 14.0229 11.9316 5.34394 36.5262 23.1315 15.8498 13.3947 10.7416 52456.2 52279.2 9327.79 8600 8480.86 539.234 42951.4 361.917 64.5083 37.627 24.7269 7941.63 17.1488 727.798 42589.5 21.6286 119.133 34.4198 84.713 42567.9 34077 5484.39 533.764 501.203 426.954 4950.63 4592.59 4573.99 390.928 343.045 139.864
internal_count=296831 7560 2305 815 703 471 232 183 289271 6603 6585 5638 4128 402 360 1510 663 421 144 847 3726 1813 661 539 491 176 531 417 376 114 330 282668 281553 50700 46770 45819 3989 230853 6628 953 427 270 41830 142 3930 224225 2530 951 255 696 221695 181344 29401 3001 2759 2369 26400 24299 24192 2158 1912 1001
is_linear=0
shrinkage=0.05


Tree=129
num_leaves=63
num_cat=0
split_feature=48 30 39 15 69 22 56 55 61 27 17 34 28 57 19 45 10 27 37 12 42 47 22 37 47 63 12 19 33 23 69 17 63 0 42 56 55 9 15 2 66 24 40 27 20 22 62 16 16 25 61 42 69 5 23 0 37 37 45 35 63 39
split_gain=10.7453 10.3856 9.93662 9.59485 14.4873 16.5059 13.3008 18.037 21.4124 16.4072 18.1089 13.9493 13.615 13.1158 12.3914 21.2307 11.945 11.0948 30.6431 11.8045 16.6286 36.2919 16.35 13.9072 16.2838 28.3047 15.0197 15.3659 11.8381 10.5906 10.1416 24.9214 22.6545 19.4846 21.0659 17.9077 30.4446 17.578 14.455 13.5797 15.3423 14.2154 13.3085 12.9029 12.6922 12.5109 12.4039 12.1284 11.9884 11.9373 14.7012 11.5662 14.0127 12.1518 11.3691 11.1927 13.7973 16.5373 12.5585 12.2514 11.1425 10.8827
threshold=2106968938586.5383 7.5000000000000009 5.066103099549017e+17 0.70155262461294543 21.580764108436437 5.2950000000000008 3.5000000000000004 414771.63484141347 1.3777411888256903 1.0000000180025095e-35 1.6500000000000015 0.77126114254511757 12012583270.603386 0.5889888624284515 2.8947764971926881e+18 0.75277710196563752 21.500000000000004 27.493975138044959 37.800000000000011 6.3050000000000006 6.6950000000000012 2.9442033308215207 6.7950000000000008 4.3783443303946354 7.4818231905724728 96.260717660166463 7.410000000000001 2.2404068342863944e+20 4.6590109890109899 4.9143717728055094 1.6957288840208113 3.7818430822702731 720.0510843326382 20.750000000000004 7.6050000000000013 5.5000000000000009 3154175.3362211157 1011552483.0999991 2.1714724095162623 1.0000000180025095e-35 0.9681107762825325 0.65834995756310544 55.500000000000007 3.5262744796211396 13.500000000000002 6.9050000000000011 0.91601652892562024 29.275281954887223 13.811672413793106 2.7143405118953292 5.5293653525629161 4.7950000000000008 6.6419836449179765 0.85500000000000009 5.1337398373983749 26.627500000000005 2.8946275881013652 4.5963765448674598 1.0081836187039801 0.99674143387631431 177.74801995742916 1.418790350754635e+19
decision_type=2 2 2 2 2 2 2 2 2 2 2 2 2 2 2 2 2 2 2 2 2 2 2 2 2 2 2 2 2 2 2 2 2 2 2 2 2 2 2 2 2 2 2 2 2 2 2 2 2 2 2 2 2 2 2 2 2 2 2 2 2 2
left_child=3 -2 -3 4 6 -6 7 8 -1 -8 -11 14 -13 -7 15 -12 17 19 -19 -10 21 -21 -22 28 -25 26 -26 -28 -24 -23 31 33 37 35 44 38 -37 39 42 40 41 60 45 -43 46 -5 48 -33 -35 -41 51 -51 -53 -54 -45 -50 59 -58 -59 61 -32 -57
right_child=1 2 -4 30 5 13 9 -9 16 10 11 12 -14 -15 -16 -17 -18 18 -20 20 22 29 23 24 25 -27 27 -29 -30 -31 32 47 -34 34 -36 36 -38 -39 -40 49 -42 43 -44 54 -46 -47 -48 -49 55 50 -52 52 53 -55 -56 56 57 58 -60 -61 -62 -63
leaf_value=-0.08307871534153359 -0.013790357912860776 -0.1304329872575869 0.049093788052329487 -0.0006840165988435086 -0.1538501674956696 -0.057394826456005126 -0.067851278394701509 0.04064825863876332 0.018075039780792938 0.048183053346909088 -0.06935185706063493 -0.1177825021349323 -0.010450975529706873 0.027820642427718929 0.022021563046871768 0.035303788255786464 0.050913722057060254 -0.17110701948980034 -0.00061927381777884415 -0.095130252691289816 0.046174158731634184 0.036519357959627484 -0.05872410864485942 -0.059618542439182756 0.036928994472141305 -0.13581225346734591 -0.20796403556890533 -0.010373633677256544 0.025309994207280112 -0.026526094255332922 0.0067315068153085064 0.044025196580303849 0.04374331607217137 0.028379783848897663 -0.11426368877413534 -0.049504936780099942 0.026291405062359621 -0.036753055719910631 -0.069428460168998285 -2.6860510382142701e-05 0.024110983621296218 -0.094045497998558922 0.05525909079692426 -0.057223125291317414 0.051902202337656647 0.029373978225749661 0.007134634933630115 -0.012315259848363513 -0.03554963393184566 -0.029823597417259345 0.052157625405923606 -0.042781296866652108 -0.0082428030228523744 0.02108692640143553 0.030042827117671658 -0.075169230412416924 0.053842547417790654 -0.0098196615892947921 0.055407505367651447 -0.011740194020545141 -0.037003983484556656 -0.011111637295943212
leaf_weight=7.1005475043784818 11.146457877941428 0.79454460740089672 25.75032251549419 2507.380376492627 1.3146678060293187 4.7084400206804267 12.82765198452398 35.024194622994401 103.54035309422761 12.48421007953584 13.643897883594038 6.1936180740594846 5.6498610915150493 110.15382704301737 21.019063301500864 7.5151308472268274 13.397229873691684 3.4051719049457452 11.662692736368625 14.354592598974703 20.800178272649646 12.698295049369337 4.6622198023833326 17.770714975660667 21.329157470026992 3.377286792965605 1.2690591439604748 4.3793311337940395 41.4606225611642 14.011022882536052 500.78471154137515 41.629807434976101 29.756121097132564 18.66243139654398 4.7490857243537894 44.804955139756203 18.809923738241196 32.330479856580496 7.5262613445520392 47627.107880162541 112.34581182315014 6.622670327313247 10.836504869163035 6.9362670802511266 8.5634693130850774 35.103235553018749 102.99244039319456 12.396685022860764 48.102684607729316 19.096215680241585 19.977173551917076 11.492210332304237 46.472731301560998 147.09871049970388 8.0800371649675053 14.682779990136625 16.038966814056039 63.872735207900405 8.3433043956756574 660.19908367283642 14.999251243658362 12.089646279811857
leaf_count=99 150 8 3863 23054 6 26 103 804 837 254 152 30 111 4459 793 38 2000 57 151 83 158 86 52 179 418 76 9 219 725 121 2523 188 256 103 24 549 104 301 33 240648 568 49 54 54 47 288 959 66 601 92 81 60 206 629 58 65 79 382 48 8467 75 53
internal_value=2.53863e-05 0.0267126 0.0437202 6.31594e-06 0.00672715 0.0223112 0.0023067 0.00672295 0.00269811 -0.0160769 -0.00609065 -0.0186331 -0.0665806 0.0243275 -0.00516961 -0.0321809 0.00481205 0.00256382 -0.0391476 0.00498437 -0.00369792 -0.0310121 0.00605126 -0.00280367 -0.0216065 0.000646987 0.0177302 -0.0547675 0.0168156 0.00344733 -6.13498e-05 -0.00260811 0.000129293 -0.00311638 -0.00921845 -0.000888265 -0.0270931 0.000102564 -0.0002373 0.000127122 0.00730686 0.00379404 -3.33498e-05 -0.0359074 -0.00869528 -0.000269016 -0.00924442 0.0310976 -0.0112479 2.96691e-05 0.0110577 0.00739483 0.0108607 0.0140454 -0.0102667 -0.0121461 -0.010694 0.00791629 -0.0022838 -0.0130848 0.00545966 -0.0462427
internal_weight=52783.3 37.6913 26.5449 52745.6 525.753 116.177 409.576 330.243 295.218 79.3334 66.5058 54.0216 11.8435 114.862 42.1781 21.159 288.118 274.721 15.0679 259.653 156.112 41.0639 115.049 94.2484 48.1255 30.3548 26.9775 5.64839 46.1228 26.7093 52219.9 3636.78 48583.1 3582.76 958.297 2624.46 63.6149 48553.3 2560.85 48521 649.769 537.423 2553.32 21.639 953.548 2542.48 944.984 54.0265 841.992 47871.2 244.137 224.16 205.064 193.571 15.0163 823.329 775.227 88.255 72.216 686.972 515.784 26.7724
internal_count=296831 4021 3871 292810 12046 4491 7555 6074 5270 1481 1378 1124 141 4485 983 190 5171 3171 208 2963 2126 290 1836 1678 901 722 646 228 777 207 280764 35164 245600 34910 10828 24082 653 245344 23429 245043 3327 2759 23396 161 10804 23342 10757 254 9798 241716 1068 987 895 835 112 9695 9094 509 430 8585 2598 118
is_linear=0
shrinkage=0.05


Tree=130
num_leaves=63
num_cat=0
split_feature=10 51 36 70 66 69 57 68 59 57 56 60 28 43 36 51 56 61 42 36 30 15 52 56 58 28 61 38 55 10 26 54 52 17 14 69 26 68 40 66 67 63 44 59 43 43 20 45 1 40 17 10 43 70 69 43 40 44 59 1 53 30
split_gain=10.3502 9.26048 10.985 9.90697 9.2194 15.6038 16.2132 25.8206 22.7675 20.3241 19.8192 18.9967 17.4238 17.0748 16.8408 16.2695 21.5374 16.8304 15.7704 19.379 16.2728 15.1706 17.9876 14.8998 14.814 16.6556 20.1387 20.0015 18.6193 18.5618 17.1827 14.7275 14.3385 13.885 13.5749 13.4964 13.3719 13.0469 12.9242 12.7591 13.8355 23.0022 21.1438 17.151 16.1094 20.8419 23.2047 23.5196 20.2533 15.7797 19.2266 17.8032 15.1862 16.8731 13.8145 16.7777 13.6444 13.5201 16.5852 22.3876 15.8262 15.6941
threshold=54.500000000000007 5.5062336098448066 108.35227272727275 5.2305989378139595 0.53727914962411616 38.456221527967948 1.2711058006924449 76.476538286777938 779.82269281538936 1.0065811194838612 35.500000000000007 0.71324448119760564 22384753.352006499 4.7920227272727294 518.47568627450994 1.6703633919355843 127.50000000000001 0.24904439791695568 5.3950000000000005 144.62190476190477 14.500000000000002 0.70155262461294543 1241446.4988926856 282.50000000000006 1667378.4315231706 873309728.52938259 11.28758316190334 3724231179.3580117 1764059.1498027511 8.5000000000000018 12.334666666666669 2.8952965460216937 54026.514079078108 8.2113525652078074 0.86798677417655734 0.18639379154116154 -1.0000000180025095e-35 43.608582769834072 12.500000000000002 0.99535829673000953 -0.44618082326431202 147.2759049746594 0.22628196985526575 319.43392558249212 6.0519047619047628 5.0769672855879762 3.5000000000000004 1.169254374354906 5.5550000000000006 94.500000000000014 2.0001999800039991 7.5000000000000009 4.6735347788750543 21.737554041675928 12.061042169724429 4.333615819209041 59.500000000000007 0.44999999999999979 913.99236238627816 5.5950000000000006 139.50000000000003 142.50000000000003
decision_type=2 2 2 2 2 2 2 2 2 2 2 2 2 2 2 2 2 2 2 2 2 2 2 2 2 2 2 2 2 2 2 2 2 2 2 2 2 2 2 2 2 2 2 2 2 2 2 2 2 2 2 2 2 2 2 2 2 2 2 2 2 2
left_child=1 4 3 -3 5 6 9 8 11 15 13 -8 32 -11 -14 31 17 -17 19 20 -7 22 -6 -12 -13 26 -26 -27 -29 -30 -28 36 -9 -31 37 -23 -1 -24 -10 40 41 43 -43 49 45 57 47 -47 -46 50 51 -37 -53 -54 -44 -56 -45 58 60 -60 -42 -59
right_child=-2 2 -4 -5 21 18 7 12 38 10 23 24 14 -15 -16 16 -18 -19 -20 -21 -22 35 34 -25 25 27 30 28 29 33 -32 -33 -34 -35 -36 39 -38 -39 -40 -41 44 42 54 56 48 46 -48 -49 -50 -51 -52 52 53 -55 55 -57 -58 61 59 -61 -62 -63
leaf_value=0.050150016406459823 0.044896495960467145 -0.048006510447217501 -0.034683857353624878 0.066094696573289133 0.016131685479066436 -0.011559991767174175 -0.0021280952730876285 0.0016612470822909078 -0.027893350933896645 0.012944201582195398 -0.017637545224093217 0.02488777196337312 0.0053309379215811447 0.075304039541805826 -0.043312396381814389 0.0034887368740429575 -0.037729685836401405 0.060233482467454719 0.012542765013429541 0.042165331712858849 -0.076124233519339612 -0.01798178882504229 0.0047237449971351533 0.035385559633227669 -0.015423156111084699 -0.061707858203022464 -0.011338634994087708 0.033055973650398175 -0.062101417912029389 0.054837452041535589 0.082751885968330566 -0.050901177687599219 0.031426109668708561 -0.064985349860505956 -0.084316024163585912 -0.00037899471427580366 -0.0010466867331665602 -0.10508416593913777 0.05295469552750888 -0.0022513425585164665 0.0020803468229353885 0.0035196621615320904 -0.0011366755580967775 0.011516918911175086 0.014958681434694567 0.0035379537168174578 0.025103384941753112 0.028776159774125121 -0.018023442229159928 0.019220961431229297 -0.012949367590803985 0.050678909225219816 0.037407339218036288 -0.099388274090895318 0.035425090175555063 -0.015237837236408905 -0.029388383101269025 -0.0012369063199899667 -0.031481690227400765 0.039332990548775218 -0.043164140806451153 0.051421865325966189
leaf_weight=12.763652029447256 12.84777110442519 2.1829548440873685 4.7359435707330695 14.801958897616712 266.88368779851589 53.091247424483299 428.091956788674 73.959376690909266 6.369853442534807 365.01539560197853 89.243711989605799 22.036703501828015 55.109965771436691 11.317388392984865 26.277445241808891 22.035922536626458 11.677916601300238 32.106090950779617 376.25237855117302 13.617561548948286 11.957300111651419 99.525296611711383 26.395944822928872 15.55909562204033 578.0463898901362 42.54140134062618 9.5731576904654521 14.359266580082474 21.749142276588827 7.678409294690935 9.8393047749996168 14.803650379180906 89.331084161996841 3.5288825645111501 6.9304550753440699 4910.2144806999713 17001.185532685951 3.0139545423444352 22.070042349398136 3837.0104614478769 14407.310357339797 362.73456880636513 283.9019762352109 435.1930910940282 59.820671678520739 1662.9212095122784 155.25446921167895 97.736327297985554 209.74424753012136 99.604987910715863 309.89764538919553 29.989114662632346 5.110810838872565 4.0330105405300856 16.716983944177628 727.61825896729715 21.388102304656059 5133.4034727942199 70.580090247094631 13.257349178194998 19.353911589831114 14.18836503184866
leaf_count=255 4672 12 22 397 6544 260 2168 305 73 1703 578 112 223 51 110 120 62 154 2600 60 61 2587 502 109 2625 214 76 123 175 300 36 70 361 59 61 25305 93855 44 143 19784 75336 2357 1430 2744 318 7995 1653 405 1058 2016 2014 231 64 66 64 3134 155 26354 1103 93 104 1166
internal_value=2.43396e-05 1.34111e-05 0.0326541 0.05143 -3.41864e-08 -0.000865166 -0.00108443 -0.00624199 -0.00934103 -0.000670505 0.00946429 -0.0104459 0.00852485 0.0148195 -0.0103745 -0.000955754 0.023855 0.0371382 0.00828601 -0.0120736 -0.0234283 0.000505202 0.0116379 -0.0097657 -0.0154656 -0.0167594 -0.0137409 -0.0368295 -0.0144615 -0.035165 0.0363516 -0.00105165 0.0179447 0.0171084 -0.0213641 0.000402866 -0.00100828 -0.00652947 0.0348467 0.000458503 0.000816428 -0.00108332 -0.00685933 0.000298218 0.00144317 0.00159495 0.00657297 0.00493896 -0.0107042 -0.00049437 -0.00086776 -0.000111284 0.0334798 -0.0229283 -0.0105208 -0.0141 0.00960075 0.00110979 0.00189079 -0.0202837 0.00201965 -0.00109176
internal_weight=52765.5 52752.6 21.7209 16.9849 52730.9 19441.2 18986.3 1410.56 1165.88 17575.7 481.136 1137.44 244.678 376.333 81.3874 17094.6 65.8199 54.142 454.918 78.6661 65.0485 33289.7 303.224 104.803 709.353 687.316 597.459 89.8571 47.3157 32.9564 19.4125 17028.8 163.29 11.2073 36.3404 32986.5 17013.9 29.4099 28.4399 32887 29050 7206.4 1390.97 5815.43 21843.6 21574 1915.91 1760.66 269.565 5358.85 5259.25 4949.35 39.1329 9.14382 1028.24 744.335 456.581 19658.1 14510.5 83.8374 14426.7 5147.59
internal_count=296831 292159 431 409 291728 107041 104060 7103 6104 96957 2441 5888 999 1754 333 94516 336 274 2981 381 321 184687 7151 687 3720 3608 2737 871 657 534 112 94180 666 359 607 177536 94110 546 216 174949 155165 39580 6985 32595 115585 114209 10053 8400 1376 29696 27680 25666 361 130 4628 3198 2899 104156 76636 1196 75440 27520
is_linear=0
shrinkage=0.05


Tree=131
num_leaves=63
num_cat=0
split_feature=20 47 46 45 45 0 65 13 35 43 45 34 25 37 28 59 38 26 38 7 59 36 9 66 69 18 36 22 28 16 30 35 52 46 37 45 30 37 33 27 22 26 33 42 37 46 52 34 68 54 53 60 59 68 70 27 36 59 38 30 5 47
split_gain=10.0427 13.8472 9.28175 15.8427 19.3869 12.4886 13.8627 19.676 17.9442 22.7841 18.6461 12.4455 12.7731 13.9857 11.9783 11.8024 11.7735 30.2724 25.5296 22.7783 18.1002 24.5682 18.1209 16.0624 16.0022 15.9281 18.0209 14.9389 14.1793 13.0059 12.5575 18.229 19.4922 46.6433 20.6161 15.6045 19.9374 22.1433 15.765 13.1743 12.1352 12.0277 11.4441 22.2021 14.7512 22.2197 14.4669 14.196 13.7375 16.1053 12.5128 11.2996 11.2988 11.0019 11.1798 11.1092 10.6847 23.819 10.6157 10.5639 10.4876 10.5396
threshold=103.50000000000001 1.2572830495136293 575.75603448275876 0.90478017063177651 0.97494679610934232 550.05000000000007 3.5000000000000004 5.5769736842105271 2.0437387383682455 4.1701351351351361 0.89167807452379366 0.36551333764994132 1.1207599532987127 82.397678040254277 177877198.5562205 511.3473367788601 32356183980.192245 400.67500000000001 34535817096.876617 0.85500000000000009 693.66653281436766 25.188311688311693 4148.5000000000009 0.31729257441605213 10.724462298673172 45880939962.825127 7.9502051282051296 7.2750000000000012 103561835295.2126 23.581944444444449 18.500000000000004 0.60599230033011919 351357.08180604386 52.130952380952387 61.967229562117964 0.63753446959061766 51.500000000000007 10.56815970551496 4.687545620437958 0.39999999999999908 7.5100000000000007 32.759194015444024 4.5334130781499224 7.5950000000000006 17.599673800894248 71.853238866396779 606423.27877163852 0.53601197658112565 20.227826755411986 1.604275101211176 20.500000000000004 1.5428571422620407 259.04776050508173 82.434566555136499 1.66219097556799 35.981648443149709 29.335549450549454 40.40899145905508 310273079.86813074 29.500000000000004 1.3150000000000002 30.344459107330653
decision_type=2 2 2 2 2 2 2 2 2 2 2 2 2 2 2 2 2 2 2 2 2 2 2 2 2 2 2 2 2 2 2 2 2 2 2 2 2 2 2 2 2 2 2 2 2 2 2 2 2 2 2 2 2 2 2 2 2 2 2 2 2 2
left_child=2 -2 5 -4 -5 6 16 8 10 -10 53 -7 15 -14 58 -13 -1 18 56 24 22 23 25 -22 29 26 -21 -25 -28 -20 60 32 34 39 -32 36 51 38 -38 -34 -29 -30 43 47 52 46 59 48 49 -37 -45 -33 -44 -8 -55 -56 57 -18 -12 -46 61 -24
right_child=1 -3 3 4 -6 11 7 -9 9 -11 14 12 13 -15 -16 -17 17 -19 19 20 21 -23 30 27 -26 -27 28 40 41 -31 31 35 33 -35 -36 42 37 -39 -40 -41 -42 -43 44 50 45 -47 -48 -49 -50 -51 -52 -53 -54 54 55 -57 -58 -59 -60 -61 -62 -63
leaf_value=-8.4725127828385354e-05 -0.10008897100579915 0.040505471858920936 0.0051172507545128561 -0.073554805025761991 -0.014708319451715444 0.0084396766719664982 0.012736947930473315 -0.070705067721154632 -0.041754557368667372 0.029711970250902654 -0.012849221408811982 0.002550941985110139 -0.060043826931134262 0.0060366207476968119 -0.046241978182988669 -0.035850666866515134 0.053064543091569105 -0.071663826402928829 -0.02907931452205377 -0.07533520178712616 0.045127458943079506 -0.064431320099450073 -0.00041840019085176319 0.017614830016829255 0.03495066460728663 0.036023737040464451 0.021242666122963591 -0.095584429136074317 -0.056037776161782515 -0.10954014252026541 0.039153162959271071 -0.042721675279015367 -0.047268454172825193 -0.21155686574137944 -0.093327068387768275 0.057311814682290178 -0.13603062964879728 -0.12846452215648838 0.0035137473732069799 0.044186761776128847 -0.010370670878100924 0.029869711615812363 0.031443923641604969 0.053000147929814945 0.016630537059561631 0.034539128354641423 0.032561891280824269 -0.069140168192968574 -0.061155985414489002 -0.046323038082794143 -0.019897555215844562 0.042537201836629589 -0.014991878334913078 -0.057502833113801055 0.015083260614937373 -0.043045512070584532 0.049333710547526492 -0.030796677636006554 0.015123263684071506 -0.066111446556387607 0.032989723190641002 -0.020791976248482582
leaf_weight=49295.445354594849 1.8837300026789332 24.915975400945172 81.368426136672497 16.816115163266659 83.460694771260023 847.03794120717794 141.05785648163874 11.745185463689266 13.491266228258608 64.328186027705669 496.61682066367939 365.66763658076525 18.90172104537487 13.892083585262297 25.161597267724574 21.166447620838881 17.355451783165336 12.719526477158068 12.218081130879005 6.202770876698195 14.019615332363172 21.323153427802026 280.43612883752212 14.654342951253058 5.3333778574597082 88.616008421988226 83.03582615358755 8.0810000970959681 12.203604483627716 8.5279611721634847 95.599263385171071 5.9484660048037794 6.1452276553027394 2.7204027874395242 3.0296575571410349 9.9495486021041888 2.4694145987741676 7.5170346994418642 11.221019846387206 10.962073665345086 8.6502834346611035 6.1164572066627434 94.051385263097472 16.181622487958524 4.7533660745248261 19.47974228207022 6.6139699877239755 16.32946399692446 8.2630158551037294 6.0153008741326621 9.2525369315408152 11.209259018767623 15.219776621088384 11.584056630730627 28.432100422680378 11.561770185828207 44.944779873359948 16.533363042864949 36.404014434665442 20.46898418199271 19.093572196550667 82.052203181199729
leaf_count=257878 57 6531 420 76 489 4172 733 64 71 280 3972 1740 81 63 128 91 154 58 121 59 204 105 1908 74 117 5687 1803 36 452 50 2733 53 49 19 57 94 34 105 345 525 80 374 1546 240 34 165 65 98 42 43 92 227 131 54 125 54 533 130 168 217 127 598
internal_value=2.33041e-05 0.0306232 7.75182e-06 -0.0112752 -0.0245767 4.67542e-05 -7.43892e-05 -0.00644333 -0.00553248 0.0173221 -0.00790127 0.00495128 -0.0020902 -0.0320509 -0.0125302 0.000449716 3.17219e-05 0.00504283 0.00590412 0.00385127 0.0050221 -0.0201594 0.00677032 0.000631565 -0.0422955 0.0203274 0.00739549 -0.0192443 0.0124584 -0.0621539 0.00329369 0.00968461 0.0259897 -0.0192466 0.0350837 0.00239461 -0.0270943 -0.0595149 -0.0216566 0.0113345 -0.0515278 -0.0273561 0.00738779 -0.0101415 0.0145912 -0.00752214 -0.0332582 -0.0331081 -0.00882262 0.0182639 0.0264811 0.0129785 0.0249761 0.00551142 -0.0142493 -0.0017211 0.0333497 0.0121511 -0.0109388 -0.050518 -0.00312769 -0.00503013
internal_weight=52756.5 26.7997 52729.7 181.645 100.277 52548 51281.3 840.383 828.638 77.8195 750.818 1266.67 419.628 32.7938 558.182 386.834 50441 1145.52 1132.8 1053.96 1027.89 66.7284 961.157 45.4052 26.0794 196.175 107.559 31.3856 101.356 20.746 764.982 383.401 118.457 19.8277 98.6289 264.944 38.3652 21.2075 13.6904 17.1073 16.7313 18.3201 226.579 65.9915 160.587 51.3161 31.8363 40.5573 24.2279 15.9648 25.4342 17.1577 109.271 192.636 51.5779 39.9939 78.8336 33.8888 533.021 25.2224 381.582 362.488
internal_count=296831 6588 290243 985 565 289258 283111 5649 5585 351 5234 6147 1975 144 4268 1831 277462 19584 19526 18709 18421 499 17922 394 288 8375 2688 190 2629 171 9547 6914 3383 593 2790 3531 764 484 379 574 116 826 2767 609 2158 481 316 277 179 137 332 280 1677 966 233 179 817 284 4140 251 2633 2506
is_linear=0
shrinkage=0.05


Tree=132
num_leaves=63
num_cat=0
split_feature=48 30 8 16 1 8 16 16 27 47 59 33 46 56 61 68 56 27 27 28 18 18 30 25 38 38 26 54 54 54 8 59 46 33 66 36 30 26 52 18 60 47 20 53 34 26 42 48 70 25 18 61 25 48 43 28 27 54 58 3 35 15
split_gain=9.59491 9.76133 9.06078 9.64557 9.55537 9.47922 9.36665 21.3768 17.6854 20.1831 34.8044 25.3759 19.732 20.7347 25.3349 23.6261 18.8193 18.1928 21.2783 18.1915 18.7653 17.6415 18.0122 18.3261 17.3412 23.017 20.2017 25.7627 18.0922 17.6508 16.9043 16.8066 21.5738 16.9141 20.6303 16.7479 16.7376 16.5933 16.362 15.7481 15.6549 15.4679 15.4527 24.5043 26.8232 18.8665 15.3783 32.8921 20.6248 19.0068 18.4548 15.0725 21.4841 14.444 15.4585 14.2522 14.5333 14.1879 18.6974 14.8863 14.6106 13.8949
threshold=2106968938586.5383 7.5000000000000009 0.57500000000000007 22.510000000000002 7.5950000000000006 0.31100000000000005 28.654692082111442 29.275281954887223 5.0213260444028744 2.4621870011532181 91.793722573842032 4.400246913580248 14.091559748427676 1.0000000180025095e-35 12.848450000608484 17.105159080580169 111.50000000000001 1.0000000180025095e-35 0.90000000000000135 71926052456.312851 177961840574.29214 45880939962.825127 68.500000000000014 0.61123960821806622 4009412946.1181588 2141478461.665235 18.514687500000004 1.1636885464104989 0.66292454451269178 0.98906394552047716 0.11650000000000002 693.66653281436766 13.503125000000002 4.4454817637452377 0.21643137258081216 16.230952380952385 20.500000000000004 17.303571428571434 700749.5000134263 33620407.759168245 1.353383457959749 117.45955762148239 34.500000000000007 5.5000000000000009 0.49665548085837802 28.912004801920769 4.9850000000000012 84872516.669353202 37.690996000772017 0.73281608758392125 16846264.859767128 12.840490878191931 0.85491039744734698 394167279.19753975 4.5000510204081641 22631762453.255054 8.1000000000000068 1.1329421267041362 89230.906121783555 47.650000000000013 0.77552586054152239 0.72382413650541977
decision_type=2 2 2 2 2 2 2 2 2 2 2 2 2 2 2 2 2 2 2 2 2 2 2 2 2 2 2 2 2 2 2 2 2 2 2 2 2 2 2 2 2 2 2 2 2 2 2 2 2 2 2 2 2 2 2 2 2 2 2 2 2 2
left_child=2 -2 4 -4 6 -6 8 -8 9 10 11 38 21 41 15 -15 40 46 -19 24 -21 22 57 -24 25 28 27 55 39 -30 -9 32 36 34 -34 -36 -31 -27 -1 -10 -12 -14 -32 45 -45 -44 47 -13 51 -50 -51 52 -48 54 -52 -26 -57 58 59 -11 -59 -20
right_child=1 -3 3 -5 5 -7 7 30 19 12 16 17 13 14 -16 -17 -18 18 61 20 -22 -23 23 -25 26 37 -28 -29 29 31 42 -33 33 -35 35 -37 -38 -39 -40 -41 -42 -43 43 44 -46 -47 48 -49 49 50 53 -53 -54 -55 -56 56 -58 60 -60 -61 -62 -63
leaf_value=0.011199783228805306 -0.012875332587859318 0.043252480389712994 -0.047750906758932031 -0.0075676359099286997 0.031672940972684249 -0.011424598979804742 -0.025318811600471093 -0.021083953895106988 -0.0036320004307727896 0.031317301239261061 -0.021295258763017667 0.0015780081859666424 -0.0050878826103600752 0.016389582120008305 -0.075410948896891414 -0.0091210871069159136 -0.061734974060627203 0.040793920043209309 -0.055454063985801383 -0.049219742111333939 0.051104546084520898 0.034146757714637703 -0.060490156344720603 0.023100109502046332 0.050288520528801631 -0.053503092392720213 0.0077313991060777914 -0.012963378130062568 0.035496630175089666 -0.052870233004926909 -0.00015398550380839714 0.050736427901766884 -0.038936290711098387 0.011327779049243045 0.04286263093701842 -0.0016356370768695666 0.017624923024168192 -0.0070458417980736616 0.057887067535301651 -0.062974888867065565 0.018621294831080017 -0.048522987517242135 -0.021457937840172976 0.028505895926896969 -0.05904922304595716 0.038007086179939809 -0.078363144821353897 0.09742024107538487 0.013918971752923535 0.010875057643647053 -0.060618408103650601 0.0045217913485374661 -0.0096999898280545113 -0.053688727521587799 -0.012531231159263662 -0.035027406196892111 0.06325541430140301 -0.035710680422034 -0.042954247617799091 -0.018878939192099833 0.034918481343989609 0.0067452475458846433
leaf_weight=134.59264763817191 11.247678075917063 24.883605976123363 16.487541580572724 158.497189453803 45.199077742407098 17.776730474084616 84.498202430666424 96.21883118711412 34.513656727969646 15.804614938795565 26.004411749541759 165.50214870274067 600.02874493412673 319.79636439448223 9.0370122172171232 126.7231660594698 7.8332983572036019 46.557039948180318 10.713572517968712 26.016082736547109 5.6783836745889849 18.756771648884751 7.62613133015111 46.766229179804213 92.209478231146932 25.192717315861955 237.87424163834658 25.772652805433609 53.903099536895752 27.17453171312809 47360.956580308732 20.735101871192455 34.743879333138466 663.3961886940524 22.895355634391308 276.64706503599882 12.200351174920796 81.078973316587508 21.806926026940346 16.536186657845974 443.16838682990056 21.22186878323555 15.747035929234697 15.999678975902496 19.299005055450834 87.208608223358169 12.053295537829397 9.4638488143682462 30.630814662668854 25.573773795738816 21.327992469072342 247.74175519496202 207.72530714422464 62.332542044809088 77.234654538333416 10.625398966250943 5.8225865727290502 10.916393052786587 84.217721832916141 225.66101907100528 22.23886214569211 55.45604471093975
leaf_count=894 150 3871 88 1003 244 79 883 824 153 91 138 1033 3271 2102 72 737 48 263 85 1027 847 701 104 1253 1185 156 2353 331 219 130 249481 93 155 3209 102 1159 63 486 114 79 2960 93 202 929 596 6604 56 33 228 121 131 1206 1017 313 341 188 83 60 501 1339 126 428
internal_value=2.2597e-05 0.0257799 4.93959e-06 -0.0113538 4.27769e-05 0.0195074 1.94138e-05 -0.000192279 0.0021277 -9.95909e-05 0.00380207 -0.000983382 -0.00425189 -0.000630232 0.00747215 0.0091496 0.0151256 -0.00399018 0.0148962 0.00627406 -0.0312456 -0.0132795 -0.0154322 0.0113803 0.00699857 0.00421484 0.0164871 0.0319802 0.0062506 0.00758713 -0.00014767 0.00616491 0.00527374 0.00670641 -0.00246476 0.00176556 -0.0310272 -0.018059 0.0177094 -0.0228545 0.0164089 -0.00657162 -0.00010526 0.0165864 -0.0193635 0.0289119 -0.00646695 0.00676208 -0.00984785 -0.0225832 -0.0285793 -0.00393401 -0.0134657 -0.0348504 -0.0229368 0.0426405 -0.00023529 -0.0194964 -0.0226686 -0.0155935 0.0116638 -0.00332549
internal_weight=52741.5 36.1313 52705.4 174.985 52530.4 62.9758 52467.5 47679.9 4787.53 3114.51 1605.72 1128.71 1508.79 1076.81 455.557 446.52 477.006 972.313 112.727 1673.02 31.6945 431.988 413.231 54.3924 1641.32 1269.02 372.304 134.43 1162.75 1111.7 47595.4 1057.79 1037.06 997.682 334.286 299.542 39.3749 106.272 156.4 51.0498 469.173 621.251 47499.2 138.254 35.2987 102.956 859.586 174.966 684.62 217.1 186.469 467.52 219.779 160.895 98.5626 108.657 16.448 358.839 325.683 241.466 33.1553 66.1696
internal_count=296831 4021 292810 1091 291719 323 291396 259519 31877 19859 9409 6263 10450 6275 2911 2839 3146 5255 776 12018 1874 4175 3474 1357 10144 6004 4140 1787 5362 5130 258636 4911 4818 4625 1416 1261 193 642 1008 232 3098 3364 257812 8331 1525 6806 4479 1066 3413 1134 906 2279 1073 785 472 1456 271 2117 1931 1430 186 513
is_linear=0
shrinkage=0.05


Tree=133
num_leaves=63
num_cat=0
split_feature=10 48 25 33 61 27 59 20 25 54 10 36 56 56 53 36 44 52 51 59 38 69 23 31 66 66 65 16 59 50 57 48 63 47 43 44 38 68 48 27 33 70 48 61 57 40 69 47 38 48 34 63 33 61 35 31 36 35 61 28 36 43
split_gain=9.40505 14.6168 13.3776 15.1122 9.39755 22.3711 13.5427 12.9694 14.0668 12.6576 11.9787 11.9502 9.04099 13.9274 13.7208 9.68419 9.34909 8.87688 15.7814 13.9802 13.6676 16.6341 10.8379 9.05699 8.82467 15.5675 19.0923 28.8162 17.2077 17.1374 15.5506 14.0149 13.8122 21.7065 21.7654 19.3068 18.7653 18.1765 17.5089 17.3875 16.9482 15.4248 22.1876 14.6986 14.6964 15.3208 13.7746 15.7842 13.7141 38.1593 19.9892 19.2598 16.0756 15.8837 15.8121 18.7115 29.3522 15.9201 21.4477 16.2338 15.5967 15.3627
threshold=17.500000000000004 119356201642.28355 0.45321268060343484 4.7291787090558772 12.706771043560897 2.7000000000000011 273.80206532576489 28.500000000000004 1.0218693691841214 1.302883445709756 21.500000000000004 26.833333333333339 740.00000000000011 498.50000000000006 111.50000000000001 32.654794176706837 0.53467166381561537 14886368.524633704 0.42427491528427175 104.6548236245353 960638558.57990015 16.50721602648677 4.5600925925925937 1.0500000000000005 0.85260769842926931 0.98897820466835418 1.0000000180025095e-35 21.512500000000003 656.45388571880233 1.5000000000000002 0.89895391378570411 162692262.87697688 100.88931164988072 11.180779462875011 5.10057471264368 0.4316555694210894 548273254.83659637 74.676968729027166 119356201642.28355 4.9538690558054794 6.0005555555555565 5.5161002345969647 313229318.23728895 7.9642777025593716 0.59337996058108644 67.500000000000014 22.353616414826622 4.9269341807690479 848799774.93367589 7099261904.2343473 0.42172202541399434 19.871691037159938 4.4911081162024562 10.921290004840531 1.77665924414967 0.38333333333333336 25.188311688311693 1.3714562586418471 0.72460258184960302 28012904.288941111 111.30714285714286 4.2751562500000011
decision_type=2 2 2 2 2 2 2 2 2 2 2 2 2 2 2 2 2 2 2 2 2 2 2 2 2 2 2 2 2 2 2 2 2 2 2 2 2 2 2 2 2 2 2 2 2 2 2 2 2 2 2 2 2 2 2 2 2 2 2 2 2 2
left_child=12 2 -2 4 5 -4 9 11 -9 10 -6 -7 13 17 -15 -14 -16 18 22 20 -19 -22 -1 -21 -20 26 27 28 29 -26 31 -29 33 34 39 36 43 48 44 -27 -38 -41 -43 -34 -37 -46 47 -32 54 51 -51 53 -52 -50 55 -35 -57 58 59 -58 -56 -59
right_child=1 -3 3 -5 6 7 -8 8 -10 -11 -12 -13 15 14 16 -17 -18 19 24 23 21 -23 -24 -25 25 32 -28 30 -30 -31 46 -33 35 37 -36 38 40 -39 -40 41 -42 42 -44 -45 45 -47 -48 -49 49 50 52 -53 -54 -55 60 56 57 61 -60 -61 -62 -63
leaf_value=-0.013175325752477339 -0.080852489836514468 0.047829820287806808 0.050854654660406701 0.042261332489350281 0.007053881880416917 0.010298470921230492 0.038332489279258967 0.036773702433114758 -0.064061215358511378 0.046196369499030318 -0.048985545510224979 -0.069920951436996268 0.0020710548381208302 0.02310631472355933 -0.060658513548220029 0.060856221417287394 -0.0080570631101045381 0.10068059704165527 -0.00051372588445693719 -0.080597783972461159 0.060033908437350791 -0.02861517143840836 -0.077604230563301235 0.026184031788028663 0.014284676795029878 0.0038510410545760953 0.0025505458870679065 -0.013230844280399041 0.065330103888750532 -0.038830579626874001 0.00075728445891073493 -0.065019448125505516 0.004872889282195432 -0.0050415785332558125 -0.011599320133459226 0.038929476368616489 0.032327114330225212 -0.017004412891497067 0.032491588451817252 -0.016355852352004523 -0.03447333606606752 0.088799651185062972 0.021937125650441355 -0.027062598315849031 -0.0065973692683241464 -0.042890324390080142 0.0059565712324277055 -0.010129983922415752 0.0085175914046876893 0.036103602045551846 -0.063096106691997625 0.023623318136891787 -0.013215903234514548 -0.051661817990723516 0.0027258464365194782 0.030935553628730128 -0.014624119837897015 -0.016560636274572622 -0.039176515148678454 0.032909739197183853 0.048151220145885923 -0.069474693639161852
leaf_weight=17.082910075783733 4.3272118924651286 23.828884574351832 25.650419107638299 27.047855118056759 13.568638566415755 7.659586904570463 10.69577059522271 18.097786019905474 4.2758650491014114 5.7815586628857991 32.084816590882838 11.786301603540776 15.763085391372444 10.527963712811468 23.391486630309373 12.610940858721731 13.221997067332266 7.1755620986223247 32505.931653609965 4.5123840272426587 12.009305389365183 9.4600260769948346 10.563288319855927 3.5464725797064602 199.63089533289894 957.47138880484272 11612.696455734666 40.333231439813972 15.172390900552271 16.436422773171216 532.25333179254085 19.32174002379179 1177.6283073481172 1890.7304895333946 218.23520863894373 16.713029995560646 96.377943206345662 287.14661844773218 29.181726265698671 16.161540269851685 10.532959446310995 16.32603494822979 51.694466041517444 37.167643763124943 506.66144828684628 30.849310682155192 287.01140557264443 888.86796219460666 33.859897889196873 18.463155015837401 18.187794809229672 204.75113272666931 144.37245799624361 16.215717658400536 244.17959916591644 25.488355398178101 67.584627687931061 22.792848333716393 67.003434136509895 24.463592743501067 20.481171049177647 34.450015395879745
leaf_count=83 154 7456 548 2202 130 81 205 1278 27 284 360 84 112 52 133 68 65 26 177665 22 143 54 57 92 1146 6479 60647 260 80 177 4231 104 5774 8567 1186 65 575 1437 295 72 49 63 466 203 2363 173 1445 4387 166 242 97 1013 1433 79 1006 101 297 93 308 133 90 148
internal_value=2.16352e-05 0.0112815 0.00587129 0.00826692 0.00117224 0.0140925 -0.0128583 -0.0084559 0.017503 -0.0235033 -0.0323301 -0.0383231 -1.79682e-05 -3.32137e-05 -0.0271982 0.0281983 -0.0416629 -8.80617e-06 -2.60137e-05 0.0245718 0.0409394 0.0209725 -0.0377929 -0.0336062 -6.08906e-06 0.000823247 0.00177361 -0.00273975 0.0138585 0.0102442 -0.00491093 -0.0300047 -0.00123494 -0.00278077 0.00275843 0.00231909 0.00566322 -0.00501744 -0.00525703 0.00576651 0.0257459 0.0275527 0.0379852 0.0038958 -0.00724462 -0.00868033 -0.00403455 -0.00605237 -0.00380248 0.00435601 -0.0131972 0.0168254 -0.0187967 -0.01097 -0.00528584 -0.00671643 -0.0198137 -0.025794 -0.0176561 -0.00199108 0.00624116 -0.0484055
internal_weight=52727.5 184.805 160.976 156.649 129.601 67.47 62.1308 41.8195 22.3737 51.435 45.6535 19.4459 52542.7 52514.3 47.1414 28.374 36.6135 52467.2 52430.5 36.7038 28.6449 21.4693 27.6462 8.05886 52402.8 19896.9 13611.7 1999.03 231.24 216.067 1767.79 59.655 6285.17 4380.06 1259.89 1905.11 1321.71 3120.17 583.406 1041.65 106.911 84.182 68.0205 1214.8 554.224 537.511 1708.13 1421.12 2833.02 435.85 181.023 254.827 162.56 50.0756 2397.17 2132.51 241.783 216.295 159.052 92.0482 264.661 57.2429
internal_count=296831 12809 5353 5199 2997 2018 979 1470 1305 774 490 165 284022 283842 250 180 198 283592 283255 337 223 197 140 114 283115 105450 72477 11830 1403 1323 10427 364 32973 23476 8266 9497 6601 15210 2896 7080 624 601 529 5977 2601 2536 10063 8618 13773 3030 1772 1258 1530 245 10743 9647 1080 979 738 430 1096 241
is_linear=0
shrinkage=0.05


Tree=134
num_leaves=63
num_cat=0
split_feature=22 17 2 59 46 68 46 27 42 1 2 16 16 65 55 37 67 32 19 59 68 45 34 48 27 10 65 8 34 25 56 69 0 63 20 9 60 54 25 55 40 48 40 27 20 47 59 9 36 67 29 27 9 68 48 69 13 47 0 37 1 54
split_gain=8.92785 17.644 12.7947 10.4395 12.0219 13.5019 12.5337 11.8549 9.90995 9.02767 9.00814 9.28374 19.7727 15.7907 23.4275 22.876 22.3495 20.403 19.9413 26.7276 18.2052 15.5324 18.9137 15.4631 16.5447 15.783 15.6917 14.5632 13.6159 12.5089 14.1293 12.3427 20.514 20.4834 18.7467 17.7668 13.971 19.3708 18.2616 15.5705 15.2542 16.2459 18.1308 28.8196 17.8855 17.2254 15.1609 14.6265 14.1643 26.3703 31.0069 36.1307 23.3397 21.3422 22.2052 23.1219 20.727 18.4892 14.9563 14.7358 14.472 14.5737
threshold=7.5950000000000006 2.4119569339299187 1.0000000180025095e-35 60.552748477986121 33.000694444444456 76.476538286777938 10.857389610389612 35.981648443149709 8.1250000000000018 6.1150000000000011 1.0000000180025095e-35 28.654692082111442 29.275281954887223 1.5000000000000002 1314369.0631557761 0.80000000000000049 0.93038214053199464 7.1750000000000007 1.694776418868072e+19 441.9246103158444 40.525152512126638 0.58887387376712175 0.14142135623730948 377234715.22207934 4.9538690558054794 9.5000000000000018 2.5000000000000004 0.11650000000000002 0.2692582403567253 0.67397878491963603 21.500000000000004 1.6320822234945609 14.719500000000002 720.0510843326382 12.500000000000002 1011552483.0999991 1.2442396309493726 2.0808370393799351 0.75166352637101375 29831852.690225221 141.50000000000003 130408747603.88625 93.500000000000014 8.7369591358961838 37.500000000000007 27.298851256214039 486.54259682889079 120614.50000000001 44.158723404255326 -0.72534675097891077 1.0027664396367116e+19 14.499975920564525 3798.0000000000005 22.82917635719485 18405899430.285458 19.771380473475894 5.0402380952380961 27.298851256214039 7.0035000000000007 31.097913897701911 4.0050000000000008 0.56677173801414427
decision_type=2 2 2 2 2 2 2 2 2 2 2 2 2 2 2 2 2 2 2 2 2 2 2 2 2 2 2 2 2 2 2 2 2 2 2 2 2 2 2 2 2 2 2 2 2 2 2 2 2 2 2 2 2 2 2 2 2 2 2 2 2 2
left_child=8 2 -2 7 6 -6 -5 9 10 -4 -1 13 -13 16 17 29 -12 18 20 -20 28 -18 -23 26 25 -25 -17 -14 -15 -16 -31 32 -29 35 -34 36 38 40 -33 46 41 42 44 47 48 -45 -40 -44 49 50 58 53 -51 54 55 -52 -55 59 -38 -50 -60 -62
right_child=1 -3 3 4 5 -7 -8 -9 -10 -11 11 12 27 14 15 23 21 -19 19 -21 -22 22 -24 24 -26 -27 -28 31 -30 30 -32 33 34 -35 -36 -37 37 -39 39 -41 -42 -43 43 45 -46 -47 -48 -49 57 52 51 -53 -54 56 -56 -57 -58 -59 60 -61 61 -63
leaf_value=0.0052445601327741542 -0.13013771550900102 0.041284268411113462 0.046122464506774152 0.021249951710428674 0.044251024222868036 -0.091106670931561162 -0.037445847715934032 -0.11598293045225155 0.029636060188676983 -0.03427801297066152 0.0057920547421557167 -0.024778384066864632 -0.019764072687762417 0.00066412782653394191 -0.031486501329193693 0.0029753232426160516 0.029962429003353736 0.023219742878268203 -0.045135725175651523 0.04023405546783889 0.013064361663689648 0.010074835721111126 -0.014972368795330227 -0.01570206874888749 0.030366741459486365 0.05242961170416939 -0.056282158944057505 0.00011111711171068852 -0.011006326732149085 0.080311233535311985 0.020471842157106922 0.028017929420634798 -0.0097538273752115108 0.043012628366069311 0.055105599749464954 -0.039467919227897462 0.033463387282217039 -0.015639994790605159 0.00080951254114313732 -0.041321596425003743 0.045343583496970312 -0.018951780184031212 0.032917156716541766 -0.084013482702416042 0.026759696007468012 0.015540351373694384 -0.0053144481788770462 -0.086636640729797779 -0.0057582195261228798 0.011618360271593469 -0.080841708470317353 -0.12570642175505883 0.0012841507030525469 -0.012887585977353323 0.025327865343524637 0.0095086032035999763 -0.12366297349426288 -0.0011130735105038681 0.017671191292264684 -0.026021061974223769 -0.062315632081339424 -0.005200321183697898
leaf_weight=797.79624552931637 1.8163073358591635 38.891690716031007 24.802468924317516 12.563404629356226 15.144318681908773 2.0974962363252407 32.944541664095595 1.3651331160217512 28.169798187213019 4.0633852394530541 2670.7349478929536 82.487904319772497 95.6802415875718 399.34445093665272 4.7999694300815454 29.217738918960094 27.493406075634994 62.735786079778336 59.217300152173266 10.847877793014048 131.69045027857646 99.685718296095729 308.98816419672221 53.481865049339831 69.937861395999789 10.106528999400323 18.088074311614037 1494.9082624446601 667.96002006274648 22.378330302424729 17.64134100661613 60.648620077641681 1023.2079791836441 27.605608057230711 11.263505571521817 28.59788329154253 26.801157012581825 230.32842633884866 27550.138007423375 22.182834625244141 17.711361230700277 126.19229511951562 16.619266404304657 22.334662769921128 58.466970911365934 5.3944915588945141 1049.1345280464739 3.0237757917493573 1589.3744296757504 632.30319284135476 15.10417525097728 9.7488634800538403 4019.8127939593978 7.9022897239774492 26.189844512846321 13.331034110859035 9.0686489730142039 7612.1134320725687 69.973649799823761 95.093481389805675 11.291689068078993 1025.7978033460677
leaf_count=4584 83 5626 1862 376 1347 17 1178 26 1927 50 16640 793 827 2164 27 153 232 838 396 68 720 594 1954 395 514 298 95 16093 3305 133 288 805 12162 234 72 283 177 1913 133222 125 1353 1552 535 196 1438 55 7650 28 7290 3928 96 77 19425 53 282 119 59 34449 345 411 50 4844
internal_value=2.07246e-05 0.0129253 0.00129071 0.00385806 -0.00777069 0.0277845 -0.0212417 0.0279956 -1.20863e-05 0.0348047 -2.79788e-05 -0.000109256 -0.000320017 0.00201853 -0.00209043 0.0128075 0.00407829 -0.00461465 -0.00599064 -0.0319183 -0.00447551 -0.00641542 -0.00886273 0.0048818 0.0135845 -0.00487344 -0.0196826 -0.000277098 -0.00663969 0.044785 0.053933 -0.000237352 -0.00363465 -4.37379e-05 -0.00904763 -7.05355e-05 -4.51174e-05 -0.00124707 0.000610458 0.000552382 -0.00103199 -0.00108534 -0.000937691 -0.0318223 -0.000841578 -0.0646461 0.000584861 0.0145135 -0.000947999 0.000975551 -0.00558299 -0.0354017 0.00268875 -0.0231054 -0.00788933 -0.0384836 -0.0720819 -0.002162 -0.00344376 -0.00690212 -0.00433725 -0.00582218
internal_weight=52713.8 133.689 94.7971 92.9807 62.7498 17.2418 45.5079 30.231 52580.1 28.8659 52552 51754.2 47089.8 4664.35 1557.45 225.652 3106.9 1331.8 1269.06 70.0652 1198.99 436.167 408.674 180.832 133.526 63.5884 47.3058 47007.3 1067.3 44.8196 40.0197 46911.7 2529.38 44382.3 1034.47 44354.7 44326.1 15644 28682.1 28621.5 15413.6 15395.9 15269.7 47.3722 15222.4 27.7292 28599.3 19.643 15163.9 5867.33 1215.21 81.3449 4652.12 71.596 54.6251 28.4352 16.9709 9296.58 1133.86 1684.47 1107.06 1037.09
internal_count=296831 10565 4939 4856 2918 1364 1554 1938 286266 1912 284339 279755 250941 28814 9394 1903 19420 7491 6653 464 6189 2780 2548 1455 1207 693 248 250148 5469 448 421 249321 28327 220994 12234 220760 220477 78675 141802 140997 76762 75409 73857 814 73043 251 140872 563 71605 29455 6102 686 23353 609 497 215 112 42150 5416 7701 5239 4894
is_linear=0
shrinkage=0.05


Tree=135
num_leaves=63
num_cat=0
split_feature=51 36 70 46 45 48 0 65 35 13 45 42 44 36 28 38 38 26 48 7 30 10 67 67 54 48 42 38 46 58 42 30 26 51 57 38 35 70 35 42 42 9 3 48 46 48 68 0 46 32 18 28 38 42 17 17 40 61 57 58 3 28
split_gain=8.99006 10.1015 9.0389 8.33252 14.1036 19.169 11.196 12.9556 18.26 15.5964 17.5602 15.4024 12.7615 17.681 14.9637 18.9264 12.6527 27.2069 24.7801 21.1598 17.4928 17.145 16.1347 14.927 12.1963 24.9504 33.4334 27.9019 19.4465 21.7317 25.0876 25.4414 22.4703 18.9045 19.3202 17.6881 17.5255 17.5901 19.685 15.5234 19.8015 15.1581 14.6223 16.0383 21.3906 19.3599 14.7434 20.1766 23.4913 16.4415 16.621 16.5268 16.1276 16.0985 15.0618 21.5952 14.7607 14.2301 17.1696 20.9147 17.3482 19.2173
threshold=5.5062336098448066 108.35227272727275 5.2305989378139595 575.75603448275876 0.90478017063177651 515135374.33091313 550.05000000000007 3.5000000000000004 1.6286043071371921 5.5769736842105271 0.89167807452379366 5.995000000000001 0.2981840292660955 150.01363636363638 32481542.102725748 366142630.88144135 32356183980.192245 438.22500000000008 33261411691.198246 0.85500000000000009 59.500000000000007 21.500000000000004 -0.94260559819261258 -0.93663652364155492 1.302883445709756 1431714332.4934061 6.995000000000001 669382282.25667882 23.020937500000006 4130320.0306442655 6.6950000000000012 15.500000000000002 113.36500000000001 2.3454685961762216 0.66972463963442197 112624636.0347411 1.0340344807220296 181.58075310490156 0.7951870795411663 6.1950000000000012 6.495000000000001 167822.00000000003 106.65000000000002 130408747603.88625 44.02186379928316 89902999506.429504 12.668535916060369 50.750000000000007 25.003181818181826 6.6950000000000012 4474292605.90728 1131536516.3936441 19581195501.549858 6.495000000000001 1.8500000000000008 0.25070787221094143 25.500000000000004 1.2655580313568622 3.7225241305993073 12379983.556431379 110.95000000000002 14745244.425149115
decision_type=2 2 2 2 2 2 2 2 2 2 2 2 2 2 2 2 2 2 2 2 2 2 2 2 2 2 2 2 2 2 2 2 2 2 2 2 2 2 2 2 2 2 2 2 2 2 2 2 2 2 2 2 2 2 2 2 2 2 2 2 2 2
left_child=3 2 -2 6 -5 -6 7 16 9 10 -9 -10 13 -12 15 -14 24 18 -18 20 -20 22 -21 -24 33 27 28 57 36 41 31 39 -33 42 -35 -28 37 38 -27 -31 -41 -30 43 45 -45 46 47 48 49 50 51 54 56 -53 55 -1 -48 58 60 -60 -26 -62
right_child=1 -3 -4 4 5 -7 -8 8 11 -11 12 -13 14 -15 -16 -17 17 -19 19 21 -22 -23 23 -25 25 26 35 -29 29 30 -32 32 -34 34 -36 -37 -38 -39 -40 40 -42 -43 -44 44 -46 -47 52 -49 -50 -51 -52 53 -54 -55 -56 -57 -58 -59 59 -61 61 -63
leaf_value=-0.0029444128616683968 -0.046407910832495507 -0.03319216785262586 0.063433625528792864 0.0048109058023520675 -0.0081119978353149137 -0.054839200771381262 0.0046920549031698126 0.0047734263177513867 0.0048233889788039178 -0.066273633796008383 -0.012959283818437153 0.058351584835304095 -0.022495225603225533 0.016266238759375034 -0.046329539514264328 0.028162814077546762 0.046839566445173751 -0.068363937965473215 -0.065962331648148242 0.023969128676510895 0.022668905774205626 0.043765330515987674 -0.05057948210083716 0.0034633059604601765 0.0075025191861582286 -0.0098906227124435503 -0.051057552572054937 0.035632868924776344 -0.072223000099270337 -0.064340325703575549 -0.059251027186750627 0.030857035069854905 -0.037973228321014629 -0.02374527154455525 0.054211920077260514 0.035156255076256936 -0.047404881993151564 -0.060484362856564666 0.041946048122111418 0.025964651628789106 -0.052640444861267427 -0.014560583824353018 -0.00030879446526924635 -0.012289826743221113 -0.10570947493434675 0.061557440772854445 -0.0016533678887867198 -0.0051315977317698104 0.011218046141785405 0.033138266159300322 -0.073555118905251626 0.032905997515742857 -0.051563036420883029 -0.042036446109501108 -0.031919124226022548 0.039220979039288277 0.0065359064463417276 -0.013252076729752267 -0.0012501181635281079 0.060540269544103631 -0.016654607499407465 0.020212367568295683
leaf_weight=610.69811727758497 2.1389354765415254 4.6636522561311713 15.060315715265459 81.114130390807986 67.839788280427456 32.445178814232349 1264.1574912043288 186.18769417097792 109.47768675535917 11.829766945913432 250.77974808914587 15.319432735443113 123.78752372600138 65.208031307905912 51.422281978884712 21.664774615317583 36.041532339993864 12.419010959565638 18.580472801346335 98.70636407553684 7.9485789728350928 28.930089307948947 12.956251284573225 924.87505698250607 272.63094862364233 40.13971060118638 6.9556529372930518 50.525126932188869 42.653942795936018 24.246522665023804 33.112011632882059 44.500195616856217 16.164582423865795 10.751774075441061 30.473672576248646 41.12112645432353 19.09248660504818 8.9440039186738414 33.68388655828312 16.879433885216713 15.250794932246206 15.553067892789839 42429.254298495245 40.135738400742412 7.2316018790006629 13.920456198975442 2212.4322546916083 391.18522429699078 1354.285289824591 36.555587629321963 7.8533650049939743 57.372453932650387 15.017882346874101 8.18867214117199 41.523159334436059 31.954665724188089 732.3970941483276 228.14357485435903 28.848069190979004 26.070731982588768 215.10645560361445 42.298062220215797
leaf_count=3843 12 22 653 420 411 154 6147 989 499 64 2790 60 627 305 275 98 388 56 145 1271 205 7410 108 14634 1364 301 30 239 272 105 252 365 70 59 148 1104 85 138 208 70 65 64 221312 351 37 65 12230 1782 7166 290 68 361 111 52 249 321 3315 1103 139 106 1081 167
internal_value=1.99561e-05 0.0320758 0.0497735 6.65119e-06 -0.0106911 -0.0232296 4.36188e-05 -7.10881e-05 -0.00624569 -0.00934243 -0.008379 0.0113942 -0.0131538 -0.00692823 -0.023146 -0.0149498 3.13052e-05 0.00523788 0.00604819 0.00470186 -0.0394068 0.00580012 0.0047405 0.0027167 -8.92531e-05 -0.00502222 -0.0161147 -0.000420213 -0.0221274 -0.0308802 -0.0208265 -0.00995584 0.0125167 3.62422e-05 0.0338803 0.022683 -0.00422295 0.00573808 0.0137612 -0.0341376 -0.0113457 -0.0568154 7.16872e-06 0.00241801 -0.0265523 0.0026669 0.00251784 0.00531269 0.00721438 0.000386795 -0.00119354 -0.000435568 0.000119786 0.0235456 -0.00273356 -0.00084782 0.000383355 -0.00266052 0.0014704 0.0280827 -0.00128699 -0.0105964
internal_weight=52696.7 21.8629 17.1993 52674.8 181.399 100.285 52493.4 51229.3 835.677 710.88 699.05 124.797 512.862 315.988 196.875 145.452 50393.6 1140.46 1128.04 1092 26.5291 1065.47 1036.54 937.831 49253.2 1221.92 358.297 863.623 310.221 208.361 150.154 117.042 60.6648 48031.2 41.2254 48.0768 101.86 82.7676 73.8236 56.3768 32.1302 58.207 47990 5560.75 47.3673 5513.38 5499.46 2539.62 2148.43 794.146 757.59 749.737 2959.85 65.5611 684.176 642.653 2944.83 813.098 584.954 54.9188 530.035 257.405
internal_count=296831 687 665 296144 985 565 295159 289012 5707 5148 5084 559 4095 3095 1000 725 283305 24217 24161 23773 350 23423 16013 14742 259088 7328 3129 4199 1995 1263 927 675 435 251760 207 1134 732 647 509 240 135 336 251553 30241 388 29853 29788 14132 12350 5184 4894 4826 15656 413 4413 4164 15545 3960 2857 245 2612 1248
is_linear=0
shrinkage=0.05


Tree=136
num_leaves=63
num_cat=0
split_feature=69 43 51 36 61 59 3 69 69 43 36 30 46 26 43 42 40 30 59 40 68 60 59 63 35 47 1 58 57 60 3 46 43 55 36 59 52 69 55 38 60 57 44 42 59 20 61 33 35 57 46 42 59 59 57 47 32 40 61 26 43 47
split_gain=8.6044 8.38234 9.08089 9.90004 8.91419 11.0224 9.92853 9.31461 8.07611 14.534 13.6009 11.202 37.3616 37.4817 11.5105 8.79323 19.6843 21.5798 22.9212 19.0844 16.5144 17.4248 17.115 20.8286 18.2535 17.0001 19.2075 16.708 16.5595 22.4556 16.7396 16.0176 15.5617 14.0439 16.0726 15.9075 16.0266 13.9692 22.3231 18.6624 32.8365 24.4173 22.2649 22.1068 20.2007 26.5276 31.1357 19.6933 25.7748 19.7098 18.7552 17.5715 17.2142 16.8896 16.1199 15.5068 16.8568 15.2428 18.1223 14.9696 14.8798 33.6687
threshold=0.050008090413482302 4.1016949152542379 5.5062336098448066 108.35227272727275 10.022789596959321 28.729197195357198 286.10000000000008 5.7145608772497587 45.048197082472434 6.0519047619047628 64.786944444444444 36.500000000000007 54.682738095238101 42.514256756756772 4.4889649923896515 5.3750000000000009 64.500000000000014 24.500000000000004 50.789401686787564 68.500000000000014 184.91729106721789 12.857142843897176 33.489441501522386 28.074589456082585 3.102103442166102 17.230681497454409 5.5950000000000006 24921486.084906749 0.64482147480101293 1.2857142854584551 109.65000000000002 138.3366666666667 4.1840454545454557 532763.21385698102 107.00526315789475 333.98830153008242 394753.32910083787 33.609982947897741 5260874.5261675818 4415723238.5483065 7.4808358073659376 0.9692470930610857 0.38586123009300749 5.705000000000001 130.5445327181703 8.5000000000000018 9.7780647449238192 4.3136363636363644 0.81430215356859814 1.9878927530858463 55.541421568627456 6.495000000000001 78.356211667331237 248.67454791952983 3.4743558552260336 42.660469087171819 5.9250000000000007 39.500000000000007 4.7355894429403227 128.7166666666667 4.5727486128894599 0.37282548461146886
decision_type=2 2 2 2 2 2 2 2 2 2 2 2 2 2 2 2 2 2 2 2 2 2 2 2 2 2 2 2 2 2 2 2 2 2 2 2 2 2 2 2 2 2 2 2 2 2 2 2 2 2 2 2 2 2 2 2 2 2 2 2 2 2
left_child=-1 4 8 -4 6 -6 -2 -7 15 10 11 14 -13 -14 -10 16 20 19 -19 -18 21 22 -3 24 25 26 33 -25 29 -29 -30 -22 -17 34 -24 -35 -37 60 39 40 43 -41 -42 50 45 46 -45 51 55 57 52 -46 -39 -43 -51 -49 -57 -50 -59 -58 61 -34
right_child=1 2 3 -5 5 7 -8 -9 9 -11 -12 12 13 -15 -16 32 17 18 -20 -21 31 -23 23 27 -26 -27 -28 28 30 -31 -32 -33 37 35 -36 36 -38 38 -40 41 42 53 -44 44 47 -47 -48 48 49 54 -52 -53 -54 -55 -56 56 59 58 -60 -61 -62 -63
leaf_value=-0.027976747760208389 -0.010845679423153095 0.0034991334384324706 0.050968656506273191 -0.031968762270299399 -0.023410546793391111 0.016080915806545526 0.053895224472188676 0.084329694931061516 -0.014554037876997789 -0.049741567818140674 -0.00044059151446041334 0.026381044195087917 -0.037961075856784841 -0.4804426818936558 0.027372170131627977 -0.05352494573073141 -0.0032018356725787276 -0.057803700198273522 0.017182551713347399 -0.065567262504505355 0.042014287141291601 -0.042154943910965498 -0.00084787974427159526 0.00082939044264718209 0.029164625715097911 -0.006822860452033206 0.023125169861466698 0.025643708245833161 0.083671843844496357 -0.042793473039665575 0.011251878100418517 0.00765982799763891 0.014280732935593829 -0.023513236892107804 0.024153049127024206 -0.027563350697218648 0.049856807884080367 0.0090429661873001072 0.049247719529052277 -0.050903744790995492 -0.0058917037504031249 0.013914393636727349 -0.11303771975796302 0.0033277009822679838 0.03262144812171449 0.045833834601307827 -0.063986570711532242 -0.029710674270694206 -0.013098703128574541 0.032682622439325341 0.0095674658749257246 -0.027612363005925789 -0.024040334985453417 0.051133391780368742 -0.031722493340873688 0.031168848547558539 -0.046009097375395977 -0.037566356682447788 0.027097223406269258 0.012678741413168909 -0.00016022640475355388 -0.0035276397578323294
leaf_weight=27.431331767234951 345.59425267856568 4489.9917131680995 16.499466954264793 4.6016231477260581 11.935193613171576 18.018296593800191 6.0252334475517264 6.9191565439105025 18.532761380076408 10.682144607417284 170.12593672878575 5.5134612414985886 1.1136730473954228 0.83926747133955348 140.30958234122954 13.836695127189158 19.156472831964493 13.063818514347075 46.341273821890354 34.107361331582069 37.141511487774551 23.666275706142187 1324.8149163667113 12165.595298942178 42.747336402535439 1972.5192972272635 85.661911591887474 43.153995350003242 17.739532470703125 16.595651239156723 14.502793297171591 392.27873809635639 276.35820509493351 122.05784333124757 67.564204808324575 11.248886272311212 16.474177129566669 72.141944698989391 25.761063389014453 12.655726838856934 9.0370885170996207 168.36747086199466 10.460973728448151 594.38981737289578 49.0684904307127 35.510366058908403 17.689714554697275 22.957391885574907 297.38892691582441 33.846868902444839 964.40495494008064 16.074255630373955 86.422587782144547 37.219286299776286 13.626939021050928 68.592163860797882 16.514629110693932 140.14976524561644 11.742972835898398 31.765055276453495 21213.01992854604 6699.8453617935302
leaf_count=1436 3334 24128 663 22 106 193 67 43 99 57 1263 288 99 40 1107 74 79 100 413 144 235 146 9372 57042 205 9628 405 182 68 80 68 1827 1293 797 367 104 112 352 206 66 55 3069 64 3389 190 320 109 162 1364 152 4711 68 407 235 62 320 79 627 48 155 133648 31287
internal_value=1.91059e-05 3.36916e-05 8.80838e-05 0.0328821 -0.00728365 0.0161049 -0.0097363 0.0350173 7.48381e-05 0.0076761 0.00949917 0.0196671 -0.0401861 -0.228116 0.0224805 2.39948e-05 0.000814808 -0.020028 0.000692269 -0.0431374 0.000927472 0.000723351 0.000773118 3.35222e-06 -0.00331605 -0.00370169 8.03908e-05 0.000989914 0.0222185 0.00663507 0.0510969 0.0106312 -0.000511662 -0.00119967 0.000365273 -0.0157475 0.0184429 -0.000487943 0.00292322 0.00248286 0.00125491 0.016503 -0.063377 0.00176464 -0.00254867 0.00381974 0.00138225 -0.00842576 -0.0111052 -0.0164431 0.00694735 0.0177585 -0.00898846 0.0206525 0.0141957 0.00785799 0.0152377 -0.0196806 -0.0325672 -0.00739612 -0.000818998 -0.00282217
internal_weight=52679.4 52652 52263.5 21.1011 388.492 36.8726 351.619 24.9375 52242.4 347.117 336.435 166.309 7.4664 1.95294 158.842 51895.3 20956.4 112.669 59.4051 53.2638 20843.8 20414.3 20390.7 15900.7 3643.09 3600.34 1627.82 12257.6 91.992 59.7496 32.2423 429.42 30938.8 1542.16 1392.38 149.781 27.7231 30925 2735.79 2710.03 2491.78 218.242 19.4981 2472.29 1349.32 647.59 612.08 701.727 636.585 496.755 1122.97 65.1427 158.565 205.587 47.4738 139.829 116.872 449.282 151.893 48.2797 28189.2 6976.2
internal_count=296831 295395 291652 685 3743 342 3401 236 290967 2953 2896 1633 427 139 1206 288014 105502 736 513 223 104766 102704 102558 78430 20990 20785 11157 57440 398 262 136 2062 182512 10752 9739 1013 216 182438 16210 16004 12634 3370 119 12515 7045 3818 3498 3227 2969 2253 5470 258 759 3304 214 716 554 2039 675 234 166228 32580
is_linear=0
shrinkage=0.05


Tree=137
num_leaves=63
num_cat=0
split_feature=10 62 0 64 0 8 63 41 8 63 9 1 65 2 26 35 32 2 59 32 48 38 24 41 23 41 3 3 27 3 70 55 55 26 0 62 59 55 47 59 59 42 5 9 3 24 42 36 23 57 54 70 27 42 43 58 54 34 48 0 30 9
split_gain=8.48538 8.06917 19.1689 14.8088 21.3809 13.3797 10.7085 10.419 8.80149 8.6905 8.41248 8.24195 9.0794 8.17577 14.6372 12.4486 19.0692 18.84 18.7261 15.1311 20.5585 16.5856 14.781 14.7218 17.099 13.4303 12.6627 17.2952 12.6289 12.5464 12.766 16.7555 12.5214 12.4607 11.5336 12.8538 14.0508 11.4836 11.45 11.4089 13.8476 15.1204 11.3545 16.7563 15.1951 13.5894 13.4566 11.2381 12.6429 11.5625 14.251 10.9707 13.7253 13.3961 13.4727 10.9092 14.4969 12.7565 10.8312 14.0822 11.0612 10.6175
threshold=49.500000000000007 1.976478067387158 58.750000000000007 1.0000000180025095e-35 18.023500000000002 0.41500000000000004 8.1909463743383579 0.27222222222222225 0.19950000000000004 10.190793523722878 127206812.00000001 6.9850000000000012 1.5000000000000002 8.5000000000000018 -1.0000000180025095e-35 1.6889229851793159 4.7750000000000012 14.500000000000002 65.268993875102439 5.995000000000001 9988806828.719862 240960039.34346071 0.14966629547095778 0.29444444444444445 4.3668787878787896 0.75000000000000011 128.55000000000004 104.11500000000001 8.000000000000016 181.25000000000003 10.461197834589173 1692893.432009727 21311753.644024398 13.000694444444447 207.45000000000002 0.91601652892562024 592.41317732307311 12453604.801982814 12.186523798955495 2.8442052755790681 18.657773073844677 4.6950000000000012 0.95500000000000007 1343.5000000000002 101.15500000000002 0.8500425355476714 6.2950000000000008 27.755902777777784 4.0525000000000011 2.1714724095162645 1.6286043071371963 1.66219097556799 0.19441633935269853 5.7950000000000008 4.2909673659673677 3421871.1811913173 1.2249331540860944 0.14142135623730948 107872652.29097165 21.931500000000003 8.5000000000000018 3798.0000000000005
decision_type=2 2 2 2 2 2 2 2 2 2 2 2 2 2 2 2 2 2 2 2 2 2 2 2 2 2 2 2 2 2 2 2 2 2 2 2 2 2 2 2 2 2 2 2 2 2 2 2 2 2 2 2 2 2 2 2 2 2 2 2 2 2
left_child=1 10 3 4 8 -5 -6 -4 11 -10 13 12 -3 -1 -15 17 22 18 47 21 23 25 29 -21 -25 -20 27 42 33 30 -17 -32 37 -24 35 39 -37 -18 -31 -29 41 -41 45 -44 46 -19 -45 49 -49 50 51 -16 -53 54 -54 -40 57 -57 -30 -60 -61 -28
right_child=-2 2 7 5 6 -7 -8 -9 9 -11 -12 -13 -14 14 15 16 32 26 19 20 -22 -23 28 24 -26 -27 61 34 58 38 31 -33 -34 -35 -36 36 -38 -39 55 40 -42 -43 43 44 -46 -47 -48 48 -50 -51 -52 52 53 -55 -56 56 -58 -59 59 60 -62 -63
leaf_value=0.00021517848303863899 0.039534002073360275 0.024201183544050684 -0.019629784096387104 0.027755417669258139 0.066258690047102484 -0.024188181021201977 0.012745460352615565 0.032700108522435462 0.013319359102359369 -0.03241805237367084 -0.0091467139064087648 0.040055025032574014 -0.032635889064899663 0.062571564944325961 0.065357221731621076 0.0033208291722409342 0.014128201524185622 -0.001779505956617594 -0.010836975906472333 -0.014302960042959806 -0.03191408311848519 -0.034308290482924962 0.0050100471526161039 0.0022425287299503039 0.058912591668897889 -0.050055274065158112 0.032513423395885234 -0.039974264464608215 -0.026062421478251913 0.029844932031879375 0.059899513255530307 0.0059346358657560109 -0.022596976367827454 -0.053463124178010191 -0.023415302012574055 0.00041001606916397449 0.059319170730650364 0.05382509495374152 -0.054029330217784534 0.067381476706748281 -0.0096745924182447124 0.0028329905496960678 -0.020737694880244847 0.0092505466093105674 0.057878539896350424 -0.061388885993117773 -0.010436702983438427 -0.058772544300252041 -0.0043402366522341312 0.062660626240149675 -0.032712291593753932 -0.010563278704620118 0.012703070513593219 0.0017753131406489727 0.072748793372189646 -0.01694032462797064 -0.027545833682041804 0.044864782506493811 0.038479915766286718 -0.046608384535282529 0.0051614983593251803 0.0048007889033672493
leaf_weight=46081.748781865346 13.581909529631956 11.990960351191463 84.948618490248919 141.88799342093989 10.093281228095291 13.584085427224634 126.70120189292356 10.711191304028032 12.760691821575163 55.805829461663961 253.04757633944973 12.083811431657521 16.971039973199368 8.8251453721895796 9.1912468150258047 346.98377780616283 246.48473177850246 984.16982781735715 511.73851586319506 24.80251183360815 28.74285689368844 104.28618859685957 12.697837486863135 25.089308217167854 28.352967783808708 22.802451178431511 39.042907697032206 27.399214307544753 42.278672143816948 14.433458946645258 24.68154439330101 34.475284822285175 21.510750517249107 32.255306974053383 88.913812490180135 496.20756378234364 10.332970693707464 19.672221973538399 17.19756306707859 9.7589190080761892 841.82832743681502 129.00466888875235 56.137395675294101 638.99340817006305 14.720833041239528 9.6549627957865578 100.44072047853842 11.363964937627314 174.1185617884621 9.8751459270715696 19.862110381945968 53.524163503199816 18.037392385303974 38.444853375665843 19.377963319420815 16.086719520390034 49.107577577233315 17.356661640107632 22.700917422771454 14.054863959550856 38.804360911250114 301.19288448302541
leaf_count=254296 5105 59 442 671 48 73 671 52 65 332 4653 61 72 238 51 1490 1021 5359 2946 107 143 496 59 98 108 91 203 171 201 77 122 164 100 156 423 2491 65 76 76 67 4290 736 374 3148 77 50 762 61 923 44 106 333 95 178 75 77 265 74 88 59 153 1664
internal_value=1.83471e-05 8.15521e-06 0.00634553 0.0111337 0.00350976 0.0232169 0.0166939 -0.0137703 -0.0129438 -0.023906 -5.22931e-05 0.00536834 -0.00910398 -7.9591e-06 -0.0017726 -0.00187019 0.00329789 -0.0029052 -0.00865991 -0.0131539 0.00424871 -0.0160684 -0.00124962 0.0175329 0.0323079 -0.01251 -0.00121675 -0.00213511 -0.0143987 0.00286429 0.00698104 0.02845 0.0140967 -0.0369463 -0.00591359 -0.00488611 0.00161171 0.0170623 -0.0117788 -0.00815143 -0.00726225 0.00737253 0.00122308 0.00561603 0.00757774 -0.00235861 0.00657634 0.000813668 -0.00767514 0.0101684 0.00689668 0.0125739 0.00882421 0.0225033 0.0438016 -0.0178017 -0.0102545 0.0151357 -0.00579725 0.00554186 -0.00860372 0.00798088
internal_weight=52672.9 52659.4 497.539 401.879 246.407 155.472 136.794 95.6598 109.612 68.5665 52161.8 41.0458 28.962 51908.8 5827.02 5818.19 970.782 4847.41 1099.61 745.815 106.988 638.827 683.115 78.2448 53.4423 534.541 3747.8 3407.56 162.792 520.323 406.141 59.1568 287.668 44.9531 1603.45 1514.53 506.541 266.157 114.182 1007.99 980.592 138.764 1804.12 810.292 754.155 993.825 739.434 353.795 185.483 168.313 158.438 138.576 129.384 75.8602 37.4154 99.7485 82.551 33.4434 117.839 75.5601 52.8592 340.236
internal_count=296831 291726 2546 2052 1308 744 719 494 589 397 289180 192 131 284527 30231 29993 4258 25735 5855 3989 456 3533 3061 313 206 3037 19880 18013 716 2345 1776 286 1197 215 8243 7820 2556 1097 569 5264 5093 803 9770 4361 3987 5409 3910 1866 984 882 838 732 681 348 170 492 416 151 501 300 212 1867
is_linear=0
shrinkage=0.05


end of trees

feature_importances:
background_rate_yr=703
mag_mean_90d=430
magnitude=342
dist_to_plate_boundary_km=341
energy_90d=333
count_90d=304
depth_std_90d=265
depth_mean_90d=253
count_30d=208
mag_std_90d=202
energy_30d=185
b_value_90d=176
dist_to_nearest_fault_km=174
energy_1d=160
count_7d=159
wsm_dist_km=148
depth_mean_30d=145
elapsed_since_last_s=143
shmax_cos=129
mag_excess=127
shmax_sin=125
normalized_rate_30d=125
accel_energy=124
energy_7d=122
mag_max_90d=122
depth_mean_7d=120
mag_mean_30d=112
energy_90d_m2=111
count_90d_m2=109
depth=105
b_value_90d_m2=105
depth_error=100
count_1d=96
gap=95
depth_std_7d=95
b_value_30d=90
accel_count=89
depth_std_30d=88
mag_max_30d=87
rate_90d=82
mag_error=81
b_value_30d_m2=80
mag_std_30d=78
energy_30d_m2=76
fault_slip_type_enc=76
depth_mean_1d=72
mag_max_7d=68
energy_7d_m2=64
rms=60
moment_90d=57
stress_regime_enc=57
count_30d_m2=56
mag_type_enc=51
moment_30d=49
depth_std_1d=48
mag_std_7d=47
count_7d_m2=46
mag_mean_7d=45
moment_1d=43
b_value_7d=41
b_value_7d_m2=40
h_error=38
mag_max_1d=38
b_value_1d=34
rate_30d=34
moment_7d=32
mag_mean_1d=28
rate_7d=27
mag_std_1d=26
rate_1d=21
dmin=14

parameters:
[boosting: gbdt]
[objective: binary]
[metric: auc]
[tree_learner: serial]
[device_type: cpu]
[data_sample_strategy: bagging]
[data: ]
[valid: ]
[num_iterations: 1000]
[learning_rate: 0.05]
[num_leaves: 63]
[num_threads: 8]
[seed: 42]
[deterministic: 0]
[force_col_wise: 0]
[force_row_wise: 0]
[histogram_pool_size: -1]
[max_depth: -1]
[min_data_in_leaf: 50]
[min_sum_hessian_in_leaf: 0.001]
[bagging_fraction: 0.8]
[pos_bagging_fraction: 1]
[neg_bagging_fraction: 1]
[bagging_freq: 0]
[bagging_seed: 400]
[bagging_by_query: 0]
[feature_fraction: 0.8]
[feature_fraction_bynode: 1]
[feature_fraction_seed: 30056]
[extra_trees: 0]
[extra_seed: 12879]
[early_stopping_round: 0]
[early_stopping_min_delta: 0]
[first_metric_only: 0]
[max_delta_step: 0]
[lambda_l1: 0]
[lambda_l2: 0]
[linear_lambda: 0]
[min_gain_to_split: 0]
[drop_rate: 0.1]
[max_drop: 50]
[skip_drop: 0.5]
[xgboost_dart_mode: 0]
[uniform_drop: 0]
[drop_seed: 17869]
[top_rate: 0.2]
[other_rate: 0.1]
[min_data_per_group: 100]
[max_cat_threshold: 32]
[cat_l2: 10]
[cat_smooth: 10]
[max_cat_to_onehot: 4]
[top_k: 20]
[monotone_constraints: ]
[monotone_constraints_method: basic]
[monotone_penalty: 0]
[feature_contri: ]
[forcedsplits_filename: ]
[refit_decay_rate: 0.9]
[cegb_tradeoff: 1]
[cegb_penalty_split: 0]
[cegb_penalty_feature_lazy: ]
[cegb_penalty_feature_coupled: ]
[path_smooth: 0]
[interaction_constraints: ]
[verbosity: -1]
[saved_feature_importance_type: 0]
[use_quantized_grad: 0]
[num_grad_quant_bins: 4]
[quant_train_renew_leaf: 0]
[stochastic_rounding: 1]
[linear_tree: 0]
[max_bin: 255]
[max_bin_by_feature: ]
[min_data_in_bin: 3]
[bin_construct_sample_cnt: 200000]
[data_random_seed: 175]
[is_enable_sparse: 1]
[enable_bundle: 1]
[use_missing: 1]
[zero_as_missing: 0]
[feature_pre_filter: 1]
[pre_partition: 0]
[two_round: 0]
[header: 0]
[label_column: ]
[weight_column: ]
[group_column: ]
[ignore_column: ]
[categorical_feature: ]
[forcedbins_filename: ]
[precise_float_parser: 0]
[parser_config_file: ]
[objective_seed: 16083]
[num_class: 1]
[is_unbalance: 0]
[scale_pos_weight: 1.20517]
[sigmoid: 1]
[boost_from_average: 1]
[reg_sqrt: 0]
[alpha: 0.9]
[fair_c: 1]
[poisson_max_delta_step: 0.7]
[tweedie_variance_power: 1.5]
[lambdarank_truncation_level: 30]
[lambdarank_norm: 1]
[label_gain: ]
[lambdarank_position_bias_regularization: 0]
[eval_at: ]
[multi_error_top_k: 1]
[auc_mu_weights: ]
[num_machines: 1]
[local_listen_port: 12400]
[time_out: 120]
[machine_list_filename: ]
[machines: ]
[gpu_platform_id: -1]
[gpu_device_id: -1]
[gpu_use_dp: 0]
[num_gpu: 1]

end of parameters

pandas_categorical:[]
