tree
version=v4
num_class=1
num_tree_per_iteration=1
label_index=0
max_feature_idx=63
objective=binary sigmoid:1
feature_names=depth magnitude mag_type_enc gap dmin rms h_error depth_error mag_error elapsed_since_last_s count_1d rate_1d mag_max_1d mag_mean_1d mag_std_1d b_value_1d depth_mean_1d depth_std_1d energy_1d moment_1d count_7d rate_7d mag_max_7d mag_mean_7d mag_std_7d b_value_7d depth_mean_7d depth_std_7d energy_7d moment_7d count_30d rate_30d mag_max_30d mag_mean_30d mag_std_30d b_value_30d depth_mean_30d depth_std_30d energy_30d moment_30d count_90d rate_90d mag_max_90d mag_mean_90d mag_std_90d b_value_90d depth_mean_90d depth_std_90d energy_90d moment_90d dist_to_plate_boundary_km accel_count accel_energy b_value_trend mag_excess dist_to_nearest_fault_km fault_slip_type_enc stress_regime_enc shmax_sin shmax_cos wsm_quality_enc wsm_dist_km background_rate_yr normalized_rate_30d
feature_infos=[-3.29:721.79999999999995] [4:9.5] [0:24] [0:360] [0:4.8440000000000003] [-1:69.319999999999993] [0:267] [-1:367558.09999999998] [0:1.8400000000000001] [1:3100601919] [0:295] [0:295] [4:9.5] [4:9] [0:1.8500000000000001] [0.26521800421572611:13.0288344570976] [-3:700] [0:316.39999999999998] [0:178403054996004.34] [0:2.2459613947618291e+23] [0:660] [0:94.285714285714278] [4:9.5] [4:9] [0:2] [0.26162318186942879:488972116717136.88] [-3:695.39999999999998] [0:318.80000000000001] [0:179817587802942.03] [0:2.2637693077265336e+23] [0:860] [0:28.666666666666668] [4:9.5] [4:8.5999999999999996] [0:2.1181753153756331] [0.23030767979717889:30.400613733227736] [-3:686] [0:326.05000000000001] [0:179828063735796.75] [0:2.2639011919073641e+23] [0:1140] [0:12.666666666666666] [4:9.5] [3.8900000000000001:8.5999999999999996] [0:1.9000000000000004] [0.2714340511895324:30.400613733227736] [-3:679] [0:323.89308249619802] [0:179887371919091.5] [0:2.264647837698136e+23] [0:9353.2746413738241] [0:12.857142856448297] [0:12.857142857142859] [-29.400613733227736:488972116717134.31] [-3.1000000000000001:4.6111111111111107] [0:8345.5104929936078] [0:3] [0:4] [-0.98768834059513799:1] [-1:1] [0:4] [0:1870.3409608795978] [0.0090923800751786122:54.226954768365239] [0:200]
tree_sizes=6766 6848 6886 6890 6882 6868 6887 6872 6936 6918 6909 6910 6890 6907 6928 6920 6942 6925 6911 6930 6902 6941 6919 6938 6929 6943 6902 6945 6903 6949 6927 6933 6950 6919 6938 6908 6957 6957 6924 6942 6919 6898 6941 6925 6971 6941 6941 6962 6952 6952 6939 6984 6936 6929 6965 6956 6928 6947 6947 6945 6958 6910 6943 6927 6934 6983 6916 6971 6974 6938 6924 6944 6921 6909 6944 6973 6955 6935 6955 6949 6968 6944 6976 6936 6968 6976 6944 6956 6996 7002 6948 6962 6901 6997 6963 6999 6990 6956 6935

Tree=0
num_leaves=63
num_cat=0
split_feature=28 49 38 62 21 62 30 10 40 18 1 43 1 62 49 49 28 18 28 1 54 62 1 49 62 18 30 21 18 62 21 10 62 28 49 62 45 43 30 6 7 43 45 43 45 53 43 54 40 1 40 49 26 9 54 62 43 1 40 43 18 36
split_gain=134021 26748.9 13890.7 4538.04 3357.3 3330.89 2585.71 2312.07 1499.28 1265.86 1210.74 1170.21 873.159 826.74 700.706 651.731 617.605 606.151 566.247 491.841 403.741 393.305 382.288 421.729 377.254 357.631 355.687 338.174 332.885 318.757 305.118 302.038 330.556 299.377 292.989 274.03 266.596 251.213 326.252 249.327 243.626 242.699 235.351 228.295 224.461 228.844 203.54 200.54 225.903 195.573 186.473 182.473 181.227 179.88 174.762 172.323 171.724 165.122 158.782 173.501 157.645 156.795
threshold=135528065.52262321 1.8485068172079382e+17 4120975412.130218 14.434153369346047 0.92857142857142871 7.7057921137138736 9.5000000000000018 4.5000000000000009 93.500000000000014 3009975.86020101 6.495000000000001 4.5833892617449683 4.4350000000000014 25.463210400537704 9.4497693307631437e+17 8.2042035927831069e+19 22865641.308345836 19172463.36987998 12374669.732862985 4.9050000000000011 1.2764780673871579 39.629138557665989 6.785000000000001 45450604477345424 7.7057921137138736 19172463.36987998 27.500000000000004 0.6428571428571429 5630089.5572161963 15.2615599561873 1.7857142857142858 1.5000000000000002 11.933748848671931 26273916.480218422 4.1873636410197189e+19 13.95225722536158 0.64001292069952931 4.3571841453344353 9.5000000000000018 5.0600000000000014 6.2150000000000007 4.7706202046035822 0.81040597101563838 4.5863818181818194 1.2408413768664337 -1.0000000180025095e-35 4.2909673659673677 0.61666666666666681 4.5000000000000009 4.7750000000000012 25.500000000000004 15388076531335456 12.000787401574806 19658792.500000004 0.82615521505700695 41.656739314430816 4.8600373134328372 4.995000000000001 4.5000000000000009 4.8561828874976296 11226529.745928397 39.333809523809528
decision_type=2 2 2 2 2 2 2 2 2 2 2 2 2 2 2 2 2 2 2 2 2 2 2 2 2 2 2 2 2 2 2 2 2 2 2 2 2 2 2 2 2 2 2 2 2 2 2 2 2 2 2 2 2 2 2 2 2 2 2 2 2 2
left_child=1 5 4 6 14 9 18 15 11 10 19 21 29 33 31 28 43 26 20 51 24 37 23 -14 -3 42 52 -11 50 -7 41 32 -2 54 39 60 -18 -5 -39 -9 -12 -19 -16 -8 -32 -46 -31 48 -15 -20 -4 -1 -6 -24 -13 56 -50 -37 -27 -60 -25 -21
right_child=2 3 7 8 17 12 16 34 -10 27 40 13 22 47 25 -17 36 30 49 61 -22 -23 53 35 -26 58 -28 -29 -30 46 44 -33 -34 -35 -36 57 -38 38 -40 -41 -42 -43 -44 -45 45 -47 -48 -49 55 -51 -52 -53 -54 -55 -56 -57 -58 -59 59 -61 -62 -63
leaf_value=-1.1804043522999885 -1.1151488403388226 -1.1470681472520514 -1.0353939728914641 -1.108011572117781 -1.1059120571071925 -1.1531484436382748 -1.1127972152870083 -1.0598114296625154 -0.99649323354218466 -1.1255462870305308 -1.0400530303752085 -1.0782637803766679 -1.1327727253463526 -1.0973967820738184 -1.0398725852153714 -0.95673001909263322 -0.99158092745682003 -1.0155646510748253 -1.1092124431781498 -1.1280998889112299 -1.0297770744994881 -1.0375931028949317 -0.99058130935251509 -1.1247165818347624 -1.1195122173771306 -1.0517482913305671 -0.98346712417715998 -1.0506768894015586 -0.97877254892721255 -1.1504859841400981 -0.95763470426688779 -1.0449854809901522 -1.064906585978135 -1.0501352343230095 -0.93248557980642877 -1.1042304189307814 -1.046025961860078 -1.0918984246460026 -1.0685184009883366 -0.94852276020991466 -1.132891699245566 -0.9690041596295893 -1.0810719110230675 -1.060155639960517 -0.96348118215262024 -1.1356802574617282 -1.1141548190608321 -1.0144691432731729 -1.0543384260819855 -1.0729192783713695 -0.99265377288359702 -1.1662308294170189 -1.0320961024627509 -1.0894686407327978 -1.0345172780948093 -1.0177196178525452 -1.0344101728863999 -1.0754941899705333 -1.0299434911951484 -0.99732186572489323 -1.0715182962233303 -1.1574051352635302
leaf_weight=5731.1340062618256 562.52955102920532 2052.6269165277481 484.94302868843079 984.43291985988617 98.059388995170593 2722.8146494626999 425.23599028587341 51.193468928337097 807.62170660495758 1207.8186336755753 215.44349300861359 4273.3078954219818 2327.9652876853943 207.15528750419617 1084.7623596191406 2879.6008504629135 320.64251160621643 648.92831003665924 876.94728195667267 538.36987268924713 101.6515656709671 475.21567630767822 87.02923047542572 1679.2209508419037 3145.3346724510193 351.40265011787415 403.54214119911194 172.34605085849762 2365.4955086708069 568.91893696784973 1553.4420917034149 678.0497659444809 783.14446556568146 1498.6507861614227 9255.7617514133453 1417.1301264762878 752.53696954250336 3130.4183239936829 2851.1011399030685 2976.0616748332977 105.15630686283112 492.13690853118896 509.42688751220703 399.40401983261108 40.819185853004456 36.587435483932495 1195.7820092439651 548.48851525783539 3042.417715549469 643.6231415271759 538.68066012859344 3761.0353788137436 546.87349140644073 97.517201542854309 241.18183445930481 551.46477699279785 1676.8199524879456 772.35639703273773 872.67890405654907 764.81483542919159 151.85328269004822 2999.1746248006821
leaf_count=29635 2411 9686 1554 4124 408 13073 1809 181 2162 5347 704 16178 10534 838 3542 6156 837 1905 3688 2402 318 1537 226 7415 13667 1204 1009 588 5764 2711 3340 2261 2823 5102 16744 5864 2520 12430 10417 6031 476 1134 1948 1414 91 167 5109 1602 10531 2390 1414 18725 1728 384 770 1635 5351 2895 2732 2056 561 14573
internal_value=-1.06365 -1.10914 -0.974626 -1.07621 -1.02405 -1.14623 -1.10638 -0.949512 -1.06325 -1.16178 -1.1665 -1.06602 -1.12544 -1.05638 -1.04868 -0.97422 -1.05476 -0.9879 -1.12075 -1.16886 -1.12846 -1.0816 -1.11377 -1.11584 -1.13039 -1.03539 -1.02028 -1.1162 -0.989081 -1.14242 -0.975651 -1.0722 -1.08591 -1.0695 -0.936902 -1.10603 -1.02976 -1.08461 -1.08075 -0.950405 -1.0705 -0.995483 -1.05304 -1.0873 -0.961775 -1.04487 -1.12587 -1.04329 -1.04618 -1.09385 -1.0129 -1.17479 -1.04332 -1.04283 -1.07593 -1.04417 -1.04726 -1.09409 -1.02125 -1.01471 -1.1203 -1.15295
internal_weight=82736.3 54757.3 27978.9 29006.3 9427.2 25751.1 8718 18551.7 20288.3 14730.5 13350.3 19480.7 11020.6 12039.5 5606.81 6268.72 1897.82 3820.39 6820.18 13029.7 5299.61 7441.17 6533.07 6348.53 5197.96 3583.09 1048.48 1380.16 3389.12 4487.52 2771.91 2023.72 1345.67 6013.14 12283 4020.56 1073.18 6965.95 5981.52 3027.26 320.6 1141.07 1594.19 824.64 1630.85 77.4066 1764.7 6026.35 5477.86 1520.57 1023.62 9492.17 644.933 184.546 4514.49 5270.7 4719.24 2189.49 1988.9 1637.49 1831.07 3537.54
internal_count=296831 230228 66603 109006 28759 121222 36329 37844 72677 72450 66515 70515 48772 42007 18977 14888 6580 9782 29749 65335 23671 28508 27879 27269 23353 11482 3145 5935 8732 20893 6637 7495 5234 22050 22956 16735 3357 26971 22847 6212 1180 3039 5490 3223 3598 258 7820 19957 18355 6078 2968 48360 2136 610 16948 17517 15882 8759 5992 4788 7976 16975
is_linear=0
shrinkage=1


Tree=1
num_leaves=63
num_cat=0
split_feature=29 49 38 62 62 20 10 30 53 1 9 1 49 49 49 1 62 30 53 56 62 10 62 49 6 35 3 62 30 1 1 10 62 33 54 19 38 27 7 1 1 1 38 30 47 49 1 19 1 40 23 59 49 20 19 62 62 35 23 1 45 10
split_gain=106966 21509.8 12333.3 4046.65 3150.81 2571.07 2158.79 1503.06 1108.17 1087.64 934.735 783.006 725.575 665.208 566.977 467.045 433.471 419.376 406.865 404.678 381.092 356.706 338.107 293.883 314.336 288.751 293.075 283.961 274.865 244.97 235.977 230.293 270.176 229.816 224.553 221.7 218.25 217.794 216.913 210.61 210.4 202.252 201.062 200.892 200.095 186.198 180.67 169.036 162.622 159.247 158.087 157.625 157.194 153.281 150.799 148.13 143.206 141.995 139.339 139.182 135.962 135.6
threshold=1.1925991111549221e+17 1.8485068172079382e+17 2897321915.5952106 14.7523866719773 7.7057921137138736 6.5000000000000009 3.5000000000000004 9.5000000000000018 0.21413379465125884 6.495000000000001 92967.500000000015 4.4350000000000014 7.4360792429993357e+17 2.9827088038210736e+19 4.0377059723727593e+19 4.9050000000000011 7.7057921137138736 26.500000000000004 0.23705023449428755 1.0000000180025095e-35 31.964262154290413 6.5000000000000009 13.95225722536158 7.9478834514727879e+19 5.0600000000000014 0.95332935051933387 113.45000000000002 15.2615599561873 44.500000000000007 4.7750000000000012 4.705000000000001 1.5000000000000002 13.206682059196934 4.6400892857142875 0.66814634146341467 7526740963821673 26086447.645163428 1.2106313607869836 6.2150000000000007 4.995000000000001 5.8950000000000005 6.8750000000000009 64540722.077318244 2.5000000000000004 31.38313110523767 65537191055325224 5.9250000000000007 9612366680052126 6.495000000000001 26.500000000000004 4.333739837398376 0.87032255546191728 19952513698297940 2.5000000000000004 6796102009684863 11.169988922356927 3.3869115780040331 0.94411843892011371 4.3668787878787896 6.785000000000001 0.62004475263889891 8.5000000000000018
decision_type=2 2 2 2 2 2 2 2 2 2 2 2 2 2 2 2 2 2 2 2 2 2 2 2 2 2 2 2 2 2 2 2 2 2 2 2 2 2 2 2 2 2 2 2 2 2 2 2 2 2 2 2 2 2 2 2 2 2 2 2 2 2
left_child=1 4 5 7 9 12 13 16 19 10 36 27 31 28 20 52 39 21 -9 34 40 33 41 24 51 -19 37 -6 35 -18 55 32 -2 -7 44 -4 -1 -27 -11 43 42 47 -10 -3 57 59 -47 -13 -31 -20 -29 -8 -12 -32 -15 -14 -23 -5 -39 -24 -51 -26
right_child=2 3 6 8 11 17 23 18 14 38 15 22 30 54 -16 -17 29 25 49 -21 -22 56 45 -25 61 26 -28 50 -30 48 53 -33 -34 -35 -36 -37 -38 58 -40 -41 -42 -43 -44 -45 -46 46 -48 -49 -50 60 -52 -53 -54 -55 -56 -57 -58 -59 -60 -61 -62 -63
leaf_value=-0.010298665652059311 0.017592987996815558 -0.029466844873912719 0.087457214471582417 0.075053769572598017 -0.019299568752869364 0.070984840111065331 0.10673694775572491 0.03373299523554199 0.047873074682500391 0.0867632097794441 -0.046184337568170884 0.0020528958891577603 0.05053146892806281 0.13227883799226664 0.11150428642324393 -0.019557464538198125 0.011147286522852087 0.15672807702338692 0.050080881822776251 0.034843284519055974 0.088245611228993839 0.092419082282214932 0.010061462768635135 0.17308177729818153 0.14987753099546283 0.15888423440334393 0.0041021081509893661 -0.014677303013287729 0.15347778934220804 0.032459216919670554 0.083310394229591717 0.072715727778090961 0.059147053396679194 0.11215558237460908 0.086422312911770785 0.11972868262705819 0.027189673366215979 -0.036589479986814659 0.00033510464010627958 0.016460022754369176 0.11629395953363629 0.089056725214332499 0.068715958299970917 0.0052528676224629506 0.060198853694977218 0.036260377101558307 0.11446217345449522 0.048243392919268643 0.11478551438073011 0.12514332218134896 0.017101934876668282 -0.054437256991421691 -0.032378800390195493 0.11060066889423947 0.15324593115322624 0.08064776523150162 0.14454314847048136 0.03611403091155755 0.1008981222153314 0.072102659889421786 0.080259287232996288 0.16636740282459955
leaf_weight=922.35699890553951 753.59639053046703 1009.1767487078905 843.52781739830971 271.55234852433205 2682.612106859684 581.73001845180988 43.659086853265762 688.06581716239452 1618.5269861519337 234.36588136851788 5738.8289692103863 3035.9203844070435 531.12975805997849 1250.2934226542711 983.81799986958504 3443.3993287682533 2619.6396621614695 1155.5255618691444 266.75919832289219 2623.530091881752 2374.4944048672915 160.15828301012516 1182.2054553031921 9729.8884669393301 2070.4449465125799 176.73521086573601 60.26457080245018 586.34395581483841 385.1418291926384 1656.0646175444126 1025.9984689205885 759.12710820138454 813.3416001945734 812.19492699205875 619.82268442213535 1441.9071588665247 670.44879256188869 24.843622773885727 105.17533276975155 761.11424978077412 189.76812602579594 73.293734818696976 4058.1948031485081 709.57120151817799 5193.0765871703625 1878.5899988263845 76.87986221909523 211.89226812124252 62.239463284611702 250.6665528267622 1176.6418195068836 23.246914774179459 3218.1512637138367 1032.143114104867 2730.0517487972975 1765.5241575986147 743.48568451404572 1698.1050680279732 71.364895641803741 97.883865654468536 516.12619574368 3133.5827154070139
leaf_count=4323 3184 5008 2568 897 13020 1910 124 2705 5985 726 30419 13627 1910 2890 2692 16726 11337 2270 964 10226 7317 463 5163 16018 4179 348 251 2779 785 6640 3233 2522 2872 2153 1945 3610 2758 118 476 3272 506 224 13760 3167 18342 7376 213 795 172 627 5015 116 16320 2831 5441 5610 1605 6586 195 325 1657 5535
internal_value=0.0637463 0.0204474 0.135876 0.050512 -0.0129817 0.0913139 0.157418 0.0217792 0.0630107 -0.0284306 -0.0305762 0.00714366 0.0726586 0.133707 0.0756281 -0.0352076 0.011238 0.124231 0.0635235 0.0518257 0.0713451 0.110836 0.018127 0.167931 0.158422 0.144903 0.103897 -0.00905533 0.114403 0.0207704 0.0847012 0.0501126 0.0391622 0.0949737 0.0575505 0.107818 0.00548104 0.125931 0.0599915 -0.0054366 0.0645046 0.00692002 0.0627733 -0.0151331 0.0550521 0.0296303 0.0393349 0.00506643 0.0354412 0.0833559 0.00653261 0.0507359 -0.0412241 0.0969963 0.14666 0.073683 0.135305 0.0414826 0.0653951 0.0148055 0.094932 0.159807
internal_weight=85624.2 53505.3 32118.9 28170.3 25335 10467.2 21651.7 8539.42 19630.9 14332.7 13993.2 11002.3 6680.86 6650.92 9224.8 12400.4 6817.81 3786.3 1721.62 10406.1 8240.98 2297.57 6556.67 15000.8 5270.93 1488.73 333.208 4445.6 2670.58 4337.94 4354.8 2326.07 1566.94 1393.92 7782.56 2285.43 1592.81 272.944 339.541 2479.86 5866.49 3321.11 5676.72 1718.75 7162.73 3235.56 1955.47 3247.81 1718.3 1033.55 1762.99 66.906 8956.98 2058.14 3980.35 2296.65 903.644 1969.66 96.2085 1280.09 766.793 5204.03
internal_count=296831 224090 72741 103805 120285 31475 41266 35549 68256 71748 70546 48537 22162 15294 30260 63465 29596 9313 5953 37996 27568 6131 27723 25972 9954 3182 912 20814 6963 18149 13584 8578 6056 4063 27770 6178 7081 661 1202 11447 20251 14646 19745 8175 25825 13077 7589 14422 6812 3248 7794 240 46739 6064 8331 7520 2068 7483 313 5488 2284 9714
is_linear=0
shrinkage=0.05


Tree=2
num_leaves=63
num_cat=0
split_feature=29 48 39 62 62 21 10 31 53 1 18 1 48 48 40 62 1 31 18 53 62 10 62 33 1 62 48 50 62 35 3 9 1 1 1 34 1 40 9 1 7 14 33 33 9 39 27 0 62 31 10 31 13 26 53 33 3 9 59 45 4 17
split_gain=87745.5 18819.1 9711.51 3982.93 2257.42 2087.86 1669.84 1282.34 1020.74 976.557 827.077 670.5 557.536 466.007 461.631 455.7 432.078 430.756 403.963 398.273 358.666 330.921 319.186 284.288 258.985 257.453 255.705 234.963 223.877 222.708 285.585 219.916 223.567 219.744 212.833 207.77 204.055 188.898 181.153 180.924 180.504 175.797 173.599 170.233 168.931 162.715 161.393 159.667 170.678 158.419 157.622 155.922 154.776 150.528 137.859 137.517 137.327 133.562 132.837 132.467 130.946 153.552
threshold=1.1575419178640243e+17 117127079.70090716 3.6475121856909481e+18 14.916049513330515 7.3693740509322661 0.78571428571428581 2.5000000000000004 0.31666666666666671 0.21413379465125884 6.495000000000001 1437357.3595397372 4.5550000000000006 750621859.10567415 12301494904.492458 93.500000000000014 7.7057921137138736 4.9050000000000011 0.88333333333333341 11226529.745928397 0.16358099781595861 25.254085658808595 8.5000000000000018 31.964262154290413 4.4101724137931049 6.8750000000000009 10.488060416718531 12223183.666937871 119.78731783968537 13.206682059196934 0.95948780885602236 113.45000000000002 9603.5000000000018 6.495000000000001 4.8950000000000005 4.6950000000000012 1.0000000180025095e-35 6.5050000000000008 38.500000000000007 9603.5000000000018 4.995000000000001 6.1200000000000001 1.0000000180025095e-35 4.6200478468899542 4.7800684931506865 57451204.000000007 83040552924574704 1.2106313607869836 111.65000000000002 9.7606700107042403 1.6166666666666669 2.5000000000000004 1.2833333333333334 4.7959166666666677 19.201923076923084 0.40624736507813458 4.2252272727272739 103.55000000000001 28894.000000000004 -0.93038214053199442 0.95883197303315404 0.73410000000000009 4.1872793838470672
decision_type=2 2 2 2 2 2 2 2 2 2 2 2 2 2 2 2 2 2 2 2 2 2 2 2 2 2 2 2 2 2 2 2 2 2 2 2 2 2 2 2 2 2 2 2 2 2 2 2 2 2 2 2 2 2 2 2 2 2 2 2 2 2
left_child=1 4 5 7 9 12 13 15 20 10 16 28 25 49 22 35 -1 18 53 -9 34 23 33 -8 26 38 -13 -22 50 -19 46 -17 42 45 -5 36 -3 -21 -2 -28 -11 -12 -33 -20 -26 -10 -31 48 -14 -4 -6 52 -15 -7 -37 -30 -48 -27 -29 -24 61 -23
right_child=2 3 6 8 11 17 21 19 14 40 41 24 47 51 -16 31 -18 29 43 37 27 60 59 -25 44 57 39 58 55 30 -32 32 -34 -35 -36 54 -38 -39 -40 -41 -42 -43 -44 -45 -46 -47 56 -49 -50 -51 -52 -53 -54 -55 -56 -57 -58 -59 -60 -61 -62 -63
leaf_value=-0.040701518709760298 0.050812758405596563 -0.023487035147708984 0.088395317100297466 0.028270924049097076 -0.021893684289636811 0.022976899663968854 0.014867096958640103 0.020677466655115842 0.038624858053940163 0.080252782835981779 -0.0054320303073362788 -0.0049033031411810602 0.060230513690069022 0.1028451689892995 0.11336943398071507 0.064095125512066378 -0.019330374862590864 0.13874262822786942 0.096717090676007478 0.047975697878975203 0.064590243908909148 0.1277448880016846 0.084505712366844399 0.13895646365757694 0.10449517957606427 0.079942597453848033 0.011179427848832297 0.018794007039074672 -0.020968748778198511 0.14115467025098483 -0.0070554242611603315 0.0057293128161681889 0.10456471722424597 0.073486949281237862 0.048527550638169333 0.00092065469980955538 0.092851441848511004 0.087396381272021331 0.010729676371871714 0.03399418223359512 0.0010238749357336251 0.033685596759937562 0.024901252747748168 0.12503748397101352 -0.0071569311130729001 0.060087899283035068 -0.027035741102833133 0.053514921871358291 0.088573025313532686 0.14418686554244781 0.076490615555547523 0.1364707080878873 0.12886122022232505 0.077603127931673593 0.047135556378492899 0.0086492097781548909 0.10059361661680265 0.050073450351754548 0.049283202864275892 0.042960700170020905 0.15289915007741062 -0.050529081530740531
leaf_weight=8428.177351757884 525.55975560843945 1350.9083836525679 1446.3093531578779 2902.5873821377754 2513.2617607414722 156.15327703952789 46.520418390631676 550.56772957742214 1246.969869852066 232.72273658216 912.87093530595303 1335.2898456007242 688.68117137253284 1074.3431221544743 554.34052330255508 252.37653779983521 3287.657435297966 1285.7797542363405 1287.3676902800798 506.69759811460972 3171.3622068166733 44.743800982832909 2383.0141995847225 5894.7458273768425 130.33827093243599 565.76135596632957 2072.4256028980017 414.7537757307291 514.82569529116154 190.25715754926205 58.500676855444908 2470.1729518473148 70.545245170593262 2128.8293448835611 2343.7952114790678 1272.859878256917 38.773074880242348 759.25983029603958 607.94316746294498 1496.4126878231764 104.0205859541893 419.06329986453056 2261.9573415070772 902.68444259464741 45.776207536458969 3025.7508909851313 29.843309044837952 583.54291577637196 2322.6082363575697 139.50946870446205 41.380666360259056 1759.4174995720387 1221.9041421413422 655.50310076773167 184.79305484890938 1641.513462305069 71.745735973119736 1105.7138562053442 2576.4451865255833 208.67318974435329 11472.822950303555 16.544995188713074
leaf_count=45040 1861 6666 3938 11285 12392 599 165 2227 4611 689 4196 6119 2250 2627 1313 887 16158 2388 3357 1774 10510 100 6898 10626 340 1729 8897 1663 2499 350 252 10772 185 6654 8362 5768 119 2175 2557 5896 469 1662 9203 1932 196 10067 135 1944 6559 252 145 3336 2440 1961 713 7171 183 3863 9123 739 17765 79
internal_value=0.0588228 0.0190622 0.121513 0.0447539 -0.0149434 0.0829284 0.139936 0.0182977 0.0570234 -0.0282902 -0.0304599 0.00330151 0.0644163 0.116285 0.0690861 0.00959003 -0.0347044 0.108474 0.0972236 0.0561787 0.0469287 0.147572 0.0663564 0.137985 0.0159013 0.0477093 0.013762 0.0551085 -0.0102859 0.129113 0.0937735 0.0186013 0.0162107 0.0603629 0.0373205 -0.00640828 -0.0202411 0.0716183 0.0293146 0.0207456 0.0557788 0.00687546 0.0148935 0.10839 0.0754742 0.053824 0.113985 0.0774524 0.0820911 0.0933035 -0.0203 0.125271 0.116689 0.0670937 0.00677952 0.00157793 0.0631006 0.0601836 0.0450556 0.0811607 0.15251 0.0796196
internal_weight=88005.7 53851.2 34154.5 30675.4 23175.7 11037.6 23116.9 9718.91 20956.5 13384.5 13047.8 9791.22 6399.81 5641.48 9547.58 7902.39 11715.8 4637.84 3001.71 1816.53 11408.9 17475.4 8993.24 5941.27 5080.24 2804.98 4904.13 6162.56 4710.98 1636.13 350.347 5055.05 4802.68 6401.55 5246.38 2847.33 1389.68 1265.96 1133.5 3568.84 336.743 1331.93 4732.13 2190.05 176.114 4272.72 291.846 3594.83 3011.29 1585.82 2554.64 4055.66 2296.25 811.656 1457.65 2156.34 101.589 1671.48 2991.2 2591.69 11534.1 61.2888
internal_count=296831 223583 73248 111714 111869 31920 41328 40489 71225 68214 67056 43655 20763 12593 30282 34313 61198 11157 7849 6176 40943 28735 28969 10791 21448 10010 20912 21296 22207 3308 920 21047 20160 21332 19647 13266 6785 3949 4418 14793 1158 5858 19975 5289 536 14678 668 10753 8809 4190 12537 8403 5067 2560 6481 9670 318 5592 10786 7637 17944 179
is_linear=0
shrinkage=0.05


Tree=3
num_leaves=63
num_cat=0
split_feature=39 48 20 62 10 62 18 18 54 18 43 39 48 62 43 18 20 30 62 62 43 20 40 62 33 43 62 54 10 10 50 40 18 10 43 48 62 54 45 61 43 54 9 54 20 45 47 54 51 34 10 40 62 43 9 39 54 47 28 32 43 50
split_gain=73761.1 16269.1 8354.94 2694.92 2047.02 2034.25 1599.74 1287.26 873.156 910.938 727.355 657.227 566.537 546.55 529.399 504.362 475.12 395.496 395.117 370.141 339.694 423.895 332.739 327.329 310.324 292.878 280.66 263.958 233.194 233.023 226.754 225.743 195.831 192.252 189.723 185.234 184.567 184.425 181.145 172.131 167.569 165.826 163.778 161.182 157.731 155.587 150.534 137.551 135.169 138.551 134.417 151.847 119.751 117.578 116.425 115.883 112.849 111.653 111.617 109.653 107.468 106.93
threshold=6.9023513312088717e+17 117127079.70090716 5.5000000000000009 16.50721602648677 1.5000000000000002 7.3693740509322661 17552493.766882673 24886821.341418948 1.976478067387158 1437357.3595397372 4.6750494071146269 39812795546569960 22751352802.899826 13.315790620099078 4.2751562500000011 11296214591.046471 18.500000000000004 22.500000000000004 12.588400214084789 30.154878519329866 4.36224318658281 3.5000000000000004 43.500000000000007 10.378951855816387 4.4454817637452377 4.6786880122950825 6.4328589031888681 0.52606000718648904 2.5000000000000004 5.5000000000000009 194.22821351962406 3.5000000000000004 23831565.733890414 2.5000000000000004 4.7920227272727294 29186244.772247251 24.708542854297878 1.3261744236624622 1.0000100942965064 31.02711614075492 4.712513269639067 0.37777777777777871 189548.00000000003 1.1861983471074382 7.5000000000000009 0.79387163358659041 0.37282548461146886 0.96666666666666645 12.857142847689078 0.35316735762293416 6.5000000000000009 80.500000000000014 39.629138557665989 4.6400304878048795 34596382.000000007 1.8682605746648419e+17 2.1672619047619057 58.629251040337316 11494217.684584534 5.705000000000001 4.9250850340136072 384.44102295350791
decision_type=2 2 2 2 2 2 2 2 2 2 2 2 2 2 2 2 2 2 2 2 2 2 2 2 2 2 2 2 2 2 2 2 2 2 2 2 2 2 2 2 2 2 2 2 2 2 2 2 2 2 2 2 2 2 2 2 2 2 2 2 2 2
left_child=1 5 6 4 11 8 12 17 9 27 20 26 13 59 -7 46 25 34 33 31 -5 30 23 37 61 -9 -3 35 -11 -6 36 -12 47 41 -4 -1 57 42 55 60 -26 -16 -13 -28 53 -15 -8 -33 49 -31 51 52 -23 56 -10 -24 -20 -22 -14 -2 -25 -19
right_child=2 3 7 10 29 14 15 16 54 28 19 22 58 45 18 -17 -18 24 44 -21 21 50 38 39 40 -27 43 -29 -30 48 -32 32 -34 -35 -36 -37 -38 -39 -40 -41 -42 -43 -44 -45 -46 -47 -48 -49 -50 -51 -52 -53 -54 -55 -56 -57 -58 -59 -60 -61 -62 -63
leaf_value=-0.041568322003975283 0.072296573712292173 -0.023095564424703483 0.062451310578313463 0.019040009581059184 0.060507765006065799 -0.022885745721091019 0.057621919801701851 0.10125607108873835 0.085395418836379869 -0.00050420184026196159 0.017909282608097793 0.02092617594766109 0.065891168380308937 0.068615118871440464 -0.011395660776819758 0.12312537628764156 0.13706868213933004 0.041801879608735992 0.012116480492477518 0.079330515582312161 0.026977269136854273 0.054781076446362244 0.03546566142329672 0.032772521554659151 0.106683622296811 0.12672620482133712 0.0045595969308093419 -0.019627389960462371 0.052196464029921397 0.12379193454789157 0.023979148190001694 0.054275123615729649 0.087088587806466833 0.09032153716443081 0.10181198298799057 -0.024403486885909605 0.053612622707471858 0.10577163169479392 -0.0188391392960288 0.014212691319978602 0.12984637852845674 0.011653347565941167 -0.0057393126538530584 0.077999759265368632 0.18007727722245939 0.047913288448920975 0.090847120739472056 0.096098650720922427 -0.0010652101075191724 0.065720935760189766 0.12225866679434755 0.10444118751544369 0.09217757021440004 0.034207088649351895 0.024657536048404614 0.087504654291323244 0.060560912031680673 0.049647634906718086 0.094674171556883707 0.02013726059988007 0.05848094361643446 0.10717001483158557
leaf_weight=6857.3015081584454 109.52982851862907 1106.7652066200972 726.31442895531654 1176.2129152864218 1263.2355377525091 1629.469881862402 390.08450053632259 1523.3560132980347 159.15834698081017 1147.2792849987745 349.41499590873718 964.01903195679188 489.05585786700249 2477.0315250903368 2687.4526096135378 1367.0747227966785 13974.617668092251 199.80797436833382 3315.2673098891973 2699.0295664072037 1481.6323139369488 1743.4074248969555 155.79353818297386 1613.2129064947367 1902.4893341362476 4356.2017601877451 2819.3605702221394 2638.9072185754776 256.91074009239674 346.2389722019434 1463.9267670661211 4557.5976564735174 570.07322892546654 53.986630022525787 529.22376595437527 2039.1234964132309 3330.4804794341326 46.278854385018349 62.930610075592995 1006.9272562116385 1324.3780056983232 1099.649182498455 1430.0253138542175 76.745600789785385 15.077302709221838 1432.4673031121492 2704.2888556867838 205.45331405103207 31.008354932069778 146.03765094280243 102.25401303172112 206.29745773971081 244.03452262282372 896.10839654505253 156.45628619194031 341.43462190032005 124.73586627840996 857.42153434455395 1082.0257745683193 1258.6997863650322 543.44908557832241 91.079482942819595
leaf_count=37654 335 5505 2154 4625 4018 8033 1185 3274 455 5173 1352 3877 1525 7371 12811 2450 21011 645 14134 7622 5583 5676 581 6104 4030 7469 12237 13159 902 686 5530 14986 1543 163 1228 10543 10986 125 281 4089 2324 4702 6491 227 29 4848 6783 523 121 410 199 488 640 3461 600 939 391 2944 2646 4921 1836 198
internal_value=0.0546 0.0176701 0.110109 0.0413679 0.0227701 -0.0141032 0.0745343 0.126447 -0.0268818 -0.0288861 0.0530762 0.0140966 0.0593571 0.0515111 0.00314258 0.0978328 0.132052 0.103133 0.0083197 0.0640844 0.0443764 0.0475368 0.024341 0.0206681 0.111731 0.120127 -0.00167882 -0.0335147 0.00913792 0.0721301 0.0415225 0.056843 0.0593939 -0.00336742 0.0790423 -0.037634 0.0460523 0.00690927 0.0610843 0.0312814 0.11619 -0.00470299 0.00499818 0.00650573 0.0186367 0.0610298 0.0866587 0.0560792 0.100187 0.106565 0.066223 0.0636111 0.0593729 0.0180754 0.0552865 0.0711996 0.0138731 0.0352875 0.0857144 0.0243127 0.0392507 0.0622692
internal_weight=89955.3 54017.6 35937.7 30940.7 11953.5 23076.9 11310.3 24627.5 13255.1 12939.5 18987.2 10166.9 6848.81 5277.73 9821.75 4461.45 19854.2 4773.29 8192.28 8381.57 10605.7 9429.45 6164.07 5603.91 3517.75 5879.56 4002.87 11535.3 1404.19 1786.52 7133.46 5682.54 5333.12 3841.09 1255.54 8896.43 5669.53 2440.32 560.159 3163.59 3226.87 3787.1 2394.04 2896.11 4351.19 3909.5 3094.37 4763.05 523.285 492.277 2295.99 2193.74 1987.44 4336.11 315.615 497.228 3440 2339.05 1571.08 1368.23 2156.66 290.887
internal_count=296831 222434 74397 110224 47527 112210 32064 42333 68486 67431 62697 42292 21646 17475 43724 10418 31754 10579 35691 26026 36671 32046 24323 22522 7197 10743 17969 61356 6075 5235 25043 18404 17052 17676 3382 48197 19513 10493 1801 12029 6354 17513 10368 12464 18015 12219 7968 15509 1217 1096 7003 6804 6316 17986 1055 1520 14525 8527 4171 5256 7940 843
is_linear=0
shrinkage=0.05


Tree=4
num_leaves=63
num_cat=0
split_feature=28 62 38 38 48 10 10 1 48 62 53 62 31 48 43 43 1 1 62 43 40 10 10 1 18 52 43 40 62 7 55 1 14 40 62 38 48 6 31 1 47 45 62 59 61 54 0 36 61 43 40 0 62 43 46 1 43 50 43 31 50 1
split_gain=63188.8 13620.4 9238.97 2178.76 1869.51 1651.94 1318.35 1180.53 1079.59 921.914 587.159 539.307 479.183 457.353 435.956 399.073 330.265 326.901 301.968 291.222 284.186 279.991 250.985 239.531 201.955 200.66 209.481 200.277 196.58 185.664 179.779 175.402 174.374 169.005 165.392 152.573 148.454 188.617 139.145 133.461 130.8 127.672 125.956 123.316 122.163 120.571 120.222 118.701 117.801 114.258 112.224 108.599 108.325 103.8 103.277 102.837 102.659 102.1 98.5512 115.828 98.5489 95.9818
threshold=46121029.120469905 13.088481118219613 2897321915.5952106 28045673.949633028 226429676.27455902 2.5000000000000004 4.5000000000000009 6.495000000000001 606406790.69893837 6.3237503422867247 0.14095596986169887 22.899159219337339 0.75000000000000011 45903774432.835686 4.2909673659673677 4.6113592990978498 4.9050000000000011 4.4350000000000014 10.378951855816387 4.5154946628926114 26.500000000000004 8.5000000000000018 1.0000000180025095e-35 4.995000000000001 5398335.7123591248 12.287327441333522 4.8428685714285722 36.500000000000007 39.629138557665989 6.2150000000000007 34.050702148995519 4.8950000000000005 1.0000000180025095e-35 3.5000000000000004 19.58953287197232 122655116.52456996 63132282318.027382 5.0600000000000014 0.28333333333333338 4.6950000000000012 49.59872965982705 1.3511383881434533 30.964100346020764 0.87032255546191728 11.778358584938969 0.22500000000000098 93.050000000000011 34.900561797752822 16.117059232262616 4.350125628140705 7.5000000000000009 105.05000000000001 13.624931542655151 4.6833333333333353 33.000694444444456 6.9050000000000011 4.6735347788750552 229.9424922571738 4.4600420168067236 1.3166666666666669 243.77511606659507 7.0950000000000006
decision_type=2 2 2 2 2 2 2 2 2 2 2 2 2 2 2 2 2 2 2 2 2 2 2 2 2 2 2 2 2 2 2 2 2 2 2 2 2 2 2 2 2 2 2 2 2 2 2 2 2 2 2 2 2 2 2 2 2 2 2 2 2 2
left_child=1 3 5 7 14 8 13 9 18 16 23 19 25 24 -3 28 22 -11 45 -6 -12 30 -1 32 50 26 51 48 57 46 54 49 -5 55 39 -22 37 43 52 -16 -36 -23 -35 -8 -19 -2 61 -18 -21 -20 -4 -10 -28 -15 -7 -17 -14 -13 -26 -60 -42 -9
right_child=2 4 6 10 11 21 36 29 12 17 20 15 56 53 34 33 47 44 31 27 35 41 -24 -25 58 -27 38 -29 -30 -31 -32 -33 -34 42 40 -37 -38 -39 -40 -41 60 -43 -44 -45 -46 -47 -48 -49 -50 -51 -52 -53 -54 -55 -56 -57 -58 -59 59 -61 -62 -63
leaf_value=-0.040453785202796924 0.0096355618828190548 -0.0097754071025530839 0.041097474354267804 -0.0097949646848762405 0.013448207316509418 0.056162349953004453 0.080569599543476755 0.06104936155308064 0.0619496615353399 -0.021954612021600699 0.020502454730525754 0.045113124552282474 0.08445895767623729 0.098514910243633166 0.0062138153372868149 0.010602973821292078 0.0051051686653478352 0.013143668020730959 -0.011520921671584174 0.046485636003830683 0.013098475995090406 0.11464135851065645 -0.0099351106494581492 0.021877572245203702 0.049043860395513741 0.034486857478752041 0.046079865840916279 0.070215131844591328 0.073958771810661184 0.0086353113303229753 0.093243774991041917 0.06337006362555539 0.044367388597055864 0.058599786489919072 0.023877807276209893 0.069041067268651293 0.1274099886349799 0.1183448422072835 0.099706222976090733 0.026105571345500147 0.049877360296455529 0.032444343676311188 0.073227258429996805 -0.063385470356689635 -0.0057339646583217966 0.045010952828742901 -0.021346234878745471 -0.022624465658418136 0.030223615273422263 0.039717819030232721 0.080243066609399699 0.039530223836318379 0.07670479954684295 0.11599087610950637 0.086074943820160121 0.12346092416057795 0.11432720919773483 0.027141648188466344 0.093442358308758855 0.11684708840590158 0.018565719393106559 0.11721952374198814
leaf_weight=7403.6321499943733 1134.7315373718739 1102.2023298293352 212.21185991168022 2664.3480191528797 1124.5219848901033 693.76014491915703 47.020120769739151 208.12492747604847 2176.8729596287012 2832.5403770059347 1611.7819982469082 3431.278977021575 685.21255764365196 1121.4767857342958 1728.5611727535725 209.75379629433155 448.28401154279709 1262.0025381743908 116.59985728561878 2162.0941289663315 152.88884447515011 1250.912275955081 741.12027256190777 983.78407444059849 104.7963844537735 593.66083900630474 370.98802720010281 545.13857088983059 502.62492296099663 165.31086212396622 1964.9500516206026 910.24848105013371 157.38005593419075 3390.4657488018274 2379.5685909837484 600.93454453349113 10701.636189088225 5431.8347291201353 511.85835282504559 1646.3878612518311 1130.1648754328489 49.095760822296143 2600.5275293439627 21.761929541826248 2670.547789722681 305.77496932446957 31.06056259572506 2774.547292381525 2296.4686115980148 1626.4438379406929 1334.0784861296415 718.41189084947109 1302.5221424549818 3505.8482533246279 494.05564057826996 22.333999156951904 495.87489765882492 1026.8128355443478 2537.9377283453941 667.69989936053753 323.14401350915432 119.84830082952976
leaf_count=41438 4703 5153 670 12516 4413 2025 114 632 6325 14243 6486 11419 1641 2216 7355 816 2049 5481 499 7274 618 2202 3498 4032 294 1981 1196 1549 1383 696 4479 2765 568 10334 9191 1726 14999 8552 1156 6357 3841 166 7088 104 12346 1102 128 14145 8291 5558 3307 2350 3466 5949 1200 48 919 3729 5387 1139 1265 259
internal_value=0.0509206 0.0134306 0.0969527 -0.0129611 0.0390046 0.0663341 0.115312 -0.0214796 0.0558916 -0.0236184 0.0127927 0.048362 0.0680243 0.100507 0.0195107 0.0548946 -0.0323158 -0.00900399 0.0355745 0.0364402 0.0323542 0.0920118 -0.0376768 0.000632807 0.0897892 0.0619933 0.0652073 0.0416074 0.0443159 0.0524825 0.0839607 0.0455803 -0.00677409 0.0633274 0.023989 0.0576949 0.123979 0.117303 0.0768933 0.0159175 0.0310962 0.111537 0.0649492 0.0350237 0.000324094 0.0171447 0.0726712 -0.0187674 0.0381096 0.0362902 0.0748708 0.0563867 0.0699158 0.111755 0.0686041 0.0214634 0.096999 0.0409738 0.0967575 0.0983173 0.0429152 0.0815751
internal_weight=91538.5 50450.2 41088.3 24828.1 25622 15402 25686.3 18657 10949.2 18132.7 6171.12 17312 6855.4 9484.05 8310.03 11183.8 11367.6 6765.09 4093.8 6128.22 2365.61 4452.77 8144.75 3805.51 4856.72 5674.31 5080.65 5003.7 4960.72 524.345 3152.77 2653.29 2821.73 6223.08 7207.83 753.823 16202.3 5500.62 2185.37 3374.95 3832.88 1300.01 5990.99 68.7821 3932.55 1440.51 359.034 3222.83 4458.56 1743.04 1546.29 2895.28 1673.51 4627.33 1187.82 232.088 1181.09 4458.09 3310.43 3205.64 1453.31 327.973
internal_count=296831 210367 86464 120861 89506 43733 42731 94915 33661 93200 25946 56344 19034 18962 33162 34817 61130 32070 14627 21527 8830 10072 44936 17116 10797 16474 14493 17114 16531 1715 7704 8822 13084 18286 28009 2344 23769 8770 5818 13712 14297 2368 17422 218 17827 5805 1019 16194 15565 6057 3977 8675 4662 8165 3225 864 2560 15148 6820 6526 5106 891
is_linear=0
shrinkage=0.05


Tree=5
num_leaves=63
num_cat=0
split_feature=28 62 38 38 48 21 10 62 53 62 48 43 48 43 43 41 43 43 30 14 21 2 2 9 30 18 43 48 41 47 48 45 10 50 50 43 43 62 62 24 0 48 6 3 62 50 45 51 10 59 62 41 9 56 41 30 59 30 62 10 47 21
split_gain=54680.9 12647 6957.85 2271.95 1891.86 1466.39 1119.72 758.824 561.671 537.409 527.105 415.031 403.969 358.149 300.104 295.116 268.615 224.724 219.817 208.01 204.829 189.136 224.788 208.448 188.314 178.853 166.773 162.406 161.22 185.111 160.524 147.801 141.095 139.386 125.597 123.675 120.263 119.069 113.784 112.819 158.462 108.746 108.196 106.005 104.853 101.341 100.73 100.602 147.502 99.8028 99.5963 99.0608 98.9946 97.3402 92.4737 89.1441 88.1624 85.962 85.8701 84.7091 84.2223 83.9082
threshold=63097256.284170322 12.588400214084789 2897321915.5952106 26086447.645163428 220674501.05806604 0.92857142857142871 5.5000000000000009 6.3237503422867247 0.29685655310902087 22.899159219337339 433974679.32289988 4.2909673659673677 32072638573.705326 4.578585325180657 4.5154946628926114 0.41666666666666669 4.7545923149015943 4.5863818181818194 3.5000000000000004 1.0000000180025095e-35 5.0714285714285721 1.5000000000000002 14.500000000000002 100187.00000000001 20.500000000000004 4248357.8319515651 4.5154946628926114 52058041.279764526 0.60555555555555574 36.872707149250374 205466709.88680819 1.3985754501969134 1.5000000000000002 126.37861785162376 129.11076408121798 4.8561828874976296 4.7160139372822316 7.5966835528117302 5.5054361355206494 0.23570226039551587 6.0005000000000015 22751352802.899826 5.0600000000000014 30.850000000000005 32.818945881357202 393.88566249663955 0.6909230393915381 0.77922077899308506 7.5000000000000009 0.87032255546191728 19.58953287197232 0.07222222222222216 42919.500000000007 1.0000000180025095e-35 1.3500000000000003 30.500000000000004 0.96359376111369366 26.500000000000004 7.3693740509322661 3.5000000000000004 9.600166663773253 0.5
decision_type=2 2 2 2 2 2 2 2 2 2 2 2 2 2 2 2 2 2 2 2 2 2 2 2 2 2 2 2 2 2 2 2 2 2 2 2 2 2 2 2 2 2 2 2 2 2 2 2 2 2 2 2 2 2 2 2 2 2 2 2 2 2
left_child=1 3 5 7 11 10 12 21 19 14 32 -3 25 33 60 53 20 57 38 30 31 -1 23 -23 59 51 -9 -13 29 -15 -5 47 37 44 50 -20 54 -2 -19 40 -22 42 49 -24 -11 -25 55 -7 -49 -8 -29 -4 -40 -16 -14 -27 -33 -12 -34 -10 61 -6
right_child=2 4 6 8 9 16 41 26 24 13 17 27 36 28 15 -17 -18 18 35 -21 39 22 43 45 -26 46 -28 34 -30 -31 -32 56 58 -35 -36 -37 -38 -39 52 -41 -42 -43 -44 -45 -46 -47 -48 48 -50 -51 -52 -53 -54 -55 -56 -57 -58 -59 -60 -61 -62 -63
leaf_value=-0.014980072155430743 0.0053015639395867231 -0.0095607603413262118 0.031111362485491029 -0.0059991704311393402 0.017156692425408952 0.10096383353547132 0.081115621147759193 -0.016056413532617279 0.026734056273574388 0.040949188972241729 0.035984496643495824 0.0092305783135198331 0.080492957318238134 0.044321064644487485 0.039216173737718137 0.070569518843217424 0.10363727850057936 0.0219687153174721 0.061620577676729932 0.040912537981979323 0.13525263515611038 -0.0096527738463308907 0.043471365611070248 -0.034002479289475501 0.07077694453969692 0.090104558932127612 0.00017156526348388018 0.023313640758102164 0.086743606885383129 0.061981990129648903 0.012410589710998045 7.8056562440927456e-06 0.033225847248774455 0.032240154747684116 0.016760852093908405 0.079275926998458673 0.10765901041419201 0.033287642201275079 0.071492604264484269 0.11359776672767395 -0.069875531529622295 0.1175640848136299 0.10839189076451523 -0.014983222319495133 0.062050839576972383 -0.047336924777240968 0.08013196939946525 0.063169669075986395 0.09075683940420716 -0.05980314241324898 0.039800149114059866 0.072713605855776103 0.040523428581252914 0.022888517102615434 0.10279828054500809 0.11449720233926755 0.11005817331025064 0.096159140696555803 0.065226763374144375 0.09650991218287551 0.008387043227577792 0.10097317549947538
leaf_weight=1940.779994264245 545.56339311599731 1193.1731394827366 164.18898835778236 2644.01557970047 71.970037043094635 327.28636994957924 45.270846650004387 3050.5343761891127 1043.4594812840223 1463.6252653300762 1102.5865030735731 1856.1239794790745 871.33665812015533 2099.9046929627657 3892.6440289914608 675.20250514149666 1459.6142127513885 356.87270878255367 2266.5548121333122 375.05088150501251 17.356059193611145 749.33978782594204 84.338848114013672 5798.1409361362457 373.74123641848564 1225.0598651617765 3291.4168450534344 1766.3926995098591 479.6327418088913 5056.13476100564 2144.4559683352709 103.1428739875555 408.99723193049431 2271.6982433646917 2203.1042253822088 1763.7865550071001 4166.4108057320118 1252.8464211672544 475.60770496726036 473.1877007484436 20.577058896422386 12437.796758756042 2986.5617452710867 964.72275260090828 984.79069995880127 1889.1121832430363 1563.0760564953089 1633.2955326586962 688.90199425816536 17.391289845108986 1902.9469327926636 1113.4889730066061 564.09574128687382 1192.445888698101 995.59934957325459 539.5043503344059 22.097638458013535 62.726208999752998 430.05861134827137 45.389096289873123 1142.38827483356 51.032716706395149
leaf_count=9589 2328 5624 531 12420 276 618 103 15081 3943 4819 3548 7818 1806 6550 13158 1794 2609 1265 6273 1317 24 3575 331 32542 958 2434 14962 6846 1107 14251 8821 387 1385 7851 8615 4322 6809 4360 1260 738 102 17105 4632 4850 2831 10994 3362 4271 1374 86 6585 2720 1788 4361 1700 836 49 139 1218 115 4545 120
internal_value=0.0476793 0.0141983 0.0916777 -0.0121856 0.0369386 0.0632012 0.10691 -0.0215037 0.0128016 0.0457092 0.0515877 0.0178855 0.0944212 0.0519874 0.0346679 0.0395113 0.0857888 0.0591456 0.0634234 0.00505398 0.0778603 -0.0292016 -0.0321114 -0.0348256 0.0401539 0.0832693 -0.00763424 0.0221228 0.0586804 0.0567995 0.00224541 0.0725024 0.032697 0.0411603 0.0261977 0.069347 0.102934 0.0247978 0.0463287 0.106947 0.0239796 0.11549 0.107028 -0.0102838 0.0494366 -0.0372794 0.0893749 0.0750114 0.0713537 0.0420049 0.0318637 0.0673675 0.0546901 0.0353874 0.0923879 0.0975625 0.0194253 0.0392236 0.0496279 0.0296427 0.0126198 0.0519314
internal_weight=92798.5 52697.7 40100.8 24394.5 28303.2 13975.2 26125.7 17768.4 6626.11 19381.5 9229.7 8921.74 10638.7 12355.8 7025.68 5760.29 4745.46 6592.23 5426.92 5163.52 3285.85 11426.4 9485.65 8436.59 1462.59 4605.32 6341.95 7728.57 7635.67 7156.04 4788.47 2774.72 2637.47 4720.11 5872.44 4030.34 6033.35 1798.41 1396.58 511.121 37.9331 15487 3049.22 1049.06 2448.42 7687.25 3327.64 2649.48 2322.2 62.6621 3669.34 1277.68 1039.7 5085.09 1866.94 1764.56 125.241 1165.31 839.056 1088.85 1265.39 123.003
internal_count=296831 216649 80182 119498 97151 38058 42124 91924 27574 61663 27886 35488 20198 37409 24254 19313 10172 18595 14908 22558 7563 61881 52292 47111 5016 9883 30043 29864 21908 20801 21241 6699 9291 15501 22046 10595 10315 6688 4313 864 126 21926 4821 5181 7650 43536 6632 6263 5645 189 13431 3251 3048 17519 3506 3270 436 3687 2603 4058 4941 396
is_linear=0
shrinkage=0.05


Tree=6
num_leaves=63
num_cat=0
split_feature=29 48 38 20 48 38 1 11 45 1 48 1 41 46 43 43 20 48 1 1 1 45 30 48 47 53 1 41 1 0 41 1 56 1 6 18 11 51 30 47 47 50 43 61 1 27 41 59 58 1 43 59 56 47 0 43 41 16 56 56 1 41
split_gain=47890.3 10105.4 7166.71 1714.37 1237.87 1151.8 1004.56 866.519 662.687 640.674 590.257 399.046 395.299 385.109 371.258 320.62 281.929 245.817 237.6 232.574 229.208 217.466 210.756 194.163 174 166.842 164.022 163.003 162.698 160.558 159.201 156.184 149.981 145.586 143.723 139.178 135.432 137.712 134.259 125.879 125.312 121.591 120.22 119.492 114.692 114.463 112.075 109.732 109.286 106.997 103.915 103.889 100.808 112.893 99.466 94.9373 132.818 94.8747 94.8429 93.1578 87.6603 87.5876
threshold=56249191935707416 117127079.70090716 4120975412.130218 5.5000000000000009 27740389.494676415 22276438.465284955 6.495000000000001 2.5000000000000004 0.90254478268542127 4.995000000000001 433974679.32289988 4.9050000000000011 0.2388888888888889 36.288750000000007 4.7501111111111127 4.8182255244755252 34.500000000000007 6802800.715789956 4.6950000000000012 4.6950000000000012 6.035000000000001 1.3985754501969134 44.500000000000007 63132282318.027382 24.466833416227235 0.31753724272346223 5.6750000000000007 0.038888888888888855 4.4350000000000014 93.050000000000011 0.049999999999999954 7.0950000000000006 1.0000000180025095e-35 5.1250000000000009 5.0600000000000014 31623276601.683796 8.5000000000000018 0.72776280310209163 20.500000000000004 1.0000000180025095e-35 1.0000000180025095e-35 297.26712396989052 4.3765165441176483 47.083960977842231 4.7750000000000012 1.95 0.10555555555555557 0.96359376111369366 0.44618082326431224 6.4050000000000011 4.9581959810340948 0.87032255546191728 1.0000000180025095e-35 29.668047302589681 58.750000000000007 4.5727486128894599 0.094444444444444414 32.99807692307693 1.0000000180025095e-35 1.0000000180025095e-35 5.7950000000000008 0.061111111111111054
decision_type=2 2 2 2 2 2 2 2 2 2 2 2 2 2 2 2 2 2 2 2 2 2 2 2 2 2 2 2 2 2 2 2 2 2 2 2 2 2 2 2 2 2 2 2 2 2 2 2 2 2 2 2 2 2 2 2 2 2 2 2 2 2
left_child=1 4 3 10 6 13 11 22 12 28 26 17 15 33 16 24 21 -1 30 55 -11 36 35 34 -7 -14 41 -20 -6 31 -10 -8 44 -3 51 45 37 -5 -16 -18 -21 -2 57 -13 -15 -4 -17 -23 -39 -29 -47 -9 53 -32 60 -12 -57 -36 -26 -19 -42 -34
right_child=2 5 7 14 9 8 29 23 18 20 19 43 25 32 38 46 39 59 27 40 -22 47 -24 -25 58 -27 -28 49 -30 -31 52 -33 61 -35 42 -37 -38 48 -40 -41 54 -43 -44 -45 -46 50 -48 -49 -50 -51 -52 -53 -54 -55 -56 56 -58 -59 -60 -61 -62 -63
leaf_value=-0.040682883938735939 0.029308185663158421 -0.018623335894857374 0.060499613867073955 0.088744094943762675 -0.013573790908911188 0.009710726956293908 0.028671202966853784 0.067315170130581845 -0.013449679823533761 0.020666514543351361 0.029562598360694581 -0.0093549434082813108 0.045841773728818799 0.017901712042257722 0.084927026862803179 0.035839398353097747 -0.013856143507401964 -0.016071933148380273 0.011753305622476902 0.033375678171411502 0.081294076376698846 -0.0049844893222515223 0.09692328132952388 0.10938934209745531 0.037896809047050686 0.062815020847920816 0.07278693866993835 0.038949065248157458 0.0015942877058060844 -0.041423521657016849 0.011496380788249634 0.085424556123046502 -0.012510588468814086 0.012746332165271317 -0.048994382604821023 0.10128388340908299 0.088431642575349204 0.043794791735307127 0.10985559058204825 0.10576083526549124 0.066692209089242255 -0.0038259641421932696 0.10015709011937524 -0.031043448373627915 0.038244728280046096 0.070940923168227032 0.055712944421632264 0.097059803670636102 0.065913755294638512 0.10374508396585072 0.091741832408671009 -0.063088361190022299 0.011375800362874772 0.031820842081376158 0.052370041445294051 0.026865920765339293 0.055124574139418271 0.099200195543851177 0.019439138961875789 -0.032047044275393503 0.094102624970402837 0.014466911936358854
leaf_weight=4639.0567895621061 2767.1724435687065 1138.633201494813 1088.6329687535763 472.68909586966038 3790.6649399399757 1048.1196517795324 352.75403596460819 53.010449588298798 344.19232606887817 1743.8048322796822 807.80706892907619 3152.201313868165 3333.9432828426361 1646.7970482707024 1297.9061150699854 1114.3421730548143 22.813773274421692 1996.4095243215561 594.69112533330917 344.71993792057037 171.19923239946365 152.7686612457037 2157.8161316812038 12616.053324595094 2576.5398346036673 2559.1960764229298 199.41146343946457 3111.0162285715342 3313.0981910824776 55.129227995872498 929.15125620365143 184.69796223938465 419.0488613396883 547.8066219240427 24.262187823653221 537.98381596803665 679.24700017273426 786.55704569816589 925.09110677242279 612.18124236166477 2330.6717312037945 307.66387890279293 6501.1468858122826 795.29027709364891 1196.0858300477266 1379.6482637375593 1952.2575903981924 31.834659144282341 1925.5082410573959 65.043025851249695 1063.0514710098505 21.454613909125328 1623.9715388119221 2581.4374189823866 1121.0498532652855 524.83808985352516 2001.5809639841318 19.464431822299957 953.53906987607479 1680.9736158102751 333.40966661274433 1066.8526325672865
leaf_count=27172 9745 5500 2589 913 18629 4045 1281 123 1599 7114 2627 15361 10297 6362 2588 3760 89 10363 2380 1111 497 587 3667 17211 8424 6844 571 10410 14994 254 3628 473 1962 2229 93 854 1268 2236 1376 938 5943 1287 10114 4191 4095 3080 5609 74 4758 147 1986 105 6369 8877 3129 1720 5500 33 3484 9204 720 4242
internal_value=0.0447913 0.0118385 0.0835313 0.059041 -0.0137814 0.0312965 -0.0237433 0.100503 0.0364336 0.000419591 0.046542 -0.0268155 0.0434815 0.0118355 0.0784743 0.03598 0.0704879 -0.0330294 0.026118 0.054306 0.0260866 0.0656296 0.0842913 0.105751 0.0275996 0.0532127 0.0288427 0.0357777 -0.00649961 0.0398392 0.0194698 0.0481748 0.0197321 -0.00843352 0.0988155 0.0775931 0.0681625 0.0638394 0.0953009 0.101463 0.0622364 0.0259928 0.0996013 -0.0137245 0.0264606 0.0739839 0.0484913 0.0126129 0.0594988 0.040276 0.0799934 0.0297438 0.0216765 0.0264415 0.0648648 0.0444833 0.0492541 0.0169728 0.0329111 -0.0233743 0.0701226 0.00685881
internal_weight=93785.4 50677.9 43107.4 17644.9 21875.3 28802.7 12856.5 25462.5 22787.4 9018.77 10738.3 12263.9 13537.9 6015.22 6906.6 7644.8 4683.6 8316.44 9249.5 7464.08 1915 4048.6 6227.13 19235.4 4578.2 5893.14 3274.25 3770.75 7103.76 592.581 5478.75 537.452 4328.78 1686.44 6619.34 4069.32 3864 3184.75 2223 634.995 4129.85 3074.84 6544.87 3947.49 2842.88 3531.33 3066.6 184.603 2712.07 3176.06 2442.7 74.4651 5134.56 3510.59 3785.13 3334.23 2526.42 43.7266 3530.08 3677.38 2664.08 1485.9
internal_count=296831 209796 87035 47180 109533 100263 68299 39855 75873 41234 32353 66291 42463 24390 14827 25322 10863 46739 33410 20750 7611 9836 12176 27679 15953 17141 11603 12937 33623 2008 20473 1754 16661 7729 10468 8509 9175 7907 3964 1027 10903 11032 10240 19552 10457 7655 9369 661 6994 10557 5066 228 18874 12505 9792 9847 7220 126 11908 19567 6663 6204
is_linear=0
shrinkage=0.05


Tree=7
num_leaves=63
num_cat=0
split_feature=38 48 14 62 10 62 48 21 1 43 9 1 1 22 62 1 18 30 40 1 21 62 1 43 40 43 1 40 23 43 56 43 48 62 9 21 1 43 40 9 43 30 30 30 1 9 9 38 14 47 62 62 10 62 9 40 43 21 9 50 43 9
split_gain=42343.9 10261.5 5054.06 1771.18 1382.16 1364.82 1144.32 725.077 649.89 589.472 585.609 436.405 416.47 364.583 339.788 333.141 307.715 299.465 296.725 275.361 232.041 230.432 229.827 216.838 201.006 194.506 184.783 180.951 176.81 173.616 171.081 167.802 162.894 150.265 144.992 144.2 137.438 133.154 146.171 131.641 130.351 227.597 123.782 119.24 118.828 118.62 115.762 114.883 113.216 111.323 111.01 110.974 110.403 109.625 107.719 105.701 102.343 100.314 97.397 95.1 94.7276 93.9073
threshold=548273254.83659637 99528396.413357928 1.0000000180025095e-35 13.95225722536158 1.5000000000000002 7.3693740509322661 12301494904.492458 2.5000000000000004 6.495000000000001 4.5130693581780559 92967.500000000015 4.4350000000000014 5.0850000000000009 6.8050000000000006 30.154878519329866 4.9050000000000011 19834431.87001906 6.5000000000000009 7.5000000000000009 4.7750000000000012 0.5 7.7057921137138736 6.5050000000000008 4.36224318658281 52.500000000000007 4.66670396896449 6.8750000000000009 27.500000000000004 4.3201694915254247 4.5700467289719642 1.0000000180025095e-35 4.4333333333333353 11218445.981906753 15.2615599561873 256872.00000000003 0.6428571428571429 4.8950000000000005 4.825049019607845 177.50000000000003 57451204.000000007 4.6375216262975796 72.500000000000014 10.500000000000002 1.5000000000000002 4.995000000000001 19746.500000000004 3958314.5000000005 26086447.645163428 0.29999999999999999 25.743262294608673 19.58953287197232 40.574746085484556 17.500000000000004 2.7686297328918879 12924.000000000002 39.500000000000007 4.6430384615384623 1.2142857142857146 34596382.000000007 160.66422946579024 4.2909673659673677 5196291.5000000009
decision_type=2 2 2 2 2 2 2 2 2 2 2 2 2 2 2 2 2 2 2 2 2 2 2 2 2 2 2 2 2 2 2 2 2 2 2 2 2 2 2 2 2 2 2 2 2 2 2 2 2 2 2 2 2 2 2 2 2 2 2 2 2 2
left_child=1 5 6 4 12 8 18 13 10 23 47 33 17 25 16 53 30 21 34 24 45 54 43 -5 29 -4 32 48 -9 -20 36 -19 -13 -7 -2 -6 42 38 59 -28 41 52 49 -14 -34 -8 -38 -1 -25 -11 -31 56 -30 -12 -3 -33 -16 -27 -10 -22 -35 -17
right_child=2 3 7 9 35 11 20 28 58 14 15 26 22 -15 51 61 -18 31 19 -21 37 -23 -24 27 -26 57 39 -29 40 50 -32 55 44 60 -36 -37 46 -39 -40 -41 -42 -43 -44 -45 -46 -47 -48 -49 -50 -51 -52 -53 -54 -55 -56 -57 -58 -59 -60 -61 -62 -63
leaf_value=-0.008245236391798208 0.038150217997774079 0.014898750169223256 0.063534991433550875 0.0093253509914112669 0.037469184768006189 -0.020086859214714849 0.083514130846650658 0.02016288027149863 0.068816872685207142 0.016174567745513801 -0.041730564308044601 -0.0062610031621755007 0.0086990732281513831 0.09747428913638799 0.038829115355539533 -0.0036960246605503462 0.060597817355848543 -0.0086944473986222993 0.017812578536499712 0.062425590455292772 0.07066523757712799 0.0029329328544481694 0.094580997627974173 0.018889463176140611 0.066443267002591927 0.076500226721277487 0.08360876650071758 0.039907799365599017 0.065040858690983847 0.030173093291985101 0.024286659520741494 0.018692871650667364 0.0073789774015706831 -0.017282907559301799 0.0065163258656571093 0.065896971979458596 0.04963273187002018 0.094990847050059432 0.093270647278949959 -0.012293079932918722 0.10414622951660502 0.10189658010843883 0.055025465865797187 0.034073195158074485 0.025863694259708653 0.05547288846872938 0.0050360963021158648 0.020489728435807555 0.075447807390541965 0.035453325433758676 0.052246790456208336 0.06896759119137226 0.091829704350434443 -0.029468251346602248 -0.021778160473959307 0.052232850882649173 0.05620469712577926 0.092113281993139035 0.016685018336241021 0.034140947770101904 0.012917376837465118 -0.022547688585701855
leaf_weight=847.21669548749924 833.24582269787788 222.97850762307644 1949.3720295578241 1540.8330336660147 788.69392497837543 2235.1909988373518 485.16884118318558 67.395977094769478 173.74402923882008 953.85036143660545 4081.190727815032 1352.0166884511709 907.50816312432289 3159.2293563187122 1255.87779250741 959.43714591860771 1434.5672260671854 355.9031143784523 932.58129511773586 2455.9328423440456 1079.4641597270966 3283.7970792204142 114.69298845529556 2365.4016066342592 653.09677223861217 2654.2312468290329 140.01029488444328 2611.6039020121098 764.70736938714981 958.42941756546497 2434.1091359257698 626.35463732481003 2445.3225155025721 401.57643996179104 640.78236964344978 1026.9005777090788 3038.621718198061 1326.5418685078621 680.03865714371204 48.067830741405487 11722.035629093647 3216.5456361472607 628.03798526525497 945.25028528273106 1349.0924585312605 1693.8205800950527 152.83234685659409 590.11516229808331 91.920011073350906 3483.2273092269897 1403.8688323646784 1038.2331024706364 773.76097419857979 3293.5693465322256 1958.9983772933483 375.86833469569683 2605.9246905893087 1679.9240633398294 184.98455016314983 213.46304063498974 734.69994360208511 2120.9244635850191
leaf_count=4088 2454 904 4385 6036 2528 11515 910 197 460 3399 24724 6226 3856 4663 3841 4676 3752 1578 3182 6177 2274 13913 272 8608 1571 5400 331 8130 1537 2989 8415 2343 10505 2017 2455 2422 8891 2196 1157 196 15757 4460 1731 3370 5165 4391 575 2312 222 11176 3763 2505 1200 18932 9853 1078 6930 2705 691 574 3039 11229
internal_value=0.0421909 0.0139407 0.0818261 0.0308061 0.0138313 -0.0136157 0.0568291 0.0946736 -0.024372 0.038424 -0.026372 0.00152065 0.005629 0.0836185 0.0433441 -0.0304859 0.0388537 -0.000214461 0.0446245 0.0492801 0.074379 -0.00543567 0.0258964 0.0257511 0.0411026 0.0766522 0.0104202 0.0307441 0.100983 0.0360796 0.0359359 0.0207983 0.00864123 -0.0125607 0.0243985 0.0535479 0.0393702 0.0827413 0.0745051 0.0590988 0.101314 0.0943313 0.0342496 0.0216446 0.0139512 0.0617165 0.0474971 0.00355227 0.0210051 0.0313089 0.0432911 0.0544556 0.0785141 -0.0362542 -0.0180301 0.0312715 0.0505541 0.0825519 0.0419342 0.0646351 0.00224416 -0.016676
internal_weight=94542.8 55199.1 39343.6 34242 10606.9 20957.2 13356.4 25987.2 12251.2 23635 11892.5 8705.98 8791.35 9442.76 17025.3 10455.1 12125.2 6823.9 7877.94 6403.91 5478.5 5465.77 1967.45 6609.76 3947.98 6283.53 5334.51 5068.93 16544.4 3294.88 10690.7 1358.13 5146.43 3371.47 1474.03 1815.59 8256.57 3299.51 1972.97 188.078 16477 4755.01 5065.12 1852.76 3794.41 2178.99 3191.45 1437.33 2457.32 4437.08 2362.3 4900.04 1538.47 7374.76 2181.98 1002.22 3861.8 4334.16 358.729 1292.93 1136.28 3080.36
internal_count=296831 222434 74397 116328 42117 106106 34093 40304 67112 74211 65961 38994 37167 17153 51215 59561 37939 29669 22591 17682 11502 24670 7498 22996 11505 12490 22423 16960 23151 9934 34187 4999 21896 16571 4909 4950 25772 6201 4005 527 22954 7197 16306 7226 15670 5301 9466 6400 8830 14575 6752 13276 2737 43656 10757 3421 10771 8105 1151 2848 5056 15905
is_linear=0
shrinkage=0.05


Tree=8
num_leaves=63
num_cat=0
split_feature=28 62 21 49 49 49 54 18 35 54 18 62 62 43 45 54 43 43 14 10 54 10 43 30 21 43 30 49 40 42 9 43 50 40 50 9 62 54 62 40 62 62 62 43 61 45 47 54 61 54 43 62 50 25 30 61 49 62 9 50 43 0
split_gain=37784.3 8823.73 5936.6 1559.24 1499.27 1073.64 763.958 640.421 478.991 451.379 434.584 380.268 377.869 291.15 285.911 275.441 264.608 251.615 248.545 227.052 220.982 204.217 200.455 188.001 187.9 228.287 182.098 181.721 158.73 157.327 152.909 149.974 142.443 139.554 127.918 124.795 123.285 122.594 122.384 117.59 102.27 101.809 100.217 98.3114 97.7314 94.022 93.6491 93.2452 92.2754 95.5592 91.6692 91.6506 88.2554 87.9354 86.9828 85.4311 81.8586 81.4723 78.7822 76.4111 120.873 76.0771
threshold=44680321.334957771 12.715693535137289 1.2142857142857146 3.1804547900850836e+18 34923081267916088 2.7781273711699798e+17 1.976478067387158 49461351.124960564 0.97733713994224669 1.3261744236624622 11296214591.046471 22.899159219337339 10.378951855816387 4.2909673659673677 0.67934332364754535 0.32605697522966454 4.6230962504831865 4.6322748655913992 1.0000000180025095e-35 2.5000000000000004 -0.079999999999998683 1.5000000000000002 4.5154946628926114 15.500000000000002 4.7857142857142865 4.6833333333333353 66.500000000000014 4.6210841669141725e+20 19.500000000000004 6.7950000000000008 167822.00000000003 4.4708597046413523 424.12239505809316 36.500000000000007 139.78673502612926 34596382.000000007 7.7057921137138736 0.20000000000000059 19.58953287197232 3.5000000000000004 6.4328589031888681 39.629138557665989 22.526371636255011 4.350125628140705 12.369161775601137 1.3841645214780496 53.217318633097442 0.61666666666666681 16.117059232262616 0.57606000718648931 4.8428685714285722 2.7686297328918879 1131.3816962159628 1.0679372505817668 3.5000000000000004 22.28183889657922 8.2042035927831069e+19 31.309610788877553 278754.00000000006 384.44102295350791 4.2834408602150544 55.150000000000013
decision_type=2 2 2 2 2 2 2 2 2 2 2 2 2 2 2 2 2 2 2 2 2 2 2 2 2 2 2 2 2 2 2 2 2 2 2 2 2 2 2 2 2 2 2 2 2 2 2 2 2 2 2 2 2 2 2 2 2 2 2 2 2 2
left_child=1 4 3 12 6 13 15 14 29 18 27 22 19 -3 -4 32 43 34 20 23 28 42 -7 37 25 45 50 30 36 -6 -5 -22 51 48 41 -8 -10 58 -15 -19 -33 -13 -18 -14 -17 -9 -40 57 49 -24 52 -1 59 -28 -32 -45 -36 -41 -2 60 -16 -11
right_child=2 5 7 10 8 11 35 24 9 61 -12 17 16 38 26 44 21 39 -20 -21 31 -23 33 -25 -26 -27 53 -29 -30 -31 54 40 -34 -35 56 -37 -38 -39 46 47 -42 -43 -44 55 -46 -47 -48 -49 -50 -51 -52 -53 -54 -55 -56 -57 -58 -59 -60 -61 -62 -63
leaf_value=-0.036916232424192584 0.010792270225675566 -0.0082549804494182356 0.087187999096382404 0.063105230391100359 0.017125489977250594 0.0087701492638914604 0.068714466949450936 0.076758546432001057 -0.022907580310950169 0.078208811944663684 0.087068280472064663 0.036767617812030494 -0.0022697623391652964 0.01231644317908093 -0.034006001235949178 -0.0067433713544584051 0.037734704188252477 0.014684395068321086 0.034054697779397201 0.046749488622935764 -0.012688529388477563 0.071404531727912876 0.031868723205324231 0.081790671633696008 0.098460389374765256 0.094020179322839792 0.088318719891955749 0.084717951159219748 0.013271845955273748 0.054835413982484815 0.015734754337224436 -0.0041893058712164331 -0.04782605248186568 0.053666588765851633 0.023873606525721777 0.013872818030017551 -0.0073741429289431604 0.036289348445357347 0.01946064815597703 0.042912304420163604 0.013679810529325306 0.060886219320310034 0.054538831185261205 0.043222869840575176 -0.023144689309893135 -0.0057213996014417326 0.035862394045689021 0.069391366916285321 0.021643613774629377 0.06409532376318787 0.089576918061628819 -0.023841498676640802 -0.044151276785639945 0.05745276302285364 0.049710674003755166 0.023858002268913905 0.089446216150873739 0.055242877207710206 -0.020609991924209911 0.084277593416460905 0.051561596469919792 0.0035655126920979886
leaf_weight=2580.6868966370821 1372.0486872047186 1141.9021933376789 2650.1762192994356 4699.8367707133293 879.29086042940617 1228.4693278372288 207.97740480303764 2373.3106239587069 2724.5279265493155 194.6109341531992 2251.8175481259823 2827.9645513147116 185.73901516199112 3696.0603860616684 42.484065487980843 1413.4313534498215 1623.7856195271015 243.57417793571949 396.85735115408897 827.44187393784523 1316.9637882113457 1117.0600747615099 2139.3768966197968 103.05252619087696 11210.615960806608 5493.5115387737751 864.66219660639763 763.75236576795578 523.75382748246193 403.51771554350853 226.03714004158974 1262.5199828445911 1441.8352751135826 609.4738791435957 2281.9448659420013 206.95755518972874 2404.8683163821697 429.7037278264761 2563.3561266362667 3171.5299018770456 2189.1350506693125 517.63028113543987 1956.0739535689354 1428.4758687466383 2541.3499061763287 35.062424704432487 1317.6451183855534 568.58360680937767 2529.89693531394 257.74229502677917 173.41550199687481 2788.6638698875904 23.824938997626305 314.74771352112293 1130.6917269527912 947.19837841391563 48.608604237437248 2319.2590052187443 233.76018194854259 172.44413195550442 1445.9877385050058 41.397345706820488
leaf_count=15724 5147 5439 4321 10338 3269 4701 555 4240 14424 529 3549 8684 717 14756 174 7114 4832 865 1404 2239 6410 2459 6959 222 14952 7892 1359 1350 2142 1087 708 6064 9078 1592 7638 773 11152 1417 9541 9089 9016 1287 5060 4122 13569 124 4398 1327 8719 689 294 15661 97 680 2838 3065 106 5876 1052 338 3449 159
internal_value=0.0398412 0.0105267 0.0737325 0.0529343 -0.0119515 0.0297762 -0.0252127 0.089915 6.65154e-05 -0.00328955 0.068023 0.0365188 0.0395461 0.015281 0.0751863 -0.0277785 0.0456906 0.0418706 -0.00478181 0.0245093 -0.00626069 0.0527406 0.0270419 0.0159042 0.0942982 0.0883931 0.0647153 0.0617349 -0.0129476 0.0289874 0.0588367 0.00166663 -0.0338726 0.0310962 0.0342345 0.041361 -0.0156249 0.0125685 0.018828 0.0487473 0.00714378 0.0404992 0.0469167 0.032763 -0.0172829 0.0755578 0.0250292 0.0501166 0.0283042 0.0353338 0.054962 -0.0301256 0.051399 0.0800816 0.0440501 0.035502 0.0252413 0.0481206 0.00622099 0.0527696 0.0491193 0.0651159
internal_weight=95078.1 50981.4 44096.7 19296.5 23518.3 27463 11180.9 24800.2 12337.4 11054.6 9072.14 18744.1 10224.3 8718.96 5687.74 10766 7258.33 11979.1 10818.6 2966.01 10421.8 4696.92 6764.96 2138.57 19112.5 7901.88 3037.57 6820.32 5653.15 1282.81 6056.57 4768.62 6811.19 5536.49 5676.15 414.935 5129.4 2035.51 7577.06 6302.95 3451.66 3345.59 3579.86 2561.41 3954.78 2408.37 3881 6059.37 4927.02 2397.12 1858.16 5369.35 1684.74 1179.41 1356.73 2375.67 2330.55 5490.79 1605.81 1660.92 1488.47 236.008
internal_count=296831 209796 87035 49115 118130 91666 62474 37920 55656 51300 18783 57532 30332 34134 10712 61146 20255 34872 50612 10077 49208 12351 22660 7838 27208 12256 6391 15234 27718 4356 13884 21490 40463 17959 17715 1328 25576 7616 28695 17157 15080 9971 9892 7904 20683 4364 13939 16292 16367 7648 4352 31385 4058 2039 3546 7187 7744 14965 6199 3961 3623 688
is_linear=0
shrinkage=0.05


Tree=9
num_leaves=63
num_cat=0
split_feature=38 48 10 62 10 48 62 54 1 16 43 10 1 9 1 62 29 29 62 30 38 50 54 43 40 30 30 54 40 33 1 47 43 36 10 36 26 47 48 62 48 30 48 50 54 51 34 9 45 40 43 62 36 62 7 45 62 56 43 10 1 44
split_gain=33933.9 8468.46 4049.85 1457.29 1213.49 1071.75 1056.15 556.688 507.104 465.094 451.002 367.613 346.976 344.05 335.248 300.657 275.522 267.131 233.419 223.225 217.118 194.93 193.631 192.031 228.127 189.088 177.774 161.179 159.858 161.603 157.576 149.606 149.564 147.498 147.17 145.183 131.947 130.966 125.531 124.821 123.158 121.542 119.669 108.189 102.764 100.154 115.112 98.1194 96.4669 93.8824 90.5218 90.5033 88.348 86.9588 84.9858 82.7929 81.5104 80.2319 80.2149 79.515 73.4196 73.093
threshold=629310439.96096146 89127170.092246622 2.5000000000000004 16.50721602648677 1.5000000000000002 12301494904.492458 7.3693740509322661 1.976478067387158 4.995000000000001 22.510000000000002 4.6750494071146269 11.500000000000002 4.4850000000000012 173043.00000000003 4.9050000000000011 10.133457593786565 20366285094243128 19953041187295480 21.380731746782509 4.5000000000000009 8748300798.5021763 112.41806039489289 1.3261744236624622 4.4833826429980297 19.500000000000004 3.5000000000000004 1.5000000000000002 0.66814634146341467 53.500000000000007 4.6472850122850131 6.785000000000001 26.383384817667991 4.425137362637364 36.211437908496741 3.5000000000000004 102.98090909090911 10.001271186440681 59.173820872359933 3954269.4990041857 15.097897114834085 484076989611.0094 2.5000000000000004 11218445.981906753 229.9424922571738 1.3261744236624622 12.857142847689078 0.3344772040064915 40056753.000000007 1.2214532303528958 42.500000000000007 4.7750454545454568 28.12727776256504 115.82967032967035 19.016712927236068 6.1200000000000001 0.56246206785771435 4.1961334046949306 1.0000000180025095e-35 4.36224318658281 3.5000000000000004 4.3950000000000005 0.53439943967851533
decision_type=2 2 2 2 2 2 2 2 2 2 2 2 2 2 2 2 2 2 2 2 2 2 2 2 2 2 2 2 2 2 2 2 2 2 2 2 2 2 2 2 2 2 2 2 2 2 2 2 2 2 2 2 2 2 2 2 2 2 2 2 2 2
left_child=1 6 5 4 8 13 7 9 15 41 17 20 39 28 38 25 -7 37 61 27 50 49 26 -17 60 56 -10 31 29 -2 42 -12 57 -16 -6 40 -31 44 -11 -8 -18 -1 -14 -39 51 46 -36 -32 -23 -19 -4 -5 -28 59 -9 -30 -3 -22 -51 -44 -25 -15
right_child=2 3 11 10 34 16 12 54 22 14 19 -13 30 18 33 23 35 21 -20 -21 32 48 -24 24 -26 -27 52 -29 55 36 47 -33 -34 -35 45 -37 -38 43 -40 -41 -42 -43 53 -45 -46 -47 -48 -49 -50 58 -52 -53 -54 -55 -56 -57 -58 -59 -60 -61 -62 -63
leaf_value=-0.0033249984859390711 0.026906749061649828 -0.029435426225274137 0.063700280808698953 0.01064105305005842 0.035416830250608065 0.041472915906514272 -0.019921424823863207 0.055996612809689532 0.0080812713810295943 -0.041128642775949506 0.020598348613237789 0.093014407530272666 -0.0060396148675439286 0.025959032228577508 0.011722249548637095 -0.0077464673094233515 0.069691856287967008 0.039890259276837661 0.043060653995474027 0.051967360799943463 -0.065734844217888652 0.029463772796055571 0.068683378914440332 -0.0028050943110721313 0.040391257535791869 0.0064262737420644443 0.036823311062958004 0.064136262914811337 0.098157612721691559 0.019075371583142868 0.075172809440275115 0.039413601519053952 0.08605875325354527 -0.018698361180591136 0.077247826624501373 0.038300802236035526 0.054042390008481628 0.035854547191579815 -0.027970748863010559 0.0016321697884459675 0.086216834093947689 0.036568876724137438 0.0067080366572437366 0.012329438417636287 0.06833841059371247 -0.020710372141494772 0.04459320472185567 0.0040183969546630054 -0.0035491334582324536 0.018012352218420565 0.079359163935791274 0.025972678591775392 0.0031080978261554333 0.027063175756529841 0.00056503576765040253 0.061587460632073557 -0.010229514530279373 0.065410269730610385 0.064830860453655687 0.096968041702309202 0.014582012265516959 0.0049882419083603028
leaf_weight=529.36434672772884 842.76376873254776 817.37513628602028 2093.7005989849567 2794.0560031086206 1188.3882381021976 830.76002486050129 2042.7780612707138 241.07859282195568 1344.8804938495159 3198.4355600476265 1469.0171293765306 12121.654453620315 1324.2661747485399 968.64601828157902 468.69630855321884 1125.0315695852041 4557.2399849593639 2334.5584611594677 1731.2944001853466 4114.5633063018322 24.630308032035828 1880.1265802234411 235.97980342805386 852.02394267916679 753.73988790810108 1406.5574222952127 1480.2738308757544 489.40117914974689 201.50059741735458 293.5445838868618 140.10369610786438 3762.2602042108774 7087.9362465888262 2659.1905987709761 630.61310441792011 302.75217394530773 3333.5836880803108 2271.5883141905069 4183.7352526187897 1000.8156112134457 1498.1743462383747 298.62280730903149 2668.9819901287556 622.68860754370689 95.607559517025948 36.68094290792942 471.78724402189255 74.060978591442108 250.80291192233562 104.02266259491444 1650.5025738179684 1468.4433020502329 223.66415548324585 722.94318073987961 96.955874964594841 667.31425891816616 1704.3569179922342 22.150245070457458 759.18120105564594 24.625623196363449 2112.5654343366623 727.64986503124237
leaf_count=2503 2504 4346 4184 10293 3572 2362 10758 640 5546 20557 4849 16319 6133 3129 2121 4944 8692 6821 4713 10495 97 5827 607 3553 2321 5696 4930 1184 289 895 323 10873 10493 14165 1243 734 8033 6994 24528 4452 2376 1098 11369 2240 250 133 1185 279 981 372 2836 4771 870 2661 406 1497 8173 45 1786 58 8054 2673
internal_value=0.0376996 0.0129367 0.0735988 0.0270938 0.0146727 0.0542426 -0.0135431 -0.0231313 0.00829177 -0.0250165 0.0350641 0.087026 0.000453413 0.0425074 -0.0278588 0.00201665 0.0685527 0.0287935 0.0301452 0.0430854 0.0803536 0.0372931 0.0250487 0.0103533 0.0158297 -0.00826202 0.0216714 0.036697 0.0504443 0.0466298 0.00861521 0.03413 0.0854706 -0.01414 0.0477262 0.0720909 0.0512125 0.0225483 -0.0336716 -0.012834 0.0737803 0.0110632 0.00672007 0.0307932 0.0170727 0.0605684 0.0632728 0.0505667 0.0255783 0.0450997 0.070603 0.0159228 0.0323977 0.0116658 0.0400976 0.070069 -0.0164548 -0.00363861 0.0591889 0.00753322 0.00958495 0.0169633
internal_weight=95430.7 56474.9 38955.8 36800.2 14383.9 15955.2 19674.7 11676.1 12056.4 11338 22416.3 23000.6 7998.58 8766.3 10510.1 8771.65 7188.93 12581.1 3427.59 9835.24 10878.9 5328.69 3284.8 4843.36 3718.33 3928.29 3048.82 5720.68 5338.71 4469.89 4954.98 5231.28 7134.72 3127.89 2327.47 6358.17 3627.13 7252.38 7382.17 3043.59 6055.41 827.987 4740.82 2894.28 4358.11 1139.08 1102.4 214.165 2130.93 3197.76 3744.2 4262.5 1703.94 3416.55 338.034 868.815 2521.73 46.7806 863.204 2693.61 2964.59 1696.3
internal_count=296831 224960 71871 122909 55173 37897 102051 66018 49040 64972 67736 33974 36033 23733 61371 37087 14164 40335 10515 27401 17655 15787 11953 18872 13928 18215 11346 16906 13218 11432 20823 15722 10635 16286 6133 11802 8928 24548 45085 15210 11068 3601 20221 9234 15314 2561 2428 602 6808 8979 7020 15064 5800 14088 1046 1786 12519 142 2158 11427 11607 5802
is_linear=0
shrinkage=0.05


Tree=10
num_leaves=63
num_cat=0
split_feature=28 62 20 38 48 38 1 62 18 53 18 48 1 62 1 1 40 18 1 9 35 1 20 52 62 1 20 33 62 30 9 1 9 33 53 45 40 30 47 27 23 58 48 46 50 36 62 28 33 57 61 1 0 1 62 50 46 44 61 50 61 0
split_gain=30603.2 7603.16 3796.6 1840.95 1110.36 1110.16 747.434 567.66 444.83 436.341 352.794 345.982 324.891 283.053 252.403 246.038 243.002 224.629 216.075 212.538 207.182 202.696 244.394 192.87 181.181 179.204 163.603 206.983 157.266 143.945 131.378 131.203 129.544 127.982 121.187 115.861 128.867 115.704 109.449 102.548 105.706 100.911 95.5915 92.9644 92.7311 92.2418 90.5071 88.9067 88.3702 85.7425 85.5443 84.8164 84.0494 80.7079 80.2857 79.9463 84.5713 79.3353 78.3728 76.9567 76.8508 76.3836
threshold=94731514.669743717 12.588400214084789 9.5000000000000018 28045673.949633028 2526325039.0286708 55478682.356264077 6.495000000000001 6.3237503422867247 36625724.721994855 0.40186987522306644 22387917654.455784 32072638573.705326 4.6950000000000012 21.789888850165543 4.8950000000000005 4.9050000000000011 2.5000000000000004 10785252.804535801 4.4350000000000014 100187.00000000001 0.97733713994224669 5.0450000000000008 2.5000000000000004 9.3458771018887958 40.574746085484556 6.2150000000000007 33.500000000000007 4.7201265822784828 9.7606700107042403 29.500000000000004 112118.50000000001 6.9650000000000007 17942721.500000004 4.3800584795321651 0.069368967350175864 1.2063735608423667 47.500000000000007 9.5000000000000018 50.50696415870506 1.2106313607869836 4.3668787878787896 0.061046214993534575 657990000.37534487 30.550438596491237 373.14419493819605 34.900561797752822 27.66356637873093 22384753.352006499 4.729178709055879 1.0000000180025095e-35 10.527084624658171 4.4350000000000014 55.850000000000001 4.4850000000000012 12.061042169724429 263.96902072500785 77.384523809523827 0.55283127385298669 23.402708935205144 210.83786226944562 11.778358584938969 34.107000000000006
decision_type=2 2 2 2 2 2 2 2 2 2 2 2 2 2 2 2 2 2 2 2 2 2 2 2 2 2 2 2 2 2 2 2 2 2 2 2 2 2 2 2 2 2 2 2 2 2 2 2 2 2 2 2 2 2 2 2 2 2 2 2 2 2
left_child=1 3 4 6 17 12 7 15 20 21 30 14 13 43 24 19 -14 23 -9 -1 29 22 34 53 35 -18 27 -10 41 42 51 46 61 -30 -5 36 38 -32 50 -22 -41 -19 -4 -3 -21 -17 58 -11 59 -43 -7 -6 -23 -2 -25 56 -15 -36 -16 -40 -20 -8
right_child=2 5 8 9 10 11 32 18 26 47 -12 -13 16 55 31 45 25 28 60 44 39 52 -24 54 -26 -27 -28 -29 33 -31 37 -33 -34 -35 57 -37 -38 -39 48 40 -42 49 -44 -45 -46 -47 -48 -49 -50 -51 -52 -53 -54 -55 -56 -57 -58 -59 -60 -61 -62 -63
leaf_value=-0.0067220332032779913 0.020307780665160251 -0.021245854990835821 -0.016108186216601757 -0.0098736920783374805 0.050638759182141793 0.03073360396993018 0.07961212798649818 -0.019189775592835329 0.068016948474100822 0.024645518512069101 0.081375260074704525 0.059549598640468396 0.005634705188891774 0.016660480075044386 0.042089235853977766 0.0058762036069256304 0.028692112568137685 -0.034544172338300809 0.0104461812116763 -0.031497267654367028 0.067037568672359757 0.030315817383936794 0.023971812231120757 -0.0067544539078677789 0.053141456643622124 0.082354633433443791 0.089424395458128192 0.085716735259146082 -0.047437502228979626 0.077586379648664397 0.032737341381563444 0.11386468057325808 0.016718759545732861 0.052593787295404773 0.014012719069959503 0.013465780756701365 0.044765715896359533 0.058405383941500105 0.032114185796817955 -0.031936307533983958 0.036357815465625283 0.049458686289050764 0.058893297208726103 0.0032472585545849602 -0.045225805971631269 -0.018755913865846695 0.050052775762172597 0.05429886221790782 0.042175970420183381 0.025077142692671358 0.015779231787284912 0.06546647442880292 -0.0036505219144689575 0.041221019691127021 0.022172909062003372 0.00093888549739335457 0.034669121922427791 -0.013770811348104414 0.02463508003804929 0.0127473737099159 -0.0050985536808068506 0.0132209064770871
leaf_weight=741.81102788448334 672.70959363877773 437.78004011511803 44.452635914087296 2510.1914503574371 1307.9967169463634 1602.7567982822657 200.97433884441853 2510.7918913811445 2453.6110808998346 434.01690983772278 1992.3578598797321 1439.6189926713705 1235.6500312834978 1622.24655392766 2070.1404577791691 444.53108875453472 4687.4825141727924 55.641478270292282 1166.7305409908295 4863.8595979958773 184.57063269615173 1081.0803215801716 1048.3992118239403 480.9482649564743 791.8950724452734 160.91771125793457 11481.347717806697 5053.996067866683 32.366366744041443 2854.5354550927877 871.60104885697365 64.837684199213982 295.46123310923576 2647.746277615428 1191.1808464080095 1164.5653859227896 1307.4251130223274 884.64362269639969 2385.888536542654 74.520904928445816 236.39349046349525 568.16746017336845 959.00972731411457 3366.9375346302986 1646.3929540812969 2621.0309245735407 2178.9015221446753 605.2929473221302 1703.6907440721989 986.98423573374748 2370.9552698731422 3671.7155272960663 219.02733673155308 1468.1869980245829 478.50408019125462 440.80483815073967 1089.9459899514914 327.60503120720387 933.00574114918709 653.42415854334831 2496.2059900611639 55.22832253575325
leaf_count=3668 2100 2098 155 11932 2851 4918 449 13359 4332 1488 3010 3260 4975 5835 5858 2049 15377 219 5088 30376 371 3850 3594 1914 1914 359 15442 7209 132 4608 2301 107 1053 6308 4637 4221 3539 1870 7166 277 599 1510 1977 13862 10892 14145 5536 1488 4718 3011 7920 7078 898 4009 1458 1700 3400 1357 2920 2217 11687 180
internal_value=0.0357334 0.0120253 0.0694787 -0.00891984 0.050816 0.0281821 -0.0179688 -0.0198839 0.0823665 0.0118737 0.0628919 0.0360021 0.0169892 0.00960963 0.0340343 -0.0270597 0.0254286 0.0365556 -0.00789162 -0.0320797 0.0679512 0.00697795 0.00246731 0.0263011 0.0300292 0.0304732 0.0856715 0.0799322 0.0439649 0.0718601 0.0574249 0.0431795 0.039281 0.0513858 -0.00312848 0.0283934 0.0301276 0.0456667 0.027932 0.0375147 0.0199889 0.0316176 0.0555708 0.000429021 -0.0349691 -0.0151841 0.0422951 0.0419156 0.0330603 0.0339848 0.0218109 0.0615718 0.0245936 0.0346497 0.00767238 0.0206879 0.0238976 0.00801976 0.0366666 0.0279505 -0.000147194 0.0653005
internal_weight=95630.7 56168.7 39462 24459.8 16119.6 31708.9 17043 16491.4 23342.4 7416.79 8728.31 18667.1 13041.8 6957.71 17227.5 10317.6 6084.05 7391.25 6173.73 7252.06 4353.48 6377.48 5077.38 3100.35 11980.6 4848.4 18989 7507.61 4290.91 3858 6735.96 5246.89 551.664 2680.11 4028.98 11188.7 10024.1 1756.24 8716.72 495.485 310.914 1610.79 1003.46 3804.72 6510.25 3065.56 5182.05 1039.31 4743 1555.15 3973.71 4979.71 1300.11 2140.9 959.452 3153 2712.19 1518.79 3003.15 3039.31 3662.94 256.203
internal_count=296831 224090 72741 122190 37771 101900 92946 91264 34970 29244 17110 54294 47606 26895 51034 61130 20711 20661 30134 44936 7987 26268 21520 9481 36613 15736 26983 11541 11180 6740 14100 14421 1682 6440 17926 34699 30478 4171 26939 1247 876 4740 2132 15960 41268 16194 14314 2976 14101 4521 12838 9929 4748 6109 3372 10935 9235 5994 8778 9383 16775 629
is_linear=0
shrinkage=0.05


Tree=11
num_leaves=63
num_cat=0
split_feature=38 38 20 62 62 10 13 43 18 54 62 50 40 40 54 38 18 62 54 62 54 54 43 20 43 45 43 20 62 43 43 43 54 46 50 55 38 43 40 47 0 44 43 31 23 58 23 31 10 0 43 9 40 32 16 9 38 32 43 9 31 43
split_gain=27771.6 6393.35 3646.66 1519.03 1164.08 1011.91 820.32 538.587 484.686 446.065 361.094 326.841 320.17 274.566 281.277 269.654 247.487 227.488 191.749 191.444 184.46 179.993 177.829 177.52 211.689 165.21 149.268 148.145 139.276 138.905 135.833 135.034 134.79 133.985 117.537 114.522 110.409 107.599 126.097 110.898 107.159 105.425 99.5937 99.1462 92.8022 91.8531 133.67 88.3944 88.1693 86.6409 84.6156 83.7188 81.2731 78.4084 89.74 75.479 74.9404 85.8587 71.3849 70.294 69.8311 66.8671
threshold=629310439.96096146 14924342.829948062 7.5000000000000009 6.3237503422867247 14.7523866719773 1.5000000000000002 4.7666666666666684 4.36224318658281 36625724.721994855 1.976478067387158 13.95225722536158 138.22010288437224 52.500000000000007 43.500000000000007 1.3861983471074379 22432160661.166283 9609211.4196398631 34.382835254287926 1.3861983471074379 13.315790620099078 -0.044444444444443794 0.4000000000000008 4.7795576735092871 33.500000000000007 4.66670396896449 0.67934332364754535 4.5541766347687416 5.5000000000000009 10.488060416718531 4.3727922077922097 4.6200467289719649 4.9668439716312074 0.93333333333333413 45.620918367346945 222.04092397882437 34.561477746284922 148401212.42784953 4.6400304878048795 57.500000000000007 53.682395163944143 33.750000000000007 0.3500000000000002 4.763678646934463 2.2166666666666672 4.2753787878787888 0.36648727148060617 4.4856183368869944 1.0166666666666668 2.5000000000000004 500.05000000000007 4.692823076577791 189548.00000000003 31.500000000000004 5.4050000000000011 20.016666666666669 9687644.5000000019 16361337579.715494 5.705000000000001 4.8480131578947381 28894.000000000004 0.049999999999999954 4.4736914203316536
decision_type=2 2 2 2 2 2 2 2 2 2 2 2 2 2 2 2 2 2 2 2 2 2 2 2 2 2 2 2 2 2 2 2 2 2 2 2 2 2 2 2 2 2 2 2 2 2 2 2 2 2 2 2 2 2 2 2 2 2 2 2 2 2
left_child=1 3 6 9 5 13 12 -6 25 21 18 16 19 14 20 48 17 32 30 56 28 34 52 24 41 47 -21 -7 51 -12 -5 61 37 -31 59 44 -15 38 39 -9 55 -10 -23 58 -29 46 -46 -4 -8 -24 -30 -3 -13 54 -47 -20 57 -2 -27 -1 -33 -22
right_child=2 4 8 10 7 27 15 11 23 -11 29 22 -14 36 -16 -17 -18 -19 40 26 31 42 49 -25 -26 43 -28 35 50 33 -32 60 -34 -35 -36 -37 -38 -39 -40 -41 -42 -43 -44 -45 45 53 -48 -49 -50 -51 -52 -53 -54 -55 -56 -57 -58 -59 -60 -61 -62 -63
leaf_value=-0.0021658558928051913 0.06263091434987815 -0.0002850361893643049 0.058108147933329551 -0.014094765888925853 0.0049407086523446525 0.029227002351985637 0.047601395793029189 0.01367030938944639 -0.029686485632744175 0.034064789385847248 -0.0069941747641012368 0.013734350971448782 0.056272676231966606 0.0093711952701001165 0.063494640768107666 0.075488098755626898 0.050335838192131638 0.047932997038967917 0.071512363878518045 0.016038439688733603 -0.0050703029099213662 -0.018812477987750886 0.028452009987649841 0.085865323148996156 0.080789462440072193 0.043587195372786859 0.040904351430121361 -0.047465262530714092 -0.0034222425113988072 0.0048476623374726522 0.0032005918207154409 0.015385545417385307 0.056133074009696748 0.023858565658150723 -0.041184192015324451 0.070446853834193676 0.053424281841253175 0.034201344572702012 0.055861463888262256 0.030090916507554494 -0.01017815399412308 0.063440624955176828 0.026045306375133581 0.067597965919576716 -0.048334488146261137 0.083668017316031171 0.043937610461683388 0.079309441986281246 0.062686920217894432 0.050920930320870722 0.016725641168522019 -0.017114568893138435 0.027565026494188474 0.0095268649133909075 0.029742509329912455 0.020866639861003483 0.036269266159124909 0.010773595627054017 0.077066380303260726 -0.028685567288450571 0.048637510388624378 0.010013270403827757
leaf_weight=266.3535708039999 84.373550474643707 1160.7294788956642 673.23820775747299 3714.3579535186291 1877.4361238628626 1428.8663993477821 2612.6121816784143 2201.611816033721 30.869120374321938 305.60283014178276 761.50798399746418 3131.6028359532356 1643.7443201988935 223.18044711649418 188.52871316671371 2014.4307575523853 2793.5770732015371 2329.3377903401852 127.4747743755579 709.76769629120827 1016.4967995285988 2681.5562479048967 1165.3089676350355 11292.082437038422 6071.3257894665003 1360.1582303196192 4032.1461206674576 29.658987537026405 1169.4531510770321 1530.231347233057 1634.9292382150888 340.42117823660374 491.08219133317471 2350.3296292722225 2231.7027528882027 528.61143247783184 392.12489253282547 5123.1721013784409 282.6097324192524 1929.2117170095444 143.75437252223492 1958.3400046825409 129.72188487648964 1020.9641899317503 59.329562485218048 232.405124142766 115.9667034894228 1822.5446459054947 1539.2244562059641 679.05302983522415 939.96367892622948 2033.6262730509043 1607.3804539591074 75.40826016664505 115.48833705484867 173.95998479425907 474.01776206493378 1478.5220369249582 180.328936830163 4038.6108899265528 294.46504686772823 2650.9578975439072
leaf_count=1306 200 5070 1318 18981 7439 4511 6011 7616 101 937 3459 10605 3603 841 495 3166 6929 5792 356 2256 4729 14776 3420 15279 8841 3109 10374 128 5125 5985 7263 1314 1212 7984 14783 1041 974 14711 680 5918 623 3467 563 1772 235 411 265 2788 2935 1668 3491 10319 4871 211 293 685 1231 5117 303 25368 905 10672
internal_value=0.0339204 0.0115811 0.0663976 -0.0110833 0.0240194 0.0120012 0.0466204 0.0306343 0.0782177 -0.0253788 0.0021396 0.0328537 0.0364757 0.0050476 0.00301235 0.0604772 0.0368956 0.0338571 -0.00618476 0.0316753 0.00182533 -0.0273221 0.0235521 0.0818194 0.0761514 0.0644351 0.0371824 0.0399958 -0.004415 0.0125305 -0.0088087 0.00951817 0.0305874 0.0163619 -0.0318721 0.0532965 0.0374456 0.0292719 0.0235498 0.0213392 0.0253439 0.0619955 -0.0167426 0.0555146 0.0388664 0.0431439 0.0127078 0.0735904 0.0531941 0.0367246 0.00555573 -0.0109992 0.0184255 0.0557479 0.0657667 0.0422844 0.0188548 0.0135731 0.0475063 -0.0270448 0.0308081 0.0058326
internal_weight=95695.9 56697.2 38998.7 20090.1 36607.1 12995.7 14588.8 23611.4 24409.9 9653.55 10436.5 21733.9 8422.57 10409.9 9794.64 6166.27 15150.6 12357 5794.48 6778.83 9606.11 9347.95 6583.35 19352.6 8060.53 5057.23 4741.91 2585.73 5303.77 4642.07 5349.29 4302.34 10027.7 3880.56 6536.67 1156.87 615.305 9536.61 4413.43 4130.82 445.189 1989.21 2811.28 2561.45 628.257 598.598 175.296 2495.78 4151.84 1844.36 2109.42 3194.36 4738.98 423.302 347.893 301.435 2036.91 1562.9 1540.49 4304.96 634.886 3667.45
internal_count=296831 224960 71871 103069 121891 51030 34893 70861 36978 57733 45336 63422 22781 43935 42120 12112 42858 35929 27908 19178 41625 56796 20564 27688 12409 9290 12630 7095 24005 17428 26244 17620 30137 13969 41457 2584 1815 28925 14214 13534 1664 3568 15339 5184 1543 1415 500 4106 8946 5088 8616 15389 15476 915 704 1041 6548 5317 3412 26674 2219 15401
is_linear=0
shrinkage=0.05


Tree=12
num_leaves=63
num_cat=0
split_feature=28 48 38 62 62 30 28 10 1 18 10 48 1 1 1 62 20 1 43 53 54 48 62 43 7 43 40 54 1 40 38 50 50 26 1 62 40 43 37 33 12 62 30 13 1 43 43 43 1 40 30 61 32 28 48 42 1 26 25 50 30 0
split_gain=25305.4 6565.12 2896.87 1172.6 939.64 773.828 676.98 556.939 448.112 444.292 378.849 367.22 302.005 287.017 243.552 241.986 230.345 213.68 192.741 171.78 171.298 163.061 162.642 158.792 153.92 141.69 131.479 128.094 126.089 124.804 124.767 117.948 110.338 110.291 107.049 99.0692 98.8512 98.6971 98.6742 107.589 112.257 97.9103 94.8559 110.002 93.8413 93.4009 92.6128 90.2487 89.413 91.2346 87.4151 86.5602 85.8797 85.8008 85.1859 83.8316 83.2729 82.2014 80.3966 78.681 76.5167 76.0598
threshold=135528065.52262321 102159417.93688719 4991429223.2918406 16.50721602648677 7.3693740509322661 17.500000000000004 12374669.732862985 5.5000000000000009 6.0950000000000006 1437357.3595397372 2.5000000000000004 49525764906.738258 4.4350000000000014 4.6950000000000012 4.995000000000001 10.833570859575318 4.5000000000000009 4.9050000000000011 4.8750833333333352 0.055885104713425358 1.976478067387158 65168305571.740456 40.574746085484556 4.7501111111111127 21.325000000000006 5.4573214285714293 44.500000000000007 1.2764780673871579 6.6950000000000012 19.500000000000004 7391240.4076421726 268.777959470658 229.9424922571738 165.31666666666669 4.8050000000000006 15.097897114834085 6.5000000000000009 4.4600420168067236 60.548250038913132 4.4142857142857164 4.995000000000001 4.3507038659729664 39.500000000000007 4.7195222222222233 7.0550000000000006 5.0876524390243913 4.5368734335839616 4.7213059619201649 4.9050000000000011 68.500000000000014 9.5000000000000018 53.548285677900743 4.8750000000000009 22400860.189232778 22751352802.899826 5.3050000000000006 6.9050000000000011 74.316666666666677 0.92830374233554236 313.06870053564825 29.500000000000004 79.050000000000011
decision_type=2 2 2 2 2 2 2 2 2 2 2 2 2 2 2 2 2 2 2 2 2 2 2 2 2 2 2 2 2 2 2 2 2 2 2 2 2 2 2 2 2 2 2 2 2 2 2 2 2 2 2 2 2 2 2 2 2 2 2 2 2 2
left_child=1 4 5 6 8 10 14 21 9 17 15 13 35 22 19 57 26 32 51 41 25 37 31 33 44 47 34 36 30 -21 -14 38 -1 58 -8 -6 -16 59 39 -5 -41 -3 43 -39 -10 -38 -28 50 49 -12 -15 -17 -13 -18 -9 -30 -27 -2 60 -4 -7 -57
right_child=2 3 7 11 12 23 16 54 24 -11 48 52 28 20 27 18 53 -19 -20 29 -22 -23 -24 -25 -26 56 46 -29 55 -31 -32 -33 -34 -35 -36 -37 45 42 -40 40 -42 -43 -44 -45 -46 -47 -48 -49 -50 -51 -52 -53 -54 -55 -56 61 -58 -59 -60 -61 -62 -63
leaf_value=-0.02691333026551598 0.017468113640381498 -0.0296493993169566 0.00047394177202305732 0.011355705801568305 -0.017105155896036738 0.051910206199162513 0.0096986776306161333 0.072454737660686566 0.02043186769670547 0.0043501528647059279 0.048235727079785878 -0.0042446986166174315 -0.0011228841869135003 0.025358773408023557 0.0051083732093110358 0.03161546943106306 -0.0038552810005216321 -0.014827812399989588 0.049243868244570145 0.0010448739688627042 0.092983905881228443 0.07216295721649213 0.046100615434562092 0.078759790839051075 -0.024033270828118736 0.00050437264772301737 -0.0014530156507815289 0.056521308615519399 0.095623759027312516 0.023074762993387926 0.014251752689993669 0.009176808509484739 -0.04031719180637585 0.0030796576882287682 0.029425887725451266 0.00071959900121437096 0.019707612373930476 0.044471547517913448 0.032035918946085186 0.039193008205363464 0.021315295235772434 -0.0055722561589160169 0.073303496507195823 0.062852786304006883 0.071963590111337267 0.063223009660587082 0.055766484055220979 0.039931373110933546 0.066990090152930185 -0.059652041316491593 0.039829713416563509 0.0044682521835811475 0.060279645101143434 0.047626764121378139 0.082579661711702737 0.038657022805069281 0.085783733149951524 -0.030852459206782513 0.046526304665508611 0.07860977295170915 0.073653103676956391 -0.058314409017840164
leaf_weight=4471.8325714468956 1662.4621753096581 503.93485525250435 122.8037378937006 1977.449426651001 2159.1653060019016 654.92820474505424 1966.3112014979124 2495.4549171030521 426.52807560563087 1300.4961712956429 1956.9256065636873 53.97076104581356 2607.025797560811 2954.5413607805967 1293.2109449952841 2295.8548196256161 86.264541894197464 2670.6015839576721 1837.7775907665491 2411.2310082316399 126.68838754296303 4380.4903538972139 785.40643824636936 1257.744204685092 165.50725653767586 404.026735201478 86.897746279835701 193.59423844516277 58.072077348828316 876.63929986953735 2672.0200625807047 1436.7859646528959 2338.0855148136616 90.942731395363808 1057.546396613121 1219.9789561480284 818.51192535459995 1272.2930299788713 3040.8402840942144 1105.9174169898033 4261.9893224835396 2604.5474698841572 1057.1060315519571 2259.327006265521 111.42462685704231 145.18450322747231 379.77641205489635 5623.221251219511 797.38406842947006 19.793642401695251 1613.5234281718731 336.69796746969223 1158.5039456635714 1309.2250718921423 12401.136712759733 169.29026141762733 30.808472231030464 92.934880390763283 848.76224744319916 43.678218051791191 1058.7742312699556 22.964228644967079
leaf_count=28552 5309 2858 346 7000 11564 1355 7325 3849 1691 5699 4232 179 11572 8968 5295 6115 310 14430 4266 10105 228 6885 1886 1910 851 1431 312 491 104 3010 10533 4947 15886 280 3332 5354 2907 2800 8814 3027 13137 11724 1669 4013 247 407 860 14736 1476 72 4311 1064 2389 3084 16974 504 62 379 1847 73 1689 106
internal_value=0.0322413 0.011838 0.0646604 0.0240385 -0.0110796 0.0455581 0.0123365 0.0749228 -0.0205323 -0.0230552 0.0374886 0.0305782 0.00110645 0.0291857 0.00408636 0.0306408 0.0272745 -0.0268146 0.0368179 -0.00104855 0.035187 0.0652031 0.0240676 0.0641266 0.0181327 0.0344979 0.0204102 0.0174896 0.00830325 0.00691867 0.00665908 0.022604 -0.0315153 0.0571904 0.016598 -0.0106699 0.0141415 0.0587918 0.0244614 0.0213257 0.0249985 -0.00947555 0.0601638 0.0562308 0.0311055 0.0262634 0.0451118 0.0356906 0.0528567 0.0471554 0.0304702 0.0281434 0.0574075 0.0444443 0.0808835 0.0429766 0.00654649 0.0149099 0.0591108 0.0209737 0.0653436 0.0270741
internal_weight=95642.8 58699.5 36943.3 38306.5 20393 12911 13732.9 24032.3 11484.5 10781 8999.83 24573.7 8908.52 23361.2 8846.85 6225.73 4886.02 9480.52 4470.33 6396.35 10752.8 9135.7 12608.4 3911.15 703.46 10626.1 3490.53 2450.5 5529.37 3287.87 5279.05 11823 6809.92 2653.41 3023.86 3379.14 2256.91 4755.21 10386.2 7345.36 5367.91 3108.48 4588.73 3531.62 537.953 963.696 466.674 10191.3 2774.1 1976.72 4568.06 2632.55 1212.47 1395.49 14896.6 250.327 434.835 1755.4 2562.46 166.482 1713.7 192.254
internal_count=296831 230228 66603 123135 107093 29994 52020 36609 67356 64567 22913 71115 39737 68547 36797 17133 15223 58868 11445 27697 29736 15786 38811 7081 2789 29508 11829 9100 22819 13115 22105 36925 44438 5171 10657 16918 8609 8901 31978 23164 16164 14582 8482 6813 1938 3314 1172 28015 5780 4304 13279 7179 2568 3394 20823 714 1493 5688 4891 419 3044 610
is_linear=0
shrinkage=0.05


Tree=13
num_leaves=63
num_cat=0
split_feature=20 48 38 18 48 1 1 40 1 43 40 10 43 43 1 31 1 43 48 45 1 20 43 1 40 18 37 42 1 9 9 9 40 31 40 46 31 33 50 47 51 48 47 43 50 1 47 9 40 43 6 50 45 47 26 46 33 47 43 25 46 35
split_gain=23228.5 6860.55 1817.73 1063.25 1010.1 614.974 568.518 500.099 477.274 440.72 432.187 411.271 314.455 307.539 284.387 259.117 190.944 190.919 186.54 169.896 163.831 163.295 152.648 144.299 142.673 140.594 134.518 132.35 128.588 126.223 121.197 108.812 106.639 104.985 104.636 102.736 99.3727 187.994 98.1368 96.0947 93.066 88.0093 86.052 82.6852 79.1389 79.0512 78.7582 77.9554 77.8123 95.9044 77.3973 77.254 76.9791 78.3174 74.9389 74.4634 73.1497 70.448 68.4135 78.9466 67.785 67.7028
threshold=4.5000000000000009 146832115.69885862 4991429223.2918406 718553651.35045838 27740389.494676415 4.6950000000000012 6.495000000000001 6.5000000000000009 5.1950000000000012 4.4923419649657292 8.5000000000000018 5.5000000000000009 4.8561828874976296 4.692823076577791 4.9050000000000011 0.88333333333333341 6.1950000000000012 4.4889649923896515 6802800.715789956 1.4476482730108382 4.4350000000000014 9.5000000000000018 4.725027472527473 6.9050000000000011 35.500000000000007 31623276601.683796 2.5004912590213855 5.1050000000000013 6.2650000000000006 256872.00000000003 15092809.000000002 40056753.000000007 21.500000000000004 0.18333333333333332 19.500000000000004 30.259761904761909 1.3500000000000003 4.9668217054263577 207.4341324427983 1.0253942301229526 2.8232059773983145 33261411691.198238 11.963142630952953 4.9098361713106309 393.88566249663955 5.6050000000000013 54.140385527974622 271184.00000000006 4.5000000000000009 4.7856282271944925 8.2250000000000032 535.17466620435641 1.2063735608423667 20.000281246045034 75.216666666666683 28.675809822361554 4.3504545454545465 26.983093938437808 4.7545923149015943 0.99456751580897407 34.484006534006546 0.81950580568463982
decision_type=2 2 2 2 2 2 2 2 2 2 2 2 2 2 2 2 2 2 2 2 2 2 2 2 2 2 2 2 2 2 2 2 2 2 2 2 2 2 2 2 2 2 2 2 2 2 2 2 2 2 2 2 2 2 2 2 2 2 2 2 2 2
left_child=1 4 9 5 6 10 14 23 20 19 48 17 16 24 18 22 32 56 44 21 51 -2 50 29 35 42 27 -21 -10 -7 -16 -8 57 45 43 -12 37 -19 46 -31 -23 -13 -5 -15 -1 -14 -37 -22 -3 -50 -11 60 -26 -54 -44 -49 -4 -9 59 -17 -6 -52
right_child=2 3 11 25 8 7 31 12 28 15 13 41 33 34 30 58 -18 36 -20 26 47 40 -24 -25 52 -27 -28 -29 -30 39 -32 -33 -34 -35 -36 38 -38 -39 -40 -41 -42 -43 54 -45 -46 -47 -48 55 49 -51 61 -53 53 -55 -56 -57 -58 -59 -60 -61 -62 -63
leaf_value=-0.030487821201950361 0.025750393677090297 -0.012599968020232539 -0.04356771972215278 0.036611425587750081 -0.018458489004551965 0.026543543788103287 0.046505997031483053 0.012146730582408574 0.021552215687758256 -0.053494833738919313 -0.0087409388161787151 0.070819139470288409 0.035433606921637543 0.0191401416794281 -0.0014619638843460529 0.068083578224281086 0.066559131942056315 0.046639105246189388 -0.018587650898766832 0.088059448509817534 0.012409944247829131 0.020601716655769042 0.056890696193350292 0.071128984127182077 0.028003741114651731 0.071430240694462674 -0.0079531166512362104 -0.035922205842740793 0.066495965989436412 -0.005785108971367605 -0.019381315780976686 0.0049387416341006773 0.033833868766742457 0.053147380052578644 0.039939074753186934 0.01098299502639538 0.071012832213574281 0.071445769027833894 0.0015689506855511536 0.013741053296879333 0.060929572616313911 0.080018230242833333 0.061574515780570376 0.038391515379578828 -0.046681003415294825 0.059376329715988899 0.022819261139214033 -0.020901157047296684 -0.0069212168960357551 0.014874841003606044 0.032247337893231885 -0.038512299379189492 -0.036578338613864912 0.015868920338698422 0.023873244944869167 0.0019831426279939509 0.038125336797994375 0.025890580639961847 0.079048604430968755 0.04437905314202905 -0.0041700653478925192 0.04767835770688264
leaf_weight=2992.899764046073 1353.2949447631836 940.88675437867641 29.129096999764442 995.80787713825703 1121.2092758715153 1263.2296858876944 338.36167880892754 1240.1733508706093 1541.2752813994884 22.003400415182114 563.27425812184811 3375.1378208845854 2730.2178253531456 1952.3449850231409 1892.321301817894 1262.5963499844074 319.33615027368069 1549.7455028295517 3357.4014827460051 79.52436937391758 1706.2711482197046 177.52075217664242 2450.1586622446775 110.83795677125454 2568.054294064641 847.48800654709339 411.97420397400856 29.513926386833191 177.47343076765537 916.55102226138115 1882.0881254225969 294.44636742770672 3527.8624238818884 1991.111876308918 1890.7325168848038 3086.549182459712 3747.9868457466364 1505.8502555936575 1395.170985892415 2016.060883641243 736.98091045022011 11321.666651248932 1008.6225624084473 780.8271204829216 1008.8393481969833 394.57058247923851 2580.3525383323431 400.33444115519524 938.916792973876 1091.2657893300056 1306.9679929018021 216.13767622411251 88.30902162194252 366.94574624300003 151.61961586773396 3172.2524816989899 462.15642642974854 3756.7383566051722 812.29035609960556 486.62028689682484 3196.4070142805576 1558.3499962091446
leaf_count=19776 3956 4312 110 2315 5920 3798 911 4204 5753 86 2382 5183 7433 6110 9372 2097 677 3135 19490 183 6763 461 4796 238 7484 1312 1663 116 419 3814 10172 1097 9647 4432 4767 10716 5890 2400 5179 7165 1429 15676 1920 2094 7396 884 8083 2209 3906 3840 3185 1246 398 1300 375 13826 1024 11164 1178 1043 15245 3676
internal_value=0.030679 0.0128914 0.0648676 0.02558 -0.00862884 0.0232275 -0.0189354 0.0297126 0.00188776 0.0479522 0.0167342 0.0730884 0.0343077 0.0201285 -0.0215556 0.0539852 0.0286003 0.0633831 -0.0272786 0.0308645 -0.00236947 0.0367798 0.0477116 0.0148176 0.0154531 0.0541759 0.00511732 0.0545007 0.026193 0.0133301 -0.0103973 0.0271647 0.0271784 0.0441744 0.0308958 0.0118089 0.0655567 0.0588643 0.0134479 0.0076384 0.0531012 0.0779056 0.0473936 0.02464 -0.0345701 0.0384569 0.0163725 0.00361789 -0.000713947 0.00479462 0.0399224 -0.00934083 0.0246445 0.00569535 0.0566477 -0.00058121 0.0332816 0.0224795 0.0670575 0.0614891 -0.00788052 0.0406398
internal_weight=95491 62811.6 32679.5 39513.9 23297.7 36510.3 11766.4 18266.7 11531.4 10687.8 18243.6 21991.7 13960 15272.6 11133.6 7898.99 8844.11 7294.87 7359.14 2788.81 9812.61 2267.8 5337.48 4306.68 10648.7 3003.54 521.012 109.038 1718.75 4195.84 3774.41 632.808 8524.77 5115.9 4623.9 7625.35 6803.58 3055.6 7062.07 2932.61 914.502 14696.8 2156.05 2733.17 4001.74 3124.79 5666.9 5278.86 2971.07 2030.18 2887.32 4533.75 3023.31 455.255 1160.24 3572.59 491.286 4996.91 2561.51 1749.22 4317.62 2865.32
internal_count=296831 239544 57287 119949 119595 114027 68214 53456 51381 23869 60571 33418 38441 48513 66206 16061 25692 12559 46662 7808 45209 5846 11743 15015 35542 5922 1962 299 6172 14777 19544 2008 25015 12749 12971 26360 11425 5535 23978 10979 1890 20859 4610 8204 27172 8317 18799 22798 12058 7746 6947 22411 9182 1698 2295 16035 1134 15368 4318 3140 21165 6861
is_linear=0
shrinkage=0.05


Tree=14
num_leaves=63
num_cat=0
split_feature=20 48 38 12 62 62 33 10 10 1 1 1 28 48 54 30 33 41 41 32 62 9 54 41 45 47 54 9 41 62 1 41 9 1 33 53 62 47 45 35 48 30 24 45 44 1 54 1 9 62 14 45 16 52 30 23 23 17 16 5 54 48
split_gain=21329 6164.75 1776.31 1033.76 1195.69 933.735 458.077 416.496 403.039 394.683 344.414 302.947 268.454 263.476 200.485 195.06 173.079 177.527 162.781 161.737 151.38 145.751 143.656 142.679 139.357 130.771 127.692 122.999 121.922 121.299 115.346 109.996 102.562 110.065 100.977 100.081 96.6493 92.3491 91.5727 90.5671 88.5938 87.6082 85.7135 82.1499 81.2753 79.8555 78.9768 77.3927 77.174 76.8838 76.1799 73.0325 88.4857 76.9097 71.8543 91.422 70.534 70.065 69.0962 67.3931 79.2275 64.8481
threshold=4.5000000000000009 117127079.70090716 4991429223.2918406 5.7550000000000008 13.95225722536158 6.3237503422867247 4.6500542299349252 5.5000000000000009 6.5000000000000009 4.9050000000000011 4.5550000000000006 4.7750000000000012 2433623.2301538913 677609160.74117589 2.4743801652892565 1.5000000000000002 4.729178709055879 1.3500000000000003 0.46111111111111114 6.535000000000001 24.708542854297878 1157541.0000000002 1.3861983471074379 0.5277777777777779 0.66248310798801147 54.140385527974622 0.93333333333333413 309013.00000000006 0.29444444444444445 13.206682059196934 6.9450000000000012 0.049999999999999954 12842270.000000002 5.0850000000000009 5.0335144927536248 -0.064532066485259137 31.636936471583983 12.865644252351197 1.3511383881434533 1.2276795286785338 63132282318.027382 19.500000000000004 0.40193319674403633 0.96509884867389351 0.21602468994692858 4.8950000000000005 1.4361415289256201 4.6950000000000012 57451204.000000007 0.64101279530009225 1.0000000180025095e-35 0.64311900630272489 7.0008333333333352 12.834586246501459 37.500000000000007 5.0668079096045213 4.325454545454547 0.047569623414906261 22.510000000000002 0.96500000000000008 1.1861983471074382 49525764906.738258
decision_type=2 2 2 2 2 2 2 2 2 2 2 2 2 2 2 2 2 2 2 2 2 2 2 2 2 2 2 2 2 2 2 2 2 2 2 2 2 2 2 2 2 2 2 2 2 2 2 2 2 2 2 2 2 2 2 2 2 2 2 2 2 2
left_child=1 5 8 4 11 9 23 16 13 12 29 18 49 47 21 22 17 39 31 37 27 -11 -13 25 41 26 36 -8 34 -7 32 -3 33 -12 -17 -20 -6 -5 42 -4 51 -15 -10 -25 -40 -26 61 -2 -32 -1 -33 -9 53 -53 55 -18 -31 -44 -14 -23 -61 -22
right_child=2 3 7 19 6 10 20 40 38 14 30 15 58 24 -16 28 54 -19 35 -21 46 59 -24 43 45 -27 -28 -29 -30 56 48 50 -34 -35 -36 -37 -38 -39 44 -41 -42 -43 57 -45 -46 -47 -48 -49 -50 -51 -52 52 -54 -55 -56 -57 -58 -59 -60 60 -62 -63
leaf_value=-0.046797637815224141 0.019175230732547486 -0.017149178578611177 0.041894203937975216 0.027163592044061571 0.0089503508736191572 -0.01617311543365936 0.034479288606686205 0.075640604819277146 0.072494000090343666 0.012752354736343062 0.0040139424653789172 -0.0010275063474125211 0.0063729428295610322 0.04578963661413659 0.054675514409262875 0.011982130416007054 0.049357738425073905 0.065083199924050525 -0.042388217347261697 0.061151009648060452 0.035905684367092051 -0.019787870723794579 0.070703742483977747 0.041857505366959896 0.03641728231680065 0.02370745229920795 0.044061706446930721 0.02072758683397077 0.047489478618802504 -0.01519346401307497 0.064839268896309712 -0.0013700141491253515 -0.0097164982140585388 0.019438918106129906 0.032450855860918164 0.029917929253416898 0.026453700814276698 0.049520520738018374 0.059478536492360949 -0.04751454281097689 0.077889174028751423 0.066661430835661076 0.031488006106892848 0.017972916636073328 -0.021455876549104372 0.054367979549177659 0.077483302155495024 0.038981837152452486 -0.0081038300098176287 -0.030191441658905655 0.022813913620357409 0.056691914182189065 0.064068486207354752 -0.091392728238084225 0.073799753512043667 0.069607482314843233 0.0052754845332711733 0.061494950317798995 -0.016716133276196334 -0.011365224764451509 0.024595612561199486 0.056601811712350229
leaf_weight=821.24774764478207 1536.1664943248034 1094.4324823617935 1611.8149511814117 838.65921351313591 5188.9277324825525 2826.4776190072298 3102.0998017042875 2264.2034582495689 1466.6869238466024 613.61796146631241 3033.7971499860287 1490.3805007338524 520.6371436715126 999.45316731929779 127.80994708836079 1582.0835164934397 980.23492506146431 1295.6242101490498 52.191968113183975 1597.085317492485 6946.3962489068508 1786.1669965088367 73.228202655911446 1077.714741140604 3066.3610435575247 5518.7749856412411 318.94292460381985 3417.2721798121929 469.89955182373524 579.94851191341877 144.53231526911259 4203.2607636153698 771.67306853830814 1868.9141565412283 973.16421879827976 576.12935535609722 930.02835954725742 1028.1829247623682 64.961489304900169 28.830366373062134 10049.92892447114 1011.6828071475029 265.54845625162125 540.59013997018337 59.367508545517921 776.43732511997223 122.68640139698982 726.41808034479618 48.405581012368202 4607.1085787117481 352.97753404080868 17.862436920404434 2102.4236413091421 17.22130960226059 2039.7053508013487 1292.0844427496195 1534.3492035865784 727.44400428235531 858.04484124481678 622.08889774978161 203.19140437245369 400.30566141009331
leaf_count=6101 4816 5361 3354 2181 17781 15545 8156 3267 2310 2635 13032 6379 2311 2111 313 5586 1881 2121 247 2734 17589 9846 155 2656 7342 16508 824 10300 1192 2814 307 17732 3592 7105 2873 1669 2633 2199 145 112 14102 1680 574 1746 208 1569 218 1859 187 31427 1078 32 3389 69 3042 2049 6503 1255 4930 3416 883 800
internal_value=0.029217 0.0122319 0.0621715 0.023309 0.020951 -0.00990072 0.0264888 0.0703926 0.0454998 -0.0207833 0.00032923 0.00690558 -0.0276997 0.0400246 -0.00674163 0.0166708 0.0606115 0.0512484 -0.00023094 0.04947 0.0328385 -0.00917561 0.00233187 0.0199456 0.0456252 0.0180598 0.0132184 0.027271 0.0240821 -0.0093973 0.00851978 -0.00291547 0.00722707 0.00989395 0.0197776 0.0239118 0.0116107 0.0394769 0.0626978 0.0403231 0.0752983 0.056289 0.064814 0.0338789 0.0208321 0.0400442 0.0376978 0.0255343 0.0465388 -0.0327038 0.000503545 0.0693829 0.0627543 -0.0159973 0.0669872 0.0608721 -0.000339116 0.0534704 -0.00799691 -0.0143281 -0.00251134 0.0370334
internal_weight=95263.9 62863.4 32400.5 41895.4 38431.5 20968 27563.7 21699.9 10700.5 10159.9 10808.1 10867.7 6807.04 8116.52 3352.88 4588.76 7248.29 2936.27 6278.99 3463.93 13988.8 3225.07 1563.61 13575 5853.93 11956.7 6437.9 6519.37 3025.15 4940.78 5867.32 5650.67 5674.38 4902.71 2555.25 628.321 6118.96 1866.84 2584.01 1640.65 14451.6 2011.14 2459.68 1618.3 124.329 3842.8 7469.39 2262.58 192.938 5428.36 4556.24 4401.71 2137.51 35.0837 4312.02 2272.32 2114.3 992.992 1378.68 2611.45 825.28 7346.7
internal_count=296831 239544 57287 128597 121483 110947 79211 33418 23869 61862 49085 42272 44769 19377 17093 16185 12559 5587 26087 7114 37063 16780 6534 42148 12702 37746 21238 18456 9651 24862 24223 24171 23729 20137 8459 1916 20414 4380 4492 3466 20859 3791 4139 4402 353 8911 18607 6675 494 37528 18810 6757 3490 101 6972 3930 9317 1829 7241 14145 4299 18389
is_linear=0
shrinkage=0.05


Tree=15
num_leaves=63
num_cat=0
split_feature=20 48 20 18 62 62 43 43 1 24 1 35 43 28 62 1 54 10 18 26 1 9 30 18 62 54 1 53 43 30 62 18 40 50 40 3 28 40 9 48 1 1 50 1 50 40 43 62 62 62 40 0 59 0 9 43 43 45 27 43 18 47
split_gain=19635.8 5538.43 1749.44 945.913 1022.19 860.649 744.91 430.982 369.777 323.868 316.153 300.951 259.325 254.171 221.359 198.441 179.57 163.818 162.525 135.878 135.21 134.622 117.794 115.268 113.38 111.573 110.87 109.638 107.407 111.623 115.213 99.0812 98.976 97.2657 102.395 92.8851 121.062 89.6995 89.3937 88.8435 93.6108 88.7445 82.6974 82.6969 81.9807 79.3167 82.0255 78.9509 77.2077 81.1807 77.1906 76.4447 74.5275 72.1945 68.8843 68.6619 77.8651 67.77 66.8532 114.808 72.1423 70.2166
threshold=4.5000000000000009 117127079.70090716 14.500000000000002 1015884274.1461791 13.95225722536158 6.3237503422867247 4.6786880122950825 4.578585325180657 4.9050000000000011 1.0000000180025095e-35 4.4350000000000014 0.9500191791633622 4.4636602870813409 2433623.2301538913 25.463210400537704 5.0050000000000008 2.4743801652892565 6.5000000000000009 1132370764.4532464 34.644387170675834 4.705000000000001 2444742.0000000005 24.500000000000004 31623276601.683796 15.434315177615694 2.1672619047619057 6.5850000000000009 0.055885104713425358 4.6375216262975796 72.500000000000014 22.899159219337339 1081907557.2760799 60.500000000000007 225.90149813208021 44.500000000000007 119.05000000000001 1574170588.0688734 19.500000000000004 12015.500000000002 11218445.981906753 4.995000000000001 4.6950000000000012 229.9424922571738 6.8750000000000009 174.61595239280936 3.5000000000000004 5.0769672855879762 4.1961334046949306 10.606261357695852 2.3958421498095643 84.500000000000014 78.050000000000011 0.85260769842926931 48.150000000000013 8150.0000000000009 4.7213059619201649 5.5629166666666672 1.7371779276130168 1.2106313607869836 4.3571841453344353 81753272.656293467 22.636094546674421
decision_type=2 2 2 2 2 2 2 2 2 2 2 2 2 2 2 2 2 2 2 2 2 2 2 2 2 2 2 2 2 2 2 2 2 2 2 2 2 2 2 2 2 2 2 2 2 2 2 2 2 2 2 2 2 2 2 2 2 2 2 2 2 2
left_child=1 5 6 4 9 8 12 33 13 15 24 17 52 42 19 27 21 28 22 -9 -11 -10 41 54 -7 39 45 38 29 30 -4 48 43 34 57 58 -37 -29 -3 -12 -41 -8 -1 55 -21 -17 -47 -40 49 -14 -50 -27 -2 -42 -5 -16 -57 -6 -13 61 -61 -60
right_child=2 3 11 23 7 10 18 14 16 20 25 35 31 -15 32 26 -18 -19 -20 44 -22 -23 -24 -25 -26 51 -28 37 -30 -31 -32 -33 -34 -35 -36 36 -38 -39 47 40 53 -43 -44 -45 -46 46 -48 -49 50 -51 -52 -53 -54 -55 -56 56 -58 -59 59 60 -62 -63
leaf_value=-0.027244217343307175 0.023437269143904635 0.020316602622562421 0.022814350074140927 0.051117554921629907 0.016640765148015688 -0.016600406574405344 0.034163459875424539 0.034452610793478264 0.0082987475349003935 0.01221403088482418 -0.0049170209203685377 0.067022529056315297 0.046389524487576377 -0.0076381518613258693 0.026884769306236712 -0.00077483676366396376 0.051330395662079614 0.074244281259275402 0.066519723976525544 0.023213911279925024 0.032341956361551412 -0.014919258148048762 0.062708320485631616 0.066208521502007428 0.0011979527988566095 0.048167874461388059 0.057476505534084989 -0.0014590313332107719 0.068430358040039385 0.064656863662751141 0.067085123054675996 0.056998003025964909 0.058916669428383729 0.0052608270887460435 0.031698252012790439 -0.02866377835570473 0.048322104397616306 0.019192366332381323 -0.029761559089087272 0.0036489638345814871 0.026191938204615569 0.0521827037492298 -0.040363152395349509 0.085911685663108375 0.0093672272058931208 0.011399250762778061 0.040050292010751158 -0.0084199413909261094 0.036006254094479745 0.014082027156998146 0.054659961418913897 -0.035516858722420649 -0.00024742713656643182 0.0059181167735072298 0.031167422048267415 0.037637141063546958 0.012104877925986177 -0.021560515723957938 -0.072421935698093062 0.028677283754341282 0.067728150636927428 0.040659165060912834
leaf_weight=3473.4848534613848 1448.4948347359896 215.95642480254173 454.54563745856285 1181.3583601266146 5802.8309548646212 2714.8687516748905 1114.7978236973286 2413.6207679957151 849.19146093726158 2169.8654394447803 1526.6016808748245 395.09884014725685 282.33299148082733 1371.7706325799227 2815.5630693435669 794.53212283551693 129.29199482500553 12674.051716968417 2796.0578604489565 6113.7546908855438 1355.6156617105007 2357.5957296043634 1443.4680050909519 830.27813568711281 1334.6666176021099 237.2869938313961 140.4862864613533 2205.8547883033752 3266.4103062599897 814.98785760998726 217.18262888491154 728.41048716008663 409.61753363907337 1686.3383297920227 1236.0727485716343 91.252872794866562 115.95162315666676 690.3797712624073 559.14119037985802 3138.2380336374044 1074.8172249048948 1765.3116954118013 1836.3154052570462 75.451159596443176 1295.4602233469486 885.54312421381474 347.97052508592606 1926.3106084465981 2126.8322510421276 624.58903722465038 750.22033426165581 30.83577162027359 430.95841810107231 742.42084068059921 682.7406865209341 5796.0753637254238 314.82958483695984 118.46733739972115 34.239473894238472 239.77845315635204 233.38169169425964 22.915277168154716
leaf_count=23858 4299 798 1048 2350 18417 15111 2528 6315 3758 7428 7297 670 642 7241 7593 3245 313 18429 4423 17733 3708 13022 2414 1312 5813 601 321 9303 5084 1310 364 1290 794 5867 3450 315 223 2352 3132 13452 3837 3448 13670 122 4175 3180 1043 8863 5128 1673 1428 126 1463 2848 1552 14080 955 509 144 540 368 56
internal_value=0.0278507 0.0116126 0.0596886 0.0220516 0.0200901 -0.00948072 0.0460019 0.0251993 -0.0200366 0.00738552 0.000310714 0.0696524 0.0336115 -0.0268245 0.0293997 0.00168019 -0.00644162 0.0712756 0.0571258 0.0241493 0.0199536 -0.00877088 0.0510507 0.0507126 -0.0107343 0.00693678 0.0145213 -0.00329446 0.0633596 0.0522187 0.0371279 0.0401112 0.0348795 0.0160636 0.0186089 0.0446776 0.0144175 0.00346367 -0.01054 0.00562941 0.00887838 0.045208 -0.0317812 0.0337857 0.0207929 0.0115457 0.0194816 -0.0132211 0.0368605 0.0241396 0.0408704 0.0385436 0.0180064 0.0179092 0.0438107 0.0333452 0.0363217 0.0158765 0.0514529 0.0398532 0.0479387 -0.0270839
internal_weight=94952.8 62881.5 32071.3 42064.1 39369.7 20817.4 13511.5 28078.1 10017.7 11291.7 10799.7 18559.8 6391.84 6681.57 19234.4 7766.17 3336.08 17427.2 7119.64 9822.84 3525.48 3206.79 4323.58 2694.38 4049.54 6750.2 2168.53 5597.64 4753.13 1486.72 671.728 4512.39 9411.54 8843.71 7157.37 1132.62 207.204 2896.23 2701.41 6482.08 4955.48 2880.11 5309.8 9001.92 7409.21 2028.05 1233.51 2485.45 3783.97 906.922 2877.05 268.123 1879.45 1817.24 1864.1 8926.47 6110.9 5921.3 925.414 530.315 473.16 57.1548
internal_count=296831 239544 57287 128597 123383 110947 28736 80010 61862 43373 49085 28551 15923 44769 51767 32237 17093 26235 12813 28223 11136 16780 8390 5214 20924 28161 7789 24448 7806 2722 1412 10161 23544 28243 22376 2316 538 11655 12793 27434 20137 5976 37528 22750 21908 7468 4223 11995 8871 2315 6556 727 5762 6685 3902 22628 15035 18926 1778 1108 908 200
is_linear=0
shrinkage=0.05


Tree=16
num_leaves=63
num_cat=0
split_feature=28 48 20 28 62 62 48 40 45 16 1 9 43 1 18 56 1 62 54 43 9 61 1 45 47 11 20 43 62 40 62 62 43 40 46 30 50 45 30 43 43 48 61 30 47 9 54 43 1 61 50 55 1 48 20 1 53 43 9 43 54 61
split_gain=18169.1 4833.03 1905.09 982.498 792.725 628.365 609.831 413.05 308.193 302.139 350.857 275.768 259.437 251.604 236.117 228.438 178.695 169.316 163.809 145.092 139.977 134.948 122.986 122.797 119.064 113.319 104.629 209.881 101.874 112.324 98.2118 96.4318 95.9916 95.8005 94.8964 90.2929 88.5605 87.9404 109.793 85.9162 83.2582 82.7893 78.3623 75.5016 75.0039 73.736 72.4571 73.6199 69.4887 69.4632 68.9672 68.4118 67.1936 66.2947 65.604 71.5213 64.471 64.468 63.1111 62.3797 61.729 59.1267
threshold=273582827.60821819 89127170.092246622 12.500000000000002 14745244.425149115 13.315790620099078 6.3237503422867247 13239306167.906496 52.500000000000007 0.88523940143949231 24.510000000000002 4.9050000000000011 38405.500000000007 4.578585325180657 4.4850000000000012 24886821.341418948 1.0000000180025095e-35 6.495000000000001 24.708542854297878 0.82615521505700695 4.4889649923896515 13935.500000000002 8.6419944941559361 4.6550000000000011 0.93901509600703126 1.0000000180025095e-35 5.5000000000000009 69.500000000000014 4.7213059619201649 10.833570859575318 24.500000000000004 21.789888850165543 15.097897114834085 4.6200467289719649 19.500000000000004 320.25476190476201 2.5000000000000004 560.78595961157146 0.7101670773260722 104.50000000000001 4.5916882556131275 4.7333839918946312 210656991.03616938 89.547584603419509 5.5000000000000009 1.0000000180025095e-35 970602.50000000012 0.65000000000000002 5.5629166666666672 4.4850000000000012 48.594179339598675 486.54259682889079 23.190061823875645 7.0950000000000006 484076989611.0094 5.5000000000000009 5.705000000000001 0.066469805254693662 4.36224318658281 212866.50000000003 4.9002551020408189 1.976478067387158 31.02711614075492
decision_type=2 2 2 2 2 2 2 2 2 2 2 2 2 2 2 2 2 2 2 2 2 2 2 2 2 2 2 2 2 2 2 2 2 2 2 2 2 2 2 2 2 2 2 2 2 2 2 2 2 2 2 2 2 2 2 2 2 2 2 2 2 2
left_child=1 5 6 4 18 9 11 15 53 35 36 24 30 31 37 22 42 -14 23 -8 -21 60 41 33 -2 40 27 44 29 -13 48 51 -26 59 -22 -1 -11 -4 56 -30 -17 -5 45 61 -16 -12 47 -19 -6 -18 -10 -7 -23 -9 55 -24 -39 -43 -59 -3 -15 -42
right_child=2 3 14 7 12 13 19 8 50 10 16 28 17 21 26 25 49 46 -20 20 34 52 54 -25 32 -27 -28 -29 39 -31 -32 -33 -34 -35 -36 -37 -38 38 -40 -41 43 57 -44 -45 -46 -47 -48 -49 -50 -51 -52 -53 -54 -55 -56 -57 -58 58 -60 -61 -62 -63
leaf_value=-0.0026337245543297163 0.020989802975424691 -0.0044990999640881733 0.061887840754537418 0.0099628774357652817 -0.0044521100322533983 -0.02793733480117332 -0.0205971019867165 0.045984043030358877 0.019153247481982213 -0.026272446597396665 0.013257781970370886 -4.4920118135185686e-05 0.017885952368535869 0.015684167885126703 0.020259044973722256 0.0063682924945533438 0.038548722019390247 0.029943674763761252 0.031140036731276695 0.064216794976158439 0.048447247699939966 -8.4939148439929993e-05 0.029732359811125195 -0.0086220846495051549 0.030212444534883271 0.057865488492372254 0.074889748326121525 0.07228214607090426 0.0088268182869538307 0.063964386850671837 0.015723625699764762 0.0012390121226841849 0.048248776558208521 0.020174266260526388 -0.046076260149327378 0.032046510378553932 -0.042578492046657951 0.039778837676472743 0.069078255863036675 0.032756188720362574 0.023218118572380209 -0.0094915680882913592 -0.037222303989996611 0.036307965498474114 0.058467395869595123 -0.0128891902184292 0.049167862464731996 0.00038771890962582128 0.013160547015987543 -0.013706892125008857 -0.071069528717566208 -0.010394502803385754 0.039645293826871729 0.063385848281874033 0.049230938115613493 0.051167932519036265 0.0029900493904936997 0.030283148295431439 0.017517379342081699 0.015911554771443043 0.055554398131187899 -0.0033110109480669206
leaf_weight=513.70945413410664 624.39933626353741 1792.5181244462729 1300.0388892740011 1018.6297229975462 1328.4954166412354 916.64144583046436 60.464977040886879 2479.0461467802525 903.40132434666157 4771.2776036784053 309.2097719758749 684.22878809273243 5633.1809597015381 1396.3981380909681 133.42927047610283 2263.9341235607862 260.14617289602757 4469.1920245289803 382.12113440036774 2981.6036610007286 2002.8755205273628 4042.0274687111378 4964.2310287803411 3704.0947747528553 941.82272753119469 141.88562880456448 6466.903942540288 6146.7345824688673 478.62481561303139 76.166275888681412 4409.2994716763496 1003.6587153971195 3403.637701690197 770.35981696844101 26.90952755510807 295.73110654950142 1008.7340565174818 652.55752947926521 287.99185970425606 1734.2934525758028 528.76453985273838 127.11013482511044 285.96457567811012 550.18845003843307 3436.4232562184334 2106.7529519945383 468.72067990899086 221.11445692181587 968.13296826183796 84.173012033104897 21.689722970128059 1411.5028384029865 109.29817774891853 702.37060278654099 571.37917824089527 422.23811373114586 145.67472741007805 3350.1253695785999 1361.6934831887484 473.15449094772339 104.3339699357748 348.42381589114666
leaf_count=2454 1641 7853 2155 3623 5241 5392 176 5129 2571 33068 1366 2219 17464 5659 305 7537 716 11656 1194 4796 3804 17743 13382 17758 2246 276 9357 9110 1388 139 14065 4452 6835 2578 89 1031 7828 1384 444 4156 1652 471 1730 1340 5793 11859 1030 745 3327 327 90 7880 280 1194 1214 942 376 8962 4032 1795 266 1246
internal_value=0.0265671 0.0110496 0.0575164 0.0200205 0.0133562 -0.0103307 0.0428485 0.0283261 0.0424396 -0.0191998 -0.0218811 0.0342 0.0190802 -0.000818073 0.0677968 0.0246225 -0.00814925 0.0238793 -0.000706575 0.0563931 0.057322 0.00560635 0.0280634 -0.00251207 0.041406 0.0140163 0.0699618 0.066682 0.0221553 0.00636668 0.0113566 -0.0117164 0.0443396 0.00494242 0.0471941 0.0100368 -0.0291182 0.0531141 0.0426132 0.0275806 0.0123308 0.0229187 -0.0124723 0.0217879 0.0570393 -0.00954274 0.0304235 0.0285503 0.00297242 0.0257742 0.0170379 -0.0173015 0.000961098 0.0498259 0.0331215 0.0314127 0.033065 0.025646 0.0265939 -0.000236616 0.018456 0.0126806
internal_weight=94579.8 62995.1 31584.8 44375.5 24620.4 18619.6 13015 19755.1 4106.51 9635.7 8826.26 7943.17 17498.1 8983.86 18569.8 15648.6 3046.25 10792.2 7122.25 5071.85 5011.39 5652.06 11815.4 6740.13 4969.86 3833.2 16183.5 9716.59 2973.31 760.395 6705.93 3331.8 4345.46 3036.03 2029.79 809.441 5780.01 2386.26 1086.22 2212.92 3691.31 5857.56 2701.93 1427.38 3569.85 2415.96 5159.03 4690.31 2296.63 344.319 925.091 2328.14 4151.33 3181.42 5957.85 5386.47 798.232 4838.93 4711.82 2265.67 1500.73 877.188
internal_count=296831 240418 56413 138367 84706 102051 27489 53661 8984 60379 56894 18624 53528 41672 28924 44677 15998 30895 31178 8865 8689 23948 32626 29984 10722 12051 24565 15208 7902 2358 22633 17724 9081 12226 3893 3485 40896 4359 2204 5544 11775 17088 14955 4238 6098 13225 13431 12401 8568 1043 2661 13272 18023 6323 15538 14324 1760 13465 12994 9648 5925 2898
is_linear=0
shrinkage=0.05


Tree=17
num_leaves=63
num_cat=0
split_feature=29 48 10 29 62 48 62 40 48 54 9 43 48 43 43 30 62 54 61 52 10 7 62 26 10 45 13 62 10 43 40 30 43 54 9 62 50 40 62 54 10 43 54 43 30 46 30 50 62 43 22 44 38 9 43 61 58 54 43 51 43 40
split_gain=16811.4 4353.42 1861.98 885.429 707.213 641.592 559.362 387.145 339.267 322.915 275.548 240.372 187.769 186.139 178.268 154.167 152.937 151.877 147.052 133.246 117.943 117.786 116.238 110.005 108.419 107.123 105.915 105.54 94.811 97.0784 126.765 93.9172 139.801 93.742 92.8874 92.5641 89.5941 80.8125 71.7278 69.4632 68.8654 66.6305 65.4327 65.9897 64.2063 64.0226 81.2017 63.4798 62.7851 62.7403 62.5057 98.4675 59.0451 58.6301 58.378 58.3297 58.0925 57.9136 57.7516 57.593 57.123 56.6753
threshold=3.4442037390648928e+17 84872516.669353202 3.5000000000000004 18563162909936524 13.315790620099078 5152010260.7568645 7.3693740509322661 74.500000000000014 22751352802.899826 1.5000000000000007 92967.500000000015 4.578585325180657 260538373.55868104 4.4889649923896515 4.2601136363636369 39.500000000000007 24.708542854297878 0.82615521505700695 59.585640920802327 12.287327441333522 3.5000000000000004 6.1200000000000001 12.588400214084789 165.31666666666669 3.5000000000000004 0.75539551084141832 4.7959166666666677 41.656739314430816 5.5000000000000009 4.8216148309113143 7.5000000000000009 68.500000000000014 4.66670396896449 0.2500000000000005 178220.50000000003 21.789888850165543 297.26712396989052 19.500000000000004 2.3958421498095643 0.2500000000000005 10.500000000000002 4.4333333333333353 0.61666666666666681 5.5629166666666672 21.500000000000004 14.091559748427676 4.5000000000000009 693.66653281436766 4.1961334046949306 4.6463525498891363 5.5950000000000006 0.35225222874108431 126563347414.96916 195454.50000000003 4.5888949341071221 14.794196347255502 0.53727914962411616 0.52222222222222181 4.4117963314358013 12.857142843897176 4.2834408602150544 480.50000000000006
decision_type=2 2 2 2 2 2 2 2 2 2 2 2 2 2 2 2 2 2 2 2 2 2 2 2 2 2 2 2 2 2 2 2 2 2 2 2 2 2 2 2 2 2 2 2 2 2 2 2 2 2 2 2 2 2 2 2 2 2 2 2 2 2
left_child=1 6 5 4 17 19 9 12 31 10 45 35 24 -9 -8 26 55 25 33 23 22 -11 -16 34 39 37 -7 28 29 36 -31 32 50 -12 -2 -6 53 -3 -20 60 -10 -17 43 -18 -34 46 -1 -32 -27 -35 -4 -52 -28 -14 -25 57 -21 -13 -47 -26 -5 -33
right_child=2 3 8 7 11 15 14 13 40 21 18 16 27 -15 20 41 42 -19 38 56 -22 -23 -24 54 59 48 52 -29 -30 30 47 61 44 49 -36 -37 -38 -39 -40 -41 -42 -43 -44 -45 -46 58 -48 -49 -50 -51 51 -53 -54 -55 -56 -57 -58 -59 -60 -61 -62 -63
leaf_value=0.0042718335331678641 0.03812356828870133 0.0019609557244538041 0.061988306411555366 -0.025944792932753265 0.0025383404142146336 0.036376438521226927 -0.018101528510679005 0.011435009918981297 0.064289351785497648 0.029511348029920954 -0.024850565933606864 0.019327196731515311 0.026493988823008505 0.049526385472900364 -0.0042223037481953314 -0.015144683184889228 0.028226876634287103 0.029643720381247275 -0.044686525487371329 0.0010986086044795504 0.085957818237027986 -0.013282035491408762 0.0092036529031569395 -0.023746095768094971 0.040438972655310337 -0.01690250878830115 0.047562553803748492 0.044954057330313997 0.054363060254279262 0.01329077135011145 0.034900316237978006 0.07079586653964598 0.053930463588605426 -0.015191426742905873 0.017124094309108499 0.014799865457299988 0.0047368268204013159 0.026416859375718665 -0.024861119176584429 0.023808735632312918 0.072185903042324528 0.061714179879423396 0.045859173518698282 0.00016162442426131358 0.069320006902797396 -0.031785465024714292 0.051054387009281138 0.079254452336127268 -0.0031205982662459511 0.010828110122183068 -0.057203093871449284 0.039085792364390894 0.065712525467851612 0.016821665217803056 0.022098238268611209 0.012063262124097718 0.021765196139215646 0.040785266169218223 0.0010283704647428345 -0.04060616831889554 0.0094119925601719844 0.022018364863785393
leaf_weight=578.98783545196056 2746.4272813946009 1254.2746452242136 310.51105958223343 119.31297054886818 2346.9192273020744 2092.183463960886 1156.4262719750404 371.97091144323349 3998.5527269691229 464.51873573660851 3942.841198541224 2360.5158349722624 5203.5210043936968 2327.6918136626482 3146.2302877902985 28.563877582550049 4473.0661229193211 393.86806011199951 1036.1930964067578 562.56551891565323 42.774644240736961 245.92847876250744 3306.2464996874332 125.94547101855278 473.27024330198765 1031.733609855175 2150.9245356619358 760.54772287607193 283.04721917212009 759.05384562909603 3024.3698650151491 1107.8686945736408 2090.2405900061131 2336.159368917346 651.52098281681538 4472.2808846235275 689.08930490911007 462.29619237780571 815.12238187342882 909.59624995291233 8920.8185935467482 2204.1375683397055 504.71104499697685 219.73814138770103 1002.9399701952934 209.11914177238941 110.44920141994953 82.879818320274353 4151.7890930175781 257.18479807674885 27.027024745941162 1507.3856183588505 566.01283721625805 2241.7114753723145 154.78163859248161 2981.2150912731886 859.61539024114609 362.76455718278885 373.71696038544178 22.985407620668411 2685.0033218413591 62.93472146987915
leaf_count=2645 6209 5198 524 538 8778 4486 6229 1038 6370 1619 27959 7171 13987 4469 15227 82 11620 1222 7815 1695 97 1244 13226 431 1115 5520 4053 1652 535 2367 7302 1675 3726 14067 1790 14232 2172 1428 5458 2753 13321 3597 1111 741 1526 1175 311 144 18731 1231 96 3057 889 6521 401 9531 2349 916 1719 79 9525 136
internal_value=0.0253559 0.0104942 0.0553889 0.0188154 0.0125493 0.0400913 -0.0102694 0.026671 0.065151 -0.017836 -0.0202288 0.0179429 0.0239161 0.044278 -1.45148e-05 0.0498731 0.0225484 -0.000554876 -0.0235178 0.0265872 0.00320573 0.014698 0.00265715 0.0316119 0.0147351 -0.00227866 0.0448323 0.0268794 0.0257603 0.0250857 0.0316086 0.0554418 0.0524231 -0.0199943 0.0340971 0.0105799 0.0219853 0.00854727 -0.0359575 0.0118021 0.0697419 0.0607309 0.0287526 0.0269127 0.0589204 0.0014538 0.0117665 0.0360834 -0.00586376 -0.012611 0.0415298 0.0373898 0.0513437 0.0235817 0.00153063 0.0168956 0.0135902 0.0221856 -0.0107451 0.0366852 0.0079077 0.0681739
internal_weight=94162.1 62991.1 31171 44969.2 25015.2 12142.7 18021.9 19954.1 19028.3 10370.2 9659.77 17721.2 17254.4 2699.66 7651.68 7041.82 10902 7293.96 8387.5 5100.86 6495.25 710.447 6452.48 3678.68 4210.17 6900.09 4809.12 13044.2 12283.7 12000.6 3866.3 6108.91 4938.1 6536.19 3397.95 6819.2 8134.32 1716.57 1851.32 3713.91 12919.4 2232.7 5197.52 4692.8 3093.18 1272.27 689.437 3107.25 5183.52 2593.34 1844.92 1534.41 2716.94 7445.23 280.727 5704.5 1422.18 2723.28 582.836 496.256 2804.32 1170.8
internal_count=296831 240418 56413 140396 86199 25982 100022 54197 30431 65243 62380 54100 48690 5507 34779 13107 31090 32099 56530 12875 28550 2863 28453 8831 14010 30877 9428 34680 33028 32493 9813 10740 8929 43257 7999 23010 22680 6626 13273 12816 19691 3679 13472 12361 5252 5850 2956 7446 24251 15298 3677 3153 4942 20508 832 17618 4044 8087 2894 1194 10063 1811
is_linear=0
shrinkage=0.05


Tree=18
num_leaves=63
num_cat=0
split_feature=20 48 38 12 62 62 10 1 1 9 10 33 1 30 1 28 33 41 1 61 9 9 41 45 50 61 0 48 30 38 57 1 33 9 48 56 48 62 34 41 45 47 1 59 7 26 47 61 47 41 23 47 62 45 30 58 50 30 33 58 41 23
split_gain=15683 4412.57 1194.96 865.181 809.66 684.483 367.133 341.529 307.296 276.938 259.111 236.388 215.909 212.221 171.61 170.023 150.319 148.438 138.623 137.858 136.996 131.645 125.247 122.113 120.136 116.522 116.12 115.399 106.475 106.223 106.161 96.6507 93.1085 88.2576 86.6563 85.9357 85.8739 84.6 82.5726 80.7027 80.1179 75.6446 73.2067 72.762 70.5586 69.4767 67.1511 66.0454 65.4773 71.0479 64.4037 62.1477 61.8676 61.524 60.3207 60.0331 66.1272 58.2808 95.5391 57.2792 56.7029 56.25
threshold=5.5000000000000009 146832115.69885862 4991429223.2918406 5.7550000000000008 7.7057921137138736 18.807588185506962 6.5000000000000009 5.1050000000000013 4.5550000000000006 189548.00000000003 6.5000000000000009 4.6715476190476197 4.6950000000000012 8.5000000000000018 4.6950000000000012 31656980512.409153 4.729178709055879 1.3611111111111114 6.5850000000000009 29.042253964878348 218892.50000000003 13895702.500000002 0.5277777777777779 1.2214532303528958 560.78595961157146 8.8922506644007857 88.050000000000011 49525764906.738258 22.500000000000004 7931000.9060230451 1.5000000000000002 6.5050000000000008 4.2252272727272739 9603.5000000000018 33261411691.198238 1.0000000180025095e-35 12223183.666937871 3.8960848622140354 0.44369100139927103 0.91666666666666685 1.3511383881434533 45.628835315338875 6.8750000000000009 0.9426055981926128 31.550000000000004 9.5601809954751165 21.173009239494824 38.760037486265993 2.6466787174673585 0.027777777777777752 4.799854651162792 1.0000000180025095e-35 40.574746085484556 0.79931499736794809 24.500000000000004 0.98321746822993605 207.4341324427983 37.500000000000007 5.0003311258278158 0.34202014332566882 0.094444444444444414 4.5499752475247535
decision_type=2 2 2 2 2 2 2 2 2 2 2 2 2 2 2 2 2 2 2 2 2 2 2 2 2 2 2 2 2 2 2 2 2 2 2 2 2 2 2 2 2 2 2 2 2 2 2 2 2 2 2 2 2 2 2 2 2 2 2 2 2 2
left_child=1 4 10 5 7 8 16 9 20 48 14 22 32 19 23 33 17 38 21 30 53 26 35 28 37 -14 -9 31 45 -27 -10 41 -6 51 -8 42 -34 -11 39 -4 44 52 -7 46 -12 -2 -42 -20 49 -1 -15 -5 -13 -3 -16 56 -24 58 -18 -47 -22 -30
right_child=2 3 6 15 12 11 34 18 13 24 40 27 25 50 54 -17 57 -19 47 -21 60 -23 55 -25 -26 29 -28 -29 61 -31 -32 -33 36 -35 -36 -37 -38 -39 -40 -41 43 -43 -44 -45 -46 59 -48 -49 -50 -51 -52 -53 -54 -55 -56 -57 -58 -59 -60 -61 -62 -63
leaf_value=-0.0067327932508407162 -0.043267225334790327 0.018964142129959526 0.037305628156376246 0.022038728303211182 -0.016796865696275851 0.018745325374458569 0.059886765561528305 0.0099379043960487259 0.021107857050560837 -0.027413921730638863 0.056612198384161594 0.020186824789348554 0.021706108586972344 0.025239317675843611 0.038930378083211446 0.060196623493625145 0.041046810411538182 0.05697124697029271 0.041829326308501072 0.0026189768670098115 -0.012677778863100193 -0.017741509046935409 0.040515100943209391 0.0050936857957789945 -0.040511810885176552 -0.0037829916613833234 -0.037799475983720229 0.048683084503626038 0.03145472435705441 0.013135215306408966 0.0049064962089186096 0.068409982071749573 -0.024080800033652983 0.02456593862606947 0.06985249145873676 0.0083859009818293764 0.0010760705240004456 -0.015148712396139781 0.037121910804155923 -0.062381444485972729 -0.046603582087978733 0.030806309370706025 0.081443984064573122 0.061997856570328469 -0.013722908327654255 0.00737324119358193 0.05614334537364301 -0.0064904843247826907 -0.01468652529804762 0.020451369586234013 0.046307177547559003 0.046268241234321925 0.040384045877662408 0.0040259371126332728 0.05581563207139581 0.013353224612753276 0.014549896010470546 0.065562062259504394 0.062996814725141653 0.029436424774190808 0.00013684736975771127 0.051938684749780764
leaf_weight=526.56827127933502 38.564627379179001 1195.7445541769266 39.013388559222221 313.12669213116169 1124.4409342110157 7518.3502446860075 2820.1309825778008 1243.3230894953012 4012.3062551766634 3602.2029737830162 2323.4110556542873 4017.8898728787899 1524.8319002985954 1043.1060054004192 1512.1457421183586 999.3400777131319 869.59595534205437 1352.1445625126362 250.80987837910652 2405.3252533376217 1291.492881461978 1168.2025922983885 1182.5493682026863 523.43294796347618 1116.3638813793659 1727.803715467453 141.92978216707706 690.17268428206444 662.62692242860794 2003.7506355345249 1351.776985630393 142.7911669164896 366.99959716200829 1035.0742116868496 9630.0516368597746 2466.1829444617033 4482.3601329624653 2305.8978290483356 1534.9219258725643 42.332140430808067 53.552163422107697 5679.0608148127794 46.845953524112701 49.029689386487007 36.212814509868622 376.904266923666 22.618683740496635 98.488084346055984 666.36035913228989 442.21034739911556 556.16557437181473 1709.5541899204254 418.66634471714497 1627.2965849339962 813.4516164958477 401.63871304690838 309.35615503787994 2023.2230653166771 1153.0875027626753 1340.1520769298077 2603.3230536133051 678.13748374581337
leaf_count=2693 136 3557 87 792 5936 21758 4678 5824 12832 26028 4036 10800 5466 2887 3281 1642 1691 2299 638 8853 6049 6853 2796 1770 8829 7429 796 1368 1493 7306 4954 258 2076 2441 14833 7866 20050 14715 3143 151 210 14023 78 94 103 1055 49 356 3462 1794 1182 3419 927 5935 1446 1185 921 3188 1869 3209 9993 1243
internal_value=0.0242116 0.0108942 0.0556303 0.0203184 -0.00689252 0.0180302 0.0624409 -0.0161799 0.0101274 -0.0211552 0.0399054 0.023588 0.00266961 0.0159793 0.0342385 0.0422922 0.0532923 0.0447469 -0.00133754 0.0125651 0.0019665 -0.0053788 0.0187176 0.0274296 -0.0254692 0.0100604 0.00504684 0.0288928 0.0312054 0.00530166 0.017025 0.0275613 -0.00383364 0.0364406 0.0675951 0.0164913 -0.000827802 -0.0226269 0.0345202 -0.0145714 0.0534647 0.0269847 0.0191336 0.014488 0.0555328 0.0231028 -0.0160932 0.0282051 -0.0026224 0.00567574 0.0325659 0.0425173 0.0220928 0.0103533 0.0448365 0.0305118 0.035131 0.0595618 0.05356 0.0245934 -0.00411239 0.0418152
internal_weight=93704.4 65809.7 27894.7 43017.1 22792.5 38960 19464.5 11562.4 16086.5 8659.6 8430.24 22873.5 11230.2 9368.68 5945.42 4057.1 7014.32 2968.41 2902.75 7769.41 6717.86 2553.46 11924.9 3619.82 7024.46 5256.39 1385.25 10948.6 3096.39 3731.55 5364.08 10258.4 5973.8 3057.76 12450.2 10031.4 4849.36 5908.1 1616.27 81.3455 2484.82 10115.6 7565.2 125.201 2359.62 1755.62 76.1708 349.298 1635.14 968.779 1599.27 2022.68 4436.56 2823.04 2325.6 1893.54 1491.91 4045.91 2022.68 1717.06 3894.82 1340.76
internal_count=296831 246767 50064 126516 120251 118222 31939 71988 56242 57521 18125 61980 48263 30708 13633 8294 12428 5680 14467 26639 25534 13473 34604 8906 49572 20201 6620 27376 7136 14735 17786 26008 28062 6652 19511 29702 22126 40743 3381 238 4492 25750 21836 353 4139 4400 259 994 7949 4487 4069 4211 11727 9492 4727 4902 3717 6748 3560 4264 16042 2736
is_linear=0
shrinkage=0.05


Tree=19
num_leaves=63
num_cat=0
split_feature=20 48 20 28 48 43 1 54 40 1 40 43 43 30 1 1 43 39 50 20 43 0 1 0 54 37 45 22 48 40 61 53 1 43 10 47 50 47 10 7 26 40 26 27 48 59 59 61 46 61 2 32 10 26 56 1 15 28 34 15 40 1
split_gain=14586.2 3970.75 1206.01 752.006 675.26 565.822 467.191 384.601 326.289 307.365 303.413 285.993 232.966 231.754 194.268 178.363 175.481 173.002 160.006 144.273 126.537 116.936 115.369 113.599 110.521 109.586 108.364 105.709 103.245 101.067 94.8546 93.1784 91.4936 84.8803 82.4498 78.8034 81.8579 78.76 76.2123 75.8382 75.6791 75.2217 74.9705 136.388 86.9231 70.6192 70.0391 69.9305 69.5302 69.955 68.5929 66.3395 64.7363 64.7073 64.3741 64.2937 64.195 63.2706 62.1164 60.7964 82.3796 64.5182
threshold=5.5000000000000009 146832115.69885862 17.500000000000004 5623913251.903492 27740389.494676415 4.692823076577791 4.8950000000000005 1.976478067387158 8.5000000000000018 5.1950000000000012 3.5000000000000004 4.7213059619201649 4.6143701298701316 72.500000000000014 4.9050000000000011 6.6250000000000009 4.4636602870813409 2.0202896057521437e+17 424.12239505809316 2.5000000000000004 5.0335087719298262 56.95000000000001 4.4350000000000014 93.050000000000011 0.46666666666666728 65.756218018921814 1.2311591074166992 4.8900000000000015 6802800.715789956 35.500000000000007 4.9113311272501052 0.077029437936410552 6.2650000000000006 4.9400354609929087 2.5000000000000004 2.6466787174673585 326.37629440846257 1.0000000180025095e-35 10.500000000000002 6.5500000000000007 33.133687943262423 15.500000000000002 35.968407960199009 1.2106313607869836 13239306167.906496 0.43049470426488851 0.56638466991089664 108.72140913722923 30.259761904761909 16.701006952335799 12.500000000000002 7.3350000000000009 7.5000000000000009 60.840416666666677 1.0000000180025095e-35 4.205000000000001 1.2666922388844843 298974101.87215501 0.39768405491068143 0.62042068843321652 169.50000000000003 4.705000000000001
decision_type=2 2 2 2 2 2 2 2 2 2 2 2 2 2 2 2 2 2 2 2 2 2 2 2 2 2 2 2 2 2 2 2 2 2 2 2 2 2 2 2 2 2 2 2 2 2 2 2 2 2 2 2 2 2 2 2 2 2 2 2 2 2
left_child=1 4 5 6 7 16 8 14 34 22 24 19 13 31 18 17 45 -12 28 25 59 32 -6 39 40 48 57 -28 -1 -13 -16 37 -11 41 35 -3 55 46 42 -9 -8 -19 43 -39 58 -2 -4 -32 -10 -50 -21 53 -14 -5 -30 -37 -46 -15 -45 -7 61 -61
right_child=2 3 12 51 9 20 10 23 11 21 15 29 52 26 30 -17 -18 33 -20 50 -22 -23 -24 -25 -26 -27 27 -29 54 -31 47 -33 -34 -35 -36 36 -38 38 -40 -41 -42 -43 -44 44 56 -47 -48 -49 49 -51 -52 -53 -54 -55 -56 -57 -58 -59 -60 60 -62 -63
leaf_value=-0.026045190704977562 0.023572061230739811 -0.014899751151141963 0.032222382571141475 0.044733265255529057 -0.007519487418239725 0.059518290030457638 0.016919930736980237 0.044813000145909207 -0.0072966539524904634 0.024205007333470314 0.020424957837254978 0.022350920019990572 0.060511328298979684 0.033103254434398086 0.010474501731153637 0.069381450600417602 0.035379300469525844 0.017947514740617558 -0.039291808406426383 0.020632464585587366 0.063450119439931743 0.00041045945294760706 0.0033442120153425303 -0.045120383488932547 0.034454376296103206 0.018451430321242451 0.079906732122821206 -0.063149471337334742 -0.0058552389014463416 0.039558001382787478 -0.0099356647398255882 0.0037352624105414702 0.066514966050778584 0.03910138621885529 0.026384362421824542 -0.0090614972674742077 -0.022127925296136511 0.058799092562884271 0.056441653066396862 0.0069571605849749769 -0.0059394140386797361 0.032938100187267207 0.061926939525116367 -0.022288780967153563 -0.047902418666677285 0.00055515903287031059 -0.052553652475003279 -0.040479299083196529 0.013315684212330932 0.0030315393886450204 -0.00032150046405540278 0.060070643237277781 0.068995398789626058 0.01627143731796862 -0.021250559757539311 0.008654347205983624 0.040434781282771358 0.066027981980638709 0.039471716078719916 0.034573933811870274 0.061876569062915276 0.049343808984281923
leaf_weight=2744.5920785069466 906.89020602405071 742.74565342068672 65.771854877471924 1627.088700979948 4508.4873343408108 862.95075315237045 539.43123555183411 337.10121876001358 870.47483433783054 1134.7503595948219 5326.0240850299597 5643.3352733254433 3102.8497260957956 155.3968244343996 558.92029812932014 254.7687731385231 4190.4994333535433 1307.174597248435 1202.3922838568687 5079.5920169651508 1763.3589427322149 498.03812178969383 5336.5099671855569 55.418336272239685 302.78890462219715 2305.1868018060923 21.165699988603592 33.120297819375992 1603.1850148811936 1005.4031256735325 2947.7944783866405 169.01395028829575 143.98819495737553 2823.527191594243 315.92086121439934 633.84107595682144 297.57757218182087 185.10459800064564 784.4250433743 217.76696619391441 1101.1763955056667 2325.8367872834206 176.69746501743793 54.058260098099709 94.30083379149437 526.84572851657867 38.697561547160149 200.12029305100441 3044.0144784897566 3620.0538221746683 423.08974386751652 625.44364637136459 8165.2389939576387 227.63302965462208 1177.8807628303766 2667.1839215755463 26.302554324269295 2391.1717436313629 164.9046837836504 1610.2477121204138 585.20142303407192 1367.1290738284588
leaf_count=20127 2483 3370 145 3129 22800 1445 1584 830 3483 4019 15543 15310 5135 317 2712 448 9003 3622 9828 14249 2864 1881 22988 244 852 6982 33 131 9350 2205 15712 438 303 6496 788 2605 1377 322 1349 775 4331 5524 294 165 300 1660 132 1285 9607 12431 1490 1035 12828 536 7397 9519 51 3816 337 3336 953 2527
internal_value=0.0231272 0.0103523 0.0537486 0.0192603 -0.00658957 0.0416922 0.0176287 -0.0154419 0.0137452 0.00182359 0.025031 0.0162913 0.0628618 0.053048 -0.0176983 0.0279907 0.0302133 0.0270957 -0.0227622 0.0125377 0.0521239 0.0209641 -0.00163079 0.0231384 0.0066992 0.00891182 0.0625287 -0.00737294 -0.0191653 0.0249529 -0.00850715 0.0390319 0.0289692 0.0325984 0.0017227 -7.19392e-05 0.0029885 0.0427833 0.0457338 0.0299559 0.00157673 0.0275444 0.033758 0.0242713 0.00544953 0.0151142 0.000819643 -0.0118774 0.00599319 0.00772913 0.0190214 0.0459888 0.0666592 0.0412401 -0.0123757 0.00525267 -0.0286368 0.0640188 0.0242241 0.0476109 0.0447267 0.0413559
internal_weight=93217.6 65776.3 27441.3 43109.3 22666.9 11813.1 40629.1 11045.2 26648.4 11621.8 13980.7 21991.2 15628.2 4360.13 10434.9 12037.3 5624.24 11782.6 6728.05 15342.4 6188.89 1776.78 9845 610.287 1943.4 9839.73 2600.85 54.286 5525.66 6648.74 3706.84 1759.28 1278.74 6456.54 4657.27 4341.35 3598.6 1590.26 1485.79 554.868 1640.61 3633.01 701.368 524.671 339.566 1433.74 104.469 3147.91 7534.54 6664.07 5502.68 2480.17 11268.1 1854.72 2781.07 3301.02 120.603 2546.57 218.963 4425.53 3562.58 2977.38
internal_count=296831 246767 50064 126516 120251 24271 121816 68260 83416 51991 38400 65757 25793 7830 66411 31633 13146 31185 46702 48242 11125 6203 45788 1849 6767 32503 4297 164 36874 17515 19709 3533 4322 15642 17659 16871 13501 3095 2818 1605 5915 9146 1469 1175 853 4143 277 16997 25521 22038 15739 4700 17963 3665 16747 12124 351 4133 502 8261 6816 5863
is_linear=0
shrinkage=0.05


Tree=20
num_leaves=63
num_cat=0
split_feature=20 48 20 18 48 43 56 1 1 1 18 40 40 1 43 50 43 18 1 48 28 44 56 38 61 9 1 0 48 0 25 30 0 18 1 1 43 20 38 30 43 26 52 1 37 63 9 32 35 43 9 9 26 55 44 9 50 30 2 61 40 44
split_gain=13582.3 3574.22 1201.2 767.737 618.588 540.529 406.525 342.685 275.365 235.985 235.267 204.485 191.983 181.573 154.886 153.692 152.14 144.734 140.858 134.285 132.074 119.77 118.926 108.373 104.972 104.868 104.465 103.762 97.3954 91.4743 90.6641 87.9587 87.5639 85.4918 81.7685 80.965 80.8417 153.323 80.681 75.7888 75.0098 89.9013 73.6738 72.5473 67.4212 82.2597 66.0421 65.8835 80.986 65.2872 61.9843 61.6821 60.0107 59.9769 59.9174 62.7728 59.7801 59.2359 59.0008 58.7981 58.7704 58.1634
threshold=5.5000000000000009 146832115.69885862 17.500000000000004 718553651.35045838 27740389.494676415 4.6833333333333353 1.0000000180025095e-35 4.9050000000000011 5.1950000000000012 4.705000000000001 81753272.656293467 4.5000000000000009 9.5000000000000018 7.0950000000000006 4.4636602870813409 424.12239505809316 4.8143398268398281 3078837331.5960727 6.0850000000000009 13239306167.906496 31656980512.409153 0.57505374770313156 2.5000000000000004 186520919.1470415 12.513726330279505 212866.50000000003 4.4350000000000014 56.95000000000001 7934640.6708218632 74.050000000000011 1.1088369750721339 24.500000000000004 4.9980000000000011 1081907557.2760799 6.2650000000000006 4.7750000000000012 4.6463525498891363 69.500000000000014 11865317.495900543 78.500000000000014 4.6200467289719649 35.968407960199009 12.287327441333522 6.9050000000000011 5.8105819143802897 154.24217501558806 8150.0000000000009 6.7950000000000008 1.1428802155348754 4.2909673659673677 243821.50000000003 57451204.000000007 23.334848484848489 19.105236921714148 0.40639335077675132 8874.5000000000018 535.17466620435641 10.500000000000002 12.500000000000002 141.95715060983898 51.500000000000007 0.44700626634002066
decision_type=2 2 2 2 2 2 2 2 2 2 2 2 2 2 2 2 2 2 2 2 2 2 2 2 2 2 2 2 2 2 2 2 2 2 2 2 2 2 2 2 2 2 2 2 2 2 2 2 2 2 2 2 2 2 2 2 2 2 2 2 2 2
left_child=1 4 5 6 7 14 9 15 26 12 30 43 54 24 44 28 25 31 23 21 46 22 -8 -13 -9 -14 56 34 -1 51 39 35 -32 42 -10 -7 37 -12 -24 40 41 52 -16 -11 45 -2 -5 48 -46 -34 -28 -15 -4 -52 -3 -56 -6 -21 -27 -26 -40 -50
right_child=2 3 10 20 8 17 19 13 27 11 36 18 16 29 33 -17 -18 -19 -20 57 -22 -23 38 -25 59 58 50 -29 -30 -31 32 -33 49 -35 -36 -37 -38 -39 60 -41 -42 -43 -44 -45 47 -47 -48 -49 61 -51 53 -53 -54 -55 55 -57 -58 -59 -60 -61 -62 -63
leaf_value=-0.024942860545401676 0.042744728906148728 0.012641583008584908 0.031568976782383233 0.040757372722598613 -0.0059163948363659818 0.029914861879357286 0.003141178597312365 0.0036397027672665839 0.022772409285157013 0.0068433725002399696 0.046118646072106279 0.020451226227421192 0.02009496019044911 0.07036630288161376 0.032583200276190459 -0.038430202146591735 0.029690553281681794 0.060469907034551643 0.050544096404637917 0.012334490252760268 0.056530017282191203 -0.010770088533063165 -0.0081862710273241778 0.030771335195676021 -0.010901009764869702 0.011587472496833118 0.011060592519987034 0.00038987457375142274 -0.011575384700169465 -0.049879568984379702 0.060745957902068083 0.054317325926455697 -0.065555127483003572 0.048573323509209239 0.062583262112613863 0.047360360398225818 0.06726138267275765 0.068026657365684459 0.016480988193626089 0.060191312920819355 0.053829852825729899 0.063546958251453595 0.0085710577498564235 0.058437455879574135 0.025916757699001598 -0.029564328350917286 0.023891402255827782 -0.064206452193615496 0.0012117000347880952 0.019484842431230581 -0.011940305085743388 0.013690988038018242 -0.0086122064978368992 0.003092388480597074 0.023785610173460113 -0.0053362682115419306 -0.033651954408292134 0.034446261562826687 -0.014776095727650923 -0.04426361435909177 0.046538996259986781 -0.078943788718295521
leaf_weight=2805.5766223073006 304.76957967877388 1169.8784259408712 310.55622614920139 1629.8624870330095 4286.6805806085467 1268.9620202928782 5212.2747152596712 1603.758436396718 1145.5424178540707 1729.3112675249577 1479.9743669778109 5013.0760621726513 6017.3485326617956 133.33325473964214 2889.920763656497 1168.7447393611073 2279.7119870185852 2146.1514659970999 603.79390773177147 602.20129106938839 960.18294723331928 980.47096012532711 318.67963938415051 5164.6090896874666 2322.6843847632408 5217.5923307389021 1698.6918990761042 498.11496527493 2649.4316097944975 25.780993893742561 136.97666910290718 1462.3327541798353 24.79280723631382 758.36437053978443 145.34504103660583 1397.5390383303165 8418.576608389616 1734.705301463604 2529.3512217402458 1695.4250267148018 912.13097535073757 157.29066693782806 359.13957388699055 70.928120717406273 463.98265664279461 45.159602433443069 901.4211672693491 30.551134467124939 569.00991740822792 251.68098464608192 872.11785016953945 75.018855661153793 132.59849828481674 2773.9793045148253 209.66346997022629 1575.7899778038263 203.50035052001476 609.38219779729843 221.21945710480213 140.02538304030895 173.79544143378735 23.569495037198067
leaf_count=20839 701 4071 659 3306 21542 2727 18042 7737 4019 6022 2778 14173 17033 242 6351 9828 5639 3592 1235 1845 1633 3843 1358 12420 12332 16217 6567 1881 16035 113 243 2537 109 1387 303 2613 13600 2786 7897 2827 1593 256 921 142 1175 147 2065 109 1914 589 4392 228 353 12029 632 6237 1258 1414 877 906 415 97
internal_value=0.022097 0.00983812 0.0519731 0.018262 -0.00629753 0.0399351 0.0162851 -0.0148402 0.00173096 0.0193047 0.0612212 0.0244754 0.015407 -0.00384996 0.0284071 -0.0219758 0.0178943 0.0499374 0.0270801 0.00780704 0.0407406 0.00574944 0.00771649 0.0256881 -0.00631517 0.0155469 -0.00155125 0.0197748 -0.0184504 0.0389663 0.0500922 0.0444626 0.0280552 0.0334572 0.0272548 0.0390582 0.0646857 0.0579406 0.0156083 0.0529324 0.0447959 0.0310725 0.029929 0.00887614 0.0143241 0.033413 0.0347512 0.0081796 0.0102727 0.0118589 0.00317195 0.0499599 0.0195462 -0.000503314 0.00384635 -0.00191652 -0.0071734 0.0234559 0.0105152 -0.0127979 0.0184135 -0.00197644
internal_weight=92713 65738.9 26974.2 43190.5 22548.3 11719.5 39699.1 10924.4 11624 29272.9 15254.7 12581.7 16691.2 4300.6 5444.47 6623.75 13735.9 6274.99 10781.5 10426.2 3491.47 9214.57 8234.1 10177.7 4066.47 11456.2 9834.97 1789 5455.01 234.133 3621.45 4128.83 413.45 4007.42 1290.89 2666.5 11633.3 3214.68 3021.83 3208 1512.58 600.445 3249.06 1800.24 1437.04 349.929 2531.28 1087.11 1056.56 276.474 5344.79 208.352 443.155 3646.1 2955.33 1785.45 4490.18 1211.58 5438.81 2462.71 2703.15 592.579
internal_count=296831 246767 50064 126516 120251 24271 119512 68260 51991 84698 25793 33992 50706 21558 12802 46702 39766 11469 27828 34814 7004 31555 27712 26593 20975 34127 45788 6203 36874 583 6629 7877 941 8659 4322 5340 19164 5564 9670 5688 2861 1268 7272 6164 4143 848 5371 3295 3186 698 22988 470 1012 16421 10940 6869 22800 3259 17094 13238 8312 2011
is_linear=0
shrinkage=0.05


Tree=21
num_leaves=63
num_cat=0
split_feature=20 48 10 19 62 62 33 40 20 61 54 33 9 28 40 48 30 33 23 48 19 54 48 46 62 54 62 55 56 9 61 63 0 62 33 47 6 47 20 50 24 9 9 54 54 50 47 55 33 46 62 48 47 61 40 47 36 0 42 45 54 40
split_gain=12675.5 3446.95 927.159 853.13 670.939 541.594 398.27 289.161 270.575 254.808 254.606 247.947 212.422 170.369 162.241 160.654 156.037 143.972 141.379 125.148 119.54 115.819 115.296 110.015 100.25 98.9623 96.5717 95.3828 93.2331 98.3708 88.4509 88.297 120.241 87.4286 83.4322 82.6838 82.4837 81.9747 81.121 84.0719 81.4407 79.0493 78.2697 77.741 77.1128 72.562 70.9926 67.8921 67.4904 66.9411 65.4333 62.2569 59.3924 58.7137 58.2955 57.4027 57.3284 57.2394 56.1148 60.8571 55.4689 55.3634
threshold=6.5000000000000009 146832115.69885862 8.5000000000000018 6.2741144525598144e+17 7.7057921137138736 13.95225722536158 4.7002336448598143 117.50000000000001 1.5000000000000002 47.820911112422863 1.5000000000000007 4.6500542299349252 162525.50000000003 31656980512.409153 84.500000000000014 22751352802.899826 24.500000000000004 4.2252272727272739 5.0910427807486638 65168305571.740456 13577828828254402 1.3861983471074379 49525764906.738258 19.251923076923081 29.709351895646119 -0.79999999999999927 27.909060640760753 594.56763860737385 1.0000000180025095e-35 26953072.500000004 27.93165756897 113.30282033220595 6.0005000000000015 12.715693535137289 4.3136363636363644 1.0000000180025095e-35 5.0600000000000014 59.727820691231621 34.500000000000007 326.37629440846257 0.392879170935716 195454.50000000003 9603.5000000000018 -0.073939992813510685 1.3861983471074379 207.4341324427983 4.0259093893013418 9.8986198432293833 4.8652475845410645 33.526222462983036 0.10456237086455404 15848844.984281095 1.0000000180025095e-35 15.912419122289814 16.500000000000004 2.6466787174673585 71.002631578947387 156.35000000000005 5.3950000000000005 0.89421789473568747 1.3861983471074379 32.500000000000007
decision_type=2 2 2 2 2 2 2 2 2 2 2 2 2 2 2 2 2 2 2 2 2 2 2 2 2 2 2 2 2 2 2 2 2 2 2 2 2 2 2 2 2 2 2 2 2 2 2 2 2 2 2 2 2 2 2 2 2 2 2 2 2 2
left_child=1 4 6 5 9 8 7 31 21 10 12 14 55 42 26 35 18 60 -8 27 23 25 24 -19 41 -3 37 47 29 -12 48 32 -2 57 -34 -4 46 44 39 -9 -41 -13 52 -14 58 -28 -37 -10 49 61 -11 -45 -5 -49 -50 -1 -23 -25 -7 -60 -6 -27
right_child=2 3 15 13 17 11 16 38 19 50 28 22 43 -15 -16 -17 -18 20 -20 -21 -22 56 -24 33 -26 30 45 -29 -30 -31 -32 -33 34 -35 -36 36 -38 -39 -40 40 -42 -43 -44 51 -46 -47 -48 53 54 -51 -52 -53 -54 -55 -56 -57 -58 -59 59 -61 -62 -63
leaf_value=0.010860375689417407 -0.031588522917352015 -0.022821674988994352 0.025347975108872951 0.018699568392651467 -0.013739364118792834 0.01485528890211797 0.034302723989005281 0.044330426656025816 -0.0027032551195789508 -0.05402685473858089 0.030801042671151049 0.025456203214858197 -0.024153786259340001 0.055419654457799152 0.039489599272889586 0.065579015720229936 0.05858226891793257 -0.031135003907679898 0.057291989858427518 0.03807971481423169 0.025888211640387078 0.058965296936242619 0.040292325517681804 0.00099026621334951867 0.02879639164146704 -0.014898526974264302 0.021017655631952261 0.060023108085771916 0.045561595882426309 -0.023439221257407983 -0.0073841868551961847 0.043355581183203457 -0.0052077105581634919 0.0083260066202462714 0.026238464717671068 0.035477312292175642 0.056380113519857625 0.01761649923332367 0.061843841314002383 -0.037426717091005604 0.079459836009679818 0.016120166730929798 0.022284354653906682 -0.016546258666304912 0.05090706940228671 0.009015504038369121 -0.061935935778525353 0.021672015722870273 0.010214419754453587 0.007359427976309724 -0.025277813835304572 -0.0029288632637332638 0.04156203174397155 0.0073378463675659675 0.041871979038617745 -0.0093013826668496124 -0.037730348003239801 -0.016250047910690346 0.0084101238915982434 -0.003889491657515118 0.042564719453783102 0.012674333152387737
leaf_weight=1027.3647028282285 99.891412183642387 480.75987632572651 258.29660342633724 331.85783790051937 1410.8606557846069 1222.1720198392868 1814.5099447667599 1300.0403880178928 692.42878119647503 213.7852720245719 174.45111300051212 3664.2814453691244 2229.4449444785714 1117.5926195830107 625.99706338346004 8710.8759220540524 3419.0177582353354 224.86340489983559 1059.1282130330801 561.33250373601913 632.06549948453903 115.45064759254456 978.47422464191914 3015.7470108419657 4393.5602778196335 861.12098032236099 4878.6862168610096 103.56698057055473 241.5987743884325 160.49674597382545 2167.6495841890574 593.46460625529289 226.40218432247639 5348.9923010319471 3086.4478439986706 68.226045459508896 2841.2765200734138 2268.2692601978779 733.8393384963274 60.182004034519196 19.80684757232666 5947.2647053450346 1146.7976375818253 2836.5752961561084 95.059941291809082 1697.4603886008263 25.766880512237549 1478.365060031414 1271.6059067994356 1434.7230803966522 2667.2019251808524 1192.0789697319269 1972.6876008212566 1382.4077070951462 164.19585032761097 537.85645858198404 17.675076454877853 572.90305911004543 2138.888656064868 1898.2537944018841 45.142718389630318 230.86104449629784
leaf_count=4450 334 2379 578 832 7269 3942 3724 2452 2296 1827 593 9105 16512 1932 1360 14588 5822 1210 1814 1219 2150 234 1998 14197 10405 4045 13181 215 772 782 9310 1178 812 20590 7083 143 4945 6550 1219 196 28 16631 2680 19348 206 5240 101 4252 4595 5667 18562 6621 3959 4483 428 2662 60 2915 6527 6686 136 801
internal_value=0.0211185 0.0100209 0.0520926 0.0179642 -0.0059633 0.0156682 0.0425315 0.0334498 0.0061653 -0.0145798 -0.010179 0.0191629 -0.0125421 0.0384524 0.0145784 0.062062 0.051364 0.00267644 0.0427758 0.016098 0.00485722 -4.71738e-05 0.0236988 0.00340642 0.0225395 -0.000976996 0.0134801 0.0127237 0.0218872 0.00481077 0.000736182 0.0255552 0.0224597 0.00427545 0.0240894 0.052469 0.0548556 0.00965006 0.0484118 0.0412693 -0.00848326 0.0196794 0.0329582 -0.0166625 0.00627525 0.0179196 0.0087728 0.011345 0.00517835 0.000259356 -0.0274112 -0.0125169 0.0382698 0.0147453 0.0138347 0.0039322 0.046127 -0.00176203 0.00546854 0.00262688 -0.0119937 -0.00906922
internal_weight=92188 67870.9 24317.2 45339.4 22531.4 40770.5 12412.7 6120.07 10962.1 11280.9 8399.87 29808.4 7823.32 4568.94 14824.8 11904.4 6292.66 11250.6 2873.64 4218.1 9794.57 6744.04 14983.6 9162.51 14005.1 6610.92 14198.8 3656.77 576.547 334.948 6130.16 4006.21 3412.74 8937.64 3312.85 3193.57 2935.27 7622.64 2113.87 1380.03 79.9889 9611.55 3451.34 6258.1 5354.37 6576.15 93.9929 3553.2 3962.51 2526.71 2880.99 4028.65 2304.55 2860.77 1435.8 1565.22 133.126 3588.65 5259.31 4037.14 1456 1091.98
internal_count=296831 251814 45017 131218 120596 121815 24662 13302 39984 72129 51740 81831 49593 9403 43692 20355 11360 48467 5538 12465 41062 27519 38139 38912 36141 27225 42332 11246 2147 1375 24846 9407 8229 37702 7895 5767 5189 23911 3895 2676 224 25736 7471 42481 17361 18421 244 11031 15536 10513 20389 25969 4791 8735 5023 7112 294 17112 17155 13213 7405 4846
is_linear=0
shrinkage=0.05


Tree=22
num_leaves=63
num_cat=0
split_feature=20 38 62 10 49 45 62 1 49 9 18 12 1 49 20 23 1 1 1 9 49 45 62 20 14 47 3 1 50 10 47 40 62 46 62 47 30 26 62 6 1 50 62 1 61 13 52 27 49 9 50 47 30 27 54 30 35 23 56 50 9 59
split_gain=11849.6 3108.04 1071.5 928.705 720.245 386.648 344.77 331.972 253.969 253.541 236.378 200.818 180.565 165.589 155.142 191.202 148.577 136.078 119.072 111.781 111.408 110.695 110.396 106.59 99.2913 97.1804 105.001 96.1731 91.6275 90.7333 89.5971 83.9041 82.3966 81.4882 80.0461 79.6405 77.7679 93.7077 128.084 77.6532 74.7068 74.6626 72.2309 71.0352 69.5701 68.4291 67.4749 82.1671 65.8788 65.7949 65.118 64.576 64.2952 62.2199 58.6472 57.9093 57.4648 56.8135 54.1059 54.1535 53.0726 51.9402
threshold=6.5000000000000009 41193836.742394902 11.933748848671931 8.5000000000000018 1.6667298969300785e+19 0.68246275727653882 13.315790620099078 4.9050000000000011 15388076531335456 13935.500000000002 16846264.859767128 5.3050000000000006 6.6950000000000012 2.8642256196265021e+19 35.500000000000007 4.9401754385964916 4.285000000000001 4.8950000000000005 4.705000000000001 15092809.000000002 4.6210841669141725e+20 1.2311591074166992 41.656739314430816 14.500000000000002 1.0000000180025095e-35 50.041104799941614 143.35000000000005 6.9850000000000012 441.9246103158444 2.5000000000000004 25.074582781617533 17.500000000000004 3.8960848622140354 143.54423076923081 16.661786487764811 1.0000000180025095e-35 104.50000000000001 33.751000000000012 8.85143200318638 5.0600000000000014 5.7950000000000008 225.90149813208021 21.380731746782509 5.5950000000000006 14.276665719126798 5.1006024096385554 12.857142857142852 0.90000000000000135 1.2575162750178544e+19 17942721.500000004 116.04544532156042 4.0259093893013418 4.5000000000000009 1.3000000000000027 1.976478067387158 25.500000000000004 0.86858896380650297 4.6334039548022616 1.0000000180025095e-35 693.66653281436766 213.50000000000003 0.87032255546191728
decision_type=2 2 2 2 2 2 2 2 2 2 2 2 2 2 2 2 2 2 2 2 2 2 2 2 2 2 2 2 2 2 2 2 2 2 2 2 2 2 2 2 2 2 2 2 2 2 2 2 2 2 2 2 2 2 2 2 2 2 2 2 2 2
left_child=1 2 7 5 6 23 9 8 28 29 17 20 19 35 15 21 42 22 52 43 56 46 25 45 32 26 -8 -19 -1 -3 44 -20 -10 -13 -32 -5 37 38 -16 51 50 -27 -4 -9 54 55 61 -48 -23 -14 -12 -37 -11 -40 -18 -2 -6 -55 59 -54 -34 -7
right_child=3 4 16 13 11 14 10 12 24 18 40 33 49 -15 36 -17 30 27 31 -21 -22 48 -24 -25 -26 41 -28 -29 -30 -31 34 -33 60 -35 -36 39 -38 -39 53 -41 -42 -43 -44 -45 -46 -47 47 -49 -50 -51 -52 -53 58 57 -56 -57 -58 -59 -60 -61 -62 -63
leaf_value=-0.022719875148748903 0.030414166523842989 0.013310267206313012 -0.0103116626088563 0.024191336228557778 0.029820781468055786 0.031210855625030676 0.0054783929005180164 -0.0036984769623558313 -0.022499630028058659 -0.0098438952997250903 0.031765884659437221 0.049118685981390388 0.051372890485571178 0.0643111606376814 0.042416197824472562 0.054501972833701888 0.0088612867792646124 0.021866876846706407 0.0067869921482766925 -0.015394271357779023 0.045549500987344456 0.0075858714456834694 0.032816003182628672 0.056321771764945773 0.018750151956645377 0.019128781312438628 0.02477701169111643 0.076932507596437313 -0.041018016575837646 0.032097193293647401 0.0050945621435486933 0.033125613122108814 0.063112328785715016 -0.010404839553769658 0.01830764211054586 0.033892807037613971 0.06131677934912845 0.06849370715705265 0.056187751051520178 0.054740655482410555 0.05364699424235473 0.0064158834678547556 0.0075020471838971453 0.012663872268967839 -0.0030394431329169064 0.055544546714514843 0.02092837988932798 -0.06512755230407144 -0.06646347100973965 0.011601110789358727 0.017121626643057993 -0.059391517152627783 0.0072841621684546403 -0.059541053525461934 0.046737309880736932 0.047034663752289096 0.01665625779573715 0.045909182660606201 -0.0076254700628761917 0.056902769344759942 -0.0092749926645566329 0.014431423983386892
leaf_weight=3302.4052273705602 1104.5689165592194 1754.7986282557249 1416.1754984855652 257.14390271902084 1908.3632746040821 3385.38951818645 5262.6437818855047 2250.291471041739 1443.8169504106045 1966.3859139829874 2766.8335466533899 1919.873779669404 194.58329890668392 8445.2216673791409 204.00791309773922 626.59088499844074 1910.6671330779791 6306.5116844624281 2482.7295092344284 1508.1382420882583 737.94051609933376 467.05555012822151 721.25210417807102 3140.3859368860722 273.70186522603035 5859.4617598056793 813.82189573347569 80.302165195345879 862.92020559310913 1014.0790048390627 1573.8548641949892 344.30106426775455 25.454585298895836 59.273791626095772 4218.6688939929008 67.854431182146072 606.71582719683647 136.61466835439205 19.716586053371429 2781.5794898867607 300.37809014320374 1438.451339289546 951.31937347352505 940.5717671662569 1613.4924744069576 792.07986956834793 80.549264162778854 42.306959599256516 32.100459054112434 223.34708075225353 1046.1316269934177 25.533159077167511 1106.9915304481983 75.793229669332504 107.97757868468761 997.24475625157356 1465.5728105008602 15.362005591392515 728.21319715678692 57.863530695438385 4833.6444680243731 533.9393697977066
leaf_count=25015 2321 5369 6526 578 4342 7309 16422 10968 9748 8999 6345 3503 407 14588 401 1100 7054 16381 8751 8950 1471 1468 1646 5502 1063 16102 2363 125 7915 2339 6119 900 102 156 12990 143 1022 214 34 4945 568 4493 3364 4057 6388 1386 192 153 127 716 2696 101 3919 253 274 1836 3937 29 2884 144 26303 1315
internal_value=0.0201912 0.00952919 -0.00337007 0.0505135 0.0184146 0.0409233 0.0155819 -0.0118574 -0.0168502 0.00746747 0.0187014 0.03425 -0.00137596 0.0606695 0.032182 0.0286104 0.00804426 0.0165048 0.00219872 -0.00417707 0.0279514 0.0250381 0.0137615 0.0499426 -0.0107318 0.0127339 0.00806306 0.0225592 -0.0265107 0.0201908 0.0108572 0.00999474 -0.012012 0.047336 0.0147176 0.0508505 0.049624 0.0339113 0.0189073 0.053235 0.0296393 0.016623 -0.00315366 0.00112466 0.00470066 0.04302 0.0277812 -0.00870597 0.0028238 0.0301184 0.0277481 0.00838788 -0.00351183 -0.0243499 0.0108873 0.0383001 0.0241024 -0.04177 0.00306546 0.00974894 -0.00889579 0.028925
internal_weight=91631 67793.2 27651 23837.8 40142.2 12260.4 34051.2 15858.9 10741.9 9455.36 24595.8 6091.02 5116.93 11577.3 6226.14 5167.93 11792.2 20482.4 6686.48 4699 4111.88 4541.34 14095.6 6034.28 6576.62 13374.4 6076.47 6386.81 4165.33 2768.88 9424.66 2827.03 6302.92 1979.15 5792.52 3132.11 1058.21 451.494 314.88 2874.97 4113.34 7297.91 2367.49 3190.86 3632.14 2893.89 4042.19 122.856 499.156 417.93 3812.97 93.3876 3859.45 110.872 2018.64 2101.81 3373.94 91.1552 1893.07 1164.86 4859.1 3919.33
internal_count=296831 251814 137959 45017 113855 24662 100446 95244 70146 33305 67141 13409 25098 20355 13617 11664 42715 57532 25597 23975 9750 10564 41026 11045 37216 39380 18785 16506 32930 7708 32825 9651 36153 3659 19109 5767 1953 931 717 5189 9609 20595 9890 15025 13716 5543 8969 345 1595 1123 9041 244 15946 316 7328 4157 8279 282 6947 4063 26405 8624
is_linear=0
shrinkage=0.05


Tree=23
num_leaves=63
num_cat=0
split_feature=25 38 62 11 48 38 19 62 1 48 43 30 1 1 48 12 43 61 43 48 9 1 16 47 62 0 1 11 52 50 62 47 62 38 34 1 40 50 43 62 46 47 24 43 40 62 1 62 43 3 61 9 50 35 1 50 55 50 26 43 40 0
split_gain=11021.8 2922.33 975.04 894.368 621.349 349.572 333.611 346.337 302.338 243.224 186.638 171.335 170.672 164.599 153.109 152.978 145.2 131.292 122.383 115.878 107.73 106.182 99.97 95.3268 93.8771 93.2597 94.5607 90.7036 89.4298 89.0088 86.8412 91.335 85.5642 84.2407 98.9931 82.5987 78.151 76.661 76.3961 76.7732 74.8108 74.3204 72.9555 110.727 76.7388 68.6432 66.3426 66.4318 64.9309 64.4542 63.5393 62.5723 62.5358 59.8231 58.6084 58.4747 58.2658 59.2055 58.2256 79.3566 63.5386 56.6319
threshold=0.99990731729870708 41193836.742394902 11.933748848671931 7.5000000000000009 13239306167.906496 5823628996.9336128 12097280443487314 23.081006820840908 4.9050000000000011 12223183.666937871 4.2909673659673677 26.500000000000004 4.4850000000000012 6.8750000000000009 22751352802.899826 5.205000000000001 4.6430384615384623 17.712949457945054 4.6054217359353329 367065762881.72784 15092809.000000002 4.6950000000000012 19.154347826086958 1.0000000180025095e-35 1.9685002862761696 95.550000000000011 5.5950000000000006 2.5000000000000004 12.838193024819736 441.9246103158444 21.789888850165543 8.1302855140003683 3.8960848622140354 295746033815.01538 0.51111372975323699 4.6950000000000012 47.500000000000007 86.787871088087329 4.6322748655913992 13.315790620099078 143.54423076923081 1.0000000180025095e-35 0.40620192023179819 4.66670396896449 355.50000000000006 2.1230707475542059 6.1250000000000009 10.024349032884421 4.4789736842105272 112.15000000000002 57.486764577110783 4940.5000000000009 234.73027989768534 0.86858896380650297 5.7950000000000008 72.551374740322203 12.646769539136084 486.54259682889079 -1.0000000180025095e-35 4.3179029304029317 6.5000000000000009 10.910000000000002
decision_type=2 2 2 2 2 2 2 2 2 2 2 2 2 2 2 2 2 2 2 2 2 2 2 2 2 2 2 2 2 2 2 2 2 2 2 2 2 2 2 2 2 2 2 2 2 2 2 2 2 2 2 2 2 2 2 2 2 2 2 2 2 2
left_child=3 2 8 5 6 11 7 12 9 29 -4 18 49 20 41 19 36 24 -1 53 25 58 -11 -23 -14 26 -10 54 -20 -2 35 -32 -24 34 -7 51 52 -37 -36 -40 -17 48 -43 44 -44 -26 47 -47 -5 -3 -15 -12 -9 -6 -25 -38 -34 -58 -8 -60 -61 -62
right_child=1 4 10 14 15 33 21 16 13 22 30 -13 17 50 -16 40 -18 -19 28 -21 -22 23 32 27 45 -27 -28 -29 -30 -31 31 -33 56 -35 38 37 55 -39 39 -41 -42 42 43 -45 -46 46 -48 -49 -50 -51 -52 -53 -54 -55 -56 -57 57 -59 59 60 61 -63
leaf_value=0.010081263232435288 -0.021941836260497602 -0.0057955781102683466 -0.011316995994290716 -0.052074004278021571 0.029202191440324245 0.054499034482074542 0.059554398885307572 0.01258849924365097 -0.0013406729052519463 0.01295588719194142 0.038583008347744696 0.045134945697876822 -0.013013020808775814 0.044356172645535881 0.063098604712824621 0.047111400004148013 0.023452329886696332 0.0040120608635712636 0.033206631562591557 0.042837744120722276 -0.014376417577747429 0.013135632379978106 -0.023137224496497084 0.024751770212354515 0.074304083962946549 -0.020611042641685624 0.018311050645819504 0.044186939178385398 -0.005240650513504785 -0.040230886977502829 -0.0032202987537492279 0.017573833605830019 -0.018519051942717673 0.056913612060601582 0.024126553071860419 0.019452241578287864 0.03959247371069799 0.0035820441274626298 0.032534049982120769 0.050284396366246292 -0.019931348369330221 0.062921099351098561 0.033624704769363863 0.056011065782191616 -0.05366256427568486 0.0034902330441087537 0.050616064366484852 0.019707454476031325 0.031515200337042741 0.0068444944948435884 -0.019040262940875654 -0.0015030030453652959 -0.0016907921968869356 0.016560351208937205 0.047088751852639048 0.016892655831734587 -0.0041131346968763804 -0.032252289084551904 -0.020318864035370164 0.0053841821591868212 0.033239972175346626 0.017522816665750243
leaf_weight=1170.9472569674253 3249.8916742950678 2924.04281501472 1166.6336939930916 27.076401934027672 2135.7625256627798 1472.6246331632137 81.010208308696747 4187.7276032865047 1943.3595712631941 437.08721140027046 100.76174902915955 1198.4996902942657 251.88101132214069 254.77594807744026 8485.6426339894533 1590.0522036254406 6352.5276147723198 3896.2475914061069 1952.0916953980923 993.93487080931664 1556.451618924737 851.8846318423748 1307.7229445800185 2726.8705413639545 54.242843866348267 411.88627290725708 893.61801905930042 1050.7507443130016 163.95152513682842 836.48924078792334 607.10536827147007 4056.6228380799294 1152.8491777777672 1650.1209213584661 692.02473206818104 1531.835345312953 395.36390133202076 1512.0510521382093 1043.8250145018101 1462.9021265506744 42.728430524468422 972.32118991017342 669.04942156374454 1061.2154657244682 26.164580896496773 790.13411024212837 147.41641664505005 3145.0509156435728 163.63598483800888 1539.5448921918869 46.780291467905045 2875.1791901290417 938.60718686878681 1665.6288683265448 329.10663622617722 1004.5200074166059 3466.1568513959646 197.58628641068935 139.50046946108341 794.74084597826004 746.50881679356098 2467.6988814920187
leaf_count=3077 25015 11430 5732 88 4799 2618 145 12087 9420 1909 333 2265 1071 585 15120 2957 15669 13522 4123 1980 9177 2496 9160 6769 121 2095 3651 2092 449 7915 2334 12154 6621 2918 1508 5106 898 5475 2157 2667 118 1646 1372 1900 86 2981 325 9071 339 5495 176 11698 3120 4384 664 2822 18328 1291 531 2564 1732 6480
internal_value=0.0193087 0.00942818 -0.0031632 0.0499341 0.0178558 0.0396272 0.0152187 0.0122881 -0.011313 -0.0161099 0.00767184 0.0289516 0.0064459 -0.00131152 0.0597006 0.0321383 0.0180712 0.0106923 0.0230508 0.0276374 -0.00356021 0.0233929 -0.0101462 0.028357 0.0166228 0.00162157 0.00484941 0.0315145 0.0302277 -0.0256856 0.0097454 0.0148669 -0.011795 0.0472021 0.0437716 0.0057776 0.0128333 0.0115687 0.038833 0.042893 0.045357 0.0498239 0.0519329 0.04585 0.0303396 0.0184273 0.0176849 0.0164512 0.0196476 -0.00143587 0.0345215 -0.000145739 0.00997403 0.023663 0.0271573 0.0233037 -0.00871551 -0.00563068 0.0175729 0.0167531 0.0180431 0.0211732
internal_weight=91060.4 68848.3 27604.8 22212.1 41243.5 10807 34815.4 25627.3 15754.7 10647.8 11850.2 4485.49 12748.6 5106.87 11405.1 6428.11 12878.7 8284.97 3286.99 4795.33 4805.32 9188.07 6561.4 4958.61 4388.73 3248.86 2836.98 4106.73 2116.04 4086.38 10683.6 4663.73 6124.32 6321.5 4671.38 6019.83 6526.22 3043.89 3198.75 2506.73 1632.78 2919.46 2728.75 1756.43 695.214 4136.84 4082.6 3935.19 190.712 4463.59 301.556 2975.94 5126.33 3801.39 3055.98 1399.88 4816.59 3663.74 4229.46 4148.45 4008.95 3214.21
internal_count=296831 254498 138175 42333 116323 21782 102085 78612 95343 70239 42832 9914 44016 25104 20551 14238 34596 27091 7649 11163 24343 23473 37309 12021 13569 15166 13071 9525 4572 32930 37100 14488 35400 11868 8950 22612 18927 10581 6332 4824 3075 5431 5004 3358 1458 12498 12377 12052 427 16925 761 12031 15207 9183 7433 3720 26240 19619 11452 11307 10776 8212
is_linear=0
shrinkage=0.05


Tree=24
num_leaves=63
num_cat=0
split_feature=20 49 10 62 18 43 62 9 9 1 40 43 49 1 43 30 62 28 0 9 40 50 23 1 20 43 1 18 30 54 36 62 45 24 51 40 0 9 47 50 62 1 24 43 40 40 59 32 40 1 47 23 37 50 43 40 59 9 54 57 61 50
split_gain=10398.3 2552.4 930.082 664.503 646.952 448.968 339.086 265.82 263.309 255.916 244.433 216.192 173.882 166.077 165.545 123.963 123.08 121.54 109.857 102.185 101.288 101.148 99.0936 95.1126 91.2007 89.8579 88.1202 87.3512 86.8601 85.8381 85.229 82.5497 78.5748 92.9043 103.259 79.4136 77.9013 80.8805 76.9421 76.0624 71.8515 70.7605 70.6072 67.2086 65.9874 65.2704 65.2478 64.2717 63.8778 62.0635 67.4008 62.0295 65.689 60.1858 60.0577 59.906 57.9993 57.3935 57.3356 56.3957 55.3303 54.9817
threshold=6.5000000000000009 2.586672623542431e+17 8.5000000000000018 7.7057921137138736 1015884274.1461791 4.7213059619201649 22.717311617833762 189548.00000000003 189548.00000000003 5.1050000000000013 117.50000000000001 4.2751562500000011 2.8642256196265021e+19 4.705000000000001 4.578585325180657 24.500000000000004 15.2615599561873 31656980512.409153 64.950000000000017 9603.5000000000018 3.5000000000000004 560.78595961157146 5.0910427807486638 7.0550000000000006 34.500000000000007 4.8298574998311619 4.4850000000000012 6802800.715789956 5.5000000000000009 1.3261744236624622 10.001250000000001 7.7057921137138736 0.61280816464876098 0.40620192023179819 12.857142850105371 355.50000000000006 57.45000000000001 13895702.500000002 2.6466787174673585 225.90149813208021 3.8960848622140354 4.4850000000000012 0.3639809664187908 4.5600751879699262 18.500000000000004 10.500000000000002 0.99535829673000953 5.1950000000000012 2.5000000000000004 6.9650000000000007 26.983093938437808 4.325454545454547 1.5500000000000063 84.836879305338769 4.4194624819624844 46.500000000000007 0.9426055981926128 8150.0000000000009 0.34718253968254015 1.5000000000000002 51.021084676219687 207.4341324427983
decision_type=2 2 2 2 2 2 2 2 2 2 2 2 2 2 2 2 2 2 2 2 2 2 2 2 2 2 2 2 2 2 2 2 2 2 2 2 2 2 2 2 2 2 2 2 2 2 2 2 2 2 2 2 2 2 2 2 2 2 2 2 2 2
left_child=1 3 5 8 6 10 7 18 29 21 27 -5 32 31 55 22 19 57 26 -13 58 40 -7 36 39 -22 56 -2 49 38 59 45 -4 34 51 -35 37 -11 46 -12 -10 -21 47 -33 -27 -9 48 -41 -1 50 -16 52 -34 -43 -40 61 -3 -6 -15 -28 -25 -8
right_child=2 4 12 11 17 15 14 13 9 23 24 16 -14 20 28 -17 -18 -19 -20 41 25 -23 -24 60 -26 44 30 -29 -30 -31 -32 43 33 35 -36 -37 -38 -39 54 42 -42 53 -44 -45 -46 -47 -48 -49 -50 -51 -52 -53 -54 -55 -56 -57 -58 -59 -60 -61 -62 -63
leaf_value=0.00019586067206862242 0.01342843765707495 0.013890565825850042 0.061505768539802365 -0.013519148941796255 0.036472017235590973 0.031976534812970601 0.012863754081369909 -0.022852227303688792 -0.023529081200937149 0.0077250484616019389 0.038677685336753392 0.026821618351822032 0.062037891912370038 -0.0085748257136984765 0.0077208219086928476 0.055544557601270708 0.010516941322278458 0.05127759770899476 0.0044169383503823425 -0.0085864722476437141 0.0063597303955630459 -0.036140167416749309 0.052614297430024187 0.05236189882049596 0.05723182413932193 0.017893582212028549 0.01692706783391227 0.02791102475320964 0.02639872151093486 0.06042839167592149 0.025627510806537558 -0.0074953280592425058 0.058886162739177544 0.034947358604995059 -0.042172049652919985 -0.054575828231269288 -0.031837937506906437 -0.01129426905142655 -0.029542746934841026 0.050306744507851379 -0.012158549607112105 0.0097710601958111744 0.060787453799936747 0.005646893396818683 0.04156940073186155 0.00063675197173302224 -0.04720520436330377 -0.067818910024970841 0.022567128989886085 0.067127719882442649 0.020501740506825336 0.05796888993321743 -0.078072376662902856 -0.0025454971223640918 -0.0012379332436104644 0.020842744574952037 -0.013330627028946175 0.020283791665614739 0.023205033638231759 -0.021479642941285758 -0.031695387882380764 0.00038317906589278167
leaf_weight=668.60563222318888 1625.1329909712076 1951.0145079493523 786.23129171133041 1654.5608500763774 1577.5901408493519 1444.9964138716459 3485.0746301710606 672.82648175954819 3385.9834656044841 1061.0004258602858 1202.4867385476828 354.06570310890675 7916.0996407419443 803.12634433805943 1347.6534614264965 2958.5100857913494 6501.0239368677139 1042.7941338568926 1496.1663433462381 1968.6320089101791 1725.4737581461668 993.80306501686573 973.512400791049 112.28430745005608 761.84877321124077 1965.5076141953468 235.36126579344273 2897.4156782180071 6711.8391251415014 62.886816829442978 4041.8351528346539 1333.3685612231493 17.488182723522186 1087.9285931289196 27.589995324611664 25.349362269043922 247.80028755962849 1181.3705745637417 280.21632076054811 15.311779558658598 2356.1479970142245 1801.2711897492409 25.197429940104485 3597.4933430105448 346.12715956568718 527.72016495466232 50.260680943727493 46.441293701529503 610.39090100675821 63.7060926258564 4397.4353094995022 1047.9889104664326 17.531720578670502 2207.3519688397646 565.84091368317604 1628.0762562900782 217.4948223978281 838.55945512652397 172.38952349126339 160.93903648853302 23.711466088891029 1181.6495285630226
leaf_count=3253 4205 5819 1382 8770 3197 2991 9935 3645 26552 4973 2368 1212 14588 3260 3841 5330 22402 1908 4698 10365 5484 8977 1765 230 1364 5883 674 6396 15723 162 10261 5157 32 2235 97 83 1438 6935 1694 30 15608 7221 42 12096 780 2062 260 171 2256 105 11043 1856 82 9357 2546 4325 753 1911 544 574 94 3831
internal_value=0.0184665 0.00860682 0.0476046 -0.00364964 0.0163074 0.0379649 0.0144259 0.00975981 -0.0125674 -0.0162507 0.0292001 0.00349123 0.0581484 0.00474932 0.019199 0.0486805 0.0056845 0.037011 0.0166509 0.000722524 0.0115001 -0.0214124 0.0402838 -0.00301124 0.043516 0.0149939 0.0194214 0.0227069 0.0225245 0.0028391 0.0234579 -0.000769632 0.0479195 0.0431162 0.0533481 0.0329089 -0.00523494 -0.00229509 0.00117423 0.0354122 -0.0188635 -0.000823469 -0.00974836 0.00209307 0.0214386 -0.0125273 0.00867639 -0.0385295 0.0108724 0.0180479 0.0175037 0.0557815 -0.00967824 0.00298894 -0.0106126 0.0125846 0.0111604 0.0308537 -0.00295881 0.00132996 0.0377061 0.00970358
internal_weight=90485.5 67608.4 22877.1 26087.2 41521.2 11950.9 38062.3 19246.8 11600.3 9362.1 6573.83 14486.9 10926.2 11144 18815.4 5377.02 12832.3 3458.94 8102.81 6331.32 5012.62 6735.93 2418.51 2626.17 2051.29 4037.11 6606.64 4522.55 12520.6 2238.2 4438.14 6131.41 3010.11 2223.88 1110.6 1113.28 2490.17 2242.37 2175.31 1289.44 5742.13 5977.26 86.9505 4930.86 2311.63 1200.55 1329.26 61.7531 1279 5808.79 5745.09 1083.01 35.0199 4008.62 846.057 6294.8 2168.51 2416.15 975.516 396.3 135.996 4666.72
internal_count=296831 251814 45017 134305 117509 24662 110493 61690 74978 64807 14576 59327 20355 38911 48803 10086 50557 7016 22779 28155 15951 51137 4756 13670 3975 12147 18081 10601 30712 10171 11509 22960 5767 4385 2067 2318 13346 11908 10009 2611 42160 26943 243 17253 6663 5707 5769 201 5509 14989 14884 1970 114 16578 4240 18091 6572 5108 3804 1248 324 13766
is_linear=0
shrinkage=0.05


Tree=25
num_leaves=63
num_cat=0
split_feature=20 38 62 18 18 1 1 48 48 30 30 40 43 43 1 43 28 14 43 56 54 61 40 43 24 51 62 50 40 62 2 40 25 62 43 46 1 40 36 56 6 5 10 50 43 9 30 48 62 1 58 45 36 13 46 46 61 3 57 58 50 46
split_gain=9758.02 2564.91 905.253 728.595 640.896 297.061 249.352 249.089 224.954 218.737 212.571 204.802 166.165 154.434 143.182 140.684 135.372 110.208 100.798 98.8922 98.7068 98.3865 93.1056 92.9493 107.811 120.388 86.6647 84.4094 84.0215 78.9802 78.5726 80.2447 76.3614 74.0389 69.7343 68.9505 67.1773 66.9278 63.0508 62.7257 62.6034 59.6307 58.5952 67.3165 58.4167 58.185 57.8336 55.7598 57.0872 54.5765 52.5459 59.6516 52.2533 51.2655 51.1866 50.7718 50.4992 50.0886 49.9505 49.3476 49.1657 49.0383
threshold=8.5000000000000018 55478682.356264077 11.933748848671931 1015884274.1461791 81753272.656293467 4.6950000000000012 4.9050000000000011 12223183.666937871 22751352802.899826 45.500000000000007 5.5000000000000009 11.500000000000002 4.8561828874976296 4.2909673659673677 6.6950000000000012 4.6333333333333364 31656980512.409153 1.0000000180025095e-35 4.7434035395641372 1.0000000180025095e-35 1.065821566110398 23.671632775309632 40.500000000000007 4.7001182033096933 0.40620192023179819 12.857142835003646 10.488060416718531 441.9246103158444 450.50000000000006 11.288189863334248 12.500000000000002 35.500000000000007 0.9734186663348755 4.1961334046949306 4.7885895117540693 45.968333333333341 5.9150000000000009 5.5000000000000009 35.240454545454554 1.0000000180025095e-35 8.2250000000000032 0.96500000000000008 18.500000000000004 779.82269281538936 4.6174306076519143 24087.500000000004 24.500000000000004 367065762881.72784 30.154878519329866 6.1950000000000012 0.56638466991089664 1.3985754501969134 7.9502051282051278 4.6846500346500362 12.955825791855206 165.45500000000001 18.611631395248757 40.750000000000007 1.0000000180025095e-35 0.95368063612909471 424.12239505809316 157.70370370370372
decision_type=2 2 2 2 2 2 2 2 2 2 2 2 2 2 2 2 2 2 2 2 2 2 2 2 2 2 2 2 2 2 2 2 2 2 2 2 2 2 2 2 2 2 2 2 2 2 2 2 2 2 2 2 2 2 2 2 2 2 2 2 2 2
left_child=1 2 6 5 9 11 7 27 23 34 20 29 22 -4 21 30 37 33 32 35 26 57 49 24 25 53 -7 -1 -26 45 31 52 -11 -9 50 56 -37 -5 -23 -28 -35 -16 43 -10 -39 -3 54 48 -17 -12 -2 59 -13 -6 -14 -46 -15 -8 -27 -52 -42 -22
right_child=4 3 13 16 8 10 14 17 42 18 12 15 46 19 41 47 -18 -19 -20 -21 61 38 -24 -25 28 58 39 -29 -30 -31 -32 -33 -34 40 -36 36 -38 44 -40 -41 60 -43 -44 -45 55 -47 -48 -49 -50 -51 51 -53 -54 -55 -56 -57 -58 -59 -60 -61 -62 -63
leaf_value=-0.020571677036845065 0.010842711455966393 0.005461274635677504 -0.0091542032111249193 0.01916055069301232 0.060846513249980028 0.0041168866762040825 0.028665498002936253 -0.019381866318780895 0.055558364466015947 0.045839916640522699 0.015741982156284664 -0.074434476564843574 -0.0091452317109950807 0.0091509848118831311 0.01527534461489519 0.015091292283149963 0.050624594037606635 0.017926268814412193 0.057407500932510805 0.002111710490070137 0.040715020488631737 0.01057535190687056 0.030151624750777529 0.053462145782024573 0.030715151217255349 -0.060882489675951112 0.018373659667102034 -0.03883365993726047 -0.06279340378253119 0.0077061083206147367 -0.0064733104091061981 0.016570519795667982 0.027012773280157405 -0.048068350806416062 0.038849798757672541 0.013547729879527732 0.041877538518021264 0.01726841275313961 -0.015811906675415498 0.0053015139564255697 -0.0050892377476924738 0.057162264337035099 0.063002413154144829 -0.013702859921008628 0.041033021859588542 -0.012213772092297704 0.053879117269690614 0.040796191063219439 0.026654787492616017 0.047120631555191451 0.036720594144232004 -0.014161972902523712 0.0067179614648497704 0.024933382287173282 0.033669614654868674 -0.022726862759808869 -0.0062698130894395555 0.00072949819396743454 0.04398228220687668 0.015584980224023515 -0.025713362687340976 -0.032011457398991319
leaf_weight=3158.4327623397112 794.78303961455822 709.29943174123764 1294.0865706652403 829.41575749218464 734.42141260206699 2148.4308231920004 170.27851289510727 1611.2539610266685 3902.5336308777332 1398.3101671040058 4421.2507449835539 19.928135350346565 71.948415666818619 1962.2752292752266 304.82096415758133 3572.6938160061836 1292.5827945619822 371.9165456444025 1035.5111685991287 3757.9440007358789 426.16815733909607 262.23320992290974 1800.6712514013052 1911.8210973143578 1237.3602518588305 32.285159915685654 4751.3141224086285 791.2766792550683 24.498662203550339 2054.2188208848238 710.27145367860794 3459.3894189894199 875.95689441263676 91.559250995516777 738.72501555085182 6377.8880404233932 216.3532280921936 345.34756436944008 1655.8717217892408 1137.351868480444 4728.2343511879444 117.8052963167429 5255.7531980127096 35.399967327713966 1660.1166165918112 1355.3060021474957 359.88856567442417 298.04304282367229 1522.0388022065163 143.05631940066814 842.02948316931725 82.272313132882118 4282.1679364144802 114.92006434500217 2346.9353809207678 31.820964783430099 727.8071953356266 2780.9329203516245 17.517393335700035 410.95539817214012 307.77920449525118 24.51192981004715
leaf_count=25015 2001 2264 6315 1918 1290 7606 692 11127 7465 2698 11746 95 210 6895 905 9470 2419 1354 1862 13747 947 1131 4087 3541 2604 119 12510 7915 83 6463 2559 9303 1924 609 1454 20276 498 796 9367 3418 25160 225 9932 100 3216 6166 640 590 3497 286 1728 295 13376 252 5076 90 2864 13572 34 979 1975 80
internal_value=0.0176624 0.00900925 -0.00185093 0.0173887 0.0490189 0.0150761 -0.00989163 -0.0141624 0.0552137 0.0357176 0.0196878 0.0105545 0.0249773 0.00732049 -0.00096547 0.0134628 0.0371912 -0.00857017 0.0444763 0.00895515 0.0139896 -0.00338846 0.0205238 0.0454315 0.0383269 0.051557 0.0127127 -0.0242302 0.0288997 0.000764857 0.00944434 0.010901 0.0385885 -0.0100325 0.0256125 0.0117251 0.0144772 0.0311341 -0.0122044 0.0158489 -0.00709463 0.0269511 0.0595472 0.0549357 0.0360087 -0.00614147 0.0351784 0.0197756 0.0185459 0.0167255 0.0210217 0.0270805 0.00634205 0.0559873 0.0323961 0.0398339 0.00497886 0.00234134 -0.0239977 0.0297885 -0.00634969 0.0367595
internal_weight=89908 70462.9 30688.7 39774.2 19445.1 35614.9 16352.4 11060.5 13266.5 6178.54 17631.5 17983.4 9143.75 14336.4 5291.94 13864.5 4159.28 7110.74 3309.78 13042.3 8487.78 4869.32 6364.98 4072.82 2161 899.144 8037.1 3949.71 1261.86 4118.82 8471.76 7761.49 2274.27 6738.83 2868.77 9284.32 6594.24 2866.7 1918.1 5888.67 5127.57 422.626 9193.69 3937.93 2037.29 2064.61 2778.77 5392.78 5094.73 4564.31 2130.04 1335.26 4302.1 849.341 2418.88 1691.94 2690.08 2951.21 49.8026 1252.98 5036.01 450.68
internal_count=296831 258470 149642 108828 38361 100389 99047 73155 25420 12941 46606 53783 22045 50595 25892 38890 8439 40225 6484 44280 24561 24762 16119 7923 4382 1695 23534 32930 2687 14893 25333 22774 4622 38871 6457 30533 20774 6020 10498 15928 27744 1130 17497 7565 4102 8430 5926 13557 12967 12032 5003 3002 13471 1542 5286 3306 9759 14264 153 2707 27135 1027
is_linear=0
shrinkage=0.05


Tree=26
num_leaves=63
num_cat=0
split_feature=20 48 18 18 48 30 54 54 48 30 40 2 46 50 28 54 55 18 46 18 61 0 50 48 35 36 0 45 24 40 50 27 0 54 54 9 28 52 61 46 61 10 50 44 57 45 50 48 59 63 50 34 9 7 0 16 48 23 59 51 27 9
split_gain=9163.81 2316.06 742.765 639.423 513.383 286.884 242.563 235.04 230.911 210.147 210.143 183.579 188.294 157.676 132.362 125.558 122.353 115.724 128.268 114.79 104.179 98.8682 89.655 86.421 85.9765 196.71 82.2288 79.9067 94.0232 81.6362 76.5957 75.507 72.2009 68.9043 67.7561 66.3525 64 101.219 63.6744 62.49 61.7095 60.6172 63.9983 59.0985 57.8593 57.8197 57.674 59.1273 59.723 53.8817 57.8519 53.7511 53.2211 50.8639 50.7078 50.4767 50.1945 58.6147 81.4685 50.0453 49.3335 48.6398
threshold=8.5000000000000018 205466709.88680819 1015884274.1461791 81753272.656293467 15848844.984281095 22.500000000000004 1.2764780673871579 0.4000000000000008 22751352802.899826 45.500000000000007 5.5000000000000009 2.5000000000000004 28.315701754385966 207.4341324427983 31656980512.409153 2.4743801652892565 720.0510843326382 10785252.804535801 24.504166666666666 9609211.4196398631 29.042253964878348 500.05000000000007 263.96902072500785 367065762881.72784 1.0532244697402697 9.9985714285714291 65.450000000000017 0.62004475263889891 0.40620192023179819 450.50000000000006 441.9246103158444 1.1472315808458509 61.45000000000001 0.57606000718648931 1.976478067387158 8150.0000000000009 708445784.38414037 12.639634480727777 12.513726330279505 48.558137019230777 18.381938824743646 18.500000000000004 779.82269281538936 0.43465402273885917 1.5000000000000002 0.58593438319857361 1267.9153214682294 354852392809.20172 -0.88697705852364728 2.9413142945521398 36.86033060866631 0.51371856291019025 28894.000000000004 10.015000000000002 32.823 100.05000000000001 72235002.998169512 4.6842188278266663 -0.30069434954884194 3.4285714263673479 6.007794617690112 2019810.0000000002
decision_type=2 2 2 2 2 2 2 2 2 2 2 2 2 2 2 2 2 2 2 2 2 2 2 2 2 2 2 2 2 2 2 2 2 2 2 2 2 2 2 2 2 2 2 2 2 2 2 2 2 2 2 2 2 2 2 2 2 2 2 2 2 2
left_child=1 4 5 9 7 10 17 30 27 46 20 54 51 19 35 38 21 18 -6 34 33 -15 39 -7 45 31 -17 -5 36 -30 -1 -26 -8 44 40 -4 37 -29 -9 -20 -14 42 -10 -27 61 -11 47 48 60 50 -41 52 -13 -42 -12 -16 -50 58 -58 -21 -2 -3
right_child=3 2 14 8 6 23 32 15 41 24 11 12 13 16 55 26 -18 -19 22 59 -22 -23 -24 -25 25 43 -28 28 29 -31 -32 -33 -34 -35 -36 -37 -38 -39 -40 49 53 -43 -44 -45 -46 -47 -48 -49 56 -51 -52 -53 -54 -55 -56 -57 57 -59 -60 -61 -62 -63
leaf_value=-0.018534173818812713 -0.022068904494522971 0.014051845250352153 0.035264638966628355 0.054951967279953919 -0.014223271121392003 0.024119848902717515 0.044401745399465099 0.00092570507313638776 0.054387158349182146 0.056429349025642409 0.039247733135200212 0.018647825568764754 0.016062733397220499 -0.00095604383751660051 0.051460015988238531 0.039074554247231635 0.069789610687424161 0.011342119266010529 -0.002701148037941096 0.019456023629844062 -0.010544936319657194 0.014089524122045886 -0.0088576757484061554 0.045582357714827847 0.066597875960869676 -0.072202062159231403 -0.052094144750251183 0.046162425379306857 0.032749489465786104 -0.058062249322977225 -0.035829903327583602 -0.020564629573687709 0.0011389078690858417 0.030591867114628937 0.06218083930164503 0.019125453381256173 0.06093676714128457 -0.01357278560324404 -0.012379246404715131 0.019340201090056297 0.0078745244449063001 0.062096616093071669 -0.012927059983998063 0.015422901968888847 -0.0067283059095930567 0.041030910066931617 -0.04592304847941639 0.050651207550587551 0.084045419329376328 -0.00080098577524359863 0.0054897396055672313 -0.015974599353122534 -0.0033751584992134515 0.015993875425754388 0.022620514683735091 0.0038910109695769624 0.037772328751088192 0.034165007768495258 0.0098587266506970778 0.031690385040686782 0.018409415075743236 -0.0037404762759724259
leaf_weight=3472.4894686043262 122.37651741504669 1386.5087762922049 1883.0648163110018 1181.3742581605911 1645.4307737797499 2484.9956343173981 418.21568112075329 1478.7574513629079 3790.1114832013845 849.93487645685673 655.25641044974327 377.89457979798317 10481.609195977449 3067.8794029355049 1204.3271159082651 226.64337961375713 72.626235470175743 2154.2044066637754 3985.0799568518996 3278.9383066743612 1221.9312724769115 1695.2495150119066 2124.2748280242085 578.14978693425655 121.80797722935677 61.096619069576263 27.762337878346443 538.27949611842632 1539.0459361076355 25.15239092707634 784.79940270632505 31.213692799210548 125.34254886209965 275.60678568482399 71.615026041865349 962.28680513799191 628.25821313261986 81.675508230924606 2294.6340625956655 937.94607195258141 6167.4216001927853 5070.4951148331165 35.641812220215797 28.089220330119133 822.66251663863659 2156.1337469369173 28.79863540828228 211.05186793208122 36.59007516503334 2543.0642296746373 3842.7513497546315 537.91880859434605 1000.9829494357109 2806.6944652050734 1527.364795178175 58.475475117564201 367.56619200110435 985.47711466252804 904.95755304396152 1121.8622779101133 195.55910110473633 531.31639194488525
leaf_count=26863 356 4301 3829 2222 9595 5892 1064 7502 7465 1570 1468 1063 29018 10170 2274 521 129 7550 18712 8146 5002 4643 10886 1095 195 241 123 1021 3217 83 7982 99 424 717 125 2191 1148 232 13251 3601 18336 9932 100 67 3240 4312 106 383 64 11436 15307 1798 3798 7931 3748 145 754 2015 2327 2478 452 2116
internal_value=0.0168957 0.00857404 0.0155354 0.0477158 -0.00325177 0.0134641 0.00153915 -0.0135311 0.0540277 0.0343796 0.0122499 0.0136013 0.0126045 0.0136157 0.0357854 -0.00487294 0.00538092 0.000501848 -0.00104685 0.0152799 0.00177126 0.00439884 0.000567134 0.0281708 0.0430756 0.0144181 0.0291257 0.0440397 0.0394559 0.0312892 -0.0217225 0.0488183 0.0344255 0.00676101 0.0136358 0.0298064 0.04969 0.0382927 -0.00716516 0.00233751 0.0134572 0.0585115 0.05376 -0.0446044 0.00436437 0.0453847 0.0244766 0.0251946 0.0231382 0.00507919 0.00820712 -0.00256918 0.00266045 0.0104139 0.0276123 0.0492573 0.0259522 0.0250108 0.0179215 0.0225748 0.00282892 0.00912264
internal_weight=89324.7 70334 44272.6 18990.7 26061.4 40164.5 17776.3 8285.09 12890 6100.65 37101.3 32863.3 30680.7 28763.9 4108.15 4027.8 4835.76 17232.8 15078.5 23928.1 4238.03 4763.13 13433.1 3063.15 3248.28 242.208 254.406 3993.79 2812.41 1564.2 4257.29 153.022 543.558 3016.09 19527.3 2845.35 1248.21 619.955 3773.39 11308.8 19455.7 8896.25 3825.75 89.1858 2740.49 3006.07 2852.38 2823.58 2612.53 7323.76 4780.7 1916.8 1378.88 8974.12 2182.62 1262.8 2294.59 2258 1272.52 4400.8 317.936 1917.83
internal_count=296831 258470 123653 38361 134817 115214 78575 56242 25420 12941 108227 92851 87635 80976 8439 21397 14942 77087 69537 66034 15376 14813 59942 6987 6484 602 644 7923 5701 3300 34845 294 1488 10374 55410 6020 2401 1253 20753 49056 55285 17497 7565 308 9657 5882 6457 6351 5968 30344 18908 6659 4861 26267 5216 2419 5160 5096 3081 10624 808 6417
is_linear=0
shrinkage=0.05


Tree=27
num_leaves=63
num_cat=0
split_feature=20 38 62 20 19 43 48 62 43 43 61 54 55 20 19 62 28 40 45 50 9 19 23 13 47 54 9 31 62 45 43 63 45 57 62 20 47 54 50 9 56 54 31 47 54 43 62 40 54 40 9 27 46 63 61 59 50 51 43 47 61 50
split_gain=8610.38 2120.38 774.62 637.006 628.843 487.497 262.64 261.855 210.16 192.384 189.858 172.771 166.567 151.987 137.017 130.068 129.631 120.318 115.583 112.834 110.053 101.766 96.2978 114.215 93.7257 92.755 96.9393 91.1231 85.122 81.3928 79.4123 78.905 78.8603 76.4097 74.7619 74.6307 73.8668 75.7865 73.0563 72.3851 79.5138 69.9798 68.6696 67.3568 65.8376 74.6167 65.8182 64.7061 63.2501 63.1241 61.0744 60.4932 146.315 133.82 60.0407 56.5811 55.8416 55.422 55.4017 55.4011 54.4639 51.5597
threshold=8.5000000000000018 55478682.356264077 7.7057921137138736 34.500000000000007 1.2789225281647012e+18 4.728601953601955 367065762881.72784 10.378951855816387 4.2751562500000011 4.8600373134328372 59.585640920802327 1.5000000000000007 517.58276509297173 1.5000000000000002 3.4184068520335867e+18 18.807588185506962 31656980512.409153 51.500000000000007 0.81942355076085283 139.78673502612926 189548.00000000003 8.913199857542921e+17 4.5558730784391024 4.6004629629629639 1.0000000180025095e-35 1.976478067387158 7516.5000000000009 0.18333333333333332 41.656739314430816 0.93063103264982605 4.6375216262975796 21.737554041675928 1.4476482730108382 1.5000000000000002 3.2868953971770685 58.500000000000007 54.140385527974622 0.21904761904761957 441.9246103158444 26953072.500000004 1.0000000180025095e-35 0.61666666666666681 2.416666666666667 1.0000000180025095e-35 -0.3677419354838708 4.7326566968830299 2.3958421498095643 4.5000000000000009 -0.24444444444444394 5.5000000000000009 16482336.500000002 2.0089820328749757 32.816441441441448 66.511479477106789 17.30900226761047 0.90992662233962551 179.82692951672109 12.455357140771984 4.6230962504831865 4.0259093893013418 14.276665719126798 268.777959470658
decision_type=2 2 2 2 2 2 2 2 2 2 2 2 2 2 2 2 2 2 2 2 2 2 2 2 2 2 2 2 2 2 2 2 2 2 2 2 2 2 2 2 2 2 2 2 2 2 2 2 2 2 2 2 2 2 2 2 2 2 2 2 2 2
left_child=1 2 10 5 6 14 7 12 -4 17 11 13 20 44 32 25 49 19 -5 28 33 34 24 35 -20 26 -10 41 36 -19 48 -31 57 55 -7 -24 37 -9 39 -13 -41 -11 51 -16 -1 56 -12 -14 -28 -6 -27 -26 53 -53 -38 -3 -46 -2 -51 -55 -32 -17
right_child=3 4 8 18 16 21 -8 9 15 27 46 38 47 -15 43 61 -18 29 22 -21 -22 -23 23 -25 42 50 30 -29 -30 31 60 -33 -34 -35 -36 -37 54 -39 -40 40 -42 -43 -44 -45 45 -47 -48 -49 -50 58 -52 52 -54 59 -56 -57 -58 -59 -60 -61 -62 -63
leaf_value=-0.023927766373970295 0.025465814264475535 0.017066628144024817 -0.012645450453238028 0.058958944188528699 0.016874209329951467 0.017307735296227259 0.039253994287659792 0.0055822465974819761 0.027173677307623292 0.015893017063370402 -0.034562311503745689 0.026551088701170823 -0.014867892587287837 0.01088865628078621 -0.039295710188547703 0.012101959975568299 0.047949800548494764 0.026975040947525175 -0.039719135462031048 0.0046609284199586277 -0.0052410272043661122 0.056201632651911852 -0.0098372570904592654 0.030124473199105391 0.057265418332494183 0.058375960207297233 -0.013954368268749396 0.02891178384505981 0.029327529424724705 0.012559545976892086 0.013957765575364349 -0.049322969148010293 -0.011437320835786233 -0.001692891892146834 0.044993687318051312 -0.16918146999071026 0.022476477385970382 0.018156053713717264 0.057588706410144352 -0.033708524384046167 0.024547742540478274 0.038047014484729864 0.057258584473971287 0.044916663524491501 -0.010278702452624501 0.0011891084089578506 -0.017049659183197143 0.062940071711931889 -0.00069958372244253693 0.015425722262575388 0.0060889255890023671 -0.097514059402177278 0.061939802409245195 0.05024407647697024 0.011773273453811723 -0.0033748114720788939 -0.02161700617803413 -0.0075765182149080739 0.037184368906167713 -0.029658001627471727 0.001340112656059894 -0.0011998170696672205
leaf_weight=1169.7439940720797 3757.7976810634136 1938.5208599865437 1671.9945250600576 7249.7368536442518 824.12879985570908 275.67234452068806 974.37775753438473 4733.4686634689569 350.1006660759449 4540.9490237981081 1048.3973027393222 281.73328545689583 32.118912875652313 728.61322014778852 24.293843805789948 7003.6371344923973 1233.1651974618435 2126.8120986670256 30.628575086593628 5118.999527618289 2664.2298199385405 2520.6480395197868 15.09625180065632 69.569080635905266 133.11041337251663 119.17041130363941 1122.0177058577538 2812.3560632616282 793.58769251406193 749.39517061412334 1382.6632167547941 55.314229041337967 160.28070767223835 1278.6235799640417 2111.5392206311226 14.317439585924147 2461.6984543651342 1604.6452544182539 91.879192128777504 147.77494861185551 97.033922642469406 386.8230616748333 774.48508022725582 1050.7696932256222 3959.639771528542 1046.176548063755 1098.8505108356476 158.96259968727827 4549.0714155733585 355.80387842655182 105.10554558038712 39.015569686889648 93.651050463318825 47.615306347608566 2801.2574306130409 410.14665445685387 1496.2841627448797 131.34113538265228 1645.5888074785471 39.850471764802933 2242.0940589904785 813.07687464356422
leaf_count=8776 8274 5586 8913 14541 1918 635 1961 14181 1195 12138 8949 906 137 3255 77 21625 2419 4791 107 15547 10926 5004 41 156 240 236 5550 6214 1769 2135 4934 207 557 4153 4149 69 6221 4222 287 774 356 832 1495 2118 27234 5502 7563 311 19957 824 353 153 164 94 7744 1314 11641 358 3278 129 8838 2798
internal_value=0.0161588 0.00815758 -0.00175074 0.046467 0.0157758 0.0379324 0.0136523 0.0129328 0.00429844 0.0150168 -0.0122383 -0.00905707 0.00387183 -0.0109347 0.0271461 0.0059002 0.0344238 0.0124751 0.0565318 0.0109058 0.00247507 0.0491949 0.0425372 -0.00479901 0.0465821 0.00208447 0.00134539 0.0217305 0.013485 0.0218503 0.000372644 0.00830586 0.0229334 0.00814252 0.0417965 -0.0873998 0.0124012 0.00876561 0.0164487 0.00926994 -0.0106177 0.0176321 0.048926 0.0430137 -0.0130074 -0.0110428 -0.0256002 0.0498613 -0.00332203 0.0285205 0.033872 0.0306568 0.014567 -0.0205095 0.0167796 0.0134969 -0.0133882 0.0243499 0.0333162 0.0138397 0.00615311 0.0107183
internal_weight=88765.5 70226 30525.1 18539.4 39701 10032.3 35642.3 34667.9 19358.9 28185.3 11166.1 9018.88 6482.6 8400.46 5124.48 17686.9 4058.69 20445.2 8507.08 17513.7 6291.52 4907.86 1257.34 98.9828 1158.36 9870.22 9645.95 7740.13 12394.7 2931.52 9295.85 804.709 4049.42 3627.29 2387.21 29.4137 11601.1 6338.11 618.421 526.542 244.809 4927.77 1127.73 1075.06 7671.84 6502.1 2147.25 191.082 5671.09 2825.52 224.276 353.243 220.132 126.481 5262.96 2348.67 5455.92 3889.14 2001.39 87.4658 3624.76 7816.71
internal_count=296831 258470 149642 38361 108828 21172 100389 98428 74399 76001 75243 58731 22427 56408 11384 65486 8439 56817 17189 49684 21979 9788 2648 266 2382 41063 40474 19184 34137 7133 39279 2342 9189 11053 4784 110 32368 18403 2323 2036 1130 12970 2275 2195 53153 44377 16512 448 25507 6020 589 780 540 376 13965 6900 38875 8632 4102 223 13772 24423
is_linear=0
shrinkage=0.05


Tree=28
num_leaves=63
num_cat=0
split_feature=10 48 38 30 62 1 62 20 28 43 1 28 40 1 28 1 10 9 45 43 1 43 40 62 61 47 27 23 62 33 1 62 23 62 9 47 48 22 62 9 61 51 46 55 27 38 40 47 1 48 61 9 1 40 33 7 51 62 16 27 22 62
split_gain=8105.14 1966.66 831.28 716.608 500.989 348.001 269.712 230.376 244.396 227.482 179.436 172.128 168.246 162.498 150.757 137.805 135.101 112.842 112.619 103.961 103.507 102.69 100.916 93.8846 88.8482 87.317 132.392 123.224 83.3036 80.527 79.7067 75.1479 74.5792 71.9225 71.0818 70.5156 82.7238 72.9958 68.3695 67.1904 66.7519 65.0792 65.0632 64.8363 64.5996 61.3398 57.9682 57.5785 67.4588 62.2618 56.3624 53.9713 77.7749 53.1289 51.6588 50.3961 50.1686 49.6838 49.2772 49.6056 80.5471 49.1701
threshold=2.5000000000000004 205466709.88680819 17253870753.113544 22.500000000000004 6.3237503422867247 4.7750000000000012 21.789888850165543 19.500000000000004 16417834532.854723 4.7856282271944925 4.9050000000000011 5025238979.7750559 3.5000000000000004 4.4850000000000012 2433623.2301538913 6.6250000000000009 13.500000000000002 138011.50000000003 0.86858896380650452 4.8480131578947381 4.6950000000000012 4.9200946372239756 153.50000000000003 15.2615599561873 8.6419944941559361 1.0000000180025095e-35 1.1472315808458509 4.333739837398376 4.3507038659729664 4.3910101010101021 6.495000000000001 27.909060640760753 4.4403125000000019 0.64101279530009225 1157541.0000000002 29.668047302589681 8998042212.6060047 6.5950000000000006 45.048197082472434 8150.0000000000009 48.594179339598675 11.344537808691125 35.532666666666678 14.33580442411415 10.700000000000005 295746033815.01538 7.5000000000000009 57.050223925501449 5.7650000000000006 1017571.0833396717 15.153969033327488 16482336.500000002 5.995000000000001 25.500000000000004 4.3504545454545465 4.6100000000000003 3.2142857130660079 24.535787632869489 61.425000000000011 57.043514662489677 7.3500000000000005 17.91653493813946
decision_type=2 2 2 2 2 2 2 2 2 2 2 2 2 2 2 2 2 2 2 2 2 2 2 2 2 2 2 2 2 2 2 2 2 2 2 2 2 2 2 2 2 2 2 2 2 2 2 2 2 2 2 2 2 2 2 2 2 2 2 2 2 2
left_child=1 4 7 5 10 6 17 20 18 22 14 12 55 23 33 21 32 50 -9 38 39 31 -5 43 47 29 -27 -28 -19 -20 34 40 -4 -1 -12 36 44 -38 -8 56 53 -10 -25 -6 -29 58 -23 48 -15 -50 -3 52 57 -14 -30 -7 -2 -26 61 60 -60 -34
right_child=2 3 16 9 13 11 19 8 41 -11 30 -13 15 24 -16 -17 -18 28 25 -21 -22 46 -24 42 51 26 27 35 54 -31 -32 -33 45 -35 -36 -37 37 -39 -40 -41 -42 -43 -44 -45 -46 -47 -48 -49 49 -51 -52 -53 -54 -55 -56 -57 -58 -59 59 -61 -62 -63
leaf_value=-0.038485660352228189 0.013241030606981737 0.014084048636466329 0.013542608949915836 0.019463965287035697 -0.022076350310143426 0.022525741003340739 0.0095596787160196449 0.052574573398208618 -0.18817708161440341 0.046798153408667831 0.0073635181377799397 0.033818642785916855 0.0088823700093754315 0.0062438687767234647 -0.0041006079387363526 0.05576760126600451 0.059539448280800815 -0.020614335215882081 0.04213329631171539 0.023288145900920969 0.035008703580906568 0.01478138640540756 0.03682574748011435 -0.01621612193362924 0.0009330452441457626 0.063720005696580512 -0.067347582527871527 0.037755547788192095 -0.013184838569988306 -0.087800474223512281 0.018456676931957145 0.01960348964327592 0.039798515693980088 -0.019969504896210064 -0.010549772141945713 0.058600239390867073 0.0086150893125129784 -0.11332375662962897 0.030323681179202113 0.012556782347777202 -0.0048225777212544431 -0.032384620505641053 0.0055850940612194727 -0.0061588900843220452 -0.05423484151558261 0.056667669357613727 0.02643423516736065 0.03050920835022803 0.011888156050630365 0.05099145142670735 0.002105844680596422 -0.012320440919431365 0.026489146046899455 0.021371830426812136 0.00093924216284450651 -0.0023654288960460318 0.031516623038375102 0.013113232924319242 -0.073595088482502874 0.058642784080043843 0.034709076101997888 0.053445617279220661
leaf_weight=605.54500295221806 488.2966747879982 1941.7726377099752 152.42864391207695 2967.6109843999147 875.35246103256941 234.31785228848457 9244.8230894505978 2047.3159787207842 12.471869751811029 1554.4584216475487 732.01667721569538 1383.8840963691473 3538.6796859800816 1849.5380393639207 1487.8208633363247 229.01581899821758 5504.0217206180096 593.05479391664267 20.033068850636482 1884.6092738807201 2750.473173558712 1611.3347446918488 1165.7668454796076 404.07114142179489 5468.0752045884728 229.01556484401226 40.20323857665062 146.52082341909409 745.45153139531612 29.460234060883522 368.25892361998558 3027.5789691656828 1482.0538921058178 3916.0559627488256 2274.5920455828309 107.39141266047955 26.515044376254082 22.849506765604019 414.20458725094795 1219.1729442775249 685.56065727770329 14.492819175124167 2235.9897685050964 2376.9241393581033 21.94278259575367 1674.9206499606371 3160.7098883986473 419.22058027982712 239.37563315033913 177.11859552562237 1987.0625312924385 542.22688619792461 366.06360509991646 1121.3154326975346 4921.2047856897116 1538.7065171897411 1625.848702609539 988.60169771313667 31.020838335156441 36.028278395533562 38.440485596656799 1189.9734973311424
leaf_count=6179 1225 5450 370 7118 5304 711 25803 4112 65 3015 3056 2882 10224 7013 8183 408 11585 2976 40 4473 5811 4654 2378 1946 22660 386 169 304 3200 125 1087 7390 3184 32955 13851 196 66 95 916 3097 2223 45 8441 13205 72 3377 7360 1275 904 426 6188 2509 1082 2815 17397 5468 3648 3105 110 64 83 2372
internal_value=0.0154579 0.00753831 0.0444704 0.0139333 -0.00355936 0.0114718 0.007313 0.033236 0.0453376 0.0304927 -0.0127252 0.0169391 0.0153969 0.00183594 -0.0179065 0.0173156 0.0542524 0.00138396 0.0468383 0.012546 0.0278291 0.0166457 0.0243606 -0.0047567 0.00570113 0.0286006 0.0339133 0.0152331 -0.00278477 -0.0352081 -0.00349921 0.0133094 0.0479329 -0.0224492 -0.00618844 0.0254416 0.00909409 -0.0478271 0.0104501 0.0219048 0.00974459 -0.104443 0.00224834 -0.0104431 0.0257736 0.0491102 0.0224995 0.0134869 0.0103377 0.0285172 0.00802591 0.00286247 0.0040691 0.0118877 -0.000918788 0.000924117 0.0272956 0.00279799 0.0445529 0.0110347 -0.0136586 0.0458762
internal_weight=88188.9 69278 18910.9 43951.1 25326.8 38263.3 21732.2 8802 2718.21 5687.84 9384.29 16531.1 15147.2 15942.6 6009.42 13374.2 10108.9 10188.5 2691.25 11543.6 6083.79 13145.2 4133.38 5892.34 10050.2 643.932 594.438 365.423 6259.71 49.4933 3374.87 8373.13 4604.87 4521.6 3006.61 325.22 217.828 49.3646 9659.03 3333.32 5345.56 26.9647 2640.06 3252.28 168.464 4452.44 4772.04 2685.25 2266.03 416.494 3928.84 7364.97 6822.74 4660 5666.66 1773.02 2114.15 6456.68 2777.52 105.49 69.4613 2672.03
internal_count=296831 256230 40601 123049 133181 110538 66403 19456 5675 12511 65311 44135 41253 67870 47317 35074 21145 35211 5565 31192 13781 34666 9496 28896 38974 1453 1288 902 23573 165 17994 22652 9560 39134 16907 733 537 161 26719 7970 15262 110 10387 18509 376 9190 12014 9618 8343 1330 11638 29356 26847 13039 20597 6179 4873 25765 5813 257 193 5556
is_linear=0
shrinkage=0.05


Tree=29
num_leaves=63
num_cat=0
split_feature=21 38 11 18 48 45 48 1 54 54 40 48 47 50 18 61 31 31 23 28 1 2 21 6 34 0 54 16 47 1 9 0 56 1 63 0 14 51 28 34 52 46 45 32 53 26 55 47 9 9 34 32 53 26 56 40 61 50 1 38 61 32
split_gain=7623.12 1740.1 649.941 554.721 495.222 289.22 229.496 213.835 191.957 189.317 136.826 133.19 128.912 129.066 125.863 125.103 124.854 122.864 161.123 111.456 98.4934 92.0207 85.199 82.8203 81.652 79.256 77.8566 76.0365 75.6721 75.1366 72.0411 67.643 66.4765 65.6886 65.3464 64.9806 64.7575 63.8489 154.861 61.2622 61.6788 61.6787 58.2726 57.1742 78.4807 115.693 60.1995 55.7111 65.2531 55.5277 55.3171 60.2568 54.2745 53.3613 51.7414 51.3702 50.2391 49.9861 49.4259 48.1078 47.8765 47.7156
threshold=1.2142857142857146 55478682.356264077 10.500000000000002 1015884274.1461791 27740389.494676415 0.67934332364754535 367065762881.72784 4.6950000000000012 1.1861983471074382 1.976478067387158 11.500000000000002 22751352802.899826 25.39916542250155 243.77511606659507 44946296964.442772 59.585640920802327 0.18333333333333332 3.1166666666666671 4.8916979949874699 298974101.87215501 4.4850000000000012 12.500000000000002 4.2142857142857153 3.2550000000000003 0.20463381929681126 93.050000000000011 1.065821566110398 65.583333333333357 1.0000000180025095e-35 4.6950000000000012 1011552483.0999991 58.750000000000007 1.0000000180025095e-35 6.5850000000000009 2.8130952366444295 114.05000000000001 0.05000000000000001 2.4107142842614002 2470744322.7294736 0.18517470516546145 5.3386989267956819 38.05308139534884 0.70426132200527436 6.7950000000000008 -0.009989729845616949 22.302777777777784 169.69603629729122 27.642604618255067 195454.50000000003 5439680.0000000009 0.43843154793219691 6.495000000000001 -0.00097793543854629984 7.5726153846153847 1.0000000180025095e-35 42.500000000000007 30.612162311209584 592.41317732307311 7.5950000000000006 7931000.9060230451 3.0523318443715093 4.8050000000000006
decision_type=2 2 2 2 2 2 2 2 2 2 2 2 2 2 2 2 2 2 2 2 2 2 2 2 2 2 2 2 2 2 2 2 2 2 2 2 2 2 2 2 2 2 2 2 2 2 2 2 2 2 2 2 2 2 2 2 2 2 2 2 2 2
left_child=1 4 5 6 9 22 7 10 12 15 53 23 29 34 27 20 26 18 52 -19 32 42 54 -4 -25 30 47 28 -5 39 58 -10 36 55 59 -28 -1 38 -26 41 -41 -6 -12 46 45 -45 -39 48 -9 -17 -44 -52 -7 -3 -2 -18 -49 -15 -11 -14 -22 -42
right_child=2 3 11 14 8 17 -8 16 31 25 21 -13 13 57 -16 49 33 19 -20 -21 60 -23 -24 24 37 -27 35 -29 -30 -31 -32 -33 -34 -35 -36 -37 -38 43 -40 40 61 -43 50 44 -46 -47 -48 56 -50 -51 51 -53 -54 -55 -56 -57 -58 -59 -60 -61 -62 -63
leaf_value=-0.012597970820463673 0.04242282008410634 -0.040332524376150598 -0.014735503781670628 0.0095548703688421201 -0.018098987679947606 0.024626961099343984 0.036457979031115674 0.013023690927593617 0.038765359868234824 0.02149873987299248 0.016343076957867849 0.058153883574001267 0.0038911586978124784 -0.0035512354857629826 0.048816222158368235 -0.015021235851730749 0.017404460857310504 0.014571481299538024 0.04847767960055336 0.050656925659990651 0.0090187306649860098 -0.007051927499519009 0.053276641079092038 -0.039043946588437767 0.047890657741340104 -0.042153716231541336 0.039110110543994221 -0.0035202395176647861 0.032593936761773405 0.002054981851893145 -0.03269806487296395 0.0039280502404962147 -0.026824086604689656 0.058297241200829443 0.0019341178674185102 -0.016612868030222359 0.044706875245359781 0.051188519347597411 -0.11767120773899845 -0.0030122721639775263 0.060395326835175768 -0.0024321168451461629 0.011685882166867518 0.030211209998720248 0.045409331372059936 -0.15210423267833714 -0.016758401371025522 0.01793949583625867 -0.00028027961029095089 -0.033294881432676025 -0.00012141533467717079 0.018877173856754501 0.011417830157161047 0.00060552634698535441 0.026632044609337043 0.027064349581975667 0.0064842268029517841 -0.031886818676078552 0.067366960093877312 0.013450643947943309 -0.0074426723659417387 0.005462992133419959
leaf_weight=1269.1300445944071 2458.5562782585621 81.200043439865112 59.03062815964222 416.02588987350464 1658.3904926404357 1490.7662339657545 957.12773014605045 1674.2994096130133 491.19583098590374 438.83933466672897 3844.0283059924841 6098.9658996164799 1853.2743844464421 1993.2685458809137 870.92008365690708 774.7434037104249 6787.4929083734751 291.55574338138103 493.77530489861965 804.25879444181919 485.77012413740158 730.31750923395157 1602.9268702715635 28.291249766945839 47.544396832585335 53.117141306400299 387.58912386000156 187.98879057168961 2487.0432195663452 3768.588690534234 54.827588021755219 194.51937454938889 1147.6399747282267 109.73166711628437 3207.2968087345362 60.482650339603424 51.292553871870041 1862.0530430227518 20.093329757452011 1195.4018516913056 71.574215054512024 1011.3173116147518 6053.0331636145711 20.115756392478943 59.211264312267303 15.335413828492163 33.179040402173996 2829.5436535328627 2050.3832790255547 897.08319456875324 2353.0901364535093 507.33604162931442 1625.6971025764942 4039.3158982917666 657.50129653513432 1726.3227300047874 1446.3927665650845 168.8235796391964 67.806272029876709 4540.5134917721152 4868.8567807599902 88.302267044782639
leaf_count=9689 5049 336 172 1021 9374 3349 1961 4784 1191 1255 9629 13348 7368 8486 1763 5759 17034 691 972 1630 2709 2613 3313 103 98 244 842 482 5173 15376 226 605 9542 190 12962 182 199 3752 82 5276 237 4730 17386 44 123 71 94 7418 6967 8051 7122 1280 3989 14551 1481 3893 4201 904 124 14447 30496 392
internal_value=0.0147867 0.00737464 0.0441313 0.0142787 -0.00163307 0.0351627 0.0123055 0.011639 0.00288033 -0.0106707 0.00777305 0.054385 0.0019686 0.00527287 0.0320272 -0.0124116 0.0156263 0.0263919 0.0219409 0.0410559 -0.00975828 0.0102092 0.0439095 0.0436681 0.045321 0.0162231 0.0113064 0.0272968 0.0292923 -0.00301866 0.0217457 0.0288829 -0.0180221 0.0198586 0.00775824 0.0315884 -0.0103719 0.046481 -0.00129327 -0.00776911 0.000888575 -0.0121642 0.0111973 0.0481049 0.0101823 -0.0486545 0.049999 0.0101705 0.00570005 -0.0248267 0.00897815 0.00324825 0.0177364 -0.00020121 0.0390909 0.0193632 0.0140646 -0.00576378 0.0276375 0.0106798 -0.0059493 0.0300553
internal_weight=87620.1 69951.2 17668.9 39599.7 30351.6 9425.04 35637.7 34680.6 20242.5 10109.1 17608.3 8243.82 19556.8 11763.2 3961.98 9494.52 17072.2 4706.05 3610.24 1095.81 7822.69 13487.8 4718.98 2144.85 2085.82 614.59 8448.69 3091.06 2903.07 7793.57 561.473 685.715 2468.06 8623.55 9601.08 448.072 1320.42 2057.53 67.6377 4024.99 1355.28 2669.71 12757.5 1989.89 94.6624 35.4512 1895.23 8000.62 3724.68 1671.83 8913.46 2860.43 3116.46 4120.52 3116.06 8513.82 4275.94 2162.09 506.646 6393.79 5354.63 159.876
internal_count=296831 258470 38361 108828 149642 20474 100389 98428 81348 68294 52917 17887 79552 44167 8439 66445 45511 10631 8310 2321 52635 38030 9843 4539 4367 1849 24394 6676 6194 35385 1605 1796 19430 21117 34777 1024 9888 4264 180 20009 5905 14104 35417 4084 238 115 3846 23370 11751 13810 25788 8402 7338 14887 6530 20927 11619 9390 1379 21815 33205 629
is_linear=0
shrinkage=0.05


Tree=30
num_leaves=63
num_cat=0
split_feature=11 48 38 30 62 62 20 43 9 43 61 43 40 43 11 43 9 54 28 50 62 40 46 5 50 46 61 22 54 28 0 51 22 52 43 3 3 50 47 59 62 51 59 54 20 3 33 20 0 62 54 9 43 40 22 52 47 13 62 63 36 0
split_gain=7165.1 1616.27 830.182 620.143 430.921 255.445 225.584 212.615 196.066 166.014 156.972 144.962 189.852 144.403 142.166 127.492 115.2 118.447 106.683 98.209 96.8073 91.9127 91.8169 83.8732 82.8565 79.9771 93.4375 75.2338 74.4374 73.1972 68.083 104.343 78.8913 115.628 65.2091 64.5885 94.0072 63.7495 62.7741 61.3193 91.3884 62.8717 59.0628 58.6876 57.9488 57.6976 57.376 64.5632 53.5389 53.1784 52.7257 57.2955 52.1486 51.3578 51.3373 180.048 57.7376 56.0393 51.0696 50.4489 54.1866 50.1561
threshold=2.5000000000000004 205466709.88680819 17253870753.113544 22.500000000000004 6.3237503422867247 22.899159219337339 34.500000000000007 4.7856282271944925 14989.000000000002 4.7213059619201649 58.519031553931661 4.8334733893557429 5.5000000000000009 4.311200716845879 13.500000000000002 4.66670396896449 237334.00000000003 2.4743801652892565 16006611704.25831 165.07546602681867 14.916049513330515 153.50000000000003 12.955825791855206 0.13050000000000003 200.70331572705484 28.315701754385966 16.505350674744594 6.7950000000000008 0.52606000718648904 5933288479.5403013 10.002500000000003 11.999999998500003 6.7950000000000008 12.76074855311651 5.0668333333333342 92.850000000000009 108.85000000000001 307.65864512679826 2.0026489291549501 0.66259481767468287 3.3869115780040331 7.3469387653894209 -0.72534675097891077 0.2500000000000005 10.500000000000002 40.750000000000007 4.7201265822784828 71.500000000000014 34.107000000000006 2.3958421498095643 0.6000000000000002 2292240.0000000005 4.2751562500000011 52.500000000000007 6.3850000000000007 9.1097393736815189 1.0000000180025095e-35 4.6302458547741585 2.3958421498095643 8.7987405622556523 26.286752136752142 111.65000000000002
decision_type=2 2 2 2 2 2 2 2 2 2 2 2 2 2 2 2 2 2 2 2 2 2 2 2 2 2 2 2 2 2 2 2 2 2 2 2 2 2 2 2 2 2 2 2 2 2 2 2 2 2 2 2 2 2 2 2 2 2 2 2 2 2
left_child=1 4 6 5 10 8 15 21 29 19 16 25 43 -6 24 30 -1 28 23 -7 37 -5 -17 -8 46 -10 35 50 -18 38 39 32 -32 -34 42 -27 -37 -15 -3 -2 -41 -42 -14 49 59 -30 47 -4 -45 -13 51 -11 -28 -54 56 57 -25 -56 -12 -24 -61 -52
right_child=2 3 14 7 13 9 18 -9 11 27 58 12 34 20 -16 22 17 -19 -20 -21 -22 -23 44 54 -26 26 52 -29 45 -31 31 -33 33 -35 -36 36 -38 -39 -40 40 41 -43 -44 48 -46 -47 -48 -49 -50 -51 61 -53 53 -55 55 -57 -58 -59 -60 60 -62 -63
leaf_value=0.0035413474930661229 0.034904148031470343 -0.0030336196318600105 0.031079171397145791 0.017582807740421296 -0.0093609316147230982 0.013388430427222856 -0.044952903270289439 0.044232930463209169 -0.011559793153966907 0.018497961265342169 -0.032489252239971254 -0.018125283097835392 -0.0038862347187445683 0.0012857948696212362 0.05803002110186764 0.014051097677957189 -0.01659131914395413 0.040607269729837442 -0.046863801626782491 0.002536653548108312 0.008173807175780293 0.034313462074919344 0.037785505525072649 -0.020236695107510173 0.026772825545232332 0.023385649564060342 -0.049531451097975965 0.044557729687037473 0.034054402428214642 0.033738254031942812 0.017352912599303157 -0.059735948591806191 -0.14870703280719219 0.0084907106286172124 0.02540412227017777 -0.0011179606334385075 0.017200901065612718 -0.014429351501240542 0.017831814565141813 -0.028745170306670731 0.0019260326518239692 0.046540934692439875 0.015294788575759239 0.027935876752905445 0.045904924220554123 -0.0063829169199322109 0.052133603807623365 0.057656387462662551 -0.0082200515797413096 0.0003558576377563472 0.038688471625441687 -0.0025773113845352965 -0.0033847709424894507 0.023311575328261443 -0.11278415482076534 0.047465150427371171 0.056903026905285529 0.012039905112293223 -0.015793014630970954 0.040851072810141359 0.012404356316523967 0.0085171514780742683
leaf_weight=1538.2371070384979 1003.414891988039 436.74380046129227 797.41124664247036 2948.7947215288877 2496.5590867176652 7112.4574249535799 23.122655302286148 1503.2261467725039 1261.6857874915004 7059.1448682397604 1011.0967311859131 484.15835469216108 481.43382647633553 6297.4094528630376 5110.5789625793695 522.93641664087772 3978.5722016990185 105.71522563695908 29.209928244352341 2949.5375155359507 6414.4760382920504 1137.584501221776 1273.9368290901184 24.744313925504684 508.40313017368317 566.29294662177563 59.10619942843914 294.14355382323265 93.139460004866123 592.11929599940777 1796.2960867583752 47.141621395945549 17.744491949677467 34.329783141613007 1352.1409049779177 2083.5806823596358 1054.9072459489107 719.00711723417044 2063.9650120437145 103.08541259169579 149.74083371460438 167.06699395179749 2412.3395866751671 312.69621434807777 1104.0676102042198 1667.7652991786599 2745.0364343822002 320.29606348276138 152.2360183596611 1985.4303760007024 571.82655297219753 337.92598049342632 4258.0444448813796 188.11244882643223 24.971484646201134 255.75047886371613 1232.4727927446365 14.050955235958098 837.25231102108955 246.80244468152523 520.36493276059628 181.45443937182426
leaf_count=7302 2207 1354 1808 7118 13425 18761 82 3015 4870 16960 9083 2200 1520 28861 11585 1286 32626 224 98 8830 21802 2378 2575 85 1202 1547 274 575 412 1239 4404 175 80 85 3424 6778 3130 3782 5404 345 418 338 6768 893 2295 9532 5866 684 516 7354 1163 1062 14986 484 102 545 2560 34 6132 494 1248 446
internal_value=0.0141419 0.0068014 0.0421672 0.0125985 -0.00330028 0.0103253 0.0309093 0.0281549 0.00636952 0.0145457 -0.0118954 0.00422225 0.00958024 0.00168156 0.0523678 0.0270269 -0.00863324 -0.0118371 0.0478173 0.0102074 0.00373416 0.0222404 0.0334514 0.0495731 0.0457477 0.000160411 0.00196152 0.0197151 -0.0128031 0.0179306 0.0199263 0.0137207 0.0155941 -0.045075 0.0163393 0.00784368 0.00503937 -0.000324614 0.0141877 0.0281907 0.0121475 0.0254535 0.0121037 -0.000199324 0.036677 -0.00424407 0.0482451 0.0386953 0.0160971 -0.00326734 0.0188185 0.0175352 -0.00287551 -0.00225528 0.0509815 0.0322011 0.0553848 -0.0678383 -0.0249263 0.0316854 0.0215558 0.0314206
internal_weight=87073.3 69000.3 18073 43841.1 25159.2 38251.5 8591.25 5589.61 19745 18506.5 9231.78 16652.2 7180.44 15927.5 9481.73 6986.93 7383.43 5845.19 1604.32 10062 13430.9 4086.38 3668.11 1575.11 4371.15 9471.73 8210.04 8444.5 5739.48 3092.83 3318.82 1895.51 1848.37 52.0743 4245.91 3704.78 3138.49 7016.42 2500.71 1423.31 419.893 316.808 2893.77 2934.52 3145.17 1760.9 3862.74 1117.71 464.932 2469.59 8150.35 7397.07 4505.26 4446.16 1551.99 294.773 1257.22 39.0224 1848.35 2041.1 767.167 753.281
internal_count=296831 256230 40601 123049 133181 110538 19456 12511 62741 47797 65311 54744 22675 67870 21145 15950 50096 42794 3506 27591 54445 9496 7898 3408 9560 32069 27199 20206 42570 7997 8052 4744 4569 165 11712 11455 9908 32643 6758 3308 1101 756 8288 10963 6612 9944 8358 2492 1409 9554 19631 18022 15744 15470 3326 681 2645 136 15215 4317 1742 1609
is_linear=0
shrinkage=0.05


Tree=31
num_leaves=63
num_cat=0
split_feature=20 38 11 19 62 43 62 40 40 61 28 43 33 56 43 48 6 20 61 50 46 30 34 62 43 25 50 61 33 16 47 55 43 26 62 53 55 43 56 62 0 62 53 40 17 43 44 62 9 36 40 50 46 43 2 61 16 19 50 40 43 28
split_gain=6745.24 1438.36 654.25 595.665 359.23 344.45 293.588 182.085 181.219 152.783 152.306 149.181 123.109 120.47 122.745 120.384 127.16 112.942 108.003 99.7544 113.287 95.9664 83.6218 80.4037 90.8145 80.1771 91.1149 76.1319 75.7598 70.6069 77.5605 69.6175 69.5023 94.0845 67.7981 67.726 139.666 66.6698 66.496 64.6963 63.8305 91.5563 63.4198 62.172 61.9384 61.6457 60.7679 60.5808 60.0838 56.1836 54.385 53.5887 55.6446 53.0681 52.3471 52.3216 50.8536 49.5388 48.9695 48.1437 46.595 87.0556
threshold=8.5000000000000018 14924342.829948062 11.500000000000002 6.2741144525598144e+17 4.7689533494311824 4.728601953601955 22.899159219337339 115.50000000000001 42.500000000000007 47.820911112422863 31656980512.409153 4.600054824561405 4.5125150602409656 1.0000000180025095e-35 4.9002551020408189 65168305571.740456 2.9750000000000005 34.500000000000007 21.497216062754841 373.14419493819605 45.251452380952394 25.500000000000004 0.20615528128088309 7.7057921137138736 4.2666666666666684 0.89759436911466695 218.27334304790955 6.713629960473372 5.0201123595505637 64.530769230769252 13.550000000000008 120.90159490535849 4.7160139372822316 32.663132183908054 45.048197082472434 0.069368967350175864 74.824412481518365 4.9668439716312074 2.5000000000000004 0.10456237086455404 136.85000000000005 12.588400214084789 -0.00097793543854629984 56.500000000000007 4.1455967228215282 4.8500871080139385 0.46195068730330952 22.353616414826622 278754.00000000006 6.003000000000001 90.500000000000014 109.05589156929649 65.750714285714309 4.8715000000000019 14.500000000000002 19.056727274491937 100.05000000000001 7526740963821673 41.902546097604521 21.500000000000004 4.4636602870813409 149977157.00011471
decision_type=2 2 2 2 2 2 2 2 2 2 2 2 2 2 2 2 2 2 2 2 2 2 2 2 2 2 2 2 2 2 2 2 2 2 2 2 2 2 2 2 2 2 2 2 2 2 2 2 2 2 2 2 2 2 2 2 2 2 2 2 2 2
left_child=1 4 5 6 18 7 8 42 9 13 29 34 -10 23 49 16 44 25 54 20 -6 28 -18 31 -25 -9 -27 -26 38 30 -5 48 33 -24 43 -35 -37 46 -7 -20 58 -42 57 -8 -4 -14 -29 -31 -3 -15 51 -13 -53 -32 -1 -40 -12 -2 -22 -16 61 -44
right_child=2 3 15 10 19 21 11 17 12 -11 56 50 45 14 59 -17 22 -19 39 -21 40 -23 32 24 27 26 -28 37 -30 47 53 -33 -34 35 -36 36 -38 -39 55 -41 41 -43 60 -45 -46 -47 -48 -49 -50 -51 -52 52 -54 -55 -56 -57 -58 -59 -60 -61 -62 -63
leaf_value=-0.01144502603063878 0.0096473321023837107 0.0041900111184084406 0.0033329691235637867 0.016592250069529524 -0.004453467000033318 0.030096100201096928 0.0062619696676389312 0.040560867503272119 0.0030568604684723605 -0.0043787032728675726 0.045725945265324808 0.019372258349439078 0.020188023124998174 -0.040986771377324434 0.010762266518071092 0.058189370089986973 -0.047705732884508641 0.050973601271053819 -0.049489787807073235 -0.019277771640403295 0.018556998790990181 0.05039390826119975 0.045539411738419966 -0.021435552873560349 0.018111971942380092 0.02027988024951274 -0.044764802237598662 0.0092619157907140766 0.047027813568929419 -0.032380748609936512 0.023597187297706823 0.023225147278369954 0.056285771602770276 0.021582996521953297 0.030901457866128131 -0.16261189259305425 0.047133763250869064 0.017949616193571601 -0.050676915199402872 -0.019697971523970143 -0.017266960287790421 0.008767563600629481 0.014859635591322454 0.018849787761919617 -0.11438893794969496 0.041575375884896938 -0.0020604103749727988 0.01666570336648291 -0.011589447094749204 -0.0034693551514910375 0.034390186017563593 0.0037090600304096146 0.01603180618374387 0.040367666511736705 0.0055174600680906486 0.023081658752750964 -0.0037966048464467203 0.029557962899068486 0.0058341989976046262 0.050736711826037 0.015777958401560384 -0.034460711332817522
leaf_weight=2589.7745972424746 406.73761406540871 1710.8525240942836 38.240923687815666 1683.8055355250835 5235.8197259157896 863.82987414300442 7530.3157864362001 512.30251796543598 903.27198418974876 4235.115247182548 1086.3761130124331 6905.0381322354078 1281.4689592570066 102.31875338405371 1214.7852967977524 4565.7195761054754 23.386258363723755 852.2830964922905 193.86199321597815 652.27139135450125 977.0101714655757 2478.3793689161539 1212.3742195665836 216.84330996870995 2927.2698321342468 471.05830454826355 60.787887766957283 4536.9202931076288 735.93113248050213 102.7464863806963 1022.5719107836485 322.74388835579157 1176.9218789190054 203.4301787763834 332.72697065770626 15.752916738390924 15.996040418744085 1536.6222842186689 48.002547323703766 3037.7771555408835 649.73323596268892 703.1712072789669 233.36036132276058 1127.8356110751629 15.785744756460188 457.1014718413353 1604.0555220246315 162.5860288143158 931.8601545765996 4036.3523797988892 448.75346738100052 1318.2574440836906 3003.0615137815475 875.66904599964619 551.73403013497591 48.171334698796272 54.436414882540703 1346.9772915393114 3348.088752605021 80.299587026238441 1364.6631542593241 145.10560734570026
leaf_count=19350 1018 5987 102 3995 25921 1891 22472 1054 2761 17025 2304 16529 3008 495 4028 10774 91 1834 2065 4077 3817 5342 2650 1105 8280 1064 203 14930 1553 313 2258 1148 2592 493 732 76 31 4208 158 24665 3694 2468 636 2859 67 909 4982 373 4743 15984 914 3569 7453 1728 3006 111 145 2952 14006 164 3208 461
internal_value=0.013526 0.00666455 0.0419296 0.0108937 -0.00553591 0.033339 0.00914174 0.0249926 0.00561633 0.00421805 0.0273181 0.0135938 0.0180312 0.00611225 -0.000193103 0.053239 0.0448737 0.0374678 -0.0150676 -0.000283753 0.000851436 0.0441226 0.0464232 0.00859729 0.0105961 0.0264438 0.0128455 0.0112511 0.0349579 0.0225606 0.0244041 0.00130318 0.0472619 0.0399251 0.00875285 0.010983 -0.056936 0.00863517 0.0257053 -0.0214851 0.00574321 -0.00373553 0.0182269 0.00790169 -0.0310635 0.0258111 0.00630446 -0.00232688 -0.00137406 -0.00439688 0.0173217 0.0166394 0.0122726 0.0313335 -0.00846595 -0.0137329 0.0433629 0.0249401 0.00870819 0.0132408 0.0114729 -0.00405001
internal_weight=86526.5 69691.3 16835.2 51752.1 17939.2 9567.59 46763.9 5393.28 26097.9 23456 4988.19 20666 2641.84 19220.9 5433.76 7267.61 2701.89 1896.43 6373.15 11566.1 10913.8 4174.31 2647.86 13787.2 10821.7 1044.15 531.846 10604.9 1695.93 3847.38 3582.05 2965.46 2624.48 1447.55 8990.88 235.179 31.749 7677.6 960.004 3231.64 5678 1352.9 3496.84 8658.15 54.0267 1738.57 6140.98 265.333 2642.71 4138.67 11675.1 11226.4 4321.32 1898.24 3141.51 96.1739 1140.81 1753.71 4325.1 1295.08 1743.13 378.466
internal_count=296831 258470 38361 155401 103069 21485 144285 12430 89757 83079 11116 54528 6678 66054 20671 16876 6102 4155 49086 53983 49906 9055 5933 45383 33505 2321 1267 32400 3713 8667 7981 11878 5842 3250 26063 600 107 24120 2160 26730 23985 6162 8275 25331 169 3917 19912 686 10730 16479 28465 27551 11022 3986 22356 269 2449 3970 17823 4192 4305 1097
is_linear=0
shrinkage=0.05


Tree=32
num_leaves=63
num_cat=0
split_feature=20 49 20 18 43 49 1 1 1 40 40 43 45 12 18 54 30 18 1 9 43 30 1 50 46 27 43 51 16 47 9 0 54 43 25 22 58 30 50 46 54 10 0 3 40 58 47 9 47 10 63 61 50 10 3 40 34 30 7 61 47 33
split_gain=6332.75 1273.24 658.784 493.172 443.543 318.305 212.473 208.749 187.691 162.092 144.168 130.888 122.942 121.993 118.864 117.955 116.579 112.937 112.853 102.362 101.298 92.0333 85.1134 79.2919 68.0777 149.443 66.2092 68.023 64.8559 63.993 63.6907 70.8392 72.3621 63.3762 62.6258 75.8635 62.5667 60.4961 59.5516 69.044 59.3198 59.1931 58.7442 57.1642 55.7854 54.4688 52.9092 52.8251 53.5468 52.1072 53.0853 51.0209 50.5508 50.4992 49.1432 46.5837 46.301 46.2975 45.8353 45.7611 45.5888 48.5813
threshold=8.5000000000000018 2.586672623542431e+17 34.500000000000007 1015884274.1461791 4.728601953601955 19952513698297940 4.705000000000001 5.7950000000000008 4.9050000000000011 3.5000000000000004 8.5000000000000018 4.9002551020408189 0.81612385861013792 6.0650000000000004 44946296964.442772 1.976478067387158 19.500000000000004 2911409901.0640974 4.4350000000000014 206914.50000000003 4.9400354609929087 84.500000000000014 7.5950000000000006 441.9246103158444 40.810263157894745 3.4005411373184242 4.2909673659673677 12.455357140771984 77.333333333333343 1.0000000180025095e-35 335768928.00000006 55.150000000000013 1.976478067387158 4.3889756944444462 0.78414281454753776 6.495000000000001 0.069756473744125427 24.500000000000004 292.50362589469142 43.683014354066991 0.29999999999999943 2.5000000000000004 64.050000000000011 30.850000000000005 47.500000000000007 0.98897820466835418 52.756814836547058 40577.500000000007 34.412366857589078 19.500000000000004 98.155628915914988 8.1662275453468052 278.55189666055003 6.5000000000000009 136.65000000000001 14.500000000000002 0.082249173716651705 7.5000000000000009 4.6100000000000003 2.5557725843011809 29.990382669223404 4.6647393048128363
decision_type=2 2 2 2 2 2 2 2 2 2 2 2 2 2 2 2 2 2 2 2 2 2 2 2 2 2 2 2 2 2 2 2 2 2 2 2 2 2 2 2 2 2 2 2 2 2 2 2 2 2 2 2 2 2 2 2 2 2 2 2 2 2
left_child=1 5 4 6 13 8 10 18 23 40 52 19 53 26 28 16 20 37 38 33 47 24 30 -1 25 -14 59 -28 29 -5 31 32 43 -12 35 -23 -20 -6 39 -7 56 46 -9 -10 -35 -46 -38 -11 55 50 -27 -48 60 -4 -21 -49 -8 -22 -57 -2 61 -3
right_child=2 3 12 14 17 7 9 42 22 15 11 -13 21 -15 -16 -17 -18 -19 36 54 57 34 -24 -25 -26 49 27 -29 -30 -31 -32 -33 -34 44 -36 -37 41 -39 -40 -41 -42 -43 -44 -45 45 -47 51 48 -50 -51 -52 -53 -54 -55 -56 58 -58 -59 -60 -61 -62 -63
leaf_value=-0.014937098848884632 0.047904357316600865 -0.019841594314526742 0.045615814079585731 0.0075476708816586482 0.029020042379879069 -0.0097998974139112318 -0.01004878988758456 0.034625094214513742 0.059183866452563738 0.018720344543702958 -0.0011911867168071747 0.021113229643821799 0.032727348459809451 0.036393708686176932 0.045681396097717784 0.056009620546709972 0.030692727595950549 0.053426361426184045 -0.015527933940315656 0.0012098638927703128 0.017907581291980262 0.06311339776544693 0.048641412418483042 -0.033029156685981866 0.056575715010339457 -0.084607687882003527 0.019945351218124952 -0.015902239585393343 -0.0081235562857569152 0.028834648963412559 -0.026155075649147427 -0.022040181352660219 0.021048816815297897 0.0095336373735531582 0.053068239607521508 -0.060988775509425254 0.0013551047194992074 0.044335955153618468 -0.016662444597724084 0.0013364234866153405 0.017676397564020195 0.025361441830021137 -0.00010218277490486524 -0.0031140192500538053 0.021365969425279543 -0.0024722424798263366 0.026030385478784474 -0.0046684272241799682 0.012080339075362418 0.012867878453378313 0.00094100896343387848 0.0066008965167085295 -0.019635133173090139 0.057204867881344962 0.011048210539689655 -0.02888556815931434 0.011525143212249437 0.031474512307987222 0.011985397718305219 -0.032865094708087711 0.0071619803195810657 -0.00054264338907450578
leaf_weight=3480.2287833988667 21.225717514753342 460.90474764257669 1162.0963576287031 412.49627727270126 1240.8440204560757 2302.1091600582004 1052.6101427599788 578.76009823381901 37.375479057431221 1762.6754918694496 1051.1463608443737 1825.6756944954395 240.19413629174232 1087.2996755689383 809.16690218448639 181.20460687577724 1150.937252163887 1751.1309639066458 419.48621280491352 6910.3186862245202 3869.1187963038683 22.37278488278389 79.245885446667671 733.19607862830162 99.19997264444828 56.982962280511856 3522.3577732890844 137.50130847096443 148.4870852380991 2450.1149201542139 291.32102884352207 380.97838561981916 386.04860676825047 6939.661433249712 630.18527495861053 27.390980526804924 7163.3401476070285 1342.0626121014357 934.8018357232213 3519.8832299336791 366.69305557012558 319.4204578101635 154.22736538946629 2490.350251711905 2017.4236826896667 271.92939794063568 410.93743330985308 1096.4289938062429 4758.1777346581221 38.578894048929214 26.598088175058365 1900.6005206257105 409.96276213973761 4918.476049259305 1554.8859332352877 72.968092277646065 325.63483241200447 750.86576966941357 1145.3341990709305 100.89444287121296 1076.4267894178629 1114.8739253133535
leaf_count=28511 46 2285 2600 1022 2741 12519 4062 1561 150 4290 3484 4450 577 2453 1763 320 2466 4098 1910 21724 9945 44 175 8330 200 213 8092 398 391 5263 1869 2168 1101 19272 1413 92 30976 2949 5576 16154 1080 838 533 13938 4755 744 1278 3568 12593 100 70 7230 1864 11880 4777 241 963 1585 3107 395 3677 3962
internal_value=0.0129355 0.00634243 0.0408597 0.011501 0.0319893 -0.00252721 0.00986822 0.00119344 -0.0108875 0.0142162 0.00682661 0.00833333 0.0521635 0.0216336 0.028668 0.0159168 0.0154195 0.0436239 6.50744e-05 0.00708865 0.014113 0.037107 -0.00261337 -0.0180854 0.0198752 0.0098279 0.0173901 0.0185986 0.024096 0.0257672 -0.00374601 -0.00176461 0.000886442 0.0104415 0.0488041 -0.00519494 0.00338139 0.0369781 -0.00494798 -0.00306706 -0.000196373 0.00419127 0.0273182 -0.00219287 0.0117664 0.0185345 0.00347758 0.010976 0.00904598 -0.0351976 -0.0573834 0.010055 -0.00329518 0.05499 0.00301697 0.00280852 -0.00495157 0.0201126 0.0095375 -0.0188265 -0.000769441 -0.00618746
internal_weight=85993.8 69568.4 16425.4 43986.1 9203.32 25582.3 40165.9 17703.6 7878.74 16532.6 23633.2 20571 7222.08 4869.28 3820.27 14787.7 14606.5 4334.04 16970.6 18745.4 13455.6 1141.5 3665.32 4213.42 461.554 362.354 3781.98 3659.86 3011.1 2862.61 3586.07 3294.75 2913.77 10280.2 679.949 49.7638 10213.8 2582.91 6756.79 5821.99 1744.94 9794.3 732.987 2527.73 9229.01 2289.35 9474.88 8835.58 7072.91 122.16 83.5811 2311.54 3062.17 6080.57 8465.2 2314.73 1378.24 4619.98 1218.3 122.12 2652.21 1575.78
internal_count=296831 258470 38361 123653 21172 134817 115214 78575 56242 44220 70994 59206 17189 11384 8439 38115 37795 9788 76481 54756 35329 2709 19401 36841 1160 960 8931 8490 6676 6285 19226 17357 15189 28255 1549 136 42232 5690 34249 28673 6105 40322 2094 14088 24771 5499 39484 23799 19509 383 283 8508 11788 14480 26501 6916 5025 11530 3348 441 9924 6247
is_linear=0
shrinkage=0.05


Tree=33
num_leaves=63
num_cat=0
split_feature=11 48 38 30 62 1 20 62 33 11 1 1 44 28 28 1 9 40 33 23 62 38 22 48 11 44 63 47 61 45 1 62 61 38 26 46 44 56 62 59 23 2 28 9 1 1 61 9 1 24 47 2 62 63 23 44 36 20 9 1 35 5
split_gain=5962.87 1191.96 816.696 502.879 340.791 249.254 211.014 194.057 161.861 153.813 136.761 130.193 124.672 122.143 116.119 111.854 104.951 87.126 84.4824 81.4325 78.4427 73.8234 72.5171 124.574 103.389 71.4164 70.9477 70.0596 68.1935 66.5972 63.9349 63.3304 62.524 61.7798 70.8228 59.311 57.9606 56.5129 63.4637 61.6321 67.2094 52.905 51.2479 51.0626 51.0331 49.4922 49.4459 48.8918 71.869 48.6223 48.4827 48.0725 46.8654 46.7751 45.7987 50.1039 44.6797 43.8652 43.8226 43.801 43.2869 43.1572
threshold=2.5000000000000004 205466709.88680819 17253870753.113544 22.500000000000004 5.9055008588285096 4.8950000000000005 41.500000000000007 13.315790620099078 4.7250231910946212 16.500000000000004 4.9050000000000011 4.4850000000000012 0.12472191289246456 4511423075.3850718 2433623.2301538913 6.5250000000000012 8150.0000000000009 300.50000000000006 4.6715476190476197 4.4403125000000019 12.715693535137289 295746033815.01538 6.3850000000000007 16211875160.263414 12.500000000000002 0.39411008566544153 53.439186587059659 1.5000964125358642 8.6419944941559361 0.651441722854878 6.2950000000000008 0.64101279530009225 11.211878012679465 16361337579.715494 28.912004801920773 35.532666666666678 0.64645257778336418 2.5000000000000004 9.3333281471708478 0.64942331933852349 5.0602469135802481 14.500000000000002 7965256958.3737936 34596382.000000007 5.1050000000000013 5.1950000000000012 133.81142905948141 21686167.000000004 6.5150000000000006 0.88721548127021521 1.0000000180025095e-35 12.500000000000002 30.154878519329866 85.799965072546357 4.333739837398376 0.20591260281974008 209.65833333333333 10.500000000000002 11087258.000000002 5.6950000000000012 0.69560475507875286 0.17050000000000004
decision_type=2 2 2 2 2 2 2 2 2 2 2 2 2 2 2 2 2 2 2 2 2 2 2 2 2 2 2 2 2 2 2 2 2 2 2 2 2 2 2 2 2 2 2 2 2 2 2 2 2 2 2 2 2 2 2 2 2 2 2 2 2 2
left_child=1 4 6 5 10 7 16 25 17 19 14 20 -7 15 31 32 29 -5 36 -4 -6 37 50 -24 -25 27 30 -3 45 57 46 -1 59 54 -35 -22 51 56 39 -39 60 -34 52 -32 -18 -13 -12 48 -30 -27 -8 -9 -20 -29 55 -31 -21 -2 -47 -14 -41 -52
right_child=2 3 9 8 11 12 22 18 -10 -11 26 28 13 -15 -16 -17 44 -19 42 21 35 -23 23 24 -26 49 -28 53 47 33 43 -33 41 34 -36 -37 -38 38 -40 40 -42 -43 -44 -45 -46 58 -48 -49 -50 -51 61 -53 -54 -55 -56 -57 -58 -59 -60 -61 -62 -63
leaf_value=-0.035904686780866661 0.030494338173891956 -0.01438113629406252 0.0068854770975780065 0.015441660601487259 -0.010913845088511875 -0.0012754065368608576 -0.028572273331651788 0.0068080514885266175 0.036831478778448723 0.056793258543174109 -0.0053462375996380885 0.0061226511457224929 0.015473401195400039 0.032226778406965063 -0.0032462369835736925 0.044162892714740561 0.013428986517676404 0.037414560791172093 0.0088712181771913156 0.043072968069581746 -0.014724498687270236 0.053029111466878776 0.041846898910877672 0.021460337294595951 -0.11730412493863869 -0.0064973892000494225 0.053597347746799119 0.01159178971611681 0.0025416137859206327 0.046279173375997948 0.029606912728153641 -0.0176048297361753 0.012249565693440292 0.026054296887840153 -0.11861633722327286 0.0034667082057957912 -0.01719519674086745 0.019467103531864854 0.039464564013867554 -0.15703133000766489 0.011878989490304061 0.00027468064078618493 0.033225981655403088 -0.0035180729207999594 0.033942731802939545 0.02572129783296595 -0.040478095757450983 -0.013607649449733273 0.0365295335148835 0.016301484244914077 -0.011724435506410443 -0.0074612925631930482 0.017459097457986014 0.065215364547390089 0.027261312739627969 -0.015822715541465273 -0.029142940164278975 0.048856351245700876 0.0024159803781525812 0.027941758616203891 -0.029897303081535515 0.056271681181395798
leaf_weight=546.97687411308289 750.61109873652458 279.97253561764956 147.64399009943008 3019.1207485795021 2667.5091104060411 1190.2993705049157 17.858119666576385 9855.3678035885096 1892.2959159165621 4097.3525746613741 2549.4779988452792 1683.8329215496778 3803.0883872210979 1021.5689049512148 1371.7503134682775 302.90869331359863 2169.8938399404287 530.39799669384956 5418.6704075336456 2334.922660946846 532.73439587652683 1637.4479966163635 183.81960506737232 28.175363779067993 25.637259885668755 4234.9022079631686 54.924140192568302 1026.5023242682219 6971.1854849383235 44.001821756362915 237.24112409353256 3485.1959517747164 5374.461579978466 17.996564492583275 15.963735759258268 2819.6531993895769 277.56867899000645 103.65593644976616 204.76781803369522 15.335376232862474 25.124931082129478 1113.4294887036085 278.43506292998791 228.29363532364368 352.42232367396355 802.83659596741199 104.24924932420254 454.85199213027954 159.086011916399 247.52451714873314 23.932964742183685 627.84223236143589 2247.5504301786423 42.344706267118454 3016.1794280260801 124.02557134628296 21.616544380784035 573.95541708171368 269.39540527760983 864.49180898070335 11.883703261613844 935.46253769099712
leaf_count=6179 1615 1248 387 7320 16402 3979 67 28502 4081 10408 14653 6381 9845 2189 7649 589 5419 1110 14610 5467 2700 3877 429 68 108 16406 173 3719 28073 127 675 31208 14475 42 66 11198 899 267 492 76 67 3257 579 986 752 2426 855 2162 374 602 76 2199 5343 80 6846 421 67 1272 1087 2017 37 2148
internal_value=0.0123701 0.00581841 0.038992 0.0108007 -0.00290168 0.00877531 0.0277835 0.00576091 0.0250212 0.0497837 -0.0109737 0.00133049 0.0141858 0.0156605 -0.0158123 0.0141835 0.0244735 0.018725 0.0082436 0.0434047 -0.00451538 0.0446428 0.0470322 0.0222595 -0.0446494 -0.00220306 -0.00273623 0.00788408 0.00473353 0.0290145 -0.00372816 -0.0200873 0.0133695 0.0251305 -0.0419511 0.000575908 0.00535635 0.0395892 0.0211604 -0.00286593 -0.0470917 0.0101945 0.0121543 0.0133627 0.0162952 0.0114694 -0.00672636 0.00228604 0.00329993 -0.00523841 0.053056 0.00595346 0.011389 0.0137162 0.025846 0.000440087 0.0424105 0.0384509 0.0198659 0.0177827 -0.101525 0.0545755
internal_weight=85467.6 68587.9 16879.7 43648.7 24939.2 38206.9 8279.94 24536.7 5441.81 8599.75 8578.11 16361.1 13670.2 12479.9 5403.92 11458.4 7065.05 3549.52 18705.4 4502.4 6019.9 4354.75 1214.89 237.632 53.8126 5831.25 3174.19 1348.82 10341.2 4542.73 3119.26 4032.17 11155.5 3218.17 33.9603 3352.39 10760.8 2717.31 360.768 156 52.344 6487.89 7944.66 465.535 2522.32 2756.06 2653.73 7585.12 7130.27 4482.43 977.254 10483.2 7666.22 1068.85 3184.21 168.027 2356.54 1324.57 1072.23 4667.58 27.2191 959.396
internal_count=296831 256230 40601 123049 133181 110538 19456 74187 12511 21145 62378 70803 36351 32372 45036 30183 16560 8430 52132 10737 30300 10350 2896 605 176 22055 17342 5047 40503 10389 17169 37387 29594 7502 108 13898 31600 6473 939 447 180 17732 20532 1661 6171 9894 15508 30609 28447 17008 2291 30701 19953 3799 7394 548 5534 2887 3513 11862 113 2224
is_linear=0
shrinkage=0.05


Tree=34
num_leaves=63
num_cat=0
split_feature=20 38 10 18 1 43 62 30 1 30 43 62 62 48 18 6 61 1 1 18 43 30 47 20 50 43 50 33 32 50 61 14 56 0 54 45 56 8 1 18 51 36 53 20 51 61 55 34 47 50 54 62 62 42 53 58 0 62 56 36 55 54
split_gain=5611.71 1134 570.81 563.948 298.165 286.577 191.868 190.926 188.85 163.046 153.975 140.858 136.544 129.875 123.23 120.607 109.149 105.731 101.041 95.5263 89.5083 87.0371 82.3024 80.6287 77.9699 76.0107 74.6246 72.4627 94.5027 67.2268 66.8304 65.0351 64.2276 63.5421 78.7569 61.7664 64.2007 61.679 78.5294 60.7399 59.6152 59.5256 59.1098 129.141 58.0641 57.1194 55.6628 55.2516 55.2193 55.1917 55.1434 54.281 53.6611 49.3797 49.2784 49.2318 48.6036 48.4516 51.4894 46.0062 45.9823 45.3175
threshold=9.5000000000000018 7931000.9060230451 11.500000000000002 1015884274.1461791 4.4350000000000014 4.728601953601955 21.789888850165543 8.5000000000000018 4.7750000000000012 71.500000000000014 4.7969848484848496 12.970280177242291 9.6060995494262045 65168305571.740456 44946296964.442772 2.9750000000000005 23.671632775309632 5.8850000000000007 6.9450000000000012 1437357.3595397372 4.6400304878048795 25.500000000000004 1.2572830495136293 34.500000000000007 424.12239505809316 5.020096153846155 135.21545015949479 4.4101724137931049 5.1950000000000012 292.50362589469142 55.519293386712967 1.0000000180025095e-35 2.5000000000000004 34.107000000000006 -0.020822758037224848 0.88523940143949231 2.5000000000000004 0.13050000000000003 5.5950000000000006 1355981708.8373449 12.857142850105371 7.9502051282051278 -0.060949651411287192 51.500000000000007 10.285714265877555 4.1790373738090913 120.90159490535849 0.37688302737922619 4.0259093893013418 287.81716656981069 1.3261744236624622 39.019949092629012 4.0506553234920721 6.995000000000001 0.077029437936410552 0.2672282004597602 70.550000000000011 1.9685002862761696 1.0000000180025095e-35 36.48074074074075 10.482514862117862 1.7266528925619833
decision_type=2 2 2 2 2 2 2 2 2 2 2 2 2 2 2 2 2 2 2 2 2 2 2 2 2 2 2 2 2 2 2 2 2 2 2 2 2 2 2 2 2 2 2 2 2 2 2 2 2 2 2 2 2 2 2 2 2 2 2 2 2 2
left_child=1 8 5 4 6 9 19 12 11 39 29 24 30 15 35 48 18 20 37 41 45 25 40 27 57 32 51 28 -11 61 46 -22 -7 34 -19 36 56 38 52 -2 44 -3 43 -24 -17 -14 50 -12 -4 -40 -6 -8 -10 -49 -43 -38 -5 58 -1 -54 -59 -9
right_child=2 3 13 14 7 21 26 10 16 23 47 -13 17 -15 -16 22 -18 33 -20 -21 31 -23 42 -25 -26 -27 -28 -29 -30 -31 -32 -33 -34 -35 -36 -37 55 -39 49 -41 -42 54 -44 -45 -46 -47 -48 53 -50 -51 -52 -53 59 -55 -56 -57 -58 60 -60 -61 -62 -63
leaf_value=-0.016261097593985644 0.013177315237662241 -0.042444080827990477 0.00645038439111301 0.033079248000456855 0.00082206342230414873 0.027308185729465074 0.0098602089410796609 0.013913439013672466 -0.0077221799511248759 0.054641311280858501 0.039426798905615068 0.00072683799234844618 0.017607598383174727 0.056444161527007077 0.044273495123828145 -0.051464917347392704 -0.0088468259835698237 -0.015879614258143545 0.036456887435823385 0.0053682431459313694 0.010795201789294141 0.048032032388473984 0.03482244217631552 0.044725928803726195 -0.030593828589021828 0.04858480746948577 0.0022264901735230399 0.027265053296697872 -0.0814433689914658 -0.0036591588364209035 -0.012231771040337475 0.026657894390801996 -0.020032933668907266 0.012441066701658142 0.040756202886692044 0.012847138931259669 -0.04205814036989583 -0.0067501973123884887 0.016031340075864625 0.035543922179636353 -0.054079033856776086 -0.0083104396233687518 0.049735768265791687 -0.095305693013044188 0.034900226138381542 0.0020668710189173721 0.020228034049933709 0.015396866236599752 -0.09896348357261478 0.059725565270236591 0.031271051177622876 0.024429728725208447 -0.011372920028238755 0.033120877987928503 0.00018261907513870043 0.014651305510092753 0.0011846831116235396 -0.020949357239690138 -0.040243849738768676 0.012575336593694293 -0.0076262155826497093 0.049605156040966714
leaf_weight=808.09531484544277 2585.7716573476791 105.54630399495363 33.711737602949142 1720.6502538025379 4247.526458889246 767.51771441102028 4446.3305591642857 6035.589586570859 886.13959816843271 19.983343183994293 714.07152695953846 1546.4068149030209 674.57259751856327 4061.8052554354072 840.96191546320915 22.254581540822983 2743.5500864088535 68.426281899213791 225.45776632428169 3087.9357301965356 11621.724225446582 2185.9763874411583 308.29627890884876 969.08340409398079 819.29623052477837 436.04521180689335 3177.2396068871021 690.36027652025223 35.281422153115273 559.99773940443993 771.25473158806562 684.19089359045029 79.021135523915291 595.82623715698719 596.31622380018234 1052.6449275165796 47.686759680509567 1340.4902723506093 552.35650266706944 343.90925824642181 28.306655630469322 3920.7213290482759 1906.2734543085098 20.322938904166222 155.0493787676096 4787.5764265954494 456.63822917640209 949.50670225918293 19.673052296042442 83.150877133011818 154.08609282970428 746.63986536860466 245.941456399858 670.45790359377861 3026.1601640209556 193.83661802113056 128.35760352015495 861.41793365031481 309.52086398750544 1086.4337316304445 2609.2598091959953 90.264790371060371
leaf_count=7441 6257 609 83 3659 17342 1773 12407 15479 6058 36 1441 6182 1981 10774 1931 75 15426 202 506 10340 31950 5135 730 2289 8997 960 9731 1568 143 1705 3765 1522 231 1525 1253 2502 150 6328 2180 759 112 19981 4583 82 351 16065 1673 2236 86 302 389 1701 1078 1414 10543 462 321 6444 3110 4400 17902 171
internal_value=0.0118276 0.00595729 0.0399573 0.00914109 0.00775687 0.0310911 0.00265917 0.0105587 -0.00671084 0.02297 0.0167833 -0.0125803 0.0082818 0.0509297 0.0272732 0.0419483 -0.00101309 0.0103056 0.00384944 -0.00196574 0.00931282 0.0419651 0.0435746 0.0352155 -0.0163857 0.031625 0.00826216 0.0228549 -0.0322361 0.0129235 0.0014412 0.0116771 0.0228891 0.0242983 0.0349263 0.0227247 0.0276983 0.00209677 0.00625206 0.0158029 0.0133025 -0.00517695 0.0463596 0.0267749 0.02406 0.00398614 0.00361181 0.0278398 -0.0323961 0.0217484 0.00188798 0.011955 0.00181305 0.0227323 -0.00461074 0.0034545 0.0308651 -0.0138487 -0.0229031 0.00815476 -0.010933 0.0144394
internal_weight=84958.9 70290.3 14668.6 56172.7 52188.6 8112.95 18510.6 33678 14117.5 4644.39 9019.89 6954 24658.1 6555.69 3984.14 2493.89 7163.52 19028.6 4419.97 10140.4 17768.1 3468.56 2440.5 1714.71 5407.59 1282.58 8370.21 745.625 55.2648 6685.85 5629.51 12305.9 846.539 1260.57 664.743 3143.18 2090.53 4194.51 2854.02 2929.68 205.611 7052.43 2234.89 328.619 177.304 5462.15 4858.25 2334.04 53.3848 635.507 4401.61 5192.97 2218.51 1619.96 6946.88 241.523 1849.01 4588.29 1117.62 1332.38 3470.68 6125.85
internal_count=296831 260804 36027 174450 165425 19151 65312 100113 86354 11052 22446 50076 77667 16876 9025 6102 36278 54498 20852 41473 51518 8099 5933 4036 43894 2964 23839 1747 179 17355 23169 33472 2004 2980 1455 7094 4592 20346 14018 7016 538 31133 5395 812 426 18046 19404 5091 169 2482 17731 14108 11536 3650 30524 612 3980 34897 10551 5478 24346 15650
is_linear=0
shrinkage=0.05


Tree=35
num_leaves=63
num_cat=0
split_feature=10 48 48 30 62 1 43 62 61 28 20 28 1 43 40 43 1 40 9 20 50 36 40 43 1 43 50 62 23 44 53 16 34 52 27 9 62 36 50 9 61 1 30 16 42 26 53 47 9 1 17 28 33 53 24 53 12 10 43 62 58 47
split_gain=5281.47 1092.11 595.19 521.01 288.43 246.644 190.691 175.849 171.586 150.444 149.211 130.327 122.894 119.572 118.706 106.722 100.176 99.6878 95.456 92.9174 90.6529 131.254 84.1091 86.0641 82.4147 82.0087 81.177 80.1482 76.3674 72.6453 72.603 71.8448 70.6411 90.1788 70.388 69.3565 67.9294 64.9355 64.3231 62.695 60.5785 65.1672 60.2164 55.5526 54.1761 53.9452 54.2063 53.6674 52.7158 58.6274 52.2109 54.2616 79.5608 67.3055 54.7328 53.8676 64.5689 51.7553 50.6461 50.4409 49.8019 66.0021
threshold=3.5000000000000004 226429676.27455902 33261411691.198238 22.500000000000004 7.3693740509322661 4.8950000000000005 4.8500871080139385 24.863113315575916 59.585640920802327 5025238979.7750559 18.500000000000004 1497473425.0448112 4.4850000000000012 4.2601136363636369 5.5000000000000009 4.6546164772727296 6.6950000000000012 120.50000000000001 129097.00000000001 88.500000000000014 779.82269281538936 11.170368421052633 171.50000000000003 4.725027472527473 7.0550000000000006 4.9200946372239756 138.22010288437224 4.3507038659729664 5.0830018761726086 0.3807886552931955 0.093648299376724406 18.173214285714291 0.38873012632302012 12.706771043560897 1.1472315808458509 8874.5000000000018 39.019949092629012 32.999504950495059 342.2143492731139 230766.00000000003 8.5221590903992581 4.8950000000000005 192.50000000000003 107.62142857142858 5.5050000000000008 55.803571428571438 0.027295429744921402 1.0000000180025095e-35 16482336.500000002 6.4650000000000007 2.5499999999999985 16006611704.25831 4.6500542299349252 0.024057344037637905 0.58286329326152331 -0.068359298998891441 6.0950000000000006 4.5000000000000009 4.6895042839657295 0.10456237086455404 0.13917310096006538 76.536631368432083
decision_type=2 2 2 2 2 2 2 2 2 2 2 2 2 2 2 2 2 2 2 2 2 2 2 2 2 2 2 2 2 2 2 2 2 2 2 2 2 2 2 2 2 2 2 2 2 2 2 2 2 2 2 2 2 2 2 2 2 2 2 2 2 2
left_child=1 4 10 5 8 7 17 18 12 14 28 22 31 -6 44 19 25 36 45 30 43 -22 23 37 39 -16 -9 -20 35 -29 32 -1 33 -12 -32 60 -5 -4 40 -14 41 -15 -36 -13 -7 46 -3 -34 49 -42 55 -52 53 54 -53 56 -49 -39 -28 -10 61 -2
right_child=2 3 11 6 13 9 -8 26 59 -11 15 20 24 38 16 -17 -18 -19 27 -21 21 -23 -24 -25 -26 -27 58 29 -30 -31 34 -33 47 -35 42 -37 -38 57 -40 -41 48 -43 -44 -45 -46 -47 -48 50 -50 -51 51 52 -54 -55 -56 -57 -58 -59 -60 -61 -62 -63
leaf_value=0.007612241632920915 -0.014509929218047052 0.0023676819547385599 0.0019174364649585307 0.012176625680130129 -0.011637652489309463 0.022180315471149348 0.042254573467726007 0.013610809384001422 -0.050640970381741403 0.029376606371924904 0.052356904573685963 0.053245847880631095 0.0072803700219961371 0.0040524901267576822 0.010418601438237619 0.050638484361540226 0.050151318025464325 0.028990029037992977 -0.018474062250987182 0.053472564438513642 0.031897014395851055 -0.12103391958767373 0.036668553844643369 0.028986646186980759 0.040083216033257235 0.020031702747669428 0.00087997581692266468 0.008060240985307679 0.037375591638969537 -0.0030312825698711634 0.038765454940294423 -0.017737886916442215 -0.057864977393396411 -0.027081927322295092 -0.065160976409226065 0.0087762305503981536 0.037766674083120871 -0.037774238995723908 -0.010675771094882561 -0.0052845410761723083 0.0025662256574008769 0.017948700274126868 0.046528502739729305 0.0010564001772166843 -0.00013964285954684691 -0.001627175556692631 0.013984646426724062 -0.05688841343062008 -0.014227565628569076 0.035243411052548419 0.016919041058372591 -0.18238686973641433 0.052744235364798692 0.018053041393602944 -0.054181718104681614 0.045628216083607377 0.055919269265766063 -0.17002742772286891 0.013582945438377009 -0.020019374505196395 0.026862868611651592 0.06734420893538888
leaf_weight=317.93886218219995 146.83896563947201 1613.189646050334 23.508203491568565 2905.6713657975197 1455.7358641698956 308.67105942964554 1167.2440911829472 6773.7261996865273 145.84504924714565 1393.0358482599258 343.39893165230751 6304.6414402723312 1274.2222255542874 2002.6144789680839 6238.362040489912 1094.2906137853861 193.71283736824989 1873.9576456844807 649.12393567711115 321.81248146295547 72.217794418334961 17.41312700510025 291.90319427847862 54.914337545633316 115.85451583564281 3443.0228153914213 2743.698195040226 1986.5120094716549 787.75195494294167 5747.4765331968665 40.469097256660461 2311.5316455066204 23.265825524926186 39.873805940151215 60.615924954414368 964.56139415502548 284.74510370194912 13.689448043704035 768.46813223510981 4494.8361206948757 9574.4032142981887 1457.854000210762 15.067620322108267 51.405007019639015 2280.3044604957104 1427.6768611818552 2659.8304361402988 30.917237967252731 463.36477147787809 139.25876143574715 223.31653536856174 13.910516038537024 19.35579639673233 16.104602977633476 20.732168018817902 226.89978995919228 21.510152727365494 16.094601064920425 1098.9202046692371 1726.2374016046524 2127.3309129029512 29.590000778436661
leaf_count=1470 424 4710 61 7245 8131 885 2543 17066 1744 3105 740 16751 5371 7818 16408 2677 351 4225 3268 811 193 79 726 141 243 8218 8180 6430 1722 20019 85 19770 76 134 237 2431 574 42 3544 30518 38002 4605 34 147 7567 4323 7072 104 2175 324 557 72 46 41 72 491 42 80 2716 14277 4869 49
internal_value=0.0113093 0.00587588 0.0400846 0.0106218 -0.00222246 0.00845387 0.0240359 0.00545858 -0.00869958 0.0137929 0.0293314 0.0504008 -0.00568614 0.00201884 0.0120512 0.0389089 0.0145497 0.0198369 0.00179574 0.0298521 0.0521196 0.00218622 0.022711 -0.0149415 -0.0016708 0.0138373 0.0103178 -0.00159874 0.023401 -0.000182372 0.0229131 -0.0146727 0.0273462 0.0440925 -0.014463 0.0200328 0.0144605 -0.0602068 0.00339885 -0.00250931 0.00419195 0.0099068 -0.042925 0.0528238 0.00252146 0.00678746 0.0095989 0.0165773 0.00224874 0.0030347 0.0196013 0.00487202 -0.0335043 -0.0664008 -0.105662 0.0350737 -0.0106052 -0.109241 0.0045128 -0.022405 0.0247458 -0.000781662
internal_weight=84450.4 71037 13413.4 44788.9 26248.2 38557.3 6231.62 24700.2 10386.5 13857.1 6567.61 6845.79 8514.38 15861.7 12464.1 2511.54 9875.1 5064.37 14083.8 1417.25 6445.68 89.6309 400.11 108.207 5884.91 9681.38 10616.3 8383.11 4056.07 7733.99 1095.44 2629.47 979.285 383.273 116.153 3268.32 3190.42 53.2923 14406 5769.06 13637.5 3460.47 75.6835 6356.05 2588.98 5700.7 4273.02 596.013 10177 9713.66 572.747 293.42 70.1031 50.7473 34.6427 279.327 52.4274 29.784 3842.62 1872.08 2303.76 176.429
internal_count=296831 262897 33934 124905 137992 110318 14587 73784 73393 36534 15714 18220 57372 64599 33429 6219 24977 12044 45822 3542 17170 272 1050 324 36132 24626 27962 29717 9495 26449 2731 21240 2375 874 356 7773 7819 183 56468 35889 52924 12423 271 16898 8452 16105 11782 1501 40501 38326 1425 788 231 185 144 637 146 122 10896 16021 5342 473
is_linear=0
shrinkage=0.05


Tree=36
num_leaves=63
num_cat=0
split_feature=20 38 18 18 48 48 48 1 54 1 9 31 33 20 1 9 47 50 33 56 52 1 0 1 56 0 36 1 5 44 16 53 51 20 40 56 55 20 31 31 26 27 29 16 47 13 24 53 1 53 50 5 57 50 31 10 9 46 58 33 50 50
split_gain=4970.88 980.58 516.023 445.518 270.471 206.999 197.687 154.28 153.345 143.988 136.241 128.882 128.795 117.37 103.842 89.0493 88.649 82.713 80.6402 77.5423 74.4511 70.3252 69.4315 72.7083 68.0733 67.2158 63.6799 62.0365 61.3206 57.5061 56.7977 62.0201 58.2142 56.7734 56.3214 55.05 54.1742 53.2929 52.725 52.2946 62.2484 102.54 51.5099 51.3957 83.5054 56.5883 54.5004 59.6479 49.3762 49.3427 48.5585 47.9972 47.9508 57.0215 47.2021 45.847 45.5757 44.0388 43.8813 43.8626 42.6718 41.5586
threshold=10.500000000000002 55478682.356264077 81753272.656293467 4086646767.2006803 15848844.984281095 65168305571.740456 367065762881.72784 4.4850000000000012 1.2260600071864893 4.9050000000000011 183581.50000000003 1.5166666666666668 4.7250231910946212 69.500000000000014 4.2550000000000008 4538.5000000000009 25.39916542250155 342.2143492731139 4.5985290936621253 1.0000000180025095e-35 5.3386989267956819 7.5950000000000006 56.250000000000007 6.2950000000000008 1.0000000180025095e-35 60.850000000000001 10.001250000000001 6.9050000000000011 0.91500000000000015 0.56550080423741955 9.2059285714285704 -0.053948305890395142 12.214285708396689 35.500000000000007 9.5000000000000018 1.0000000180025095e-35 32.053524656909879 24.500000000000004 0.049999999999999954 3.4833333333333338 35.450252525252537 1.0600383789232364 5.6329714983262446e+19 12.849242424242425 2.6466787174673585 4.589564428312161 0.35801428873103053 0.15084033134901617 5.7950000000000008 -0.21455236464468633 30.763324228530688 1.1850000000000003 1.5000000000000002 203.91774594632514 0.049999999999999954 12.500000000000002 1011552483.0999991 30.550438596491237 0.97988739209073494 5.0668498168498184 839.60587267989297 154.51738874573201
decision_type=2 2 2 2 2 2 2 2 2 2 2 2 2 2 2 2 2 2 2 2 2 2 2 2 2 2 2 2 2 2 2 2 2 2 2 2 2 2 2 2 2 2 2 2 2 2 2 2 2 2 2 2 2 2 2 2 2 2 2 2 2 2
left_child=1 4 11 6 9 12 7 24 14 19 22 59 13 30 -6 42 29 35 33 -1 27 28 23 26 34 -10 52 38 56 -16 31 -4 -33 -13 -3 -18 -26 -14 -12 40 41 -35 -5 -32 45 -45 -46 -48 -30 -36 -43 -50 53 -9 -24 -7 -11 -38 -56 -2 -51 -59
right_child=2 3 5 15 8 55 -8 10 25 21 20 18 37 -15 16 -17 17 -19 -20 -21 -22 -23 54 -25 36 -27 -28 -29 48 -31 43 32 -34 39 49 -37 57 -39 -40 -41 -42 50 -44 44 46 -47 47 -49 51 60 -52 -53 -54 -55 58 -57 -58 61 -60 -61 -62 -63
leaf_value=-0.0096490187923359994 0.013356001848328037 -0.0034500991182117484 0.045089662426812914 0.030575073547709858 -0.0058835901926054422 0.044734029022693106 0.030249411433255092 0.0035679003593156026 0.032884081993315897 -0.0053002569052466187 -0.0033713638161397374 0.011278375587741821 0.038952168273753335 0.052644107474970697 -0.00043037790580355761 0.018764892025980747 0.0096015766522740496 -0.011514169204819272 0.041072226586727406 -0.023593915923237323 -0.0054698907714116462 0.04454800387876369 -0.040993630500730099 0.043020149695835265 -0.0081543245646237394 -0.0020103693703181231 0.017419029364726845 0.052439014364234864 0.0012139284164428403 -0.018116618360158845 0.035558494089008609 -0.088937813132748067 0.0012991283681892403 0.046969756384741851 -0.0058919555001656172 0.0011432614186058549 -0.020280285075239636 0.055656722239851797 0.0090670178610879754 0.046060445700872393 0.063167206483709062 0.016804997230702751 0.048845679885524976 -0.11128817112258385 0.045408515179555048 0.0091672598649538972 0.01651006221215702 -0.06325671939936077 0.044410864865245717 0.0090151071106166943 -0.051645514358721625 -0.0043831764839038613 -0.012329140632477519 0.044657612857328569 0.0068147735064246363 0.055772932377968445 -0.031994732209139183 0.013651187844304255 0.021003271492778398 0.043865451175807771 0.07659539072452573 -0.001672833389706567
leaf_weight=2212.0800054222345 1802.5744225084782 1230.2386599108577 31.557025626301765 941.84158909320831 4675.3446654900908 1272.4762307107449 1088.9660501927137 388.77803602814674 543.84415180981159 2496.7940252199769 932.86720276623964 547.03527726233006 1035.5256332829595 400.39470227062702 6751.9086252376437 956.75019244104624 6131.6780725568533 650.85809794068336 1313.0090793371201 1814.7041283473372 1077.2007010579109 78.71135339140892 47.108891293406487 257.56770676374435 1702.8279147073627 184.9354374781251 8068.7921060472727 79.070340350270271 651.92945661395788 493.1732215732336 636.00571439415216 32.240330159664154 40.107594802975655 77.235455498099327 583.42135633528233 2803.0564073324203 169.61579197645187 885.96733283996582 9825.7232054695487 348.33731181174517 54.299418181180954 39.877447485923767 653.38439648598433 20.721946865320206 168.89225941896439 18.414910852909088 602.43596778064966 24.385033324360847 152.29166734218597 7003.6300231739879 73.966185852885246 75.327785350382328 319.93733713030815 107.85681675374508 3020.363078981638 3606.2588196396828 170.83340547978878 933.32939887791872 664.8995927721262 126.04278661310673 23.436440721154213 841.21479391306639
leaf_count=19266 4371 4573 64 2094 22963 3381 2381 1139 1353 13328 3361 1350 2529 1041 31262 2339 20642 3110 3149 17575 3379 175 175 509 5826 598 19868 144 3849 2267 1485 126 106 166 1995 11276 617 2283 27450 839 99 100 1543 84 373 45 1541 86 566 19058 254 344 1052 240 8001 10357 1139 2741 1615 267 42 2880
internal_value=0.0108116 0.00556719 0.0390334 0.0105959 -0.00131763 0.0460308 0.00925036 0.00863694 0.00147283 -0.0094253 0.0109199 0.0250217 0.0374381 0.0284722 0.000708453 0.0308252 0.00253964 0.00569441 0.0326235 -0.0159334 0.00706674 -0.00219763 0.0144857 0.0168316 0.00410485 0.0240293 0.0160725 0.0083128 -0.00323491 -0.00163428 0.0223263 -0.0134006 -0.0389131 0.022899 0.0064759 0.00694799 -0.00164284 0.0466544 0.0079885 0.0336059 0.0159256 0.00250079 0.0380585 0.0248502 0.0166923 -0.0546108 0.0201993 0.0134069 0.00821401 0.00808044 -0.0276685 0.0282631 0.00276668 0.0124916 0.00873895 0.0528938 -0.00700976 0.00406036 0.00937468 0.0153499 0.0092405 0.0063869
internal_weight=83964.1 70806.3 13157.8 40918.8 29887.5 8775.38 38366.8 37277.9 22234.8 7652.67 24790.2 4382.38 3896.65 1975.16 21506 2551.98 16830.7 9585.59 2453.76 4026.78 11914.9 3625.89 12875.3 9142.93 12487.7 728.78 8885.36 10837.7 3547.18 7245.08 1574.76 103.905 72.3479 1140.75 8840.73 8934.73 3646.99 1921.49 10758.6 593.716 245.379 191.079 1595.23 1470.86 834.85 39.1369 795.713 626.821 879.549 7610.49 113.844 227.619 816.572 496.635 3732.37 4878.74 2667.63 1944.16 3685.26 1928.62 7027.07 1774.54
internal_count=296831 262735 34096 113022 149713 23501 107046 104665 93471 56242 66933 10595 9763 4951 91520 5976 68557 35028 5957 36841 34334 19401 32599 22808 37732 1951 22299 30955 19226 33529 3910 296 232 2808 25668 31918 12064 4812 30811 1458 619 520 3637 3614 2129 129 2000 1627 4759 21095 354 910 2431 1379 9791 13738 14467 6238 9616 4638 19100 5621
is_linear=0
shrinkage=0.05


Tree=37
num_leaves=63
num_cat=0
split_feature=10 38 49 49 62 61 9 62 20 28 1 1 49 43 1 50 36 20 43 30 40 43 16 46 33 33 44 53 52 40 24 0 47 9 43 46 61 43 62 8 1 62 16 38 0 62 36 10 9 44 0 54 62 2 51 62 40 32 62 26 47 45
split_gain=4679.65 920.35 591.552 453.487 364.136 156.467 149.918 150.864 140.457 131.286 130.606 109.813 105.306 103.871 97.9311 91.0755 128.549 90.32 90.1933 85.3947 78.1059 75.3461 73.6648 72.0188 71.0747 69.0097 71.0279 65.9338 70.9541 94.6604 67.1119 65.4813 85.4922 64.982 64.6837 64.3164 63.5643 62.9625 60.8514 58.0866 56.1143 59.7034 55.5067 55.1792 62.6158 57.4093 53.3389 53.679 53.3229 53.0826 52.9487 61.8948 51.7544 49.5959 49.1558 47.8954 47.8932 45.9944 45.1302 54.5412 44.5906 44.4454
threshold=3.5000000000000004 55478682.356264077 4.1873636410197189e+19 4.0377059723727593e+19 11.933748848671931 57.486764577110783 189548.00000000003 22.353616414826622 18.500000000000004 1497473425.0448112 6.9450000000000012 4.8050000000000006 6.0941682348611928e+20 4.6546164772727296 4.4050000000000011 779.82269281538936 11.66487704918033 99.500000000000014 4.5154946628926114 20.500000000000004 171.50000000000003 4.725027472527473 23.003500000000006 175.46031468531473 5.0126329787234054 4.8568927203065142 0.46569840025492898 0.093648299376724406 4.2924931125026982 471.50000000000006 0.3805286111517388 10.002500000000003 6.5729211218154111 8874.5000000000018 4.6322748655913992 30.000304878048784 15.708125565581186 4.5947391107078053 2.3958421498095643 0.12250000000000001 4.995000000000001 24.062983868960199 107.62142857142858 6802800.715789956 91.750000000000014 1.6957288840208113 32.999504950495059 5.5000000000000009 116343.50000000001 0.35653917233018839 58.750000000000007 1.3861983471074379 4.6325676483035041 1.5000000000000002 3.4285714263673479 10.133457593786565 84.500000000000014 4.0050000000000008 3.1868792163501038 33.574537037037054 0.37282548461146886 1.3841645214780496
decision_type=2 2 2 2 2 2 2 2 2 2 2 2 2 2 2 2 2 2 2 2 2 2 2 2 2 2 2 2 2 2 2 2 2 2 2 2 2 2 2 2 2 2 2 2 2 2 2 2 2 2 2 2 2 2 2 2 2 2 2 2 2 2
left_child=1 4 8 6 5 10 11 49 24 20 14 19 23 17 22 42 -17 27 40 35 21 46 -1 25 33 26 -5 28 -10 31 -29 -30 37 54 -9 -3 -37 -33 -7 53 41 56 -11 44 45 57 -4 -48 -27 -8 51 -13 -24 -20 -2 -51 -6 -16 59 -15 -26 -21
right_child=2 3 9 12 18 38 7 34 13 15 -12 50 -14 58 43 16 -18 -19 39 61 -22 -23 52 -25 60 48 -28 30 29 -31 -32 32 -34 -35 -36 36 -38 -39 -40 -41 -42 -43 -44 -45 -46 -47 47 -49 -50 55 -52 -53 -54 -55 -56 -57 -58 -59 -60 -61 -62 -63
leaf_value=0.011358347671616361 0.0070014445362258431 -0.003129612253452067 0.00043221028452582904 0.030629331629423912 -0.0070625906762223677 -0.027949553394719696 0.0049886666782119459 0.0034511969317610083 0.054652169346189196 0.051989080338074194 0.033800428576407623 0.017947464345062999 0.033794078270869513 -0.065000757533304462 0.078174668425470287 0.02863965273293197 -0.12905757380899971 0.055502920598909947 0.022291439953408574 0.018931483508837502 0.034644576468478135 0.026913945745970454 -0.021307771785400515 -0.012880750766073562 -0.0010735883487493398 0.034579772773396945 0.0097074846936613581 0.0043429075143047152 0.033681014925657088 -0.082070166271197426 -0.093823976843535939 -0.090721020800940272 0.016099569190993691 0.0073992962440382884 0.012730966927268609 0.012576940532168224 0.0043011381218775796 0.035029671064618705 -0.012304135375394099 -0.0038170474206567963 0.012358890255657055 0.0048965981325660383 -0.00076868658782250322 0.0037136311920339875 -0.024937813586667756 0.00049598719784275144 -0.048318361125578801 -0.18367458879675513 0.016491798873345408 -0.010937258238667702 0.0081549901231037624 0.045407051317897539 -0.0089951167590031599 0.0077502034344618448 0.026404267368757714 -0.00033478060128161902 0.071409781495293145 -0.011487408901848545 0.051035972270302515 0.059836194963474046 0.039121417908907753 -0.0066961611619019909
leaf_weight=325.30602621287107 395.74447074532509 1477.814528375864 23.173198685050011 526.77710103988647 3178.0301149338484 921.0434225872159 2896.8486719503999 2988.1575936675072 178.62372432649136 5856.7999425604939 220.14362062513828 4344.2200042158365 1642.5078855901957 18.709380321204662 14.42193567752838 71.09013507515192 15.794004961848257 244.64322666823864 639.20142635703087 2221.4542060792446 278.65963672101498 52.810419291257858 1339.1866566464305 171.41174924373627 76.46112097799778 1077.6790304034948 1764.462719604373 94.202417746186256 504.10008004307747 22.152107268571854 21.357741713523865 35.849436327815056 247.45296630263329 946.40054161846638 5053.8241180032492 4284.9873146116734 5060.2957005053759 13.780392706394194 1910.9365665391088 1006.5633826702833 727.11589236557484 1754.106517508626 50.283511139452457 2839.1125625148416 363.75172811746597 3235.3246822208166 19.261379554867748 11.819262638688086 655.14787712693214 1515.8786200284958 1408.9864118099213 215.38807635009289 2353.0668315440416 7096.6210900098085 1863.5960666537285 3582.5086493939161 19.563454270362854 1734.4484540522099 989.50434622913599 16.435362637042999 706.94683085381985 183.12680540978909
leaf_count=1631 1005 4707 61 1175 14183 9260 10191 8578 421 16751 501 10626 3752 71 79 200 72 656 1719 5272 726 141 12893 489 200 2467 4409 275 1209 82 85 142 638 2404 12492 11195 14533 34 12334 3970 2303 5914 147 13055 2294 18781 62 60 1583 6309 3614 415 15156 22393 4307 11184 46 12780 2567 39 1579 614
internal_value=0.0103326 0.00530678 0.0382086 0.0101544 -0.00140192 -0.00678654 0.0080158 0.00444749 0.027438 0.048973 -0.00436912 0.0109969 0.0230615 0.037032 -0.00505761 0.0507925 -2.6923e-05 0.0279854 0.00429467 0.0084566 0.0206983 -0.0156002 -0.0114513 0.0188598 0.0216976 0.0202118 0.0145176 0.0219614 0.026086 0.0198885 -0.0138002 0.0227076 0.00408745 0.0183984 0.00928288 0.00656301 0.00809575 -0.0558046 -0.0173925 0.00748158 -0.000611501 -0.0025161 0.05154 -0.0019201 -0.00491093 -0.00344935 -0.0569833 -0.0997913 0.0277411 -0.000416185 0.0166267 0.0192446 -0.0134609 0.00895173 0.0230057 -0.00348716 -0.00658248 -0.010748 0.0490584 -0.00662103 0.0351984 0.0169797
internal_weight=83505.1 70749.4 12755.7 41071.5 29677.9 15256.7 35233.5 16037.2 6375.96 6379.69 12424.8 19196.3 5837.99 2386.81 12204.6 5993.97 86.8841 1362.16 14421.2 13227.7 385.724 107.064 4017.56 4195.48 3989.15 4024.07 2291.24 1117.52 1001.96 823.335 115.56 801.183 297.083 3205.74 8041.98 10823.1 9345.28 49.6298 2831.98 8742.39 5678.82 4951.7 5907.08 8187.06 5347.95 4984.2 54.2538 31.0806 1732.83 7995.24 5968.59 4559.61 3692.25 7735.82 2259.34 5098.39 3197.59 1748.87 1024.65 35.1447 783.408 2404.58
internal_count=296831 262897 33934 113605 149292 98764 99730 48754 15714 18220 77170 50976 13875 6219 76669 17170 272 3542 50528 36321 1050 324 29680 10123 9495 9634 5584 2886 2526 2105 360 2023 814 7716 21070 30435 25728 176 21594 28082 22446 20143 16898 46989 33934 31640 183 122 4050 27684 14655 11041 28049 24112 5312 17493 14229 12859 2677 110 1779 5886
is_linear=0
shrinkage=0.05


Tree=38
num_leaves=63
num_cat=0
split_feature=20 28 10 62 38 43 43 1 1 48 30 9 43 62 14 28 8 20 20 40 7 0 62 9 62 23 62 51 36 62 6 36 62 61 1 62 9 43 44 62 43 1 0 6 36 1 61 50 62 51 45 38 60 40 17 50 7 36 1 1 62 50
split_gain=4397.82 811.214 506.61 488.205 348.126 267.813 163.865 139.691 136.811 129.076 127.097 121.546 97.1504 93.3969 93.2236 90.7633 79.9619 79.552 79.1596 78.9462 77.9767 79.5152 76.2575 71.4938 69.4517 100.479 68.0669 66.8584 66.6304 66.5352 74.0966 66.6485 65.2561 65.0352 64.6902 70.4295 67.2455 64.1898 61.7184 61.1684 77.7575 60.4003 60.0953 58.9518 61.9954 56.7024 55.5458 54.3985 54.0614 52.0012 51.7544 51.295 51.0669 50.5189 61.5518 49.932 59.9581 49.0798 49.0367 48.8848 48.0464 47.4703
threshold=10.500000000000002 12759296.435991699 12.500000000000002 9.3333281471708478 22432160661.166283 4.6735347788750552 4.5154946628926114 4.6950000000000012 5.5550000000000006 65168305571.740456 72.500000000000014 2618.5000000000005 4.7001182033096933 0.10456237086455404 1.0000000180025095e-35 298974101.87215501 0.13550000000000004 86.500000000000014 33.500000000000007 173.50000000000003 6.1200000000000001 70.550000000000011 13.779502003933187 189548.00000000003 23.762935326479305 4.4470294117647065 20.153260436633396 0.69498069479957081 100.39615384615387 3.8960848622140354 7.7750000000000012 36.995873983739841 2.9777544746209954 7.5941036068200676 5.995000000000001 33.19173346443953 11941833.000000002 5.0002732240437169 0.26434025724964433 5.1326485524383267 4.3179029304029317 6.8750000000000009 6.0005000000000015 2.9750000000000005 16.991287878787883 7.1350000000000007 2.8108243722360666 297.26712396989052 1.6957288840208113 0.57569296366980971 0.61579068329565601 29148989.107918974 2.5000000000000004 58.500000000000007 1.0000000180025095e-35 122.28996540871715 6.6200000000000001 10.001250000000001 4.995000000000001 6.495000000000001 22.899159219337339 424.12239505809316
decision_type=2 2 2 2 2 2 2 2 2 2 2 2 2 2 2 2 2 2 2 2 2 2 2 2 2 2 2 2 2 2 2 2 2 2 2 2 2 2 2 2 2 2 2 2 2 2 2 2 2 2 2 2 2 2 2 2 2 2 2 2 2 2
left_child=1 3 5 8 7 10 26 19 13 12 24 -6 17 -1 33 22 34 43 37 23 21 45 27 42 39 -26 58 -12 61 31 -31 -15 50 -9 35 38 -36 -7 -8 53 -41 46 51 -4 -45 47 -18 48 -10 -35 -14 -3 -42 -2 -55 -40 -57 -16 -5 60 -51 -13
right_child=2 4 9 6 11 18 16 14 20 -11 15 28 32 29 57 -17 41 -19 -20 -21 -22 -23 -24 -25 25 -27 -28 -29 -30 30 -32 -33 -34 49 36 -37 -38 -39 55 40 52 -43 -44 44 -46 -47 -48 -49 -50 59 -52 -53 -54 54 -56 56 -58 -59 -60 -61 -62 -63
leaf_value=-0.045918787034697317 0.025144847622548611 0.054309348404917926 -0.033243853034207342 -0.0078273866269420699 0.043226030687426767 0.028270123471744037 0.013001466516880873 0.016850029944628985 -0.009052978149506407 0.054808677623721325 -0.086345695035887099 0.025616002229533304 0.032334068297669043 -0.0052430595095563455 0.004101952719148527 0.039119567019274187 0.028377901254466736 0.054392043485287936 0.048112954768159841 0.028308577866913633 -0.0099485919281798313 -0.026708564936505953 0.030004501247192325 -0.00071052354691911505 -0.020724485095607759 0.035285163418258755 0.0031485515169168976 -0.0016512013214543281 -0.0081599074366058462 -0.036321189631705351 -0.0045360391925005896 -0.017507379914888776 0.053915517676453195 0.022647791955011615 0.029819537529107876 0.015894950743054817 -0.053390810368866982 0.047326878901400499 0.0068286572150621679 -0.060953857828191162 0.0038553503982017554 0.024750939666988471 0.0079927596424657129 0.037859829172837978 0.010928882197931158 0.051449997232453984 -0.010227876305589826 0.035776295324770106 0.01607454527453769 0.0024966483705602957 -0.088537319443443049 -0.024396575006906524 -0.05947554769334519 -0.08419431299247615 0.038340348424811578 -0.0044004356421502352 0.0090273187043093291 0.022505526687397023 0.0075751048408789993 0.033813824428577811 0.010928037725280608 -0.0071173864940090358
leaf_weight=177.92730446532369 444.23464959859848 22.827887266874313 45.255506247282028 3918.0371747761965 856.52347858250141 1950.4994904920459 2571.1216943338513 2993.6240440905094 339.82135581970215 3341.6637798771262 29.337715968489647 1806.9814808815718 23.463993355631828 1637.4283150956035 413.7822667658329 907.09456046670675 100.46922653913498 247.04990266263485 1217.3338138088584 382.23199672996998 648.42814384400845 125.51308646053076 177.84229588508606 3679.1449244022369 96.363413825631142 473.67764933407307 4022.8047393411398 113.25430883467197 180.51768989861012 189.825055539608 5378.2652170136571 3424.5002889186144 869.90937098860741 571.18431466817856 474.79673869907856 2074.496888756752 25.588529258966446 571.31517221033573 7362.9017921239138 51.753244608640671 1003.1545734107494 163.05608685314655 10134.930777594447 458.4746253490448 400.25651756674051 98.549553066492081 1282.8440969288349 196.25365717709064 578.38718044012785 3740.23493270576 14.225032605230806 222.23283688724041 32.87394854426384 24.174714252352715 17.79071007668972 2651.6975964605808 1211.014797732234 2910.3389969170094 595.25609375536442 165.42206138372421 3081.9749716818333 117.99147008359432
leaf_count=2223 1008 89 146 18899 2070 4887 9228 7583 1783 10402 109 4220 65 10591 1148 2333 330 697 3322 832 3689 685 399 12006 290 999 13215 307 487 1484 31820 31032 2403 1315 1079 5082 123 1411 22127 224 2540 405 28724 1137 1114 182 5203 798 2272 11513 59 768 112 92 40 8748 3813 6704 2114 346 7679 326
internal_value=0.00987591 0.00502964 0.037196 0.000242535 0.0110363 0.0284278 0.00412072 0.00933037 -0.00777581 0.0487414 0.018209 0.0273459 0.0388928 -0.00999265 0.0129129 0.0310388 0.00683686 0.0292477 0.037642 0.00588798 0.00428259 0.0111767 0.00816354 0.00527842 0.0108634 0.0258169 -0.00158068 -0.0190767 0.0208858 -0.00939131 -0.00561965 -0.0135401 0.0511249 0.0106127 0.00786341 0.00730534 0.0255644 0.0325874 0.00601379 0.00544777 -0.001142 -0.0040313 0.00740117 0.0223761 0.0253073 0.0150967 -0.00742396 0.0118821 0.00677506 0.00814249 -0.0132866 -0.017065 0.00184581 0.0201912 -0.0322473 0.00441333 -0.000190645 0.0202147 -0.00579596 0.0069568 0.00630558 0.0236096
internal_weight=83039.9 70528.9 12511 39249 31279.9 7110.7 26454.1 28317.9 12794.9 5400.3 3371.55 2962.01 2058.63 10807.9 13876.6 1227.53 17918 1151.04 3739.15 14441.4 1986.95 1338.52 320.434 14059.1 2144.02 570.041 8536.1 142.592 2105.49 10630 5568.09 5061.93 907.598 10552.4 16371.6 15871.2 500.385 2521.81 13796.7 1573.98 1087.78 1546.37 10380 903.987 858.731 1213.01 1383.31 1114.46 918.209 7558.82 37.689 245.061 1036.03 486.2 41.9654 11225.6 3862.71 3324.12 4513.29 6987.63 6822.21 1924.97
internal_count=296831 262735 34096 176925 85810 18073 90366 78707 86559 16023 8453 7103 5621 77150 36288 3148 56138 3094 9620 42419 9409 5720 815 41587 5305 1289 34228 416 5033 74927 33304 41623 2527 28436 50200 48998 1202 6298 43916 4016 2876 5938 29581 2397 2251 5035 5533 4853 4055 20853 124 857 2652 1140 132 34688 12561 7852 21013 19538 19192 4546
is_linear=0
shrinkage=0.05


Tree=39
num_leaves=63
num_cat=0
split_feature=10 45 48 40 38 43 45 1 1 62 20 56 43 29 10 62 54 61 20 56 62 0 54 62 9 9 63 53 51 62 55 6 62 58 27 10 26 47 7 1 55 61 62 2 44 59 59 52 62 43 46 1 45 62 55 29 45 44 59 57 20 62
split_gain=4139.28 761.15 587.617 434.131 294.37 278.397 167.066 142.368 139.363 135.406 127.384 116.304 98.7401 93.5045 90.9174 89.0023 79.4529 79.0759 78.5085 73.1761 72.3656 66.8489 68.2938 66.1263 64.8381 59.239 58.5842 58.1066 57.9274 73.367 61.0946 81.6672 66.1567 68.4581 62.0298 61.0096 59.296 67.0413 57.7009 56.7816 56.6548 56.3831 55.7289 55.4732 52.5414 51.3997 49.0974 48.9341 48.8818 48.52 47.4278 47.8471 47.2641 46.8148 57.3796 46.1115 55.6424 45.8925 61.0597 68.698 53.4009 81.4954
threshold=3.5000000000000004 0.89421789473568747 63132282318.027382 51.500000000000007 6802800.715789956 4.9200946372239756 0.61280816464876098 4.9050000000000011 4.9050000000000011 29.709351895646119 69.500000000000014 1.0000000180025095e-35 4.8480131578947381 1.979969780859476e+19 12.500000000000002 27.436256876851463 1.3861983471074379 12.959640104307121 21.500000000000004 1.0000000180025095e-35 10.724462298673174 73.050000000000011 1.976478067387158 2.0412393268775983 183581.50000000003 28894.000000000004 31.140309936102046 -0.05727040631755604 3.4285714263673479 13.95225722536158 4.8108527457065806 3.8250000000000006 3.3869115780040331 0.1822285865217376 2.6130368610725916 9.5000000000000018 10.500192307692311 4.0259093893013418 9.8050000000000015 7.5950000000000006 13.978977794713478 8.0455098323239422 4.3507038659729664 2.5000000000000004 0.3226901327000537 -0.99809679250719896 -0.73724926354828224 11.427598484234336 41.656739314430816 4.8715000000000019 45.251452380952394 6.5050000000000008 1.4161776583801673 10.606261357695852 720.0510843326382 1.8065134702622006e+18 0.81942355076085283 0.48285920939846322 -0.94828754594723508 1.0000000180025095e-35 45.500000000000007 11.570053645664784
decision_type=2 2 2 2 2 2 2 2 2 2 2 2 2 2 2 2 2 2 2 2 2 2 2 2 2 2 2 2 2 2 2 2 2 2 2 2 2 2 2 2 2 2 2 2 2 2 2 2 2 2 2 2 2 2 2 2 2 2 2 2 2 2
left_child=1 3 6 5 7 9 18 11 15 16 28 20 -5 43 55 25 19 50 46 24 -3 22 -10 -13 -1 41 -14 -12 29 35 31 -30 33 45 44 -8 37 -36 39 -19 -27 -6 -23 -7 -34 -32 -2 48 -11 52 51 -9 57 54 -45 56 -4 -38 59 -59 -60 -62
right_child=2 4 14 12 8 13 10 17 21 47 27 23 26 -15 -16 -17 -18 38 -20 -21 -22 42 -24 -25 -26 40 -28 -29 30 -31 32 -33 34 -35 36 -37 49 -39 -40 -41 -42 -43 -44 53 -46 -47 -48 -49 -50 -51 -52 -53 -54 -55 -56 -57 -58 58 60 -61 61 -63
leaf_value=0.0085393137244064495 0.010579650844416331 -0.0098483606698656287 0.028875985370832521 0.020361554583310279 0.015161914150502121 0.026453823737757471 -0.0091180977420361152 0.00057173368023185494 0.010789405789791035 0.009047771323646878 -0.045832136854321484 -0.032547405482093041 0.022915912774387301 0.035181399901438364 0.054198263536601593 0.0069186204373298159 0.029339680911651591 -0.0025169960614805304 0.053147893086707025 -0.0033846001112942678 0.0049053986820674893 -0.055318491813469796 0.049299957641262181 -0.014548206554031979 0.00079576720243382444 -0.0097761710600158796 0.048280208657423107 0.050156455625377711 -0.049399824304964486 0.016021500241599457 0.032680071455372807 0.013262999530797383 0.062283851928133606 0.01662536615561196 0.018453643017220554 -0.095916889814416526 0.029107347855486528 -0.10948804960894343 -0.01689219907986432 0.05164458370245481 -0.00094948885329207736 0.00053056059882452199 0.001348016656276531 -0.0022391397330759183 0.03239995286805547 -0.052568387843250367 0.036915183577242633 0.039037877140426752 0.02239933472777917 0.04026726310889072 0.023165695719393822 0.023775942417321679 -0.039904889326629389 0.015088117173467511 0.066278825670180883 0.043845234023551671 -0.051061441520240926 0.031766778038440364 0.019046185918437902 -0.099435661893515201 0.010208441641891849 -0.14554604455448952
leaf_weight=5083.4883402213454 220.69244512170553 2760.0175499990582 278.94124939292669 4395.347466647625 966.41850374639034 906.17802533507347 169.81937018036842 1665.1119600608945 5427.8881843164563 4187.0686526745558 16.326647445559502 652.69468346238136 379.12793798744678 656.30932307243347 3247.7785856723785 4622.6108714789152 275.91049191355705 2191.4550333619118 691.31289409846067 4149.7282004803419 1189.2437844127417 44.745482757687569 117.61756783723831 2338.6317875087261 5773.4594416022301 2251.4454631879926 569.79848269373178 459.27427703142166 60.099921628832817 595.46775832027197 23.94631116092205 385.5971522629261 180.149040132761 519.8799302354455 23.78979979455471 22.984752610325813 765.7621803432703 17.975653886795044 809.99392027407885 49.483766496181488 9441.8419869765639 2066.197092063725 1429.9712959229946 660.15293118357658 801.38003014028072 67.590087026357651 893.4258386939764 163.41088998317719 819.73405586183071 352.30168748646975 372.31317399442196 256.36159826815128 32.677504390478134 3738.3622986078262 32.038360044360161 1676.7631724327803 23.612094581127167 16.491403833031654 536.76583258062601 25.257151618599892 24.714671537280083 12.721066564321516
leaf_count=13521 597 23657 760 10448 3064 2058 478 8289 16303 10711 55 7846 883 1521 10536 13430 605 11445 2001 13861 5074 238 219 17216 18167 10981 1300 1330 223 1509 57 1003 348 1289 55 91 1796 77 4602 99 40030 7395 4449 2157 1861 239 2169 334 1824 839 1247 687 122 9179 57 4783 82 40 1356 103 73 62
internal_value=0.00943815 0.00479059 0.0363985 0.0105216 7.72271e-05 0.007895 0.0268368 -0.00631528 0.00305552 0.00511803 0.0222182 -0.0110386 0.0235194 0.0173721 0.0490504 0.000865991 0.00275175 -0.00018163 0.0399116 0.0022629 -0.00540555 0.00909011 0.0116062 -0.0184756 0.00442148 -0.00103399 0.0381463 0.0468613 0.0196897 0.00734167 0.0222198 0.00481325 0.0245007 0.00960501 0.027765 -0.0194656 0.0222726 -0.0366119 -0.00545502 -0.00132102 -0.00264899 0.00519321 -0.000371344 0.015182 0.0378848 -0.030267 0.0316985 0.0121125 0.0112337 0.0236646 0.00683243 0.00366762 0.0195292 0.0128765 0.000932243 0.0406035 0.0226374 0.0209348 0.0107745 -0.0476084 0.0150194 -0.0427186
internal_weight=82587.7 70444.2 12143.5 31790.1 38654 26445.8 6916.4 12285.3 26368.7 20452.8 5110.97 6940.59 5344.27 5993.04 5227.1 19348.5 15282.6 5344.72 1805.43 15006.7 3949.26 7020.22 5545.51 2991.33 10856.9 14725.9 948.926 475.601 4635.37 788.272 3847.1 445.697 3401.4 611.416 2789.99 192.804 1808.46 41.7655 3050.93 2240.94 11693.3 3032.62 1474.72 5336.73 981.529 91.5364 1114.12 5170.21 5006.8 1766.69 2293.79 1921.47 1414.39 4430.55 692.191 1979.32 302.553 1381.71 615.95 41.7486 574.202 37.4357
internal_count=296831 262897 33934 86626 176271 73995 17773 80162 96109 59023 13006 53793 12631 14972 16161 74900 46154 26369 4767 45549 28731 21209 16522 25062 31688 61470 2183 1385 11621 2078 9543 1226 8317 1585 6732 569 4523 132 16146 11544 51011 10459 4687 13451 2209 296 2766 12869 12535 4391 10223 8976 3552 11393 2214 5625 842 3430 1634 143 1491 135
is_linear=0
shrinkage=0.05


Tree=40
num_leaves=63
num_cat=0
split_feature=20 28 10 62 18 43 48 43 48 1 1 30 43 62 26 46 62 34 20 43 53 20 9 6 0 56 20 8 44 12 62 23 43 9 0 6 62 63 62 1 62 62 43 0 43 26 44 1 26 26 26 0 53 61 40 53 47 58 37 24 59 18
split_gain=3894.19 666.979 501.47 408.085 316.434 250.901 147.972 143.885 132.724 121.106 119.29 117.233 95.4167 88.2855 88.0335 87.7423 86.7064 84.0251 79.35 79.2636 80.1624 79.155 78.9908 78.3224 70.4873 96.7734 70.3543 69.9086 66.586 93.4495 62.8347 91.0506 62.4345 61.5149 59.6659 58.0583 70.8887 59.8884 58.0187 56.4206 56.2978 56.0475 69.0931 54.6221 53.398 53.1797 53.006 53.0027 52.8817 52.5319 51.3772 50.3038 53.4417 49.2148 46.6936 102.718 46.6894 70.2804 50.8936 49.5444 112.007 46.6515
threshold=10.500000000000002 11929080.514979178 12.500000000000002 9.3333281471708478 5667677209.79214 4.6735347788750552 367065762881.72784 4.5154946628926114 65168305571.740456 4.6950000000000012 5.5550000000000006 72.500000000000014 4.6866803840877926 0.10456237086455404 32.663132183908054 27.391333333333339 11.406390804311568 0.28902515306340032 3.5000000000000004 4.5052911534154552 0.069368967350175864 33.500000000000007 2875.5000000000005 2.9750000000000005 57.45000000000001 1.0000000180025095e-35 34.500000000000007 0.13550000000000004 0.46947213081689559 6.8050000000000006 23.762935326479305 4.4470294117647065 5.0002732240437169 335768928.00000006 14.719500000000002 7.7750000000000012 3.8960848622140354 39.559289847204603 19.216745288889999 4.995000000000001 2.9777544746209954 5.1326485524383267 4.3179029304029317 98.050000000000011 5.0668333333333342 32.663132183908054 0.52426007290460308 6.8750000000000009 103.41666666666669 9.9663841807909623 7.5726153846153847 38.050000000000004 -0.40094994162339276 2.8108243722360666 58.500000000000007 -0.017502254253997596 0.37282548461146886 0.37460659341591218 14.484801337772508 0.53415328111784832 -0.28400453026986777 1544395101.792877
decision_type=2 2 2 2 2 2 2 2 2 2 2 2 2 2 2 2 2 2 2 2 2 2 2 2 2 2 2 2 2 2 2 2 2 2 2 2 2 2 2 2 2 2 2 2 2 2 2 2 2 2 2 2 2 2 2 2 2 2 2 2 2 2
left_child=1 3 5 10 6 11 9 15 12 16 13 30 14 -1 23 -5 48 -13 38 -16 28 32 -6 -4 25 33 45 39 -21 -30 41 -32 -7 -12 -27 -15 37 -37 43 -9 -14 54 -43 -11 -20 -19 -47 53 50 -44 -3 52 -18 -29 -2 -56 57 -25 -58 -60 -61 -51
right_child=2 4 8 7 22 21 -8 27 -10 18 24 17 40 35 19 -17 51 26 44 20 -22 -23 -24 56 -26 34 -28 47 29 -31 31 -33 -34 -35 -36 36 -38 -39 -40 -41 -42 42 49 -45 -46 46 -48 -49 -50 61 -52 -53 -54 -55 55 -57 58 -59 59 60 -62 -63
leaf_value=-0.045150836073844368 0.02357100228487129 -0.026850497074009501 -0.031284625553093352 -0.020186285194014865 0.037244665267655054 0.02647441307064461 0.028433157053964809 0.0052902619133289447 0.053946007079669858 0.0066541922307310486 0.0016665140750393766 -0.077045239666723386 -0.0073963780636335623 -0.034824764461087739 0.035074265678095913 -0.00028511270198512461 -0.011910737737222092 0.023730703507282194 0.014791826531225774 0.040836298149822314 -0.14982069491842809 0.04671396975331097 0.018039616562771497 -0.045334803528262024 -0.026364863321487526 0.047671538808918383 0.041223924501768212 0.026376886440203459 -0.10394339928288598 0.037438209742131405 -0.020150566705075649 0.033291070257276928 0.045738259620909466 -0.037607942429922075 0.01336319716920073 -0.013914719421042885 -0.0042170414883057781 0.0094038849219387939 0.01258997417096859 0.011721552280672849 0.052151009040668099 -0.058793070138340398 -0.042090096493177687 -0.01084049070424037 0.03140286377275351 0.0042197573341410761 -0.086858029933262845 0.023033577775857079 -0.025625212010860265 0.00031148418758161474 0.0010565904862343319 0.0038807618467657152 0.011898959019899505 -0.0097871667782703092 0.036390865312831991 -0.12187762734538315 0.04607456568022545 0.048666651922453182 0.037098970537479424 -0.13323123872001036 0.023442181838011236 0.036886106976814319
leaf_weight=169.3017777428031 438.62899440526962 173.51830862462521 44.707210198044777 596.49572742730379 1166.7685173749924 1889.5302024409175 909.92695350944996 11412.248753868043 3071.2692956849933 4190.4719634205103 992.95403680205345 18.269835025072098 41.638896510004997 209.27712653577328 66.041679486632347 7746.7541714087129 248.0018992125988 396.27120602875948 3742.826232150197 30.417284324765205 13.359364241361616 1143.6443429291248 989.45040526241064 41.125542640686035 173.97994799911976 165.85886617004871 689.72332040965557 101.5640541613102 32.290334530174732 18.318171933293343 96.279263466596603 462.86536863446236 541.04539789259434 110.82938495278358 537.11477415263653 4649.5002633705735 5320.5090322941542 292.67788632214069 4853.019137263298 4863.5391256064177 849.0416222885251 50.633179143071175 66.078515753149986 499.33002730458975 555.62839491665363 57.642998069524765 22.099542237818241 162.96006768941879 219.49221746623516 865.41804137080908 3329.3687064126134 5847.3351613879204 4741.2878451347351 1276.1121614351869 23.820186346769333 17.997543066740036 649.13100580871105 38.497477859258652 79.541358664631844 16.544630467891693 36.739656679332256 96.953306511044502
leaf_count=2223 1008 653 145 3065 2866 4887 2050 36309 10402 12553 4703 72 135 1746 156 30569 956 963 9029 71 61 3322 2535 146 964 556 1875 330 132 51 290 999 1411 779 2403 40027 31712 1283 11936 13583 2512 224 209 1692 1205 150 88 405 1016 2224 11311 16589 12486 5201 54 78 1746 75 212 78 101 219
internal_value=0.00901819 0.0045367 0.035461 0.000148168 0.00994547 0.026686 0.00858551 0.00371087 0.0474612 0.0079496 -0.0072357 0.0167507 0.0372861 -0.00933283 0.0271987 -0.00170794 0.00476604 0.029352 0.0112982 -0.00694138 -0.0363399 0.0358665 0.0284318 0.033242 0.00403086 0.00695778 0.0310195 0.00624845 -0.0176294 -0.0527691 0.00970849 0.0240889 0.0307625 -0.00227698 0.0214579 -0.00875376 -0.00822211 -0.0125338 0.00875743 0.00721206 0.0493672 0.00455261 -0.00177219 0.00479151 0.016939 0.0162338 -0.0210212 -0.00393151 -0.0018176 0.00103509 -0.000325809 0.00702752 0.0107155 -0.00712111 0.0187581 -0.0317248 0.0365903 0.000114602 0.0403044 0.0121053 -0.0252045 0.00399616
internal_weight=82153.7 70248.1 11905.6 38781.7 31466.4 6876.9 29310.2 26159.7 5028.66 28400.3 12622 3302.68 1957.39 10641.3 1066.71 8343.25 14559 1184.01 13841.3 160.427 94.3852 3574.22 2156.22 906.287 1980.74 1806.76 1165.74 17816.4 81.0258 50.6085 2118.67 559.145 2430.58 1103.78 702.974 10472 10262.7 4942.18 9542.82 16275.8 890.681 1559.53 1079.08 4689.8 4298.45 476.014 79.7425 1540.64 3722.38 1028.45 3502.89 10836.6 4989.29 1377.68 480.447 41.8177 861.58 79.623 781.957 132.826 53.2843 962.371
internal_count=296831 262735 34096 175858 86877 18073 81476 89462 16023 79426 86396 8453 5621 76991 2974 33634 43011 3148 36415 471 315 9620 5401 2503 9405 8441 3076 55828 254 183 5305 1289 6298 5482 2959 74768 73022 41310 26181 49892 2647 4016 2876 14245 10234 1201 238 5936 12980 2652 11964 30031 13442 5531 1140 132 2358 221 2137 391 179 2443
is_linear=0
shrinkage=0.05


Tree=41
num_leaves=63
num_cat=0
split_feature=20 18 62 10 38 61 43 49 43 1 40 33 30 20 1 34 20 58 28 9 43 62 26 0 43 62 40 26 62 50 62 40 36 50 43 30 22 17 28 20 51 42 30 40 23 26 57 40 43 36 56 5 9 34 35 18 2 40 44 57 36 62
split_gain=3662.71 750.735 521.342 359.622 294.841 192.583 156.16 151.15 146.761 141.142 117.124 110.841 93.807 91.6903 91.5655 100.366 90.7117 86.209 99.6112 81.0449 74.5859 68.0857 67.6162 86.1084 66.2707 62.4125 60.4421 58.693 57.9364 55.4343 55.1798 52.5243 50.2822 49.0507 47.9804 47.6671 47.563 65.75 136.48 110.679 62.2742 60.782 73.478 60.6651 46.8987 59.876 52.5165 46.6785 64.0251 45.7547 68.6981 45.1205 45.0702 44.8457 44.5378 44.4209 43.9404 43.1332 48.1483 42.8332 41.9196 40.8126
threshold=14.500000000000002 9609211.4196398631 11.933748848671931 7.5000000000000009 22432160661.166283 58.519031553931661 4.6375216262975796 6.2349243979636761e+19 4.5154946628926114 4.4850000000000012 52.500000000000007 4.7201265822784828 70.500000000000014 2.5000000000000004 6.9450000000000012 0.09999999999999977 89.500000000000014 0.46173103126271881 16417834532.854723 2180.5000000000005 5.0002732240437169 27.909060640760753 33.406929510155322 17.4175 4.8600373134328372 3.1868792163501038 9.5000000000000018 489.05000000000007 9.4697138482985252 117.27520445318387 0.10456237086455404 12.500000000000002 500.01250000000005 779.82269281538936 5.5629166666666672 55.500000000000007 5.6950000000000012 4.1455967228215282 16006611704.25831 49.500000000000007 12.857142850105371 5.995000000000001 26.500000000000004 433.50000000000006 4.4008620689655187 30.215476190476195 1.0000000180025095e-35 24.500000000000004 4.8334733893557429 12.460434782608697 2.5000000000000004 0.8650000000000001 191207753.50000003 0.37859388972001828 0.67158940500502839 2462906475.6587548 10.500000000000002 190.50000000000003 0.3226901327000537 2.5000000000000004 10.95027777777778 1.750283164471883
decision_type=2 2 2 2 2 2 2 2 2 2 2 2 2 2 2 2 2 2 2 2 2 2 2 2 2 2 2 2 2 2 2 2 2 2 2 2 2 2 2 2 2 2 2 2 2 2 2 2 2 2 2 2 2 2 2 2 2 2 2 2 2 2
left_child=1 2 5 6 13 9 12 11 21 31 24 16 22 28 15 51 36 18 53 33 55 -4 23 35 29 -13 34 -21 -3 52 -7 56 -31 -6 -26 -2 40 41 -39 54 -5 42 -38 -43 46 -46 -14 -17 -49 50 -8 -11 -10 61 -40 59 -1 -48 -59 -19 -60 -15
right_child=3 4 8 7 19 30 49 -9 10 14 -12 25 44 17 -16 47 -18 20 -20 27 -22 -23 -24 -25 26 -27 -28 -29 -30 32 -32 -33 -34 -35 -36 -37 37 38 39 -41 -42 43 -44 -45 45 -47 57 48 -50 -51 -52 -53 -54 -55 -56 -57 -58 58 60 -61 -62 -63
leaf_value=-0.010233910696960226 0.013246637334544229 -0.0003166276344420952 -0.0025004715012461685 0.039133110027277984 0.044309231929444977 -0.047942433609724056 0.021845075341518139 0.052397539009701559 0.0072697511426765143 -0.013864367422109109 0.019545953851714891 -0.018783910965400687 -0.0762341793904346 -0.014257459588428776 0.031363814857838394 0.0037139816663751338 0.053029194023718917 0.015024563261330054 -0.099000218714639515 0.02446550878254997 0.031823201322772277 0.0058001323802951386 0.023987416435729717 -0.032532777492249192 0.0088980013465898757 0.051394273126787599 0.0150116527601007 -0.061314215567467273 0.010545379766868337 -0.00080199879837720707 -0.014164151112064422 -0.00048798076232817736 0.012326876402621393 -0.024332467384702808 -0.0049785657933365569 -0.041645766484470284 0.03343181617871107 0.01358472541477504 0.025547677854622825 -0.19213083379237095 -0.051975927192377119 0.034852742596898786 -0.11430565494785422 -0.056385191517172972 0.041493359934849566 0.0028178174244214683 0.045676549819018003 0.0088192817671527736 0.03974187170107138 0.0372216828766707 -0.076159967854174407 -0.0018128950171219203 -0.07032210459645187 0.0023725666903395286 -0.069172048466107819 0.028075957755990789 -0.030485113028553886 0.059939423209705793 -0.080577195928554099 -0.010253507897825566 0.0076014141666411114 0.019146414869236295
leaf_weight=3794.1597490496933 363.18899558484554 1996.7239735275507 6500.4383179321885 352.43746971338987 906.23530075699091 125.70015051215887 188.21759934723377 3443.026350222528 10217.016647607088 893.36928966641426 1920.6442327350378 32.839668750762939 18.749331220984459 101.21459147334099 242.86076784133911 3227.4883429482579 256.76875875145197 4224.6154403984547 21.930220499634743 1332.1743378266692 850.67617899179459 3984.8794309347868 271.40585923194885 203.85165891051292 3194.0357766896486 898.4259560406208 3805.2013415694237 20.24450296163559 3187.2424856647849 5124.04895837605 3169.5202027186751 1416.0725135579705 850.31049783527851 26.795646734535694 773.85442331433296 44.381723552942276 16.973654106259346 201.68159501999617 19.247960925102234 14.248839274048803 19.809540271759033 362.16403100639582 16.693475544452667 19.184223040938377 478.51819003373384 126.5367334857583 57.211591958999634 657.33415092527866 224.58550079166889 1923.8983769789338 19.757862113416195 5945.3394518047571 18.749651685357094 1463.7469562739134 34.936067648231983 644.62419358640909 288.20302221551538 17.306920930743217 26.608383700251579 174.50651350617409 27.313454896211624 946.95714069902897
leaf_count=28055 872 6922 25198 894 2400 1747 519 12010 29357 6008 4425 109 71 314 554 12513 800 10365 90 3476 1882 11739 617 614 9120 2733 9116 71 8382 16208 21903 5457 2202 90 2421 143 37 557 58 75 80 960 73 66 1192 368 126 1835 473 5151 77 35362 96 3803 134 1483 2321 30 111 495 74 2397
internal_value=0.00861656 0.00478792 0.00208173 0.0378805 0.0143842 -0.00440657 0.0258978 0.0458156 0.00564504 -0.00222559 0.00766526 0.0357231 0.0142733 0.0115941 0.000997434 0.00032382 0.0263714 0.0148124 0.00709968 0.0310021 0.0181279 0.000654121 0.00321828 -0.00600099 0.00671382 0.0489195 0.0105094 0.0231815 0.00636163 0.00489378 -0.0154527 -0.00878541 0.00106659 0.0423379 0.00619167 0.00726922 0.019898 0.0120814 -0.00711813 -0.0681325 0.0342846 0.0245774 -0.0398222 0.0302629 0.0272474 0.033405 0.00193524 0.0064996 0.0166939 0.0348133 0.0125345 -0.00338723 0.00712762 0.00802598 -0.0355245 0.015818 -0.0116636 0.0133462 -0.0126219 0.0140218 -0.0359114 0.0159208
internal_weight=81726.9 72271.5 56373.8 9455.38 15897.7 19984.6 3766.95 5688.44 36389.2 16689.4 25903.9 2245.41 1635.07 13612.2 11191 10948.1 1314.15 8428.27 2533.85 2285.45 5894.42 10485.3 882.828 611.422 23983.2 931.266 7773.09 1352.42 5183.97 16210.1 3295.22 5498.44 5974.36 933.031 3967.89 407.571 1057.38 685.13 270.114 68.4329 372.247 415.015 33.6671 381.348 752.245 605.055 147.19 4109.41 881.92 2131.87 207.975 6838.71 10235.8 2511.92 54.184 5043.75 4082.36 128.44 71.2288 4399.12 53.9218 1048.17
internal_count=296831 268280 226110 28551 42170 116228 9965 18586 109882 92578 72945 6576 4218 36133 56745 56191 3734 20829 6604 6037 14225 36937 2246 1629 68520 2842 20657 3547 15304 47863 23650 35833 18410 2490 11541 1015 2934 1960 824 267 974 1136 110 1026 1972 1560 412 14821 2308 5747 596 41370 29453 6514 192 12343 30376 341 215 10860 185 2711
is_linear=0
shrinkage=0.05


Tree=42
num_leaves=63
num_cat=0
split_feature=20 18 10 38 38 48 1 43 1 43 54 30 20 20 50 30 1 9 40 56 1 58 9 56 54 26 16 34 26 46 0 2 50 56 50 50 54 43 50 53 32 37 46 43 28 28 30 5 52 40 53 40 58 50 43 52 25 9 44 28 36 53
split_gain=3442.56 682.502 357.546 347.809 278.046 165.665 143.953 136.882 121.39 119.923 114.026 95.3828 87.7653 83.7203 83.4094 80.2077 79.8015 78.5935 75.3235 69.9726 69.8839 68.2692 66.5779 65.4034 59.0992 56.2118 60.8785 58.8665 52.7782 51.9558 48.6647 47.6782 50.4538 47.3061 47.0207 46.1873 46.1378 46.1164 57.2311 45.7829 62.1074 46.6332 45.4038 45.1734 43.8817 95.2972 100.704 66.2493 43.8705 42.9645 41.8263 40.6043 40.3239 39.7543 39.3184 68.4199 39.3162 39.2883 39.0277 38.563 42.0388 45.5236
threshold=14.500000000000002 9609211.4196398631 6.5000000000000009 7931000.9060230451 22432160661.166283 49525764906.738258 4.3650000000000011 4.6375216262975796 4.7750000000000012 4.6999340369393154 1.976478067387158 21.500000000000004 99.500000000000014 2.5000000000000004 735.44328314882227 70.500000000000014 4.9050000000000011 2180.5000000000005 12.500000000000002 1.0000000180025095e-35 7.5950000000000006 0.30069434954884217 15092809.000000002 1.0000000180025095e-35 1.3861983471074379 33.406929510155322 13.061680911680915 0.39768405491068143 489.05000000000007 27.391333333333339 56.95000000000001 12.500000000000002 172.21797235552251 2.5000000000000004 129.11076408121798 779.82269281538936 0.418799460431655 4.8600373134328372 307.65864512679826 0.083156093759801167 6.5850000000000009 15.147349801081141 30.000304878048784 4.9752049180327882 16006611704.25831 18205253270.644382 29.500000000000004 0.56350000000000011 3.5314965159957592 84.500000000000014 -0.37145625864184684 9.5000000000000018 0.90255091666790865 74.165559608135496 4.825049019607845 12.856968641133005 1.0679372505817668 8150.0000000000009 0.36545661443398875 298974101.87215501 29.335549450549454 0.085695827572103159
decision_type=2 2 2 2 2 2 2 2 2 2 2 2 2 2 2 2 2 2 2 2 2 2 2 2 2 2 2 2 2 2 2 2 2 2 2 2 2 2 2 2 2 2 2 2 2 2 2 2 2 2 2 2 2 2 2 2 2 2 2 2 2 2
left_child=1 3 7 8 13 9 18 15 14 12 11 19 39 36 23 25 21 35 -5 29 22 -15 24 -1 -10 26 48 -28 -19 34 -26 32 42 -21 -8 -6 -3 38 -31 44 41 -41 -20 -13 -4 46 -46 -47 -2 -44 -23 -39 -34 -42 55 -9 -27 -52 -53 -17 -61 -62
right_child=2 4 5 6 17 -7 10 54 20 -11 -12 43 -14 16 -16 59 -18 28 31 33 -22 50 -24 -25 30 56 27 -29 -30 37 -32 -33 52 -35 -36 -37 -38 51 -40 40 53 -43 49 -45 45 47 -48 -49 -50 -51 57 58 -54 -55 -56 -57 -58 -59 -60 60 61 -63
leaf_value=-0.0040513014684968795 -0.049577022721007426 0.0040624241827703867 0.028082994308947271 -0.006714749805633741 0.043388892129301339 0.051573434112582375 -0.0066646792762689415 0.029278832386084221 0.0002734623407532973 0.047884076385579503 0.042196138827965572 0.014123675440236006 0.05437234820384778 0.00055537227988233914 -0.031817788891813685 0.0074853433694519371 0.022755130530733664 0.023579507117237036 -0.0070417528104152515 -0.0020165375337842378 0.041696662567573074 -0.0091290549365725723 -0.0083108206236480048 -0.014466068224720161 0.02371125065695039 0.031757093137109581 -0.067219546900124577 -0.011117066009987875 -0.056786066905146308 0.0063820169490722738 -0.018137337176118519 -0.0072491180349660359 -0.0086501079924761626 0.0060324936940476864 0.017950452171478923 -0.022757235346022416 0.017272629328926516 0.0066111193215465068 -0.0083417048419362379 0.031231076765886219 -0.12032294559996271 -0.060619565301465811 0.0064362612228523871 0.040832065069999389 0.0060249510229488127 -0.076680804143302514 -0.13868491372105754 0.029885932911420457 0.016857637761877268 0.025532706832764231 0.019134351835892519 0.024540499579226688 0.0059894266722832134 -0.0037980969467352856 0.041297229211484938 -0.036295103178414882 -0.01890316377338119 0.010260418104835354 0.011599520071594841 0.042194014832579521 0.031781080139633239 -0.03377464483584524
leaf_weight=3606.9946412853897 27.58234728872776 4405.7503613829613 834.11293189227581 3421.467990539968 879.85969046503305 3446.1745091602206 1192.9447379559278 1053.960766531527 4231.7822720371187 966.59637235850096 216.26276090741158 1747.768502920866 214.20198483765125 1186.7538938969374 405.24510847777128 203.19299232959747 2030.9566643312573 1313.6012101620436 586.79012951254845 4876.9927004799247 97.222979515790939 190.72693622112274 2145.1539609991014 2589.7646505869925 475.63756190985441 200.89834487438202 58.608258947730064 231.22237677872181 20.752098128199577 12753.875924959779 81.350931100547314 1184.9848680868745 1262.8654764741659 2917.4442903473973 231.6906351223588 27.206906661391258 777.62484680116177 2818.5387200340629 696.00625744462013 65.019601956009865 17.690830387175087 17.548446103930473 4469.3263251334429 174.08588339388371 26.849855154752731 16.034278489649296 21.770504117012024 161.24720657616854 250.83449919521809 315.32045271992683 2512.4935407713056 785.41781333088875 749.57177671790123 12.485442340373991 816.99605076760054 41.339825540781021 47.318633735179901 2476.9559752121568 2256.3058248460293 349.200857385993 70.289440229535103 42.491369679570198
leaf_count=24588 89 13280 2217 16629 2400 12457 5003 2838 20719 3056 428 4249 692 3220 5375 534 4699 3476 2006 17787 210 608 13408 20113 1574 433 212 625 71 38416 367 5044 4339 9961 846 90 2024 8485 2586 173 76 63 13315 370 72 66 97 485 587 708 6046 1779 2329 37 2244 143 136 6256 5476 895 182 142
internal_value=0.00823254 0.00455902 0.037047 0.00198012 0.0137337 0.0445899 0.004202 0.0241573 -0.00497208 0.0343644 0.00601819 0.00576125 0.0249422 0.0110411 -0.00984106 0.0127496 0.0141252 0.0300491 -0.0004432 0.00503495 -0.000400278 0.0113724 -0.000990533 -0.00840387 0.00228863 0.00224917 -0.00642169 -0.0224619 0.0223296 0.00655316 0.0175991 0.00206097 0.00355508 0.000996201 -0.00266148 0.0414049 0.00604426 0.00723298 0.00562009 0.0195669 -0.010725 0.0117098 0.00608491 0.016543 0.0227888 0.00324048 -0.0587711 0.0202475 0.0102761 0.00769477 0.0138506 0.0109347 -0.00319733 -0.0721108 0.0329959 0.0268039 0.0220995 0.014729 0.0149411 0.0256382 0.0336224 0.00708226
internal_weight=81307.2 72113.5 9193.67 56290.8 15822.7 5799.73 42657.7 3393.94 13633.2 2353.56 30667.3 30451.1 1386.96 13581.3 6602 1481.64 8397.89 2241.42 11990.3 28529.2 7031.15 6366.93 6933.92 6196.76 4788.77 816.464 568.247 289.831 1334.35 20734.8 556.988 8568.86 7383.87 7794.44 1424.64 907.067 5183.38 19310.1 13449.9 1172.76 112.744 82.568 5371.44 1921.85 1060.01 225.902 48.6204 177.281 278.417 4784.65 5180.18 5860.26 2012.44 30.1763 1912.3 1095.3 248.217 4989.45 3041.72 665.175 461.982 112.781
internal_count=296831 268280 28551 226110 42170 19491 139756 9060 86354 7034 95386 94958 3978 36133 50076 3835 20829 6037 44370 90339 36278 16130 36068 44701 22660 2082 1513 837 3547 62591 1941 27741 22697 27748 5849 2490 15304 56742 41002 3286 349 236 16029 4619 2937 720 169 551 676 14023 12910 15740 6668 113 5225 2981 569 12302 7255 1753 1219 324
is_linear=0
shrinkage=0.05


Tree=43
num_leaves=63
num_cat=0
split_feature=21 19 62 11 28 61 48 45 1 40 33 62 58 63 21 1 21 9 61 50 1 30 26 46 62 63 62 19 23 0 62 1 42 58 45 62 7 47 27 28 19 21 25 51 62 23 26 57 40 50 46 25 58 61 51 45 62 36 30 2 0 40
split_gain=3233.14 620.33 443.561 355.166 261.96 172.759 156.075 136.68 119.96 115.195 108.012 96.3125 95.933 90.2731 86.9389 82.1289 81.1462 80.5077 79.2198 69.3159 67.9475 67.7942 75.688 66.729 65.315 62.9684 62.3161 59.5521 54.7124 67.6542 52.7982 52.7827 52.7229 51.9602 49.4376 48.761 47.4878 48.3711 93.9731 61.778 81.3821 75.3384 73.3769 61.4058 55.5893 45.4758 48.1778 46.632 44.8631 43.2695 48.3123 50.3931 47.2286 43.0046 42.8906 72.9416 103.71 41.7763 41.5015 41.1799 39.969 39.8738
threshold=2.0714285714285716 12097280443487314 11.933748848671931 7.5000000000000009 5703628097.8238611 58.519031553931661 49525764906.738258 0.67934332364754535 4.4850000000000012 84.500000000000014 4.7201265822784828 26.363356027980387 0.67556448321067852 23.699704804120763 12.785714285714286 6.9450000000000012 0.35714285714285715 3171.5000000000005 17.30900226761047 139.78673502612926 4.9050000000000011 70.500000000000014 33.406929510155322 366.49719298245617 5.3781428144681493 2.5712868388802876 3.1868792163501038 5.658403541458423e+19 4.8428746498599446 17.4175 0.10456237086455404 5.8650000000000011 5.6550000000000011 0.37460659341591218 0.89421789473568747 17.270975952801773 29.250000000000004 0.37282548461146886 2.6130368610725916 16006611704.25831 2.1828589176455549e+19 6.6428571428571432 1.2997134129951322 12.857142850105371 5.7145608772497587 4.4008620689655187 30.215476190476195 1.0000000180025095e-35 12.500000000000002 185.34377659491963 28.922222222222224 1.3217658144881608 0.99535829673000953 13.773885518004626 2.5355245657956575 0.8079897337734917 19.016712927236068 11.388362671344892 55.500000000000007 10.500000000000002 90.450000000000017 190.50000000000003
decision_type=2 2 2 2 2 2 2 2 2 2 2 2 2 2 2 2 2 2 2 2 2 2 2 2 2 2 2 2 2 2 2 2 2 2 2 2 2 2 2 2 2 2 2 2 2 2 2 2 2 2 2 2 2 2 2 2 2 2 2 2 2 2
left_child=1 2 5 7 16 8 10 -2 48 11 14 12 34 15 36 24 25 27 31 -13 33 22 28 53 60 -3 -12 -6 29 58 -7 49 -25 -18 -4 -19 37 43 -39 42 41 -41 -40 44 -5 47 -47 -23 59 50 51 -14 -52 -21 55 56 -48 -36 -9 -1 -10 -49
right_child=3 4 9 6 17 30 -8 21 13 -11 26 19 18 -15 -16 -17 20 35 -20 23 -22 45 -24 32 -26 -27 -28 -29 -30 -31 -32 -33 -34 -35 57 -37 -38 38 39 40 -42 -43 -44 -45 -46 46 54 61 -50 -51 52 -53 -54 -55 -56 -57 -58 -59 -60 -61 -62 -63
leaf_value=-0.0094569420731682625 0.034150725328525505 0.012230012524129944 0.0028310553538629431 0.035631680389761104 0.026524633605942139 -0.047297684845990035 0.051513750283181496 0.010105769366630799 -0.0050098573224392649 0.019797854204571932 -0.020569136217824985 0.010430773735520232 -0.011506638243021599 0.014102933312646573 0.051989151883583398 0.028544521622187513 0.002475306001574135 0.010433916716578564 0.0010137056921281627 0.0082481934703568776 0.021540129077036771 -0.071733820761607767 0.025130267396732617 0.015628852883532343 0.002249957640780848 0.00059520053944309495 0.05026047183530067 0.046997903788761064 0.03875631674229358 -0.028618432965221503 -0.013422749581842114 0.024508597614262575 0.0015440032258675262 0.013254701376093886 -0.048663285737749098 0.028914422051860064 -0.0614484805175202 0.044014368480210633 0.023449542323667735 -0.02717433495971799 0.016336720957386277 -0.156883825507112 -0.080333035959040566 -0.087744375630275095 -0.052306110135514866 0.040002148103420405 0.0056686950189304064 0.043962050578341495 -0.00048909269490110898 -0.0072996799691014934 0.012003427603635111 0.054667630562102956 -0.0033815993234295552 -0.006719946527474545 0.026418595123869511 0.040710398808406267 -0.18882006726641917 -0.0043457598110100649 -0.04054818046959046 -0.029326556866369247 -0.029814560960851933 -0.012826604244026147
leaf_weight=3748.0502086505294 1770.3065085932612 1872.0816805660725 3664.0530620664358 55.569283187389374 874.89980851858854 119.41382621228695 3168.623864389956 387.21538981795311 4071.0903818719089 1297.0179210156202 32.254224933683872 9062.5911109298468 412.02188147604465 1160.7551026195288 237.41408202052116 235.58588120341301 1483.7298121601343 841.56949189305305 5721.6433800533414 652.22382356226444 1856.0533863157034 19.06335537135601 378.2027293741703 1341.4932704567909 5527.2451437786222 3069.8307358697057 834.16256482899189 597.94537199288607 72.856692753732204 232.75245514512062 3131.6836805939674 510.54145412147045 1316.3763713687658 4534.7857979685068 53.758427418768406 619.80860619992018 18.27878388017416 346.95276613533497 428.13796236366034 35.280562080442905 62.953872606158257 16.39781728386879 17.736988097429276 21.489163711667061 26.561374321579933 469.58998293429613 14.742384396493437 55.26747040450573 1414.615730881691 441.74098046123981 4571.6687886938453 30.929148524999619 559.9197460860014 1815.8662842512131 92.566141650080681 19.985808625817299 12.810789555311201 4911.2463290169835 45.152055263519287 280.26171482726932 169.15125305950642 70.137389197945595
leaf_count=28055 5032 5005 10648 122 2200 1747 12010 949 27682 3030 109 23461 1568 3465 800 545 3982 2283 19287 1868 4318 71 903 3542 23737 9762 2733 1753 193 691 21903 1368 3594 11309 298 1558 69 912 1168 117 199 77 88 96 86 1229 41 126 5457 1545 13372 75 1835 5770 259 43 68 18621 145 2321 1316 215
internal_value=0.00786313 0.00434009 0.00188311 0.0362176 0.0131101 -0.00412672 0.0444749 0.0241928 -0.00206326 0.00516507 0.0340194 0.00462383 0.00246362 0.000903996 0.0247146 -0.000627607 0.0100248 0.0265865 0.00530844 0.00780245 0.0131765 0.0147674 0.00694266 0.00315563 -0.00133122 0.00500267 0.0476237 0.0348364 -0.00237823 -0.00688407 -0.014667 0.00907336 0.00865298 0.0105973 -0.00157445 0.018272 0.0184239 0.0198679 0.0235634 0.0109043 -0.0218335 -0.0683318 0.0193211 -0.0124961 0.00719226 0.0263483 0.0323249 0.00112523 -0.00814931 0.00776352 0.00895717 -0.00688601 0.0103247 -0.00276443 0.00659315 -0.0320102 -0.0847584 -0.00482561 0.00481599 -0.0108393 -0.00599936 0.0122009
internal_weight=80914.1 71971.6 56220.9 8942.46 15750.7 19857.9 5301.81 3640.65 16606.8 36363.1 2133.19 35066.1 20877.5 11163.8 1266.77 10003.1 12816.5 2934.22 12248.5 14188.6 7874.57 1870.34 1116.18 5125.96 9767.49 4941.91 866.417 1472.85 737.977 665.12 3251.1 6526.82 2657.87 6018.52 8629.06 1461.38 1029.36 1011.08 907.46 560.507 114.632 51.6784 445.875 103.62 82.1307 754.163 609.695 144.468 5442.93 6016.28 5574.54 442.951 5131.59 2468.09 140.105 47.539 27.5532 4965 432.367 4028.31 4240.24 125.405
internal_count=296831 268280 226110 28551 42170 116228 18586 9965 92578 109882 6576 106852 68617 56745 3734 53280 34376 7794 39050 38235 19609 4933 2881 14774 52735 14767 2842 3953 1978 1785 23650 19763 7136 15291 29567 3841 2934 2865 2561 1649 393 194 1256 304 208 2052 1640 412 35833 18395 16850 1643 15207 7638 411 152 109 18919 1094 30376 28998 341
is_linear=0
shrinkage=0.05


Tree=44
num_leaves=63
num_cat=0
split_feature=10 38 62 48 43 61 45 48 63 41 20 1 54 14 55 9 50 43 62 62 50 50 58 58 8 41 55 50 9 36 56 62 38 9 46 61 55 57 41 43 62 52 46 41 25 53 32 41 43 0 50 0 0 62 9 33 62 50 43 33 62 58
split_gain=3044.39 653.442 409.665 392.243 187.67 159.136 145.28 132.966 114.587 108.472 102.839 100.647 88.4259 83.2387 82.0429 80.1413 79.9109 82.1893 79.8688 79.5062 77.0785 73.9764 123.528 72.823 71.5888 69.2938 68.8749 64.3442 61.7835 61.7359 63.9476 60.5744 62.0398 58.3163 64.758 60.4899 57.9518 57.9046 56.5344 59.1506 56.083 55.0559 52.3167 54.5739 53.5225 51.6875 51.4492 51.165 51.0074 55.2404 49.6232 49.3548 45.9537 51.4504 45.5781 45.2958 45.1464 49.8726 45.1083 44.4926 44.3371 43.9742
threshold=5.5000000000000009 4991429223.2918406 10.724462298673174 63132282318.027382 4.6400304878048795 59.585640920802327 0.62004475263889891 484076989611.0094 85.799965072546357 1.0500000000000003 72.500000000000014 5.5850000000000009 1.4361415289256201 1.0000000180025095e-35 90.981907710770415 22554.500000000004 384.44102295350791 4.2909673659673677 0.18639379154116156 3.8960848622140354 313.06870053564825 779.82269281538936 0.34202014332566882 0.99535829673000953 0.12250000000000001 0.93888888888888899 56.82309234461264 84.836879305338769 4148.5000000000009 42.04009029345373 1.0000000180025095e-35 45.048197082472434 1076632684.1200874 129097.00000000001 29.612761627906984 7.480777395538702 517.58276509297173 1.5000000000000002 0.22777777777777777 4.9002551020408189 0.10456237086455404 0.57623226353055068 6.003000000000001 1.6833333333333336 0.82340870723404758 -0.051028272075570542 5.995000000000001 0.016666666666666653 4.4072949002217312 25.030500000000004 42.647306790180103 76.050000000000011 95.550000000000011 2.3958421498095643 191207753.50000003 4.7473375915251603 1.6957288840208113 101.36326117808021 4.6250333333333353 4.9668217054263577 23.081006820840908 0.9426055981926128
decision_type=2 2 2 2 2 2 2 2 2 2 2 2 2 2 2 2 2 2 2 2 2 2 2 2 2 2 2 2 2 2 2 2 2 2 2 2 2 2 2 2 2 2 2 2 2 2 2 2 2 2 2 2 2 2 2 2 2 2 2 2 2 2
left_child=1 2 5 6 16 8 -2 15 11 12 -8 19 13 27 41 48 17 -4 -16 29 24 -5 -23 25 52 31 28 -6 -21 36 -31 32 33 35 -35 -19 -1 61 39 -17 -7 -10 -30 44 -44 -12 -25 -41 49 -3 -28 -14 53 -13 -36 -9 57 -26 -46 -40 -39 -29
right_child=3 7 4 21 9 40 10 55 14 -11 45 20 51 -15 18 38 -18 23 -20 26 -22 22 -24 46 56 -27 50 37 42 30 -32 -33 -34 34 54 -37 -38 60 59 47 -42 -43 43 -45 58 -47 -48 -49 -50 -51 -52 -53 -54 -55 -56 -57 -58 -59 -60 -61 -62 -63
leaf_value=-0.0046961970797595419 0.04151697065099922 -0.079580266953865386 -0.007461137457156714 0.049640545644209805 0.0095558581627472172 -0.047870803712819175 0.017521125239360519 0.020277202814784928 -0.018566573931891008 0.027763035654947827 -0.049295022742770332 -0.00011634757816121541 0.046978901725166777 0.018173785241849105 -0.042941950467404934 -0.012742346416215099 -0.014119214658229955 0.017546936230636585 0.044784146905564141 0.010447714726231273 0.028913074893788498 0.039165447397193104 -0.13218785540762043 -0.010160736559983329 -0.042597995906704676 0.019374777988854383 0.026735852003362804 -0.0018157944897744371 -0.036773308457899632 -0.008019158384091455 -0.023922015940595932 0.024394697993042114 -0.0089315172772384387 -0.020204982501087564 0.0028026703627657456 0.0053403573357562982 0.040777976431248364 0.0008305931450476472 0.011913901700432951 -0.025198495837367319 -0.012861218921613508 0.016157486179247952 -0.040131854740599229 0.030651622936483065 -0.0086743081725367648 0.050102319683270571 0.02334269769269073 0.01224945497101872 0.022321920975740026 0.014697479398340603 0.0035653475155278482 -0.0046204360936091789 -0.036479745328079009 0.02259463353458651 -0.058546917610321492 0.040241077780100727 -0.001432990822806015 0.022402574263688028 0.00075566694984656891 0.028742699260117372 0.014350244530960144 0.0065832502180820252
leaf_weight=2867.6195994019508 1170.2841878458858 25.643339812755585 1842.748047798872 3648.0488445460796 9451.9293178021908 119.50035173818469 2718.1608825773001 454.2298694178462 173.42404540255666 715.70116490870714 13.60544531047344 405.00172403454781 218.2778178602457 1704.3579178377986 28.539782091975212 433.73100571334362 735.8986886292696 1330.6481465920806 285.40890377014875 675.81536643207073 352.13944185525179 35.797835923731327 14.893491372466086 1315.0307234302163 147.92767242342234 744.56646983325481 256.29901563376188 4290.9998247474432 131.08639940619469 1659.3962957561016 1021.1417838968337 349.91702477633953 965.61586333811283 320.42497289925814 10229.628699801862 4277.5620955824852 71.815778709948063 907.83278720080853 2205.6076032668352 100.00249493122101 2676.2023140415549 333.99618209153414 109.37200231850147 106.38576498627663 3079.6978413239121 338.0361490175128 125.52625226974487 1037.7863981425762 2808.495993591845 39.425363585352898 2347.9636085256934 58.833694458007812 47.357813835144043 648.98662971705198 30.3640998005867 758.69122317433357 612.20361553877592 36.863771177828312 2155.939409814775 477.84585438668728 1826.5210830718279 2447.1489975750446
leaf_count=14421 3662 99 8939 13965 25415 1767 7343 1244 571 1654 47 1803 412 3940 159 1282 2934 3530 655 2122 1362 120 78 4760 936 1719 1078 12920 848 14459 9953 789 2749 1367 34772 12604 257 2900 5630 324 19455 875 354 232 18377 1171 299 2661 7215 97 11066 155 231 1960 158 2030 2757 193 9458 1130 4441 6927
internal_value=0.00751054 0.00429514 0.0025856 0.0369075 0.00530445 -0.00327822 0.0265272 0.0174608 -0.00151372 0.0086225 0.0208127 -0.00240872 0.00796724 0.00759034 0.0167195 0.0148568 0.0020827 0.00263644 0.0368093 -0.00393734 0.0074284 0.048807 -0.0111794 0.00358148 0.00344302 0.00443584 -0.000987249 0.00663719 -0.00383063 -0.00858957 -0.0140773 0.00380039 0.0033803 0.00411467 0.00192983 0.00823659 -0.00358518 0.00372485 0.0105001 0.00296888 -0.0143577 0.00428964 -0.00555917 -0.00480858 -0.00551437 0.0462565 -0.00724134 0.00895808 0.021308 -0.022457 0.00584568 0.0360238 0.0117029 0.0138678 0.00262111 0.0327648 -0.00797102 -0.0296311 -0.00479122 0.0149106 0.00986159 0.00123456
internal_weight=80519.9 72581.1 64239.6 7938.83 43889.5 20350.1 4240.09 8341.46 17554.4 21621.6 3069.8 16733 20905.9 20628.8 821.369 7128.54 22267.9 21532 313.949 14482.5 2250.48 3698.74 50.6913 19689.3 1898.34 18248.7 8862.56 18924.4 6258.3 5619.97 2680.54 17504.2 17154.2 16188.6 10580.4 5608.21 2939.44 9472.5 4254.97 1571.52 2795.7 507.42 5582.48 5451.4 5345.01 351.642 1440.56 1137.79 2873.56 65.0687 2604.26 277.112 1101.35 1053.99 10260 1212.92 796.995 184.791 5235.64 2683.45 2734.35 6738.15
internal_count=296831 270445 248733 26386 133384 115349 12223 21712 94127 58764 8561 91867 57110 56543 2260 18438 74620 71686 814 82625 9242 14163 198 62747 7880 57688 43535 52603 31391 39090 24412 55969 55180 52431 36297 16134 14678 27188 11027 4267 21222 1446 29269 28421 28189 1218 5059 2985 7411 196 12144 567 3994 3763 34930 3274 3886 1129 27835 6760 7341 19847
is_linear=0
shrinkage=0.05


Tree=45
num_leaves=63
num_cat=0
split_feature=20 9 10 39 28 48 43 1 1 33 1 36 40 58 50 20 19 50 40 43 61 63 27 63 63 33 34 16 34 36 56 1 47 43 50 40 46 47 50 47 27 42 17 63 53 58 43 33 57 27 17 53 43 46 27 57 51 54 47 0 43 27
split_gain=2865.07 514.837 349.457 283.582 253.38 148.653 142.676 134.586 102.145 97.1151 95.0938 91.9396 91.3946 90.3301 82.3365 80.5059 75.7821 75.4755 75.1758 76.8807 67.0922 62.2145 57.9945 57.9932 66.9114 66.687 66.7394 57.8961 57.2206 54.4841 64.5749 54.1302 53.2894 53.236 61.2051 59.9598 52.8547 52.2199 68.4695 51.9738 86.0812 74.7865 70.737 68.5387 66.1894 57.9665 49.277 46.3827 46.0998 45.8121 45.0083 44.6153 55.1557 44.0369 43.8566 43.6207 43.3761 42.5302 55.6316 48.5056 42.2606 41.563
threshold=14.500000000000002 30708.500000000004 8.5000000000000018 9984538581554978 31656980512.409153 49525764906.738258 4.6375216262975796 4.6950000000000012 4.7750000000000012 4.7201265822784828 6.9650000000000007 7.9502051282051278 42.500000000000007 0.46173103126271881 839.60587267989297 99.500000000000014 1.2789225281647012e+18 779.82269281538936 19.500000000000004 4.4708597046413523 23.671632775309632 3.0741543864100147 90.886306654780753 91.444518700826748 11.726219551040137 4.5641342952275261 0.45055750171465486 100.05000000000001 0.049944382578492853 12.460434782608697 2.5000000000000004 6.9450000000000012 11.500154828833358 4.8561828874976296 160.66422946579024 7.5000000000000009 542.22777777777787 29.668047302589681 86.787871088087329 0.37282548461146886 2.6130368610725916 6.7950000000000008 9.4283693451547972 32.659349149065484 0.051121300043316609 0.37460659341591218 5.10057471264368 4.3334368530020724 2.5000000000000004 4.0827413762461786 0.10000000000000071 -0.060949651411287192 4.5176759884281603 45.251452380952394 22.796175895252116 1.5000000000000002 10.714285697066328 0.93333333333333413 27.642604618255067 72.250000000000014 4.8945195195195206 25.064464832814846
decision_type=2 2 2 2 2 2 2 2 2 2 2 2 2 2 2 2 2 2 2 2 2 2 2 2 2 2 2 2 2 2 2 2 2 2 2 2 2 2 2 2 2 2 2 2 2 2 2 2 2 2 2 2 2 2 2 2 2 2 2 2 2 2
left_child=1 4 6 8 13 9 23 11 14 15 12 -5 33 -1 32 39 48 27 21 -20 31 37 50 24 -2 -26 -27 -6 -23 30 -8 53 -3 34 57 -35 -36 -13 47 45 51 44 43 -43 -42 -4 -19 -39 -15 56 55 52 -41 -10 -31 -18 -28 58 -9 -59 -34 -51
right_child=2 3 5 7 17 -7 29 10 20 -11 -12 18 -14 16 -16 -17 22 46 19 -21 -22 28 -24 -25 25 26 49 -29 -30 54 -32 -33 60 35 36 -37 -38 38 -40 40 41 42 -44 -45 -46 -47 -48 -49 -50 61 -52 -53 -54 -55 -56 -57 -58 59 -60 -61 -62 -63
leaf_value=0.0042583745348356494 0.039408509030381594 -0.01259261472756934 -0.055145276558922818 -0.036936845210043964 0.039021297068954894 0.051012751990233286 0.016844240752098418 -0.002959087004987418 -0.00083228713843412356 0.046709647853794244 0.043797993235023341 -0.0044992088221364347 0.016690555206965395 0.011538184429334663 -0.035389961653611558 0.054622015967720296 0.020792254923355073 -0.085276732787689921 -0.001496721344031271 0.0073364218793128327 -0.0068525962861469879 -0.025352972845112644 -0.055414694742383822 0.022915343854671491 0.0083966007122253921 -0.081311641230355919 -0.094438708435951924 -0.011010700605209965 -0.0040226177048087322 0.036981225734087735 -0.076848450207731483 0.027539705104572737 -0.0051052621777842458 0.0036676202952752295 -0.0062875369856920278 0.012513676555835729 0.015338044403213175 0.043508725393833769 -0.00047107658442266257 0.049299317053216163 0.025999902881958172 0.014870828511837367 -0.13052143078657663 -0.090182776084200222 -0.030492278807725599 0.021387676015345865 0.016991082264662991 0.010417779684887192 -0.0067950202560435879 0.015707567066361682 0.029069095607455249 0.049932330128261766 -0.056739380281674946 0.011506780379476417 0.009638134340739013 -0.0058043415060364612 -0.0019706029324424524 0.020326909285426503 0.00669051118462613 -0.0067212893844202917 0.015655155793595367 -0.049208815087746716
leaf_weight=4407.1129723861814 117.83181835711002 3119.0001714192331 48.757620438933372 158.30459799617529 1113.9278191551566 2812.1981589943171 184.03102281689644 2154.6901906877756 3130.7490766197443 766.33120848983526 170.53526128828526 2079.5787487849593 1917.9574129506946 7268.4311432018876 289.57828972861171 177.8311734572053 554.36448137462139 20.887892909348011 3758.420418292284 7148.9176560118794 2605.1613756939769 334.48016147315502 24.033185467123985 736.38872568309307 576.71600705385208 40.590761825442314 27.698189444839954 60.987845733761787 5239.8673245385289 1724.4577212035656 20.432260617613792 218.92485080659389 2554.1923995092511 3588.2700650766492 2324.7938544899225 4109.3327015787363 321.63512229919434 112.88973672688007 2329.6606799736619 25.468476846814156 383.04290007799864 60.809011727571487 14.869245283305643 20.848987549543381 59.967826016247272 50.228841319680214 27.010465420782566 1709.2306550443172 359.87368559837341 122.00139452517033 1135.2195470035076 278.00892816483974 23.651263818144798 940.25476471334696 160.27942369133234 213.54922749102116 23.39450167119503 798.6776125729084 4868.403449319303 209.15743260830641 271.15768514573574 30.902342215180397
leaf_count=13116 240 28560 181 868 3332 11624 550 7809 16642 2694 335 8466 4639 20629 4249 652 1296 85 13057 19138 15315 2596 80 2050 1502 154 109 189 22661 5077 81 506 14603 11533 8347 10050 822 335 8076 60 1081 184 68 90 215 120 75 5261 1160 301 2684 773 82 3411 492 575 68 2090 13940 633 1117 103
internal_value=0.00717248 0.0039187 0.0346425 0.0017207 0.0120915 0.0437019 0.0232795 0.0036711 -0.00471693 0.0329368 0.00661693 0.0010354 0.00630447 0.0101802 -0.00935515 0.0237066 0.0129114 0.0339161 0.00130006 0.00429272 -0.00052347 -0.00146487 0.0217703 0.0124104 0.00417333 -0.000881833 -0.0227596 0.0364242 -0.00530251 0.0319965 0.00748142 0.00332004 -0.00808687 0.00522038 0.00293528 0.00839005 -0.00365926 0.00196814 0.00520756 0.0180133 0.0219336 0.00966351 -0.0302163 -0.0119515 0.0183529 -0.0163101 -0.0276067 0.0124679 0.0106733 -0.011109 0.022745 0.0421707 -0.00175855 0.00201759 0.0346559 0.013396 -0.0520991 0.00510838 0.00373001 0.0147136 -0.00311282 0.00258776
internal_weight=80136 71649.2 8486.74 56463.8 15185.4 4722.01 3764.72 43334.8 13129 1909.82 20463.5 22871.3 20292.9 13962.6 6233.93 1143.48 9555.47 1222.81 22713 10907.3 6895.09 11805.7 1927.17 1675.52 939.135 821.303 244.587 1174.92 5574.35 2089.2 204.463 4289.93 5944.35 18375 10677.4 7697.6 2646.43 6231.36 4151.78 965.653 866.667 539.538 96.5272 81.658 443.011 98.9865 47.8984 1822.12 7628.3 203.996 1903.13 327.129 49.1197 4071 1884.74 767.914 51.0927 8030.93 7023.09 1007.84 2825.35 152.904
internal_count=296831 268280 28551 225059 43221 17824 10727 140656 84403 6200 60198 80458 59863 39540 48529 3506 26424 3681 79590 32195 35874 47395 4635 4527 2477 2237 735 3521 25257 6200 631 20559 44280 55224 33641 21583 9169 22138 13672 2854 2553 1638 342 274 1296 301 160 5596 21789 581 4555 915 142 20053 5569 1871 177 24472 21749 2723 15720 404
is_linear=0
shrinkage=0.05


Tree=46
num_leaves=63
num_cat=0
split_feature=20 18 62 15 18 61 20 33 20 33 48 62 55 54 47 48 48 58 61 34 58 5 38 30 0 59 61 46 58 56 5 62 0 62 9 45 47 62 27 37 45 44 45 29 0 46 7 62 37 61 47 54 25 46 40 57 9 62 51 62 40 62
split_gain=2694.76 533.983 338.967 295.417 258.223 142.291 132.624 112.367 106.229 117.952 96.8181 80.7971 76.7872 78.6234 71.3919 68.768 104.077 68.6244 66.5249 62.1906 60.7072 59.7821 61.653 59.3304 57.7021 56.4466 54.6328 51.9157 50.7536 50.5466 48.7668 48.5394 48.4972 47.608 47.5996 45.5214 44.7335 44.561 56.6225 44.154 48.7951 140.729 43.9844 42.4212 42.2857 41.7207 40.0229 40.0168 82.0534 39.6379 40.5965 39.5187 39.42 37.9719 44.2095 37.8679 52.2432 40.3901 37.67 106.14 37.1899 40.2749
threshold=17.500000000000004 9609211.4196398631 11.933748848671931 0.89086047569897941 44946296964.442772 58.519031553931661 99.500000000000014 4.84983870967742 2.5000000000000004 5.0335144927536248 538218161385.24695 26.363356027980387 58.865294066081944 2.4743801652892565 1.0000000180025095e-35 18405899430.285461 16211875160.263414 0.67556448321067852 16.314121159832677 0.70001778393672864 0.53727914962411616 0.39100000000000007 12538191713.671099 37.500000000000007 6.0005000000000015 -0.18222858652173754 14.106921884106935 13.503125000000002 0.37460659341591218 1.0000000180025095e-35 0.090500000000000011 0.10456237086455404 20.750000000000004 9.6060995494262045 2875.5000000000005 0.74781454133106007 0.37282548461146886 1.6957288840208113 10.396373565974546 26.876146151124004 0.6544163425939421 0.4733636106500923 0.93901509600703126 1.6946150390829728e+20 100.05000000000001 140.99722222222223 3.2100000000000004 6.5328750840158332 2.1652380213986135 12.369161775601137 10.221536413296006 1.5000000000000007 1.0679372505817668 93.917083333333366 37.500000000000007 1.0000000180025095e-35 189548.00000000003 1.4502346219909887 3.2142857130660079 11.051787981379602 119.50000000000001 8.9605405640885234
decision_type=2 2 2 2 2 2 2 2 2 2 2 2 2 2 2 2 2 2 2 2 2 2 2 2 2 2 2 2 2 2 2 2 2 2 2 2 2 2 2 2 2 2 2 2 2 2 2 2 2 2 2 2 2 2 2 2 2 2 2 2 2 2
left_child=1 2 5 15 8 12 7 14 33 24 11 17 13 21 20 16 39 23 29 30 -5 -1 37 27 -10 -18 46 -4 -26 -19 -16 -7 47 44 -6 -13 -11 38 55 -2 -41 -42 -25 -21 -3 -36 -14 48 52 50 -50 -39 -30 54 -29 56 57 -23 59 -17 -34 -62
right_child=3 4 10 6 34 31 -8 -9 9 36 -12 35 26 -15 19 58 25 18 -20 43 -22 22 -24 42 28 -27 -28 53 32 -31 -32 -33 60 -35 45 -37 -38 51 -40 40 41 -43 -44 -45 -46 -47 -48 -49 49 -51 -52 -53 -54 -55 -56 -57 -58 -59 -60 -61 61 -63
leaf_value=-0.025334586722259352 0.042383019995111966 5.8811705806942741e-05 -0.051967699338860668 -0.053972954751914937 0.045658462967272863 -0.046125023063698069 0.049896213346839691 0.041234214133775926 -0.015085112855395067 0.00042704305090011881 0.030171325978574377 0.010929837728908381 -0.035828292293112809 0.034684373945804196 -0.054234934528056382 -0.10928161485015234 -0.082311949800437309 0.010280968661676285 0.00088628046219719732 -0.10686139414144356 0.018286998321801372 0.032496420057291073 0.013079646060584952 0.034457947488995971 0.0042268455344836699 0.018036294177957737 -0.00055213028384025031 -0.0048640685712744115 0.014036633675623779 -0.00093193011806149556 0.021236773953118172 -0.01216561420119891 0.0090678122239020199 0.0084292906376027335 0.026263556730118504 0.0050606228885499748 0.02721991619772085 -0.0036516272032944409 0.064052197481358528 0.041996119378139685 0.035891004670168654 -0.17895777430767065 -0.046702707763239155 0.0069554369071503754 -0.04007514476459749 -0.055512157192766268 0.011736730728409403 0.026113347334936279 -0.019571686846413753 0.0052858657686984216 -0.092966154971701465 0.013316817438934238 0.047878324182617789 0.0040918390518707515 0.0084394224358994435 -0.016760045116685617 -0.0091949407761358036 -0.049017520590219493 0.051144148646606359 0.038473502584029803 -0.026050230916275337 0.02825949653454779
leaf_weight=330.96165528148413 569.19608794897795 2015.9500425308943 51.043253794312477 62.361177645623684 605.15029027312994 108.94757250323892 509.10372778773308 642.44490545988083 209.93079835176468 171.62192089855671 363.0734271556139 5056.1553040295839 45.387544084340334 130.18924574553967 21.590504318475723 13.304255224764345 28.605092883110046 5290.8322034627199 6089.2899906560779 16.035575568675995 54.439859062433243 134.4653345271945 517.71093486249447 171.46454338729382 1849.314792893827 27.473233982920647 2999.767050947994 5644.7400418817997 365.08043473958969 1240.7719664499164 2478.7488103732467 3078.6289905942976 3737.7535484731197 3258.2572768479586 328.15942887961864 9531.4394300729036 1688.5646828860044 8214.5317725092173 24.940215215086937 32.86776527017355 20.406179949641228 12.165718689560888 18.494039967656136 16.725842967629433 67.839689701795578 16.37538780272007 1727.4971750564873 1159.2579100355506 69.297011658549309 102.48092944920063 25.876360781490803 358.0876077413559 112.58735780417919 2312.244819059968 702.17016516625881 1386.5046046003699 675.52053229510784 17.133076064288616 2656.5080106928945 140.62887255102396 37.05436734110117 433.50444483757019
leaf_count=2375 1836 6875 291 240 1990 1747 1939 2060 639 458 839 12250 312 280 79 77 113 15315 20379 68 133 543 1307 371 4936 87 16650 20061 941 4305 7206 21919 9545 8585 1044 26958 4197 45870 65 107 51 64 69 51 295 60 7986 2740 210 280 102 1325 221 7414 2018 10543 5438 99 11165 517 112 1079
internal_value=0.00684808 0.00393113 0.00162351 0.0357978 0.0119131 -0.00365227 0.0261467 0.0224742 0.0103432 0.0133936 0.00448047 0.00422215 -0.00179046 -0.00395652 0.017926 0.0462768 0.0321418 0.0022749 0.0046459 0.0196883 -0.0202933 -0.00438797 -0.00377603 -0.0010873 0.0107867 -0.0331505 0.00356044 -0.00169017 0.0114749 0.00815092 0.0205851 -0.0133263 0.013693 0.00465452 0.0372122 0.00709493 0.024748 -0.0045832 -0.010865 0.0379112 -0.000984618 -0.0443558 0.0265563 -0.0487539 -0.00124779 0.0223768 0.010519 0.0204771 0.010802 -0.016292 -0.0395267 -0.00294284 0.0220132 -0.0013938 -0.00339228 -0.0117091 -0.00324204 0.023284 0.0497507 0.0257032 0.0107356 0.0239829
internal_weight=79778.7 72476 56222 7302.61 16254.1 19750.3 3801.45 3292.35 15304.4 9962.32 36471.7 36108.6 16562.7 11790 2649.9 3501.16 690.714 21521.1 12620.9 2533.1 116.801 11659.9 11328.9 8900.16 8102.14 56.0783 4772.65 8710.2 7892.21 6531.6 2500.34 3187.58 6042.89 5342.05 949.685 14587.6 1860.19 10811.2 2238.56 634.636 65.4397 32.5719 189.959 32.7614 2083.79 344.535 1772.88 1834.58 675.322 197.654 95.1734 8572.62 477.668 8659.16 6346.91 2213.62 827.119 151.598 2810.44 153.933 4208.31 470.559
internal_count=296831 271038 226729 25793 44309 116459 11776 9837 41215 25460 110270 109431 92793 67845 7777 14017 2258 70223 39999 7404 373 67565 65190 30224 20805 200 24948 29784 20166 19620 7285 23666 15230 15755 3094 39208 4655 63883 16688 2058 222 115 440 119 7170 1104 8298 4494 1754 592 312 47195 1162 29493 22079 16623 6080 642 11759 594 10736 1191
is_linear=0
shrinkage=0.05


Tree=47
num_leaves=63
num_cat=0
split_feature=10 38 49 62 43 45 20 49 1 0 55 20 40 62 54 50 43 44 50 58 9 40 46 0 7 61 61 50 59 59 43 40 43 43 51 27 47 58 53 0 50 40 7 1 0 20 45 47 18 35 61 51 62 62 17 43 44 59 62 45 38 58
split_gain=2537.42 511.573 390.392 310.91 177.23 138.62 123.185 119.582 101.802 109.715 99.4797 96.4377 91.7044 88.7026 86.9968 81.0733 86.6394 78.6379 73.4831 103.992 68.6866 66.318 72.6875 64.7871 62.5753 59.8188 59.675 59.1806 54.6502 53.5772 64.7602 50.6859 63.54 49.413 49.0462 128.184 48.4857 51.6644 48.2693 47.603 49.8361 51.1503 47.0906 51.7684 46.2066 45.7756 45.6904 45.0252 44.328 46.9862 44.0867 43.9162 76.5836 48.3509 73.7164 66.8318 79.337 60.2805 71.8869 59.0461 49.2248 79.1063
threshold=5.5000000000000009 5648310691.7185698 7.9478834514727879e+19 9.4697138482985252 4.6400304878048795 0.62004475263889891 1.5000000000000002 6.0941682348611928e+20 5.1050000000000013 57.45000000000001 130.49704411522296 72.500000000000014 94.500000000000014 1.9685002862761696 0.96666666666666645 384.44102295350791 4.2909673659673677 0.53439943967851533 779.82269281538936 0.34202014332566882 22554.500000000004 84.500000000000014 29.612761627906984 61.45000000000001 29.250000000000004 58.519031553931661 10.527084624658171 82.898924345413349 0.98897820466835418 -0.41467745240824977 5.9101666666666688 20.500000000000004 4.8945195195195206 4.4600420168067236 3.2142857112723218 0.8000000000000026 53.682395163944143 0.91702515554752073 -0.053948305890395142 9.9975000000000005 38.956813176247486 13.500000000000002 14.030000000000003 6.4850000000000012 10.002500000000003 23.500000000000004 1.5510517210830435 0.37282548461146886 718553651.35045838 1.042306756567805 63.04138627815454 3.4285714263673479 13.315790620099078 3.3869115780040331 1.6500000000000015 4.3179029304029317 0.48285920939846322 -0.49240481012316833 0.90469181748027194 1.3362907135484685 4415723238.5483065 0.66259481767468287
decision_type=2 2 2 2 2 2 2 2 2 2 2 2 2 2 2 2 2 2 2 2 2 2 2 2 2 2 2 2 2 2 2 2 2 2 2 2 2 2 2 2 2 2 2 2 2 2 2 2 2 2 2 2 2 2 2 2 2 2 2 2 2 2
left_child=1 3 5 6 15 45 8 20 13 42 28 24 14 25 17 16 -5 27 34 -20 33 22 -18 -16 51 44 -24 -6 -8 -29 -31 32 -22 -3 35 -4 -28 -38 -13 -15 -41 -42 43 -10 -1 -2 -39 -34 49 -19 -12 52 -7 57 -55 -56 -57 59 -59 -53 61 -60
right_child=2 7 18 4 12 11 10 -9 9 -11 50 38 -14 39 23 -17 21 48 19 -21 31 -23 26 -25 -26 -27 36 29 -30 30 -32 -33 47 -35 -36 -37 37 46 -40 40 41 -43 -44 -45 -46 -47 -48 -49 -50 -51 -52 53 -54 54 55 56 -58 58 60 -61 -62 -63
leaf_value=-0.0075583491994600585 0.030762112200798719 -0.012864958007281074 -0.10162068464720826 -0.0080553354886204655 0.010655192952896322 -0.04874638421490219 0.002471677882983444 0.03068699481853281 0.0038392947918818783 -0.024259563157429505 0.030553730296807448 -0.050758526607121192 0.024898693267984693 -0.022994188743657096 0.031038245666192579 -0.014324224840779437 -0.012366907249421879 -0.0040003587302221959 0.037138336788895825 -0.11833079512111262 -0.01552763803764738 0.01660869244342526 0.0071113714712974872 -0.00013034424757645894 -0.040226516105775545 -0.031686944474587461 -0.0019921814067693617 -0.0010555206802846597 -0.023361523581000423 0.0080169026201263385 -0.036005323220692463 0.013324763357258657 -0.013643558487418765 0.020829895150245234 0.050304865665780935 0.03733994228227875 0.00096424917031472232 0.0092688086739604516 0.048580691015355927 0.0025711890126725286 -0.0088808740431930832 0.0097750087951808309 -0.0091396544941890756 0.02353695875633522 -0.023002021448583092 0.051632102107751876 0.060625903506806494 0.012651041276874136 0.01709237264050353 0.016168937220835549 -0.010060808271783796 0.032505342325486221 0.01193028357399465 0.033770933844487476 -0.071077173779419175 0.02903718189140625 0.0015805058236372021 0.056417840813926028 -0.014671560322053643 -0.060985253897638363 0.01008924357950665 -0.097658502118809956
leaf_weight=1464.3741764687002 631.19912065565586 113.63260401785374 17.533655524253845 1999.0540165007114 8637.2084704264998 66.694118857383728 3790.4013257399201 1138.8547200188041 2508.8919482156634 385.67261505126953 438.78518532961607 12.740708932280539 734.98997690528631 369.56200881302357 619.55417691171169 798.18752052634954 814.33691885322332 3018.8583259359002 33.061156734824181 15.942855559289454 392.13258424401283 839.54784059524536 5817.4314992949367 228.10613621771336 49.622168496251106 509.63362504169345 6625.0183661580086 2686.5650408267975 216.41630787402391 6057.9522472769022 84.710051193833351 2586.633662097156 198.61705660820007 2561.7384097799659 2919.7715767547488 310.17971716076136 4506.3206507638097 2167.4710975810885 304.10658869892359 1780.8868739083409 4244.6697381585836 402.23140060156584 581.0613956823945 384.70884658396244 723.68679332360625 450.10014814138412 44.190562479197979 902.86690520495176 331.75380496680737 319.29519180953503 78.818913213908672 175.69224943220615 236.09098900854588 796.4084497243166 22.754039995372295 534.98887214809656 517.69234715402126 30.428990319371223 79.770976796746254 18.684756249189377 61.603595606982708 44.868590101599693
leaf_count=12293 1913 324 91 9960 23264 228 12547 3237 12285 2215 1174 44 1758 3028 1343 3306 3083 8794 120 78 1175 1992 17751 606 164 6447 24174 8173 804 17055 313 6629 598 6834 12683 1191 14218 6278 1174 11216 30230 1674 3500 963 6864 1749 141 2303 759 789 348 420 682 2025 112 1428 1570 56 235 69 179 175
internal_value=0.00653731 0.00368807 0.0345654 0.00221134 0.00437273 0.0241336 -0.00338929 0.0156992 -0.00580487 0.00104144 0.00374111 0.0185238 0.00752535 -0.00858833 0.00694451 0.00133927 0.0018873 0.00631462 0.0473292 -0.0134416 0.0131725 0.00284222 0.00226361 0.0226508 0.0153902 -0.0162595 0.00288542 0.00771259 0.00107637 0.00483398 0.00740982 0.00909007 0.00175645 0.0193988 0.0482463 0.0299051 0.00104294 0.00403606 0.0445862 -0.00554383 -0.00454053 -0.00726604 0.00384974 0.00645813 -0.0126662 0.0394494 0.010295 0.00790966 -0.000338808 -0.00207116 0.0243691 0.0164576 -0.00143489 0.0188307 0.0222406 0.0137019 0.0155344 0.00330265 -0.014833 0.0235184 -0.0264742 -0.0445458
internal_weight=79434.8 72104.8 7329.94 64210.4 46330.6 4033.45 17879.8 7894.48 13355.4 3860.33 4524.42 2952.15 22719 9495.04 21984 23611.6 22813.4 21136.3 3296.49 49.004 6755.62 20814.3 19974.8 847.66 2635.3 2697.69 19160.4 17466.4 4006.82 8829.23 6142.66 4080.25 1493.62 2675.37 3247.48 327.713 13343 6717.98 316.847 6797.35 6427.79 4646.9 3474.66 2893.6 2188.06 1081.3 2211.66 1101.48 3669.91 3338.15 517.604 2585.68 302.785 2282.89 1871.84 1075.44 1052.68 411.049 216.672 194.377 186.243 124.64
internal_count=296831 270445 26386 249345 143757 12223 105588 21100 90715 18963 14873 8561 62854 71752 61096 80903 77597 59147 14163 198 17863 67637 65645 1949 7343 25604 62562 48805 13351 25541 17368 10705 4076 7158 13965 1282 44811 20637 1218 46148 43120 31904 16748 13248 19157 3662 6419 2901 10342 9583 1522 7179 910 6269 5135 3110 2998 1134 645 489 589 410
is_linear=0
shrinkage=0.05


Tree=48
num_leaves=63
num_cat=0
split_feature=20 18 62 18 43 20 20 40 20 9 1 48 62 43 55 56 28 34 47 24 59 56 54 8 43 47 38 6 62 43 16 43 34 9 57 30 24 1 9 61 25 61 55 40 40 28 14 16 46 45 26 14 27 23 16 61 1 6 61 52 40 35
split_gain=2382.81 464.254 316.876 293.172 172.036 148.649 148.603 129.241 125.43 119.005 103.644 102.088 96.0356 95.1161 88.8654 77.9313 76.2841 75.7567 71.1415 67.535 64.8549 64.2286 61.4195 70.7836 55.7811 54.2774 53.1644 52.8587 52.6183 51.9056 98.7695 82.5498 63.4667 50.886 62.1949 50.7083 56.6642 49.6367 50.2886 49.1203 49.0746 47.2794 47.2838 46.7228 60.0018 45.9043 74.1967 45.6181 59.3409 45.3501 54.7288 66.8822 55.1749 45.6446 45.1713 44.6934 46.1587 44.6665 44.4018 58.4685 43.4523 50.5864
threshold=17.500000000000004 2165676702.9050369 10.833570859575318 427301467.89766169 4.8600373134328372 3.5000000000000004 76.500000000000014 119.50000000000001 1.5000000000000002 5362.5000000000009 4.9050000000000011 23692498188.357643 1.9685002862761696 4.8143398268398281 130.49704411522296 1.0000000180025095e-35 45684332774.82531 0.70001778393672864 29.668047302589681 0.7867216588290562 0.98897820466835418 1.5000000000000002 0.55887944531424749 0.23050000000000004 5.2502325581395359 5.837757459472507 22432160661.166283 7.7750000000000012 13.088481118219613 4.6600145348837225 31.338149688149691 4.5130693581780559 0.48716729229319794 12924.000000000002 1.0000000180025095e-35 238.50000000000003 0.48483018651586735 5.3050000000000006 71332671.000000015 58.519031553931661 1.08573620475813 17.105159080580169 52.326623696043946 79.500000000000014 35.500000000000007 2006495820.4922962 0.45760092924461254 15.904166666666667 28.922222222222224 0.67934332364754535 1.0000000180025095e-35 0.36894661413407615 16.357471279357394 4.4470294117647065 57.808333333333337 141.95715060983898 7.1850000000000014 3.6650000000000005 65.595200177774345 0.19500623676459347 57.500000000000007 1.042306756567805
decision_type=2 2 2 2 2 2 2 2 2 2 2 2 2 2 2 2 2 2 2 2 2 2 2 2 2 2 2 2 2 2 2 2 2 2 2 2 2 2 2 2 2 2 2 2 2 2 2 2 2 2 2 2 2 2 2 2 2 2 2 2 2 2
left_child=1 2 8 6 7 22 13 15 10 16 12 29 39 17 20 18 54 35 26 -19 24 -17 23 -6 45 -22 37 -14 -11 30 -5 -32 -33 34 -29 49 -37 -4 -39 -1 -8 42 -20 44 58 -10 -47 -23 -49 -2 -51 52 60 -54 57 56 -12 -3 59 -16 -52 -62
right_child=3 9 4 11 5 -7 40 -9 14 28 55 -13 27 -15 43 21 -18 19 41 -21 25 47 -24 -25 -26 -27 -28 33 -30 -31 31 32 -34 -35 -36 36 -38 38 -40 -41 -42 -43 -44 -45 -46 46 -48 48 -50 50 51 -53 53 -55 -56 -57 -58 -59 -60 -61 61 -63
leaf_value=-0.013304929411859696 0.024404117228492707 -0.043482846627281156 -0.0023639850915183305 0.02892657898853522 0.0079493165916859603 0.024963411238560322 0.047088739552066994 0.019288215341482166 0.0026946970627268006 -0.001733759089522086 0.00047716306191139128 0.049717970902142423 -0.03233386680566696 0.037715440990504917 -0.043386611717857647 -0.0080980329800380904 0.042427703830008281 -0.1089702918197222 0.013087375463748727 0.018230083508401686 -0.044000177301426913 0.021336280315263672 0.021333421452662014 -0.012614056454300915 0.021830792229773813 0.00054428031800537178 0.022796547016890351 0.040549820981678891 0.018902264922903797 0.041968611127995555 0.023872132233781009 0.0043712755056189356 -0.12211786475579281 -0.0055577581591152716 -0.00083063377973563988 0.03920959832754186 -0.050216567880391985 0.012210927356740398 -0.02862299364512897 -0.031871588175170655 -0.041607299108101341 0.0035441511697193954 0.005419044618434306 -0.043957177830848626 0.050732563917593787 -0.0059904951491589441 -0.066396985598519032 -0.025397210067589632 0.0013479321690798784 0.044836556839773035 0.012801869020497347 -0.026781493531575086 -0.01734705441150574 0.04225547997100329 -0.01678330555938887 -0.028464356474412318 0.028312023958453017 0.025235872574292162 -0.015045007848669578 0.02648800480389718 -0.00061949647765912523 -0.048004226471249453
leaf_weight=1802.531119056046 576.31921627372503 24.037632092833519 6206.5452899485826 346.41631734371185 8006.9605297148228 1528.3700037524104 668.51768996566534 1223.7859189733863 4714.0378397703171 593.64560604095459 5453.4078224003315 2552.5640747249126 175.00861761346459 549.89870461076498 32.212226912379265 2438.6947429925203 671.53773880749941 23.234638050198555 3533.0022398903966 18.942209750413895 140.47151934355497 273.406309440732 804.40853017568588 441.56766301393509 353.61294189095497 133.26510404795408 250.45586264878511 133.64098193496466 644.02442189306021 433.85685093700886 35.458213448524475 15.106952637434004 28.866329468786716 6855.7694180458784 283.28565054386854 306.56124937534332 18.800480656325817 1014.7782325893641 81.451282799243927 443.97426233440638 15.967594698071478 9522.2857961431146 4664.0862715393305 27.54852968454361 147.87833611667156 350.93927255272865 59.445122130215168 214.13610289245844 6590.8627792000771 91.941290646791458 515.2483593672514 147.22030463814735 39.125331372022629 179.44974538683891 70.731668837368488 129.58166945725679 153.12344229221344 1454.3154679611325 101.25764825195074 424.04958368092775 288.77492126822472 69.972344964742661
leaf_count=16887 1793 77 21007 1081 21470 3655 2655 3010 15348 1722 26549 11629 1582 1806 119 9117 2333 101 9325 50 557 767 1875 1418 893 435 577 536 1755 1591 95 43 125 45854 1259 970 75 3303 390 5984 67 28092 13109 90 288 968 210 984 22479 221 1366 483 116 419 202 1070 357 3755 440 1190 852 255
internal_value=0.00624063 0.00355279 0.00265309 0.0342628 0.00497678 0.0105177 0.0241172 0.00331802 -0.00230863 0.0214281 -0.00476085 0.0446989 -0.007913 0.0190535 0.00352638 0.00275624 0.0283526 0.0145439 0.00420845 -0.0518428 0.00143696 -0.00110008 0.00813155 0.00687456 0.0026238 -0.0223143 0.000145282 -0.0051798 0.00900424 0.0297968 0.017396 -0.0328912 -0.0786627 -0.00452637 0.0124334 0.0157976 0.0340423 -0.000631565 0.00917691 -0.0169742 0.0450196 0.00594045 0.00872415 0.019923 0.0224178 0.00129842 -0.0147405 0.0013109 0.00050633 0.0126865 0.00761554 0.00485527 0.00911822 0.0315865 0.0222509 0.000566401 0.00123738 0.0241185 0.0149075 0.0215548 0.00349919 -0.00986172
internal_weight=79090.4 72168.1 68709.8 6922.24 46794.8 10781.3 3509.97 36013.5 21915 3458.29 15430.3 3412.27 9694.21 2825.49 6484.72 34789.7 2220.62 2275.59 25272.6 42.1768 5751.77 9517.1 9252.94 8448.53 5478.04 273.737 7553.23 7447.7 1237.67 859.705 425.848 79.4315 43.9733 7272.7 416.927 2233.41 325.362 7302.77 1096.23 2246.51 684.485 17719.4 8197.09 732.946 705.398 5124.42 410.384 7078.41 6805 1908.05 1331.73 1239.79 1092.57 218.575 1549.08 5736.11 5606.53 1478.35 557.519 456.262 873.996 358.747
internal_count=296831 271038 261194 25793 140578 28418 11229 112160 120616 9844 100078 14564 72102 8507 20538 109150 6367 6701 75803 151 18411 33347 24763 22888 17419 992 25277 49231 3477 2935 1344 263 168 47649 1795 6550 1045 24700 3693 22871 2722 50526 22434 2127 2037 16526 1178 24230 23463 5505 3712 3491 3008 535 4034 27976 26906 3832 1749 1309 2473 1107
is_linear=0
shrinkage=0.05


Tree=49
num_leaves=63
num_cat=0
split_feature=10 39 48 62 43 43 48 63 21 61 21 14 54 1 50 43 50 58 44 58 8 40 62 26 43 0 62 55 51 0 62 62 58 0 1 51 62 26 62 52 55 33 33 52 24 40 39 56 52 62 21 63 25 30 32 39 44 53 24 55 1 0
split_gain=2243.45 430.98 383.593 256.59 149.667 123.66 110.254 108.602 96.7373 93.348 89.6074 82.2696 75.8518 74.5887 73.4895 77.0495 72.9093 89.3173 65.5485 62.3501 61.8528 59.4124 59.1057 63.3079 57.3303 59.3624 55.1652 86.5801 64.5106 55.0307 54.2078 53.1043 58.3889 51.4093 55.8057 50.9471 83.4577 132.273 48.7866 48.2327 47.9876 47.8018 44.6057 42.9793 60.9243 89.3014 63.3814 50.9423 47.0594 42.543 42.5096 41.8288 66.5391 41.3505 41.3445 45.3371 41.3009 48.0272 41.8947 41.0884 40.8658 46.7482
threshold=5.5000000000000009 7.1108018635132221e+18 63132282318.027382 9.4697138482985252 4.6400304878048795 4.7213059619201649 484076989611.0094 62.767187204521022 14.214285714285717 59.585640920802327 3.2142857142857149 1.0000000180025095e-35 1.976478067387158 4.3950000000000005 384.44102295350791 4.2601136363636369 779.82269281538936 0.34202014332566882 0.53148101367182055 0.99535829673000953 0.14050000000000004 84.500000000000014 14.434153369346047 34.95754377431907 5.4573214285714293 34.107000000000006 0.10456237086455404 186.88559790358767 2.5714285664693883 10.002500000000003 1.6957288840208113 45.048197082472434 0.50751903745502713 45.050000000000004 6.2950000000000008 3.2142857112723218 9.6060995494262045 28.564444444444447 29.709351895646119 0.21750014472968673 156.34724000916631 4.3504545454545465 4.7473375915251603 12.856098974359989 0.3743939921178055 460.50000000000006 1.3075249088883039e+18 1.0000000180025095e-35 11.107535822324465 0.10456237086455404 4.7857142857142865 48.056661163319596 0.64841260303129566 227.50000000000003 5.995000000000001 6.4831160347925478e+17 0.55000000000000027 -1.0000000180025095e-35 0.32659863237109049 720.0510843326382 5.6950000000000012 72.250000000000014
decision_type=2 2 2 2 2 2 2 2 2 2 2 2 2 2 2 2 2 2 2 2 2 2 2 2 2 2 2 2 2 2 2 2 2 2 2 2 2 2 2 2 2 2 2 2 2 2 2 2 2 2 2 2 2 2 2 2 2 2 2 2 2 2
left_child=1 3 5 7 14 8 22 9 20 13 51 12 18 -1 15 -5 35 -18 24 21 29 31 23 -3 38 -26 -9 28 -28 40 -15 32 -17 34 59 36 37 -4 60 -31 43 -24 56 44 -2 46 48 -45 -46 -11 -38 -7 -53 -43 55 -21 -8 -58 -59 -32 -6 -62
right_child=2 6 16 4 11 10 42 26 -10 49 -12 -13 -14 30 -16 19 17 -19 -20 54 -22 -23 41 -25 25 -27 27 -29 -30 39 33 -33 -34 -35 -36 -37 50 -39 -40 -41 -42 53 -44 47 45 -47 -48 -49 -50 -51 -52 52 -54 -55 -56 -57 57 58 -60 -61 61 -63
leaf_value=-0.0090519376271530599 0.04323973584339999 0.010599887376867281 0.020991730346848973 -0.0097593929576803382 0.0053991137934921484 0.02917983285844843 0.024799144117877894 -0.050763872709273988 0.051694979993788061 -0.046893859096433566 0.05019069385654519 0.016516055708335531 0.051812509271463691 -0.0064952148036524025 -0.013794597867732095 -0.0013523795474826748 0.035439420561809702 -0.10740818543407123 -0.00045379667464478482 -0.0074330717820175491 -0.080649303387505228 0.016534481991866811 -0.047116008428617226 -0.0071743354953766481 0.0060970470442676377 -0.019351000488087629 -0.010267256677032429 0.039885641309660221 0.017285262549072308 -0.071363304137440797 0.0018871971761704573 0.021978858425110017 0.0044250845191062859 -0.007070030867123038 0.020930694171354861 0.049538805031513838 0.010194513323891524 -0.1879744824064529 0.012462211348322792 0.0063683643906365427 -0.049887378222415152 0.015831892292322295 0.036960704554078988 -0.029843034260664782 0.017816443580020418 -0.085337471323598479 0.026665661904668483 0.030907990699456614 -0.055334708334043185 -0.012077795827385267 0.05159135869642624 0.031738756822967833 -0.034416292109801107 0.046099069844903501 0.019100747783078589 -0.046576620251974191 0.044538154514237469 0.015331601204113511 -0.065135189294992735 0.059418799220324808 0.025171345835707005 -0.0065394089242444544
leaf_weight=3447.7643396854401 335.82774541527033 2355.0696717277169 24.247347690165043 1383.900248862803 11397.741831034422 866.81663563847542 319.53750909119844 34.371782295405865 170.7425352036953 91.322278238832951 535.41940265148878 2003.4329798072577 89.586922705173492 2871.3969988785684 794.49401275068521 6994.4407721608877 31.12200453877449 16.876940973103046 3571.2912048995495 1391.5153434127569 17.634220764040947 799.48866111785173 29.488652840256691 636.33886559307575 522.25035122036934 408.34044972062111 354.09732165560126 244.31942208483815 531.06903613731265 20.370885103940964 6064.5838188380003 347.79223537445068 11669.079817026854 1428.6928594373167 424.51816604286432 2692.7232961282134 94.269112952053547 11.012048266828058 4024.0952094495296 981.18665210902691 23.532990619540215 3524.4401605948806 684.92449383437634 79.957449674606323 43.639927938580513 20.617983654141426 551.91699597984552 60.706475526094437 44.308682888746262 2238.2562745921314 181.24662460386753 81.266462199389935 71.407733663916588 116.57593690603971 138.09664127230644 78.126289665699005 26.459773935377598 26.002347156405449 42.803176060318947 31.194208212196827 521.11928786337376 149.58380229771137
leaf_count=24134 867 6392 85 7306 33553 2581 917 235 727 1656 2217 4787 167 19051 3306 23543 120 78 10121 5160 68 1901 112 1941 1546 1411 1154 642 1447 75 30118 789 38291 8033 1227 12683 349 74 9632 2840 82 9095 2021 265 103 77 1553 154 150 17830 774 230 234 323 338 269 61 64 174 61 1207 430
internal_value=0.00595643 0.00332989 0.0330672 0.00198141 0.00394191 0.0226889 0.014457 -0.00312741 0.0154523 -0.00416273 0.0336279 0.00684159 0.00590453 -0.00264759 0.00115399 0.00167484 0.0463495 -0.0147873 0.00570483 0.00241363 0.0126134 0.00318214 0.0120358 0.00681892 0.00699685 -0.00506948 0.0116372 0.0135362 0.0062633 0.013374 -0.000606928 0.00262063 0.00225989 0.00152009 0.00340231 0.0473265 0.028158 -0.0442716 0.00769462 0.00478736 0.0207846 0.0162875 0.0291242 0.0222474 0.0259001 0.0170836 0.0203839 -0.00362465 -0.0190373 -0.0134426 0.0374272 0.0249294 0.000797169 0.016801 -0.00705609 -0.00951395 0.0161845 -0.0127105 -0.0347259 0.00218161 0.00610491 0.018099
internal_weight=78764.5 71807.6 6956.85 64046 46284.4 3905.35 7761.64 17761.6 2350.44 16597.7 1554.91 22687.4 20684 14268.2 23596.9 22802.4 3051.5 47.9989 20594.4 21418.5 2179.7 19810.8 6661.91 2991.41 17023.1 930.591 1163.86 1129.49 885.166 2162.07 10820.4 19011.3 18663.5 7948.99 6520.3 3003.5 310.775 35.2594 16092.5 1001.56 1160.51 3670.5 1099.73 1136.98 996.311 660.484 639.866 140.664 87.9486 2329.58 275.516 1019.49 152.674 3641.02 1607.74 1469.64 414.803 95.2653 68.8055 6095.78 12068.4 670.703
internal_count=296831 270445 26386 249345 143757 12223 21100 105588 6961 102110 5262 62854 58067 82624 80903 77597 14163 198 57900 70291 6234 64524 17863 8333 47779 2957 3478 3243 2601 6166 58490 62623 61834 39439 31406 13965 1282 159 44822 2915 3251 9530 3237 3169 2750 1883 1806 419 253 19486 1123 3045 464 9418 5767 5429 1216 299 238 30179 35190 1637
is_linear=0
shrinkage=0.05


Tree=50
num_leaves=63
num_cat=0
split_feature=20 18 20 43 62 24 9 43 20 1 42 18 50 1 29 62 25 58 50 61 47 44 50 43 30 54 8 7 62 53 62 18 30 53 46 52 63 38 46 52 30 43 47 62 47 1 32 23 57 1 41 46 56 7 18 29 59 14 34 41 18 63
split_gain=2102.46 399.605 294.82 326.686 263.846 146.065 112.117 111.417 94.0155 92.9436 88.4237 82.9998 75.427 69.511 69.4754 68.8485 67.3462 67.2757 64.2515 59.9147 56.7383 52.815 66.5433 61.5846 65.6762 52.7492 53.4666 55.2959 51.6948 51.2105 54.6819 50.7872 49.5289 63.4922 61.9799 65.6551 65.6143 60.0714 56.6883 54.6087 53.255 51.7589 48.0125 56.8782 68.9791 59.8097 45.4376 45.2384 46.3932 43.0959 42.8693 42.386 96.7359 42.3575 45.6217 48.0848 60.3945 54.2344 92.7667 74.0739 51.0677 48.9512
threshold=17.500000000000004 2165676702.9050369 73.500000000000014 4.728601953601955 13.95225722536158 0.047140452079103203 3171.5000000000005 4.8600373134328372 3.5000000000000004 4.4850000000000012 7.870000000000001 791325992.7553066 119.78731783968537 5.5250000000000012 5.7513167451088896e+19 1.6957288840208113 1.0563919830079105 0.14780378300014818 560.78595961157146 25.892755515347471 5.1002156771536029 0.51427947141465546 693.66653281436766 4.5571521577380958 206.50000000000003 0.66814634146341467 0.19950000000000004 15.320000000000002 1.6957288840208113 -0.32176581448815339 21.380731746782509 252941772771.43954 240.50000000000003 0.09032912574318637 33.000694444444456 0.98631492213013494 53.439186587059659 357108618513.30475 1.0000000180025095e-35 4.3987947467084973 194.50000000000003 4.4471008403361365 50.975106094770794 41.656739314430816 9.4167832309577069 5.6950000000000012 4.035000000000001 4.5499752475247535 1.0000000180025095e-35 4.4850000000000012 1.3722222222222225 28.315701754385966 2.5000000000000004 2.6100000000000008 17339064707.055447 2.015113023121263e+19 0.89490028524376763 0.36110940170535583 0.58160675499121928 0.56111111111111123 647111163.12115204 113.30282033220595
decision_type=2 2 2 2 2 2 2 2 2 2 2 2 2 2 2 2 2 2 2 2 2 2 2 2 2 2 2 2 2 2 2 2 2 2 2 2 2 2 2 2 2 2 2 2 2 2 2 2 2 2 2 2 2 2 2 2 2 2 2 2 2 2
left_child=1 4 3 31 5 9 14 10 25 18 12 51 42 17 -3 46 -4 20 -1 -17 -7 22 23 24 -19 26 -9 -28 -22 -8 -31 32 33 38 35 37 41 -35 -2 -34 53 -36 43 44 47 -46 -11 48 -6 -30 -14 52 -5 -40 55 56 -55 -57 59 -59 -61 -58
right_child=2 6 16 11 7 13 29 8 -10 15 -12 -13 50 -15 -16 19 -18 21 -20 -21 28 -23 -24 -25 -26 -27 27 -29 49 30 -32 -33 39 34 36 -37 -38 -39 40 -41 -42 -43 -44 -45 45 -47 -48 -49 -50 -51 -52 -53 -54 54 -56 57 61 58 -60 60 -62 -63
leaf_value=-0.0071275469881632181 0.06076845411480606 0.021988559834824433 0.050057927146495332 0.022133431430586225 -0.014917004267435056 -0.027251228376338976 -0.051855985182145403 0.0082843618215830816 0.022624518272550555 0.072797934460766142 0.029025890194757254 0.051053364027613693 -0.00024956086840128097 0.022149064886430311 0.043248057074472629 0.003402074622617646 -0.041242001860084997 2.0566875755436332e-05 -0.02539753965396609 -0.0041882806842977694 0.054495135633375519 -0.0021650238578353096 0.03080043696117335 0.010600771236549391 -0.10893215002534279 0.023178712388215769 0.0018668483009415936 -0.028682079160243512 -0.024188683157609702 0.005080367595973548 0.025476118857255522 0.054038402004879305 0.037389703907514886 0.030637943932806458 -0.090368043080644223 -0.027184287023876083 -0.088000292925070875 -0.064445799707407228 -0.019858118708454595 -0.055359603257223493 -0.070635814320257825 0.0042973196250984894 0.0082180764540283509 0.017583333928210858 -0.00039792958285875328 0.021185902264476118 -0.00865580831041372 0.0062484460433067527 0.030695659809628358 0.0089289072181108157 0.027030168909623245 0.03575475079749442 -0.091329266786498609 0.023226719289339892 0.040643039146470522 0.010095753250735563 -0.00049604148253879464 -0.0055819984658207027 0.0015363146946214279 -0.077623757897238993 -0.2205771058126835 -0.087530484079591298
leaf_weight=5715.0754866972566 64.262189388275146 1261.4825802817941 1924.3965433612466 167.88512253761292 64.398955643177032 316.85649357736111 32.577954664826393 6555.283477589488 1245.8097921982408 17.223424755036831 337.45327515155077 1019.8061037659645 11340.065730147064 506.96381167322397 552.65485721826553 6771.7959671169519 20.412432350218296 2051.7509029209614 525.46904876828194 4220.0294419564307 40.232574217021465 2099.858959980309 283.06158336251974 2878.3714940696955 13.925467789173124 523.97720551490784 648.60018372535706 191.97249749302864 169.00643426179886 1044.2315203547478 479.54330557584763 77.712844014167786 281.08399649709463 188.3442026078701 17.507504031062126 99.517698027193546 40.11177459359169 18.217694848775864 88.297056138515472 16.819767989218235 18.85227070748806 82.388659611344337 7867.7615834623575 637.93440568447113 8343.895288169384 333.80281884968281 2883.4439949467778 1134.7515721023083 414.95572597533464 234.58137784153223 145.8669819906354 802.49820929765701 21.152276858687401 908.03118046373129 164.71966867148876 286.71726805716753 118.7508509978652 15.536180503666399 79.267113797366619 13.353368766605856 11.739871725440024 18.699530005455017
leaf_count=39575 151 3344 9152 574 211 1150 108 16771 3045 102 850 4839 35398 1232 2045 30282 85 7941 6218 22786 93 6002 797 8159 57 1174 1901 658 661 3023 1324 372 943 504 71 349 166 72 297 58 94 252 20924 1474 25731 784 21202 3932 1061 686 337 2840 95 2494 677 813 352 49 283 58 71 82
internal_value=0.0056845 0.00321066 0.0327677 0.0258946 0.00238382 -0.00126769 0.0200185 0.00502037 0.00985659 -0.00359714 0.00357277 0.0410381 0.00328914 0.00418907 0.028465 -0.00132023 0.0490997 0.00306327 -0.00866592 0.000487952 -0.0110898 0.00453263 0.00722324 0.00587337 -0.000713923 0.00784816 0.00676203 -0.00511001 0.000448361 0.0101729 0.0114991 0.0142243 0.0130024 0.010449 -0.00642656 0.00617848 -0.0339832 0.022252 0.0146588 0.032153 0.01294 -0.0122934 0.00523972 0.00309575 0.00219775 0.00043233 -0.00817216 0.0116889 0.0245678 -0.00493942 9.68813e-05 0.0307373 0.00943756 0.0138641 0.0157057 0.0128769 0.0185512 -0.00171269 -0.0299511 -0.0913823 -0.144504 -0.0123367
internal_weight=78450.7 71884.7 6566.08 4621.27 68514.2 28727.6 3370.49 39786.5 9165.64 20133 30620.9 2011.34 30283.4 8594.61 1814.14 13892.5 1944.81 8087.65 6240.54 10991.8 760.677 7326.97 5227.11 4944.05 2065.68 7919.83 7395.86 840.573 443.82 1556.35 1523.77 2609.93 2532.22 2234.31 446.088 306.08 140.008 206.562 1788.23 297.904 1723.96 99.8962 18797.5 10929.7 10291.8 8677.7 2900.67 1614.11 479.355 403.588 11485.9 991.536 189.037 1705.11 1616.82 1452.1 1045.48 406.614 119.897 40.6294 25.0932 137.45
internal_count=296831 271038 25793 16556 261194 146943 9844 114251 23549 120165 90702 8348 89852 26778 5389 74372 9237 25546 45793 53068 2590 22956 16954 16157 7998 20504 19330 2559 1440 4455 4347 8208 7836 6835 1414 925 489 576 5421 1001 5270 323 54117 33193 31719 26515 21304 5204 1272 1347 35735 3509 669 5176 4879 4202 2928 1274 461 178 129 434
is_linear=0
shrinkage=0.05


Tree=51
num_leaves=63
num_cat=0
split_feature=10 39 48 62 43 43 22 62 63 20 31 43 23 40 62 52 50 58 40 55 51 54 50 43 14 44 54 0 27 47 28 51 51 57 52 62 43 43 40 43 22 53 28 58 62 34 24 61 7 7 55 53 43 0 0 58 50 50 57 50 43 0
split_gain=1982.67 421.024 321.173 218.175 129.268 122.237 121.615 99.4936 105.329 87.1968 80.5748 100.551 82.6663 80.4424 80.3142 80.9781 72.2016 73.4728 72.1646 71.8415 77.3698 71.826 64.7647 68.5135 62.9825 62.0147 61.9598 88.8477 58.7008 70.5669 73.7745 70.2294 65.2167 58.5137 70.2515 65.0771 56.6724 56.187 54.3306 54.2384 52.2002 66.8843 63.0948 51.8467 50.6299 49.4125 62.6094 50.8412 49.4007 50.5375 48.1466 47.9329 46.5338 52.7954 45.0295 44.7769 44.7161 44.3189 45.7698 44.1442 43.929 58.3741
threshold=6.5000000000000009 6.283837090374103e+18 63132282318.027382 9.4697138482985252 4.6400304878048795 4.7375247035573134 7.6950000000000012 0.10456237086455404 85.799965072546357 86.500000000000014 1.4833333333333336 4.4955050505050522 5.0002702702702715 94.500000000000014 3.1868792163501038 12.514212319380666 779.82269281538936 0.34202014332566882 16.500000000000004 90.01605661207806 2.2208049884008396 1.4361415289256201 384.44102295350791 4.2909673659673677 1.0000000180025095e-35 0.53148101367182055 0.22606000718648914 91.750000000000014 2.6130368610725916 1.0000000180025095e-35 383483530.63714147 1.8857142854987756 11.999999998500003 1.0000000180025095e-35 6.4396472234275688 1.9685002862761696 4.8667288557213952 4.7001182033096933 355.50000000000006 4.3179029304029317 5.6950000000000012 0.045506633179667404 10437769660.506357 0.99535829673000953 26.363356027980387 0.49434491120954815 1.0000000180025095e-35 17.931684156492846 0.85500000000000009 24.550000000000004 720.0510843326382 0.20564862222670133 5.4573214285714293 34.107000000000006 8.9025000000000016 0.38266886095259306 83.882943717932491 82.898924345413349 1.5000000000000002 511.3473367788601 4.7920227272727294 10.002500000000003
decision_type=2 2 2 2 2 2 2 2 2 2 2 2 2 2 2 2 2 2 2 2 2 2 2 2 2 2 2 2 2 2 2 2 2 2 2 2 2 2 2 2 2 2 2 2 2 2 2 2 2 2 2 2 2 2 2 2 2 2 2 2 2 2
left_child=1 3 5 7 22 9 10 -1 26 28 12 55 44 21 15 -7 -4 -18 -14 20 37 24 23 -5 25 52 33 60 29 30 32 -31 -2 34 -9 -35 -13 51 50 -30 -41 48 -43 45 -3 46 -25 -48 -42 -50 54 -10 57 -54 -37 -12 -32 -6 -59 -36 -28 -62
right_child=2 6 16 4 13 14 -8 8 19 -11 11 36 18 -15 -16 -17 17 -19 -20 -21 -22 -23 -24 43 -26 -27 27 -29 39 31 56 -33 -34 35 59 38 -38 -39 -40 40 41 42 -44 -45 -46 -47 47 -49 49 -51 -52 -53 53 -55 -56 -57 -58 58 -60 -61 61 -63
leaf_value=-0.038506752588881178 0.044553533273652614 -0.0011251206824385641 0.047451840365173803 -0.0073643829906274759 0.0092834615583509382 -0.098802880298265838 0.038455948073836746 -0.0050132047456743914 -0.012282903138134703 0.046532467311035913 0.019701683035826173 0.019701817864299028 0.0095031623016762264 0.022955635447972217 0.040644875801777752 0.01483172192756904 0.033021271870396766 -0.10247711392908124 0.027329737878562729 0.031914645484352966 0.017142280997697847 0.030785758596749153 -0.013052499246423509 0.0010612076158500344 0.01425710542202875 -0.0015688772438486665 0.00069121371674993846 -0.019668417420931054 -0.059679896340911101 -0.061675162280993269 -0.075813152570326683 0.035439909379998309 -0.019877183613342411 -0.016658242095251099 0.0079599434298520243 -0.02365443410961356 0.040467966393545524 0.01745124060634138 0.072064698420945025 0.024159745194143985 -0.066804788675396409 -0.069492459155477346 0.024857919917208135 -0.0066091528319274333 0.013543570070541312 -0.0039453893956662052 0.011221897180209767 0.0033400828011509428 0.010137568435143041 -0.066797904881786899 0.056614847704049322 -0.073222621445985139 0.0055084338133844189 -0.018827582493430448 -0.0050893319846038697 -0.022227612654866339 0.011085331934956429 0.0015031312277056269 0.0097842105058450549 0.046043290876159944 -0.0059946169692991344 0.022269871864302501
leaf_weight=194.24029091745615 92.193511977791786 2041.412546671927 2598.1799228005111 1988.6602943986654 7515.2192820012569 18.13949766010046 471.07039992511272 2077.7965345196426 67.501553885638714 202.67747157812119 96.472226187586784 1688.907367490232 1693.6563578620553 702.57486825436354 1013.4440793395042 115.5277636051178 26.458273395895958 16.08777728676796 853.95920080691576 350.69277815893292 332.62008737027645 283.20341315865517 790.56210660934448 8950.5448298752308 1852.7949487268925 3363.7420933246613 4431.3150211907923 485.92795616015792 32.161122791469097 19.291732057929039 42.929466485977173 531.44703957438469 68.423110201954842 1673.4673443175852 915.02034956216812 346.1947704590857 407.89807036519051 59.046015150845051 22.469758316874504 291.06328301131725 23.293812640011311 61.333476267755032 24.918168589472771 1499.5756650790572 826.38400468230247 2238.8016954958439 3920.9475947022438 4278.6133923605084 594.02625638991594 22.14078227430582 30.718316119164228 61.820150390267372 509.54782250523567 396.11023260653019 5776.5065136663616 187.28565169125795 22.596205323934555 5666.9871412739158 2364.8829252719879 82.994649350643158 269.28256893903017 567.97432991117239
leaf_count=2663 185 5748 13264 9984 20302 75 1501 14949 250 919 256 4934 4550 1733 3808 339 111 72 2227 926 871 608 3307 32732 4426 9626 25047 3273 146 71 167 1484 212 14321 3309 2470 1265 164 36 783 89 228 75 5319 2007 6615 10567 12586 1831 88 66 230 1516 1384 34081 572 56 16847 6407 280 1032 1841
internal_value=0.00542427 0.00316601 0.0335094 0.00179576 0.00360168 0.0227951 0.0137853 -0.00291839 -0.00252454 0.0154182 0.0122946 0.0199613 0.00892433 0.00630137 0.0358401 -0.000589216 0.0463939 -0.0182142 0.0154786 0.014419 0.00264218 0.00576836 0.0010175 0.00150371 0.0054414 0.00461715 -0.00341001 0.000788952 0.0119643 0.0223818 -0.00113488 0.0320381 0.0171059 -0.00562168 0.000223823 -0.00791227 0.0237415 -0.0229621 -0.00554239 0.0042488 0.0062709 -0.000903821 -0.0422346 0.00234799 0.00310181 0.00304075 0.00395273 0.00710909 0.00467094 0.00737304 -0.00582578 -0.0414142 0.00588187 -0.00513548 -0.00613906 -0.00797246 -0.0458466 0.00652366 0.00394139 0.0111269 0.00267576 0.0131793
internal_weight=78151.7 72335.4 5816.33 64068.4 46322.8 3175.61 8267.05 17745.6 17551.3 2028.5 7795.98 2380.56 5415.41 22655.1 1147.11 133.667 2640.73 42.5461 2547.62 871.681 520.988 21952.5 23667.7 22877.1 21669.3 19816.5 16679.7 5754.5 1825.82 776.881 226.142 550.739 160.617 10925.2 3075.81 7849.36 2096.81 188.368 6175.89 1048.94 1016.78 725.712 86.2516 20888.5 2867.8 19388.9 17150.1 8199.56 639.461 616.167 6153.42 129.322 16452.7 905.658 6122.7 283.758 65.5257 15547.1 8031.87 998.015 5268.57 837.257
internal_count=296831 272828 24003 249768 143959 10556 23060 105809 103146 6334 21559 7027 14532 62849 4222 414 13447 183 6777 2441 1515 61116 81110 77803 60508 56082 100705 31193 5415 2175 620 1555 397 69512 18538 50974 6199 644 36653 3240 3094 2311 303 67819 7755 62500 55885 23153 2008 1919 36617 480 46456 2900 36551 828 223 43556 23254 3589 27920 2873
is_linear=0
shrinkage=0.05


Tree=52
num_leaves=63
num_cat=0
split_feature=10 38 48 62 45 48 56 62 63 1 20 9 9 56 62 51 62 32 1 36 57 30 9 52 40 38 10 26 46 13 61 47 40 44 16 26 36 58 51 15 34 62 35 44 62 16 62 62 47 23 45 42 63 26 45 37 38 45 33 36 40 33
split_gain=1857.15 384.5 318.726 197.168 128.286 111.707 102.229 92.994 95.4233 81.3467 78.6645 75.165 73.3667 73.0745 66.4206 62.0301 65.7566 57.1264 55.3362 54.1347 53.6301 57.2108 60.094 53.2159 51.9422 51.1549 50.5932 66.5197 53.4646 134.368 50.022 52.7563 48.77 46.7016 46.3264 45.9951 45.9004 48.3394 45.0628 73.0774 77.5992 90.0921 66.7706 49.8304 52.3695 103.144 93.1633 51.3382 72.6421 57.8857 69.1008 61.5475 79.3243 73.0676 71.7955 43.8345 42.8651 47.0395 42.359 57.5788 43.9522 65.0627
threshold=6.5000000000000009 4991429223.2918406 63132282318.027382 9.4697138482985252 0.62004475263889891 484076989611.0094 1.0000000180025095e-35 0.10456237086455404 85.799965072546357 5.1050000000000013 99.500000000000014 3171.5000000000005 52653.000000000007 1.5000000000000002 3.5869439396579623 1.1180124218915166 2.3412878693584926 5.1950000000000012 4.285000000000001 62.905555555555573 1.0000000180025095e-35 33.500000000000007 28894.000000000004 12.85714285714284 355.50000000000006 15848844.984281095 20.500000000000004 10.001271186440681 7.623193277310925 4.6941774675972097 7.1581717061368026 25.39916542250155 284.50000000000006 0.60394517809633508 36.002941176470593 7.5726153846153847 41.701428571428586 0.25037047035109428 3.4285714263673479 0.75829195252948745 0.39072822506134403 10.833570859575318 0.77552586054152239 0.48285920939846322 3.3869115780040331 10.800595238095239 2.4776735704861719 10.833570859575318 86.449178493770987 4.7412599206349215 0.85260928509007083 6.6950000000000012 9.6564903659658246 22.765833333333337 0.72382413650542077 29.903739082101104 1889405570453.2622 0.58328271909204532 4.4142857142857164 31.56085858585859 20.500000000000004 4.9668217054263577
decision_type=2 2 2 2 2 2 2 2 2 2 2 2 2 2 2 2 2 2 2 2 2 2 2 2 2 2 2 2 2 2 2 2 2 2 2 2 2 2 2 2 2 2 2 2 2 2 2 2 2 2 2 2 2 2 2 2 2 2 2 2 2 2
left_child=1 3 4 7 -2 11 12 -1 9 14 38 -3 34 19 36 16 -10 -18 -14 -8 21 22 -16 -17 35 -21 27 28 -4 -30 -20 -32 58 -15 -5 -22 37 -9 39 -6 41 -41 -42 44 45 46 -40 48 -45 50 51 52 -49 -53 -55 -54 57 -7 59 -13 -60 -62
right_child=2 5 26 6 10 56 13 8 15 -11 -12 32 18 33 20 23 17 -19 30 25 24 -23 -24 -25 -26 -27 -28 -29 29 -31 31 -33 -34 -35 -36 -37 -38 -39 43 40 42 -43 -44 47 -46 -47 -48 49 -50 -51 -52 53 55 54 -56 -57 -58 -59 60 -61 61 -63
leaf_value=-0.037703206288339702 0.039270233384704124 0.021592249451448914 0.050987589194163165 0.012625799212378714 0.030692459454836743 0.036198985857118803 -0.014694716790083315 -0.017409408171576206 0.013041095079895065 0.002661351833743766 0.05098811300392303 -0.051916084255042065 -0.0015893552996545169 0.0023856666523510823 0.023516145582084747 0.028802688512049524 0.029733531544954013 -0.065711317695313728 0.008723382912842954 0.020932582856575579 -0.035322234974506365 -0.099797913028253277 0.0011252534438170568 -0.0064032276208985167 0.064995838349148669 -0.0048373050769646014 0.051947302424052148 0.040891459290017487 -0.20837939322120241 0.0031100728538713579 -0.0016494783321040621 0.0048418228136114967 0.033009925899458524 -0.015442799762419699 0.0048641298789979803 -0.0042732097321716558 -0.014679680513399233 -0.0013538810059573901 0.02965313904909796 -0.082042901316187189 0.015584665620148826 0.032332212674562634 -0.10025568876320463 0.020826976701127771 0.028838161976977635 -0.10378367737915023 -0.060009237618146284 -0.009072671644208009 -0.08552447591389005 0.020227855081351286 0.016653140020895737 0.045493681884346091 -0.16702527204710518 0.0082865385432054108 -0.098254080689722079 -0.045774582019003966 0.0466041028407213 0.012977566174504136 0.0026969830963870542 0.013761133928418906 0.0085188697432018214 0.026736402485528589
leaf_weight=188.60541289672256 803.92892661690712 1327.5488403961062 23.312925241887569 4225.9927666559815 83.577952027320862 376.73614095896482 1368.3997460827231 612.80545680969954 130.58310497924685 4312.7911042124033 150.94076793640852 69.275575757026672 4351.9116680622101 8787.8614201918244 390.99374775588512 515.54187612608075 20.539843440055847 66.222858816385269 5477.2980054095387 226.79041852802038 121.94425239786506 12.789537772536276 1282.8194800317287 135.56143251806498 26.667331606149673 1276.4892331287265 1468.5342237129807 1000.8768722489476 9.5769283324480039 34.803564336150885 4176.0377923250198 12496.430811136961 194.34799525886774 383.34215192496777 3526.8998707234859 5452.8268522694707 2428.2312054224312 1995.0328310243785 153.29656261205673 23.261393204331398 16.928550630807877 66.261850826442242 46.91134238243103 491.23211994767189 860.83007352799177 21.125435218214989 35.722050473093987 22.299021065235138 16.598686560988426 122.06469312310219 75.470807626843452 31.22447207570076 24.236121565103531 29.964213743805885 33.481746412813663 10.764718398451803 238.71476401388645 517.86617120355368 2165.3211427405477 64.388209015130997 2645.2888916060328 601.564592435956
leaf_count=2663 3212 3773 100 11095 226 1249 5670 3441 422 19849 731 252 15236 30065 1183 1318 48 242 15423 911 679 52 7471 411 45 4373 8249 4873 65 160 14501 35893 559 1265 9527 30951 26153 10881 382 92 49 223 192 1425 2566 90 146 64 66 376 209 100 120 106 144 37 758 1565 5969 163 7180 1592
internal_value=0.00517592 0.00301409 0.0327632 0.00170778 0.0220614 0.013207 0.00342356 -0.00278167 -0.00240542 -0.00324885 0.0160883 0.0108703 0.00481667 -0.000538963 -0.00531711 0.0137521 -0.00937641 -0.0431161 0.0035651 -0.00749934 -0.00226582 0.00555068 0.00635565 0.0214727 -0.00461938 -0.000949563 0.0459244 0.0376471 -0.0103219 -0.0425275 0.00457783 0.00321591 0.00839055 0.00164046 0.00909491 -0.00495239 -0.00973284 -0.0051267 0.0136554 -0.0069221 -0.0274208 0.0026134 -0.0695381 0.0161839 0.0233753 0.000997392 0.0127081 0.00720045 0.0173508 -0.00754802 -0.022455 -0.0418767 -0.0827769 -0.0171215 -0.0479372 -0.129734 0.0277797 0.0227566 0.00752779 -0.0202782 0.00821451 0.0118941
internal_weight=77849.7 72192.5 5657.23 63991.4 3120.12 8201.05 46297.5 17694 17505.4 16636.9 2316.19 7067.74 34254.6 12042.9 12324.1 868.449 217.346 86.7627 26501.7 2871.68 7288.04 1686.6 1673.81 651.103 5601.44 1503.28 2537.1 1068.57 67.6934 44.3805 22149.8 16672.5 5740.19 9171.2 7752.89 5574.77 5036.07 2607.84 2165.25 236.941 153.363 89.5232 63.8399 1928.31 1070.97 210.144 189.019 857.337 507.831 349.506 227.441 151.97 57.2999 94.6704 63.446 35.0008 1133.32 894.602 5545.84 133.664 5412.17 3246.85
internal_count=296831 272828 24003 249768 10556 23060 143959 105809 103146 100705 7344 19488 101675 42284 80856 2441 712 290 81053 10954 40381 8706 8654 1729 31675 5284 13447 5198 325 225 65817 50394 15715 31330 20622 31630 40475 14322 6613 782 556 315 241 5831 3184 618 528 2647 1491 1156 780 571 221 350 250 157 3572 2814 15156 415 14741 8772
is_linear=0
shrinkage=0.05


Tree=53
num_leaves=63
num_cat=0
split_feature=20 38 15 9 62 20 43 9 26 1 58 61 40 15 43 63 47 51 62 1 58 62 44 52 26 55 1 50 62 38 1 59 55 50 5 0 12 63 47 34 58 17 26 22 7 50 58 7 63 51 53 55 53 20 34 5 32 48 1 45 10 58
split_gain=1747.89 337.346 278.982 213.892 202.087 118.056 112.494 99.6342 92.2869 87.049 82.5069 81.7422 77.0966 74.3546 73.7701 115.032 71.6021 69.1318 161.788 65.2124 63.1291 56.1484 56.6345 54.5931 54.0281 52.9278 53.126 52.2456 51.1913 47.0509 46.9015 46.7819 46.1381 51.3468 45.0776 54.1951 43.9054 57.7416 43.8752 47.9673 44.046 43.6799 43.6635 43.9296 42.846 42.4458 68.3019 42.099 40.8902 74.6956 86.029 68.4596 58.3197 74.7735 47.0913 43.4002 58.9165 38.9114 37.7991 38.6075 37.4261 36.8145
threshold=18.500000000000004 32356183980.192242 0.89086047569897941 30708.500000000004 11.933748848671931 99.500000000000014 4.7434035395641372 3171.5000000000005 10.001271186440681 4.3950000000000005 0.46173103126271881 47.820911112422863 84.500000000000014 0.69487117104520346 4.6463525498891363 50.573266641702581 54.140385527974622 3.2142857130660079 11.288189863334248 4.8950000000000005 0.59480013772226081 41.656739314430816 0.40959564822068412 12.557362773767911 438.22500000000008 59.51333695013188 7.0750000000000011 779.82269281538936 1.750283164471883 1889405570453.2622 4.8050000000000006 -0.79332313182700731 21.479297878092655 913.99236238627816 1.0050000000000001 34.850000000000001 7.205000000000001 23.699704804120763 1.0000000180025095e-35 0.71507133341747731 0.59480013772226081 2.7877351415370284 32.924621212121217 6.7950000000000008 1.3050000000000004 146.67256286342555 0.85260769842926931 3.6050000000000004 91.444518700826748 11.938775505635673 0.066469805254693662 76.421386124469549 -0.092028022455416983 26.500000000000004 0.42896628877019466 0.13050000000000003 6.495000000000001 1035764703.6557192 4.4350000000000014 1.7371779276130168 1.5000000000000002 0.1822285865217376
decision_type=2 2 2 2 2 2 2 2 2 2 2 2 2 2 2 2 2 2 2 2 2 2 2 2 2 2 2 2 2 2 2 2 2 2 2 2 2 2 2 2 2 2 2 2 2 2 2 2 2 2 2 2 2 2 2 2 2 2 2 2 2 2
left_child=1 3 14 10 9 6 38 27 20 32 28 25 16 -12 15 23 19 18 -16 21 -8 22 61 -2 29 26 47 -3 -1 44 -15 -27 -5 -34 35 -21 37 -25 40 48 -4 -39 43 -43 -9 -18 -47 -11 49 50 52 54 53 -40 -51 -50 -57 -33 59 -30 -32 -6
right_child=2 7 5 4 12 -7 8 24 -10 11 13 -13 -14 30 17 -17 45 -19 -20 34 -22 -23 -24 36 -26 31 -28 -29 58 -31 60 57 33 -35 -36 -37 -38 41 39 -41 -42 42 -44 -45 -46 46 -48 -49 55 51 -52 -53 -54 -55 -56 56 -58 -59 -60 -61 -62 -63
leaf_value=-0.014280000501494208 0.023862555321631382 0.036825205898830274 -0.053403303655062143 -0.015552807559492447 -0.0127344982174643 0.046892982132754335 -0.13729672340811094 -0.053699120863910793 0.035926425360438545 -0.020031639075966213 0.027465338545464027 -0.0091286053257900301 0.0154835417942369 0.0065753038400305792 -0.21934995063668561 0.042749988739404797 0.0071332783954106901 0.049652040229235091 0.02946694562672519 0.0076794966861753501 0.005450369989333315 0.016289055861188437 -0.0062860283898607434 0.012898402582561695 -0.03542349996129808 -0.0061991886042283145 0.030393607322955846 -0.037335601400774444 -0.00049165689189137459 0.045779403370681315 0.0086603628941497417 0.0054037348491412836 -0.0040111939748042049 -0.036194687280608366 0.010833642357055554 -0.0022269289609005145 0.053481738643173994 -0.020895772542369545 0.0091659667161328711 -0.073266317089790312 0.018042448132127461 -0.080888033929242834 -0.027080510246695718 -0.2236973719429273 0.014020101291142079 -0.0050950554075959113 0.0072301321596805737 -0.0015796410845324246 -0.063098460684885893 -0.1310346850981908 -0.014451005081278712 0.052770532313369339 0.026147622480150647 -0.094970475714060532 -0.035991927513031707 0.038633206799641356 0.011591890942980534 0.019938619860614657 0.0076132711407836595 -0.035321706714215521 0.020010822498759896 0.001424282961789729
leaf_weight=437.9244819432497 106.6469212397933 755.10584204271436 51.350814417004585 1848.7444607168436 489.92984432727098 394.27070726826787 12.631021745502947 23.623852536082268 830.90611118078232 322.25084621831775 586.12859875708818 2844.8221284858882 1171.1964096948504 6048.7112081497908 7.8129623457789412 480.18364309147 9391.1119892448187 1911.0010691806674 39.885413508862257 2413.5533254668117 20.023521274328232 427.42978471517563 4999.7922687083483 33.268823869526386 54.469415716826916 653.23807886987925 125.99339801073074 24.519950702786446 1457.9936603680253 117.44003470987082 1460.4079679995775 1983.5263585858047 2775.1727136932313 129.72618867456913 1948.9491060972214 3225.822570681572 14.683263957500456 25.678378224372864 69.468401558697224 16.109021842479706 37.19945502281189 11.217387720942499 11.011344604194162 10.356868274509905 2071.5715561024845 2191.4115226715803 2307.8011968955398 7585.3960441574454 14.88539122790098 17.199251338839531 245.96846718341112 16.96985624730587 570.13638381659985 22.926872938871384 53.802554495632648 349.40830888599157 475.61140009015799 599.67175865918398 2433.3138258978724 84.153868921101093 1444.6864480450749 7295.8693050146103
leaf_count=1622 368 2828 205 13923 1993 1939 65 87 3142 1917 1609 19751 2874 17871 57 2295 25437 10377 190 7100 75 978 15342 110 170 3285 277 94 4555 345 3990 10445 19099 1891 5221 9917 78 92 178 66 92 45 40 63 5744 7104 6479 41584 67 85 796 39 1571 93 186 1042 1658 1708 6794 441 3559 25783
internal_value=0.00493691 0.00279357 0.0312154 0.0020714 0.000662569 0.0212745 0.017673 0.019074 0.0326861 -0.00352608 0.00759747 -0.00155522 0.00286635 0.0102126 0.0432073 0.0291874 0.00244039 0.048168 -0.0112891 0.000584163 -0.0497653 -0.00153743 -0.00213338 -0.00140771 0.0137717 0.000356476 -0.00181836 0.0344928 0.00194468 0.0149828 0.00908319 0.00575495 -0.00937814 -0.00544844 0.00427834 0.00201285 -0.0267805 -0.0396558 0.0109938 0.0126373 -0.0233894 -0.0696643 -0.108095 -0.149445 0.0132566 0.00522016 0.00122696 -0.00233159 0.0133909 0.00654102 0.0108009 -0.0374512 0.0201758 -0.0166743 -0.0590148 0.0215176 0.0230443 0.00877791 0.00373194 -0.00239231 0.0143049 0.000533326
internal_weight=77582.1 71731.5 5850.61 68684.7 54731.4 3198.87 2804.6 3046.73 863.561 18868.5 13953.3 14114.9 35862.9 9539.93 2651.75 693.047 34691.7 1958.7 47.6984 20801.3 32.6545 13213 12785.6 212.863 2267.1 11270.1 8033.64 779.626 4413.39 2212.64 8953.81 3236.44 4753.64 2904.9 7588.33 5639.38 106.216 91.5328 1941.04 1852.49 88.5503 58.264 32.5856 21.5743 2095.2 13890.3 4499.21 7907.65 1836.38 996.472 908.5 87.9717 662.532 92.3953 71.0018 839.905 825.02 2583.2 3975.46 1542.15 2905.09 7785.8
internal_count=296831 271817 25014 262549 222108 11299 9360 9268 3282 113880 40441 78967 108228 27029 13715 3091 105354 10624 247 66334 140 44096 43118 796 6346 59216 43778 2922 13412 6176 25420 15438 34913 20990 22238 17017 428 350 6078 5781 297 240 148 108 5831 39020 13583 43501 5715 2948 2638 310 1842 271 271 2767 2700 12153 11790 4996 7549 27776
is_linear=0
shrinkage=0.05


Tree=54
num_leaves=63
num_cat=0
split_feature=10 38 48 62 45 9 22 62 40 50 20 46 38 50 58 16 55 35 31 47 62 26 54 12 46 54 50 55 54 9 54 55 40 52 58 61 55 34 62 16 62 51 33 42 45 51 27 61 46 9 25 62 2 22 57 38 47 62 48 62 62 18
split_gain=1636.52 320.759 314.076 174.525 120.819 110.462 110.444 101.719 92.4126 78.2667 74.7098 74.1554 72.4649 70.4411 61.0063 60.9208 72.4256 63.4545 64.8528 60.8772 57.4283 59.4105 57.1427 55.1811 53.7409 50.2416 49.8462 55.2124 55.2424 49.0968 56.6214 48.609 72.7297 48.2951 46.2664 80.5894 74.7377 43.5992 49.6884 101.672 79.8561 43.0262 42.8716 42.6593 45.5642 42.1232 146.028 42.0281 41.6139 41.5397 40.8427 40.8094 40.3941 85.0143 53.6008 53.2533 59.9434 49.4686 74.8492 66.8637 50.552 46.2181
threshold=6.5000000000000009 4991429223.2918406 63132282318.027382 22.717311617833762 0.62004475263889891 189548.00000000003 7.6950000000000012 1.6957288840208113 86.500000000000014 116.04544532156042 99.500000000000014 9.9983333333333348 1889405570453.2622 779.82269281538936 0.34202014332566882 68.950000000000017 38.088268959839716 0.77950291623660684 1.8833333333333335 80.935629030907947 16.50721602648677 55.169047619047625 1.2260600071864893 5.5050000000000008 80.569047619047623 0.66814634146341467 486.54259682889079 720.0510843326382 1.5000000000000007 1011552483.0999991 1.8270790289256202 238.86401494965787 32.500000000000007 0.0021868757794741007 0.52247866957162981 14.452851572756343 23.190061823875645 0.35508535709352168 3.3869115780040331 12.503125000000002 2.4776735704861719 1.2857142844744902 4.3504545454545465 6.4350000000000014 0.75896123051053821 3.4285714263673479 0.8000000000000026 58.519031553931661 175.46031468531473 28894.000000000004 1.3028834457097587 0.18639379154116156 7.5000000000000009 6.1850000000000014 1.5000000000000002 2823492273.4341512 1.0000000180025095e-35 17.116405491523739 1783524217.1860249 34.010047671205605 14.270490527992832 1355981708.8373449
decision_type=2 2 2 2 2 2 2 2 2 2 2 2 2 2 2 2 2 2 2 2 2 2 2 2 2 2 2 2 2 2 2 2 2 2 2 2 2 2 2 2 2 2 2 2 2 2 2 2 2 2 2 2 2 2 2 2 2 2 2 2 2 2
left_child=1 3 4 5 -2 15 12 25 9 49 37 22 19 45 -15 16 17 -1 -19 20 21 -3 -9 -17 -11 47 29 28 -28 30 34 48 51 -26 41 36 -36 38 39 40 -6 -13 -22 44 -35 46 -4 -7 -18 -5 52 -33 53 -39 -55 57 -57 58 60 -59 -54 -60
right_child=2 6 13 8 10 7 -8 11 -10 24 -12 26 -14 14 -16 23 31 18 -20 -21 42 -23 -24 -25 33 -27 27 -29 -30 -31 -32 32 -34 43 35 -37 -38 50 -40 -41 -42 -43 -44 -45 -46 -47 -48 -49 -50 -51 -52 -53 55 54 -56 56 -58 59 61 -61 -62 -63
leaf_value=-0.012774757545492947 0.037918921999107097 0.0080864161866185044 -0.13843055526777362 0.013288589330420729 0.033060862528870118 -0.011615858293934293 0.036449305843387389 -0.031001679894341289 0.021641519957430931 -0.0042512877602030787 0.05037066076300644 -0.002125093997372996 0.044805484577555538 0.030870300268780737 -0.092461807444611688 -0.0044970585439473255 0.0069210523981518479 0.0026885519156650724 -0.046865899298045723 -0.0074836060962310937 -0.04500883632880133 -0.023285763906318334 0.05933896826539873 -0.045510654098420346 0.012634124956934976 -0.0010546753271096707 -0.016864609494809824 0.049481903619836683 0.035840205199065507 -0.054387714368487931 0.015634031032364656 -0.051972741925303129 0.048720514906603264 0.012077697240846626 -0.0032920268579564233 -0.0021465149175511635 0.0091294507791245469 0.032662796806717652 0.03352698896616739 -0.12123367014817144 -0.057789552517362522 -0.012121587225717588 0.016239413475498898 -0.018938852704202778 -0.00021934136254564711 0.048422395091496873 0.035538021233591947 -0.029278594862305097 -0.019502646296620112 0.0056851762834772331 -0.066868095985192194 0.013701742133037223 0.0058535066006633824 -0.01455243431650489 -0.090794628461382296 -0.072543987353697367 0.020347024191457421 0.035810122095886181 -0.13130292544541733 -0.064981576721945086 -0.075136423161562924 -0.035596054899751033
leaf_weight=833.18476495146751 759.11067513003945 3376.2689016386867 12.78590317070484 2164.0142396315932 113.62825946509838 1750.1884298659861 440.71427965164185 290.03657217696309 811.3052406385541 3251.5567487180233 138.99891012907028 5846.7439133040607 152.69300130009651 24.53526995331049 16.956321492791176 1213.0016572847962 6723.6938110999763 5250.5374806001782 66.865005567669868 466.27631123363972 28.809225276112556 157.96921907365322 18.628111094236374 87.95832721889019 1217.1877652853727 917.30083449557424 917.4066651687026 35.495355390012264 52.56660969555378 42.006754942238331 545.05061832070351 25.841767780482769 173.00568842887878 974.54820339381695 1714.7918247506022 8521.8173911198974 4121.6130562350154 58.472832530736923 411.40381956100464 15.449536129832266 30.728828459978104 1319.2992202118039 3451.8184680789709 243.54780492186546 3317.9291631579399 2083.9995417408645 213.18317230418324 417.04762884601951 152.37849596142769 10572.335187003016 17.922706037759781 279.42033295705914 219.39597798138857 60.623859755694866 37.197044506669044 17.704088270664215 913.14327894151211 120.86686655133963 17.663325853645802 19.047382868826389 21.121993869543076 44.130474850535393
leaf_count=2403 3212 9613 74 5301 285 16354 1501 2419 1925 9930 731 29048 504 111 72 4403 20678 18775 232 1342 111 492 59 298 3245 5754 7321 86 176 246 1597 155 388 2364 8564 41214 14787 139 1232 68 132 5785 9497 723 9791 12141 1049 5958 620 28181 66 988 586 206 155 65 3007 300 80 69 80 143
internal_value=0.00470938 0.00272225 0.0313409 0.00153517 0.0206629 -0.000395887 0.0121119 -0.00232799 0.00507285 0.00445456 0.0148604 -0.00120412 0.0107069 0.0450392 -0.0195317 0.00306355 0.00405901 5.51038e-05 0.00206542 0.0100109 0.0111737 0.00668418 -0.0255496 -0.00727 0.000886733 -0.0108632 -0.00087905 -0.011767 -0.0140083 -0.000383943 -0.000281152 0.00740755 0.0228207 0.0037906 -0.000684166 0.00095351 0.0054799 0.0125305 0.024336 0.00067481 0.0137218 -0.00396549 0.0157325 0.00141755 0.00257253 0.0461991 0.0256944 -0.0150148 0.00633549 0.00697706 0.00817232 0.00814211 0.00905172 -0.0150334 -0.043544 0.0117933 0.0185803 -0.00249281 -0.0138695 0.0220887 -0.00125893 -0.0629532
internal_weight=77310.9 71942.9 5368.07 63868.3 3016.61 41315.9 8074.55 26510 22552.4 21741.1 2257.5 23425.5 7633.84 2351.46 41.4916 14805.9 13504.9 6150.59 5317.4 7481.14 7014.87 3534.24 308.665 1300.96 9004.77 3084.54 23116.8 1005.47 969.973 22111.3 22069.3 7354.34 478.268 5753.21 21524.3 14358.2 5836.4 2118.5 571.21 159.807 144.357 7166.04 3480.63 4536.03 4292.48 2309.97 225.969 2167.24 6876.07 12736.3 1547.29 305.262 1529.37 156.294 97.8209 1373.07 930.847 442.226 302.312 139.914 240.518 61.7938
internal_count=296831 272828 24003 249768 10556 188308 23060 139368 61460 59535 7344 111302 21559 13447 183 48940 44239 21410 19007 21055 19713 10105 2478 4701 26053 28066 108824 7583 7497 101241 100995 22829 1531 16123 99398 64565 23351 6613 1717 485 417 34833 9608 12878 12155 13264 1123 22312 21298 33482 4896 1143 4830 500 361 4330 3072 1258 889 369 666 223
is_linear=0
shrinkage=0.05


Tree=55
num_leaves=63
num_cat=0
split_feature=20 19 43 30 43 30 48 62 43 16 62 62 16 54 40 56 55 44 16 30 59 44 10 12 26 27 63 58 43 58 54 62 7 10 1 14 58 59 25 35 43 55 43 62 27 22 20 30 33 3 26 61 1 55 59 26 47 30 22 3 58 44
split_gain=1545.04 455.12 183.177 169.081 139.929 125.34 124.877 109.837 103 100.61 100.687 99.704 86.9118 82.0385 71.8257 65.2822 71.7441 63.941 62.8639 72.7557 67.7952 62.2019 60.7712 137.155 79.1687 101.794 73.8709 64.8764 58.3155 69.7806 57.2127 56.5753 55.307 54.86 53.8747 53.4156 50.7181 50.1619 49.7097 48.245 47.2941 48.111 47.0773 62.3978 46.7969 45.5105 53.4856 77.0619 62.4036 45.2429 44.9199 43.722 45.7153 43.1138 43.0147 41.7959 65.2225 55.1533 57.0943 41.1943 42.2098 39.8383
threshold=32.500000000000007 2.7264254350177459e+18 4.6400304878048795 8.5000000000000018 4.6143701298701316 88.500000000000014 130408747603.88625 19.771380473475894 4.9752049180327882 62.359440559440579 25.054053297154667 3.8960848622140354 27.004166666666666 1.4361415289256201 157.50000000000003 2.5000000000000004 80.551861980007217 0.52163621108720448 9.8575187969924816 50.500000000000007 0.77159520228797451 0.40204975621752109 18.500000000000004 5.3750000000000009 35.450252525252537 1.0600383789232364 85.799965072546357 0.67556448321067852 5.0600746268656724 0.80382625221112025 -0.46666666666666629 0.10456237086455404 3.6050000000000004 6.5000000000000009 4.4050000000000011 1.0000000180025095e-35 0.99535829673000953 -0.74892720285008296 1.3571702559476628 0.74575820124800918 4.9250850340136072 20.263068783908533 4.8111487758945399 12.32472119190461 37.254385389754546 7.2750000000000012 119.50000000000001 46.500000000000007 4.7002336448598143 122.85000000000001 57.070000000000007 11.211878012679465 5.285000000000001 210.15861735076211 0.99535829673000953 30.215476190476195 7.6278839664565981 102.50000000000001 5.1950000000000012 137.95000000000002 0.40673664307580037 0.66366954876927242
decision_type=2 2 2 2 2 2 2 2 2 2 2 2 2 2 2 2 2 2 2 2 2 2 2 2 2 2 2 2 2 2 2 2 2 2 2 2 2 2 2 2 2 2 2 2 2 2 2 2 2 2 2 2 2 2 2 2 2 2 2 2 2 2
left_child=1 2 7 11 5 22 9 12 14 10 15 30 18 17 21 16 39 35 -1 20 -20 53 23 24 25 -2 -27 -25 29 61 -4 -14 -33 42 49 37 55 -13 -7 -3 41 -19 43 45 -11 -6 47 -47 -49 -34 54 52 -36 -5 -32 56 -9 -57 -59 -18 -61 -17
right_child=4 6 3 8 33 38 -8 36 -10 44 -12 13 31 -15 -16 28 59 40 19 -21 -22 -23 -24 27 -26 26 -28 -29 -30 -31 50 32 34 -35 51 -37 -38 -39 -40 -41 -42 -43 -44 -45 -46 46 -48 48 -50 -51 -52 -53 -54 -55 -56 57 -58 58 -60 60 -62 -63
leaf_value=-0.012678352012391198 0.032940195434568158 0.030573765535805309 -0.015936426075853879 0.011924052344958488 0.013529693332126334 0.039548881388309677 0.038453024932781243 0.042025647852129561 0.023703587605103243 -0.046450983935584819 0.037550603375910506 -0.0020152714550398828 -0.034507987960069562 0.02903701359960198 0.022264210474313661 -0.012969116590309577 0.0033163205186400378 -0.019888732693437657 0.017487400838193234 -0.02616567745553295 -0.0032006462254668502 0.0036560462427695411 0.028059770963164282 -0.0411397005990057 0.054457786654357847 -0.061669079683215278 0.0062335171020219855 -0.18122559975409583 0.016393692972965369 0.020975632131689174 0.00070536424754204263 -0.016897640950171607 -0.0087579270712711231 0.04818835413550409 -0.00026127387494967718 0.016350436678581614 -0.0069847641051123156 0.0054599829892215766 -0.021423970628522505 0.013026774486152626 0.003979092769993569 -0.0027916678468608708 0.047771106054145411 0.037081895703032511 0.0069940445347316006 0.0090876000554738923 0.046485464424339269 -0.062665904086126753 -0.2371934077722854 -0.00018144780302224966 -0.056741276685719447 -0.0031284082257997795 0.011770864583687582 0.035970989976032312 -0.04277161636839797 0.0030710365255758191 0.0080162995373000909 2.2608153468377427e-06 -0.12213356283292841 -0.12674068991773732 -0.010841898967256887 -0.066479017845847824
leaf_weight=381.61483435332775 90.59556382894516 777.64179135859013 936.97454648464918 1185.6823778748512 103.54502779990435 683.58118230849504 726.66987007856369 163.74163919687271 1327.9039877057076 91.424523249268532 517.26352802664042 2684.5011779628694 149.9665673263371 318.94463741779327 827.05022813379765 61.243527963757515 410.43502380698919 508.31264439970255 1436.5170320868492 134.88367020338774 546.71774084866047 4490.7351996637881 180.02687928080559 18.40322433412075 59.46424861997366 95.112899705767632 69.190892711281776 15.002566143870352 157.15124019980431 59.981689214706421 2215.3684117607772 758.71358324959874 5419.2063617259264 1746.5041936971247 2397.1173816770315 963.13208447396755 1199.0170627832413 13682.949448637664 35.146524719893932 789.36687081307173 2102.1012838333845 2159.8148903176188 239.96906883269548 205.83777843415737 74.200243830680847 15.488706722855566 11.959627866744993 11.846992507576944 9.0224571675062162 2146.883841611445 35.950905926525593 6805.1037759967148 1177.0780317261815 221.16449438780546 58.3897963501513 12195.468473151326 1013.8910977765918 20.536413162946701 17.916365399956703 12.576073989272116 20.930630147457123 80.508231997489929
leaf_count=1485 239 2649 5386 2997 366 3246 3296 370 3495 307 1562 9077 2461 701 2351 227 1276 1843 4525 416 2048 11950 765 73 142 345 214 82 425 182 10548 5321 34486 10382 11668 2306 3943 42415 117 2157 6094 6721 949 737 198 47 50 51 67 11313 217 37661 4769 539 332 35762 2882 54 79 63 75 327
internal_value=0.00449126 0.00292596 0.00200943 0.00465696 0.0365162 0.0229805 0.0198246 -0.000472802 0.0109781 0.0153903 0.0175644 0.00267377 -0.00275842 0.00385967 0.00846524 0.0132021 0.0167078 0.00349632 0.00600205 0.00936764 0.0117843 0.00653013 0.00447875 -0.00772825 0.00250762 -0.00961158 -0.0330742 -0.104052 -0.00644201 -0.0242311 -0.00551538 -0.00391991 -0.00367466 0.0437138 -0.00311561 0.0049073 0.0028677 0.00423393 0.0365672 0.0217346 -0.00162984 -0.00604888 0.0306383 0.0191446 -0.0225075 -0.00516804 -0.0452373 -0.0754085 -0.138119 -0.00632434 -0.0012879 -0.000776567 0.00370123 0.0157044 -0.000411119 0.00374853 0.0127451 0.00288253 -0.0569047 -0.00103548 -0.0543422 -0.0433602
internal_weight=77053.4 73462.7 69683.3 33719 3590.7 1246.52 3779.39 35964.4 8052.54 3052.72 2887.1 25666.4 21353.8 22419.8 6724.63 2369.84 2010.95 22100.8 2499.73 2118.12 1983.23 5897.58 527.796 347.769 314.364 254.899 164.304 33.4058 358.885 201.733 3246.68 18854.1 18704.1 2344.17 17945.4 17330.6 14610.6 16367.5 718.728 1567.01 4770.23 2668.13 597.67 357.701 165.625 151.863 48.3178 36.3582 20.8694 7566.09 2309.71 10379.3 3574.2 1406.85 2273.76 13411.6 1177.63 12233.9 38.4528 443.942 33.5067 141.752
internal_count=296831 278959 266215 106972 17872 5223 12744 159243 21332 9448 8943 85640 116153 69157 17837 7381 6220 68456 8474 6989 6573 15486 1860 1095 940 798 559 155 1161 736 16483 107679 105218 12649 99897 53798 43090 51492 3363 4806 14658 8564 2267 1318 505 581 215 165 118 45799 11097 54098 16437 3536 10880 39147 3252 35895 133 1414 138 554
is_linear=0
shrinkage=0.05


Tree=56
num_leaves=63
num_cat=0
split_feature=20 18 9 20 33 62 9 48 54 18 62 1 0 46 43 47 54 22 42 7 55 26 18 30 28 14 50 52 50 44 43 62 63 44 28 44 25 1 30 50 59 57 5 50 35 50 0 7 57 55 40 52 63 33 55 38 62 54 61 50 16 47
split_gain=1452.29 418.89 173.72 139.668 193.611 137.116 130.312 100.969 100.234 94.8753 84.8483 71.6587 118.179 79.4396 68.8892 77.3807 67.7965 59.6788 98.5299 57.6943 56.5178 53.2714 60.4818 82.7465 62.05 94.0994 61.8616 56.6147 69.7701 64.603 52.9655 85.2603 76.2883 58.8496 52.2225 74.9483 51.6573 51.1234 47.1307 47.0098 60.5877 46.5942 66.3699 68.366 44.1456 43.4524 43.228 51.6342 49.73 47.1392 45.611 43.0091 43.4111 58.0224 61.6777 43.8701 43.3072 42.6455 43.9749 42.5524 41.8304 43.2904
threshold=32.500000000000007 2165676702.9050369 189548.00000000003 76.500000000000014 4.7555710738671646 21.789888850165543 8150.0000000000009 484076989611.0094 1.3861983471074379 54020632800.801796 1.6957288840208113 4.9050000000000011 55.850000000000001 9.9983333333333348 4.2994949494949513 0.37282548461146886 0.48466260302197833 5.6950000000000012 5.995000000000001 6.5500000000000007 8.4617852793059551 33.751000000000012 17339064707.055447 192.50000000000003 16006611704.25831 0.48320687172866389 82.898924345413349 12.853262660283013 66.890237606094573 0.56199663731034122 4.8600373134328372 1.9685002862761696 27.142567383387831 0.57825630746356793 11429809256.922129 0.49497474683058329 1.0563919830079105 7.1550000000000011 63.500000000000007 779.82269281538936 -0.94260559819261247 1.5000000000000002 0.54050000000000009 126.37861785162376 0.95948780885602236 177.09673713188911 36.050000000000004 6.6200000000000001 2.5000000000000004 32.564711690217173 16.500000000000004 2.3129601276428455 10.917092207327412 5.025352164343361 65.068263407441222 3300178574.5070505 22.526371636255011 0.66814634146341467 58.519031553931661 424.12239505809316 56.780000000000008 0.37282548461146886
decision_type=2 2 2 2 2 2 2 2 2 2 2 2 2 2 2 2 2 2 2 2 2 2 2 2 2 2 2 2 2 2 2 2 2 2 2 2 2 2 2 2 2 2 2 2 2 2 2 2 2 2 2 2 2 2 2 2 2 2 2 2 2 2
left_child=1 2 7 4 17 10 9 8 14 41 57 13 19 -12 15 -1 -14 -2 -19 37 -15 22 24 -24 34 27 -27 28 -26 -30 46 -32 51 -34 35 38 -5 -13 45 -11 -41 60 43 -43 -9 -20 48 50 49 -16 -48 52 -33 54 55 -54 -53 58 -4 -22 61 -3
right_child=3 6 5 36 -6 -7 -8 44 -10 39 11 12 16 20 30 -17 -18 18 21 -21 59 -23 23 -25 25 26 -28 -29 29 -31 31 32 33 -35 -36 -37 -38 -39 -40 40 -42 42 -44 -45 -46 -47 47 -49 -50 -51 -52 56 53 -55 -56 -57 -58 -59 -60 -61 -62 -63
leaf_value=0.030841312314589742 0.031933674482559474 -0.0079078061923976307 -0.010370738632048742 0.048437814100664077 0.046467851532023881 0.0038560377370845411 0.0037295072109970184 0.024543763859431068 0.028105763538667672 0.042273309861874428 -0.03066202088917418 0.0083784821029183661 0.0017681131295777062 -0.010622984723894509 0.0020382327857754543 -0.010819656663269504 -0.017063501793193197 -0.091410270940847027 -0.048060676491727482 -0.002580839078401698 -0.00095679429962334498 0.040272706577286273 0.04702756918480322 -0.097476292811219847 -0.0036590313995983809 -0.056171195593027128 -0.22292287349784623 0.017123018564164674 -0.13709591840822649 -0.0074802311368217427 -0.0066187693373562801 0.0059375779604868527 0.041669832328272156 -0.0056020043949043703 0.05180493773339348 -0.043762395015330489 -0.04082562555962703 0.043525161958000241 0.030073963250730279 0.05668188857858001 -0.088049995566185785 -0.094522577226482746 0.011545729186609444 0.041505581341753965 -0.008443521531665726 0.052744623386856343 -0.011616808328848455 0.003930737455066214 -0.011797360013390001 0.0084981857585402741 8.7945963390645266e-05 0.009172047605447502 -0.046852072246759052 0.011365322760296502 -0.0077095196293560531 -0.1471968075715443 0.022978410907078431 -0.00097077197603282579 -0.028292660827352892 -0.013976062363496451 -0.017278707867799444 0.027731710669093048
leaf_weight=122.49980648234487 351.60552937537432 91.225517176091671 1803.3483482562006 1469.2030645981431 788.21796724200249 13586.764370396733 1004.6164458878338 859.61249528080225 434.88712104409933 731.40357602015138 258.84009898453951 4150.2585698366165 921.9307054579258 1982.0031353756785 4798.6968773081899 1236.6257138885558 992.42086014151573 24.477634020149708 42.746390424668789 1358.2498761862516 12971.655856218189 126.29892776161432 122.42439206689596 10.778984367847441 62.612064056098461 15.508399054408075 8.6719388514757139 91.978269577026367 25.231804937124252 15.530663534998892 788.28239815682173 1816.4229857698083 319.79659970849752 82.906718090176582 64.005724668502808 68.510907895863056 16.38859685510397 106.10970644652843 160.53762552142143 13.226225957274439 15.952287487685679 30.231100887060165 474.77331914007664 13.30072535574436 114.98965747654438 14.255260393023489 1250.6346853375435 5030.509984254837 413.85091096907854 6862.5515354499221 2488.2884727865458 1858.4956007227302 25.548001185059547 77.438522942364216 47.454813897609711 18.987558387219906 817.98028300330043 919.2360807955265 422.45805256813765 659.52206864580512 59.95965188741684 1291.1953036375344
leaf_count=710 1224 260 16579 8842 4310 37950 3125 2502 1019 3558 2271 15125 3232 12544 15161 5989 4404 107 166 5880 61904 442 675 66 226 76 55 320 127 61 2688 4693 857 274 191 255 74 211 617 48 70 129 1396 32 327 38 4467 14490 1410 19419 7019 5131 90 217 131 90 1976 5763 6024 5668 178 3948
internal_value=0.00428338 0.00278576 0.00191136 0.0358483 0.0271997 -0.000229092 0.0191193 0.00482663 0.00428531 0.0248008 -0.00231994 -0.00128363 0.00273368 -0.00318926 0.00391609 -0.0070647 -0.0079944 0.0145978 0.00745669 0.00639151 -0.00273381 0.0103756 0.00500276 0.0353341 -0.00209049 -0.0229296 -0.115974 -0.0114127 -0.0368026 -0.0877118 0.0044751 0.00867775 0.0110584 0.0319377 0.0109785 0.00184327 0.0474531 0.00925468 0.0162061 0.0397905 -0.022445 0.0189861 0.00612793 -0.0529605 0.0206517 -0.0228508 0.00329496 0.000623081 0.00523538 0.00583986 -0.00382718 0.00925495 0.0036798 -0.0205256 -0.0473717 -0.0896337 0.0133915 -0.0100307 -0.0137723 -0.00158671 0.0236066 0.0253799
internal_weight=76804.1 73325.1 69599.3 3478.98 1993.39 40132.8 3725.88 29466.5 28491.9 2721.27 26546 23401 7528.97 15872 28057 1359.13 1914.35 1205.17 853.569 5614.62 15613.2 829.091 702.792 133.203 569.589 219.533 24.1803 195.353 103.375 40.7625 26697.8 5853.31 5065.03 402.703 350.056 286.05 1485.59 4256.37 217.539 760.582 29.1785 1960.69 518.305 43.5318 974.602 57.0017 20844.5 8769.43 12075.1 11661.2 3738.92 4662.33 1985.85 169.429 91.9904 44.5356 2676.48 3145.04 2225.81 13631.2 1442.38 1382.42
internal_count=296831 278959 266215 17872 8956 177555 12744 88660 85831 9619 139605 111239 28852 82387 84812 6699 7636 4646 3422 21216 80116 3315 2873 741 2132 865 131 734 414 188 78113 16147 13459 1131 1267 1076 8916 15336 821 3676 118 5943 1557 161 2829 204 61966 25976 35990 34580 11486 12328 5221 528 311 180 7107 28366 22603 67572 4386 4208
is_linear=0
shrinkage=0.05


Tree=57
num_leaves=63
num_cat=0
split_feature=10 38 9 48 62 22 45 26 63 43 44 38 46 63 1 1 47 40 54 0 26 43 32 40 55 2 1 55 47 27 44 51 51 51 0 17 8 44 43 0 62 46 26 52 24 61 47 62 46 32 62 37 54 58 58 32 61 47 27 62 18 26
split_gain=1369.96 363.882 179.802 179.074 142.842 94.5181 87.2313 86.9103 83.0449 77.1788 74.8603 64.9213 63.6304 59.9993 57.2473 56.9999 56.2244 55.2434 54.707 55.8552 53.7532 51.4232 62.4488 48.764 64.2013 48.3601 47.1958 46.4562 51.5119 60.4239 67.4094 59.724 59.1641 45.9106 45.9094 45.5326 45.166 50.1 48.9041 46.14 44.7809 59.3897 57.6295 86.0645 65.5133 44.4415 44.4389 50.3005 42.472 42.195 42.0444 42.0276 41.9801 51.5554 44.54 41.6532 41.406 43.5289 41.1762 41.0661 40.8851 87.9528
threshold=10.500000000000002 32356183980.192242 28894.000000000004 65168305571.740456 6.3237503422867247 7.6950000000000012 0.5990268715906929 438.22500000000008 105.0276133629588 4.763678646934463 0.64645257778336418 1889405570453.2622 26.289117647058827 27.142567383387831 5.1050000000000013 4.8050000000000006 117.4595576214824 84.500000000000014 0.75000000000000056 114.05000000000001 10.001271186440681 4.712513269639067 8.0950000000000006 24.500000000000004 203.86240227076587 9.5000000000000018 7.2950000000000008 153.28907991036903 1.2572830495136293 2.0089820328749757 0.48285920939846322 4.2857142846301031 10.285714265877555 12.857142850105371 54.850000000000001 2.094343971523152 0.18150000000000002 0.37416573867739428 4.999744897959185 41.050000000000004 4.1961334046949306 19.251923076923081 32.402439024390254 12.850380984324586 0.66629031614487078 50.142928111349121 54.140385527974622 45.048197082472434 129.05852272727279 6.8850000000000007 0.10456237086455404 7.450000000000002 -0.23442830462751632 0.99535829673000953 0.52247866957162981 7.3900000000000015 8.6419944941559361 55.073652754712334 1.0000000180025095e-35 1.0865394189838444 44946296964.442772 28.003153153153161
decision_type=2 2 2 2 2 2 2 2 2 2 2 2 2 2 2 2 2 2 2 2 2 2 2 2 2 2 2 2 2 2 2 2 2 2 2 2 2 2 2 2 2 2 2 2 2 2 2 2 2 2 2 2 2 2 2 2 2 2 2 2 2 2
left_child=1 2 8 6 14 7 -2 11 15 10 12 21 -6 18 23 56 -9 26 36 -20 -17 22 55 25 49 50 46 28 32 -30 31 -31 -8 -34 -16 -29 37 -11 -39 -38 41 -23 43 44 -43 -40 47 52 -22 -25 -4 -45 54 -54 -14 -3 -1 -58 -42 -7 -32 -62
right_child=3 5 4 -5 9 59 27 16 -10 13 -12 -13 17 -15 34 20 -18 -19 19 -21 48 40 -24 24 -26 -27 -28 35 29 30 60 -33 33 -35 -36 -37 39 38 45 -41 58 42 -44 51 -46 -47 -48 -49 -50 -51 -52 -53 53 -55 -56 -57 57 -59 -60 -61 61 -63
leaf_value=0.0082574788498628367 0.045452440363188684 0.014914544498340827 -0.042552809294529842 0.047227100552874483 -0.0090888009881321969 -0.027813860181625884 -0.08702816263907838 -0.013759357637792428 0.023287420668358275 0.0080488516362536167 -0.020043443400826463 0.044751618691820073 -0.013974773788107082 0.028461219577681319 0.002812926395381631 -0.0031391029611864706 -0.12068832315497571 0.013017168185125423 0.022416011922381036 -0.012680475781056064 0.014698342053354883 0.023208623062900224 -0.08728332003299405 0.0017431639344471302 0.044283108678197319 -0.024008072925091765 0.03377338897577617 0.0033432234448854993 0.042608114330304953 -0.012219545718104326 0.004740468324521907 0.038627356727458866 0.017583075288761713 -0.059921806787972258 -0.020792185631277778 -0.11086260134551716 -0.0012078457595118893 -0.0011216148825935388 0.0097668014810723732 -0.027442933081453076 0.0083688087528083713 -0.060583113525621991 0.0035588473449616647 -0.059125432673748549 -0.22505031212298002 -0.010713145366980413 0.0030409322593644792 0.021357409521087448 -0.0068791864973974659 -0.08055954225341401 -0.0069943493426129896 0.048888178737910966 0.0010333197741872156 -0.010139486809920309 -0.0023521308250289588 -0.004054155862632915 -0.0013832603059688369 0.0083438949957381388 0.026244391852609236 0.039455901636073737 -0.16548627591133924 0.040229479307607563
leaf_weight=3295.6357695013285 365.59974482655525 683.49525614082813 84.377553947269917 1654.3747633695602 1614.7881847769022 23.708414383232594 20.295057505369186 40.127361364662647 731.39589212089777 5237.3059838265181 447.07413873821497 177.18949549645185 1195.7708987295628 259.83984531462193 2621.679563395679 587.27870412170887 17.723134569823742 942.46116898208857 694.94163968414068 135.4618017077446 3281.6211943551898 154.07229933142662 17.872058428823948 484.99889656156301 93.252922706305981 482.26274120435119 107.49301089346409 25.113250896334648 295.02178389579058 69.480002000927925 354.08006899058819 342.10584659874439 113.07826641201973 22.992153242230415 223.5456837117672 13.375801689922808 806.76815903931856 5105.9527300670743 2250.562321677804 211.53432060778141 431.06873978674412 14.294703990221025 96.82769813388586 19.549489766359329 10.504416286945341 300.23084039986134 10998.273349285126 246.49079911410809 245.08716571331024 16.089650020003319 5626.2529145255685 16.697712756693363 11300.634176306427 1136.3214750140905 2653.3332386314869 501.9470459446311 4255.0713696405292 1576.153519384563 1275.0672864541411 526.77569323405623 10.891093514859678 9.9360103681683523
leaf_count=9524 1920 1917 1789 11168 7423 90 79 114 2222 15809 1616 685 4947 720 13435 1887 78 2363 1643 390 8591 449 74 1556 205 4045 245 76 1160 265 1243 1394 306 108 1480 64 2572 14639 6059 772 1265 54 296 84 63 958 34959 559 692 61 48885 47 42659 4684 9929 1596 13830 4402 4429 2153 62 42
internal_value=0.00408517 0.00266633 0.00181867 0.035617 0.000537772 0.0173161 0.0239192 0.0142515 0.00688624 0.00170537 0.000266767 0.0152859 0.000567479 0.00464371 -0.00499512 0.00598027 -0.0465182 0.00111305 0.00422392 0.0166908 0.0108666 0.0136651 0.00548412 -0.00749081 0.00618969 -0.00880375 0.000707122 0.0177513 0.0194333 0.0233116 0.0160733 0.0300439 -0.00739108 0.00448688 0.000958303 -0.0363458 0.0034798 0.00428041 0.00170274 -0.00665772 0.0185432 0.00112458 -0.0204277 -0.0584735 -0.130248 0.00735629 0.000578016 -0.00106044 0.0131988 -0.000899526 -0.00751974 -0.00936765 -0.00139973 1.24992e-05 -0.00596285 0.0068827 0.00377775 0.00124595 0.021728 0.0365587 0.000735914 -0.0673452
internal_weight=76553.2 73256.9 69249.9 3296.34 55277.7 4006.92 1641.97 3456.44 13972.2 45645.2 30642.6 3398.59 30195.6 15002.6 9632.46 13240.8 57.8505 28580.8 14742.8 830.403 4113.99 3221.4 1203.31 6787.23 594.341 6192.89 27638.3 1276.37 1237.88 1081.51 786.493 411.586 156.365 136.07 2845.23 38.4891 13912.4 12894.1 7656.75 1018.3 2018.08 311.946 157.874 61.0463 24.7991 2550.79 27530.8 16532.6 3526.71 501.089 5710.63 36.2472 16286.1 12437 3849.1 1185.44 9126.86 5831.22 1706.14 550.484 374.907 20.8271
internal_count=296831 278944 265550 17887 224402 13394 6719 11151 41148 152946 109384 10959 107768 43562 71456 38926 192 100345 42842 2033 11170 10274 3587 56541 1822 54719 97982 4799 4659 4166 3006 1659 493 414 14915 140 40809 37465 21656 3344 6687 993 544 248 117 7017 97737 62778 9283 1617 50674 131 62219 47343 14876 3513 27756 18232 5694 2243 1347 104
is_linear=0
shrinkage=0.05


Tree=58
num_leaves=63
num_cat=0
split_feature=20 18 9 15 62 9 1 62 18 20 26 20 2 55 1 7 52 30 36 23 52 43 1 61 1 0 46 44 58 62 8 44 37 56 44 29 35 54 60 56 62 47 26 52 62 58 46 43 0 8 39 52 52 44 56 16 58 39 62 0 51 53
split_gain=1291.52 369.396 155.598 142.588 118.438 107.284 89.9649 77.8161 77.1309 69.7733 90.0206 68.3137 66.4921 67.6513 64.9651 61.5645 59.3437 94.565 68.6929 80.6299 95.7062 66.1322 58.713 70.0491 51.3312 59.3385 50.1563 66.8495 66.4496 54.6816 59.0282 54.8365 49.7988 77.8175 83.2712 56.5102 53.9375 49.6961 48.7423 58.0712 47.7825 47.4493 47.4185 58.8069 52.7489 48.7175 46.7773 46.4199 45.891 45.6254 43.8357 42.5664 42.0283 41.9091 40.715 39.1213 45.5835 39.6518 39.2219 37.1471 39.6394 37.0099
threshold=33.500000000000007 4012297597.6202536 189548.00000000003 0.89086047569897941 24.217554330238233 8874.5000000000018 4.8950000000000005 1.6957288840208113 54020632800.801796 100.50000000000001 33.574537037037054 4.5000000000000009 10.500000000000002 25.819002947177413 7.5250000000000012 3.6050000000000004 4.3987947467084973 164.50000000000003 32.301477000218007 4.6923659673659683 0.091715758902447014 4.8111487758945399 4.4850000000000012 8.2821995192445801 5.1950000000000012 69.050000000000011 10.857389610389612 0.18136306675690908 0.16504132135358066 2.9777544746209954 0.14550000000000002 0.28000000000000008 3.6812767973694602 2.5000000000000004 0.35527766918597947 4.0362119222791733e+19 0.95948780885602236 1.3861983471074379 2.5000000000000004 2.5000000000000004 2.3958421498095643 1.0000000180025095e-35 42.133854166666673 12.41842585423967 26.363356027980387 0.19080899537654492 9.9983333333333348 5.0600746268656724 207.45000000000002 0.19450000000000003 24245771187276548 8.6102459063686698 11.806879526703336 0.21659542988464367 1.5000000000000002 57.808333333333337 0.47714059151611399 2.0009810350335218e+19 24.863113315575916 20.014000000000003 12.857142733163268 -0.053948305890395142
decision_type=2 2 2 2 2 2 2 2 2 2 2 2 2 2 2 2 2 2 2 2 2 2 2 2 2 2 2 2 2 2 2 2 2 2 2 2 2 2 2 2 2 2 2 2 2 2 2 2 2 2 2 2 2 2 2 2 2 2 2 2 2 2
left_child=1 2 6 -2 7 8 12 59 38 10 16 37 13 26 15 -9 18 21 -5 20 -20 32 46 24 -24 49 28 -28 -1 40 31 -31 41 34 -34 -35 -36 -8 55 -40 -30 -18 43 52 -44 -45 -17 -13 -10 -26 -14 -25 -15 -39 -54 56 58 -57 61 -4 -61 -3
right_child=3 5 4 9 -6 -7 11 14 48 -11 -12 47 50 42 -16 22 17 -19 19 -21 -22 -23 23 51 25 -27 27 -29 29 30 -32 -33 33 35 36 -37 -38 53 39 -41 -42 -43 44 45 -46 -47 -48 -49 -50 -51 -52 -53 54 -55 -56 57 -58 -59 -60 60 -62 -63
leaf_value=-0.018731624051933463 0.045441075693581356 -0.029757055295324009 -0.0058503032520199356 0.036075062640418917 0.0041393279310594742 0.002869083360964279 0.0049131102573197021 -0.013944101538070998 0.04032161254646148 0.044942502737656251 0.046508935550182227 0.012954306718305936 -0.029171719495734057 0.0090775562250002897 0.040690068879748548 -0.034686460896894401 -0.036872686797804283 -0.10164512530330504 0.00093025299817456981 0.040005919407224887 -0.17314727721310577 0.044200705539881091 0.0020234312658595054 -0.00036484610733461352 0.020682479681187256 -0.032797548186087398 -0.030288141462954166 -0.0018841789773589867 0.0089242026714365773 0.071273908064078267 -0.066063158645862194 0.02285394925653076 -0.1239374024746611 -0.015983280104917362 0.010034160011525441 -0.14901618699850816 -0.06990700132842427 0.060283728029734453 0.0073744272546393784 -0.097394758647928598 -0.038104548089651552 0.02660836383579427 -0.0020114505799639359 -0.03464069731108585 0.0065366254152664132 0.0007416017158573744 -0.0037674907466949967 0.031909919235300142 -0.042532006360849126 0.0026373950574206601 -0.0040569442804790504 -0.016247374275306769 0.032412581284105145 0.015896360384447313 -0.029372596409970531 0.013811959014041914 0.028388134710483577 -0.067685438180330709 0.045328688974963838 -0.01916214530817344 0.061873140180013268 0.010376151183130662
leaf_weight=186.48926690220833 1618.0651800148189 70.528928831219673 2186.6542771346867 340.49095409363508 11146.928473301232 713.43782884627581 5673.9099784269929 910.88426503166556 719.31844295188785 325.28297151252627 239.56389393657446 2086.3678257018328 202.41079400107265 5786.3626163452864 92.988165125250816 124.27140158414841 34.967272460460663 20.99979081004858 17.828229211270809 28.009436391294003 14.172478184103964 96.435850210487843 2565.4910322465003 12126.410034559667 1132.5738302618265 67.312802821397781 216.93230856955051 4592.6225220300257 487.79991754516959 72.243377298116684 15.965147472918032 306.78769238293171 13.999207444489 14.667713180184363 202.90261368453503 17.514876145869493 23.549315974116325 66.751869708299637 43.36407670378685 19.03052931278944 60.735903508961201 186.09326146543026 3360.1932596638799 111.33157140761614 3898.7578150331974 771.16529674082994 7821.9249776303768 382.12972390651703 17.110162273049355 507.14396244287491 1226.7711306586862 437.06429347395897 312.11193278431892 261.5052452981472 29.154729321599007 38.089227706193924 960.77308708801866 24.541506513953209 63.686019666492939 907.20952905528247 15.346306473016737 309.65083177015185
leaf_count=751 10602 265 18872 1366 30652 2330 15729 5521 3724 1917 937 5635 1245 17058 195 1184 144 91 73 133 80 446 9915 52087 3324 242 1298 14377 1716 271 90 837 78 51 753 95 86 154 144 77 242 672 10960 437 10313 2613 42437 1107 69 1920 4410 1712 757 629 97 95 3052 92 187 9439 55 991
internal_value=0.00389484 0.00253545 0.00180309 0.0350142 -0.000238841 0.0197783 0.00451872 -0.00192781 0.0251019 0.0243123 0.018949 0.008887 0.00280865 0.00354574 -0.00102681 -0.00117779 0.0124225 0.00261898 0.0273818 -0.0219429 -0.0761652 0.00632922 -0.000708558 0.000963409 0.00649391 0.0132126 -0.000938192 -0.00316532 0.00854084 0.0139313 0.0281159 0.0320828 -0.00106841 -0.0153678 -0.00559503 -0.0883844 0.00172087 0.00600743 0.0187014 -0.0245805 0.00371701 0.016567 0.00541221 0.00834526 0.00257969 -0.00372206 -0.00425104 0.0158887 0.0383966 0.0151014 -0.00761388 -0.000917375 0.0100832 0.0249226 0.0271342 0.020542 0.0222659 -0.0181223 0.00901411 -0.00940018 -0.0178142 0.00293085
internal_weight=76324.8 73130.2 70150.7 3194.54 40042.2 2979.53 30108.5 28895.3 2266.09 1576.48 1251.19 8470.66 21637.8 20208.7 25786.1 25693.1 1011.63 611.13 400.501 60.0101 32.0007 590.13 24782.2 16836 4272.52 1707.03 5939.58 4809.55 1130.02 943.532 394.996 379.031 493.694 272.634 240.451 32.1826 226.452 6002.17 1529.66 62.3946 548.536 221.061 14269.1 7010.13 7258.95 882.497 7946.2 2468.5 736.429 1639.72 1429.18 12563.5 6127.63 328.257 341.267 1467.27 1404.64 62.6307 443.866 3109.21 922.556 380.18
internal_count=296831 279307 268281 17524 177555 11026 90726 146903 8696 6922 5005 23254 67472 61817 118537 118342 4068 2416 1652 286 153 2325 112821 69200 15401 5486 19582 15675 3907 3156 1198 1108 1879 1063 917 146 839 16512 4903 221 1958 816 42235 20962 21273 3050 43621 6742 3793 5244 5655 53799 17912 783 854 4682 4495 187 1443 28366 9494 1256
is_linear=0
shrinkage=0.05


Tree=59
num_leaves=63
num_cat=0
split_feature=20 18 15 9 62 48 48 54 9 20 33 62 58 20 57 1 52 30 33 36 62 1 61 1 58 50 62 0 7 38 55 36 50 3 52 59 16 58 18 44 62 30 61 57 42 16 52 50 56 17 42 52 29 36 35 44 33 61 17 22 59 40
split_gain=1212.57 340.157 140.666 140.649 107.436 105.502 87.5352 81.1732 72.5965 70.2446 82.0006 66.7297 66.6643 63.0245 64.7965 58.9985 57.4396 87.4606 53.5777 52.5073 51.9395 51.6549 71.6755 57.9111 52.766 49.8218 49.3603 48.0783 45.6905 74.0398 43.9092 43.1681 103.973 97.1515 75.8694 59.4113 51.2465 51.5679 73.0031 42.8658 53.7905 64.9255 50.3565 48.0067 42.2217 49.6238 53.5026 41.0133 40.9757 40.9637 40.7095 59.539 49.4749 47.1549 39.963 38.8252 45.1341 38.7989 41.3426 38.312 38.2025 37.566
threshold=33.500000000000007 4012297597.6202536 0.88669242462400877 189548.00000000003 21.789888850165543 130408747603.88625 484076989611.0094 1.3861983471074379 9603.5000000000018 100.50000000000001 4.8568927203065142 1.6957288840208113 0.46173103126271881 3.5000000000000004 2.5000000000000004 7.5250000000000012 4.3987947467084973 164.50000000000003 5.0335144927536248 33.001269841269853 24.708542854297878 4.2550000000000008 14.976542208875104 5.1450000000000005 0.52247866957162981 273.80206532576489 0.90469181748027194 33.750000000000007 1.6050000000000002 12538191713.671099 81.438723048435776 25.188311688311693 92.840874505300135 117.15000000000002 12.60995974241902 0.60873824923885345 18.173214285714291 0.40673664307580037 8122252233.0683336 0.42656073101049102 16.661786487764811 81.500000000000014 8.5221590903992581 1.0000000180025095e-35 7.3650000000000011 9.8575187969924816 12.60995974241902 174.61595239280936 2.5000000000000004 4.5500000000000069 6.8850000000000007 12.287327441333522 1.0027664396367116e+19 33.142363224151318 0.95948780885602236 0.47898910035272163 4.4800943396226431 36.584556461417883 11.147887781432276 6.2950000000000008 0.9681107762825325 93.500000000000014
decision_type=2 2 2 2 2 2 2 2 2 2 2 2 2 2 2 2 2 2 2 2 2 2 2 2 2 2 2 2 2 2 2 2 2 2 2 2 2 2 2 2 2 2 2 2 2 2 2 2 2 2 2 2 2 2 2 2 2 2 2 2 2 2
left_child=1 3 -2 6 11 8 7 12 20 10 16 -5 39 -14 18 21 -4 19 26 30 28 -13 23 24 -23 -26 -15 -25 29 -3 57 35 50 36 -35 -30 -34 38 -38 -1 41 42 61 -44 45 46 -28 -7 -37 -45 51 52 -33 -54 -8 -46 -57 58 -18 -48 -42 -41
right_child=2 5 9 4 -6 47 54 -9 -10 -11 -12 15 13 14 -16 -17 17 -19 -20 -21 -22 22 -24 27 25 -27 44 -29 31 -31 -32 32 33 34 -36 48 37 -39 -40 40 60 -43 43 49 55 -47 59 -49 -50 -51 -52 -53 53 -55 -56 56 -58 -59 -60 -61 -62 -63
leaf_value=0.0027818752800362681 0.045056209559098566 0.026379725791837061 0.027073957635619608 -0.0089918076089981116 0.0033862370568530594 0.042559407907921912 0.022865639713676431 0.025131485333178483 -0.001826663272592885 0.044625912382958606 0.048923997750418717 -0.0064167694438039581 0.0026058999350151001 0.033886462618746643 -0.010153298389405813 0.039773994214447363 0.00070421479318788613 -0.095234921640121262 0.022003462829471687 0.035476076574507631 0.037180976588181106 -0.0066423030508624015 -0.0028354788879189513 0.013393382301511263 0.0054214848395747299 -0.018570905546106624 -0.0050999183066630848 -0.0019597336365663998 0.03708218421317265 -0.10885445478477172 0.042513898426394137 0.011593243371847431 -0.095894036982124051 -0.020221735719441782 -0.17983597756423975 0.018193064756216043 0.030902610109227305 0.014271598395974965 -0.077155362839128661 0.0017892071710321174 -0.002160349752170236 0.033273203998548516 -0.0034563908698808303 -0.022057412445779235 0.016890311586089165 0.0089061984060562309 -0.13626258597772065 0.0074701615021877197 -0.033411257106644617 -0.062105277873576073 0.037521780274775984 0.022112425722778911 -0.1427228904485609 -0.018925666688785904 -0.0082432717398490778 0.040507473971276055 -0.026235498786783232 -0.066093841169779705 -0.088191620940260451 -0.023416387664320089 0.014885265026121072 -0.071733351209472274
leaf_weight=5366.7809050343931 1542.4270143583417 21.49568934738636 424.98422665148973 3088.7466964237392 13583.018990136683 537.09920813888311 850.54452758282423 439.50250175595284 545.43145028874278 319.78032616525888 186.01164430752397 4102.7097530625761 10984.161940470338 180.23611864447594 450.08170162886381 87.647546827793121 384.24347214400768 21.762835882604122 757.10896535217762 126.12861793860793 322.66410630941391 1785.6230294033885 11109.4398705028 1964.8828591704369 3358.222820289433 231.27936750650406 114.12017440795898 688.61838804930449 416.08735337853432 19.127237521111965 52.066976457834244 29.616745844483376 14.700091265141962 14.792917735874655 14.988284200429915 131.24672365933657 24.813357755541801 178.33904574066401 42.234385922551155 555.99832221865654 1484.743664264679 80.953558139503002 353.59787809848785 700.55014892667532 103.87135399878025 6723.298871807754 15.099799528717996 98.556051585823298 54.416617803275585 70.256613425910473 239.25888646394014 199.38440984860063 14.924701988697054 15.872889682650564 117.49661323428154 28.341740697622299 238.36059958487749 25.371680647134781 13.539888843894003 14.98635186254978 422.16899760812521 17.934158891439438
leaf_count=17670 10526 55 1754 28366 37950 2775 2572 1047 1699 1966 924 24932 35024 407 1332 185 1468 91 2046 434 1122 8704 53494 6725 13360 1476 345 2363 1279 94 179 85 63 63 84 425 58 595 188 1611 4017 210 1067 2346 290 18076 69 496 207 258 1023 581 73 61 336 57 802 123 59 44 1033 67
internal_value=0.00371303 0.00241325 0.0343595 0.00171474 -0.000227523 0.0190892 0.00429839 0.00380637 0.014105 0.0237417 0.0183303 -0.00208562 0.00347938 0.00511778 0.00831653 -0.00117123 0.0129006 0.00323394 0.00933335 0.00679752 0.0190593 -0.00132564 -0.000234236 0.00336518 0.000381542 0.0038756 0.00804025 0.00940905 0.014974 -0.0372951 -0.000814054 0.0165009 0.00880729 -0.0150098 -0.100552 0.0265876 -0.00521472 0.000217499 -0.0371647 -6.95519e-05 -0.00422097 -0.0104738 -0.012559 -0.0187102 0.00739665 0.00828373 -0.0207374 0.0371189 0.0030682 -0.0257076 0.022641 0.00893663 -0.0345472 -0.0789186 0.0190898 -0.00904284 -0.0191429 -0.00614533 -0.00232165 -0.0800522 0.00161336 -0.000508215
internal_weight=76101.8 73005.4 3096.32 70070.4 40000.2 2935.05 30070.2 29102.2 2299.39 1553.89 1234.11 26417.2 28662.7 19609.7 8625.51 23328.4 1048.1 623.113 8175.42 601.351 1753.96 23240.8 19138.1 8028.63 5375.13 3589.5 7418.32 2653.5 1431.3 40.6229 475.222 1390.68 788.926 289.868 29.7812 601.751 260.087 245.387 67.0477 9052.98 3686.2 1779.29 1698.34 1124.4 7238.08 6867.51 144.206 635.655 185.663 770.807 499.058 259.799 60.4143 30.7976 968.041 370.574 266.702 423.155 397.783 30.0862 1906.91 573.932
internal_count=296831 279307 17524 268281 177555 11026 90726 87818 7755 6998 5032 139605 86771 58492 23468 111239 4108 2354 22136 2263 6056 111054 86122 32628 23540 14836 20090 9088 4934 149 1829 4785 2874 1051 147 1911 904 841 246 28279 10609 5559 5349 3671 19683 18534 458 3271 632 2604 1823 800 219 134 2908 1149 859 1650 1527 113 5050 1678
is_linear=0
shrinkage=0.05


Tree=60
num_leaves=63
num_cat=0
split_feature=10 49 49 9 62 45 33 62 58 25 1 50 41 0 55 20 46 34 50 49 63 43 36 41 58 63 62 62 62 59 6 1 50 55 47 27 41 22 53 32 26 1 43 32 26 59 9 1 5 15 49 17 50 32 58 46 34 36 52 34 50 45
split_gain=1154.43 270.875 176.839 170.518 121.012 84.4463 76.3495 60.099 59.0333 74.3827 55.4561 55.3371 59.4459 55.025 53.0457 52.6198 48.6551 47.8362 47.4439 47.2969 46.365 58.5497 54.0968 46.8115 46.0116 43.8814 42.8176 42.7922 42.3903 41.7274 41.4248 41.2175 41.174 41.1723 45.5438 53.4231 66.2662 59.2659 51.701 41.0346 40.9167 39.9686 39.732 39.4282 39.25 38.8006 38.5786 43.1703 41.6045 38.4101 39.2033 38.369 38.2719 39.051 37.8962 38.9417 37.2886 37.1426 36.5371 37.0915 42.7192 39.6158
threshold=10.500000000000002 4.4673269474346762e+20 8.2042035927831069e+19 30708.500000000004 11.933748848671931 0.5990268715906929 4.84983870967742 0.10456237086455404 0.46173103126271881 0.70051482714005064 4.3950000000000005 89.717034293110146 1.3388888888888892 45.050000000000004 126.99623192383206 100.50000000000001 66.940833333333345 0.15023297149521628 779.82269281538936 1.8241251903377698e+21 105.0276133629588 4.9200946372239756 33.001269841269853 0.083333333333333259 0.91702515554752073 154.24217501558806 1.750283164471883 1.1410936994349161 0.18639379154116156 -0.94260559819261247 5.0600000000000014 5.995000000000001 361.63901593217065 153.28907991036903 1.2572830495136293 2.6130368610725916 4.4166666666666687 5.5950000000000006 0.095219829368226913 6.8350000000000009 86.416666666666686 5.1050000000000013 4.3889756944444462 5.495000000000001 42.514256756756772 0.41467745240824988 34596382.000000007 7.1350000000000007 0.91500000000000015 1.1844394960997777 4.637323526371833e+17 1.356181220469755 144.83344415587922 5.1950000000000012 0.9935340235047978 28.315701754385966 0.51111372975323699 17.667261904761908 12.580091872349216 0.51371856291019025 333.98830153008242 0.77552586054152239
decision_type=2 2 2 2 2 2 2 2 2 2 2 2 2 2 2 2 2 2 2 2 2 2 2 2 2 2 2 2 2 2 2 2 2 2 2 2 2 2 2 2 2 2 2 2 2 2 2 2 2 2 2 2 2 2 2 2 2 2 2 2 2 2
left_child=1 3 5 8 7 -2 19 -5 26 44 -9 39 16 14 41 30 -13 45 -4 58 21 31 28 40 42 -24 -1 -8 -22 -20 -7 -11 -26 34 -32 36 -36 -37 -39 54 -23 -12 43 -18 -10 -16 47 -43 -48 -28 -51 -35 53 -47 55 -6 -40 -15 59 60 -3 -61
right_child=2 6 18 4 11 15 27 10 9 20 13 12 -14 57 17 -17 24 -19 29 -21 22 23 25 -25 32 -27 49 -29 -30 -31 33 -33 -34 51 35 37 -38 38 56 -41 -42 46 -44 -45 -46 52 48 -49 -50 50 -52 -53 -54 -55 -56 -57 -58 -59 -60 61 -62 -63
leaf_value=-0.012804956975463175 0.044322997698421365 0.014198233500425034 0.04731984794355365 -0.033921933038663837 -0.005508315587548808 -0.02795882965566019 -0.028644635141888492 -0.0071795533978789008 0.022458479519369148 0.0030035315210392545 -0.0029388217643465334 -0.0031435708673626956 0.026092789514039122 -0.048269335332562939 -0.0061099454171800053 0.052122221375581562 -0.0076175341644768154 0.022843662176150206 0.040149268957456324 0.027510184041279098 -0.050961287983163496 0.008520735018150016 0.01270364432686137 0.022498362430441132 0.0067086783409113452 -0.11725026389853735 0.0021527498577881502 0.033759045645801573 0.028964947008993443 -0.098320943316779957 -0.0083721227291144798 0.031802495067767431 -0.024000246164648156 0.0039577611747607716 0.044706959191094152 0.043863078831242963 -0.072388997198010008 0.0095402673938604771 -0.12304815059803492 0.016891702975453376 -0.049365910690611456 0.0052210625777484553 0.00085698630688315301 -0.04659508660532985 0.0018986299690917927 -0.0063159349774062172 -0.010471217537458262 0.042794361409937705 0.033350053729774752 0.046744313001679028 0.0069311517562343208 -0.098488713591412147 0.0056800483376060664 0.076784804113761942 -0.0041916959594005144 0.0049807573061919222 -0.01388497810298458 -0.0058082265053671549 0.030952428220670392 -0.022671325570668172 -0.02977359686032657 0.021518262406337144
leaf_weight=452.79171647503972 333.9696180857718 573.79529421404004 1449.6884727440774 153.56802486442029 940.19915010035038 58.595915772020817 28.464630328118801 4770.6642326749861 1259.3875617049634 6264.8006084188819 5933.7274064198136 7611.6737881302834 219.24811962991953 52.298480201512575 451.26662343740463 92.908170588314533 743.01600257307291 487.46813815832138 11.21505840867758 380.66107701510191 17.244984097778797 1153.0922611281276 13.880689367651939 825.54373097792268 4370.5002427101135 12.210020713508129 4048.7042500637472 787.48538663983345 436.30532079190016 10.566746257245539 149.84758260846138 126.75550001859665 111.94836822152138 23.740399353206158 268.41708620637655 123.74687749892473 12.651758551597593 443.98417852818966 12.559173218905924 607.37288274616003 31.357135459780693 2869.1696812137961 5206.6302246674895 71.088491886854172 284.59125024825335 20.41142750531435 645.99821952730417 78.540675461292267 59.121034748852253 98.834745779633522 165.14989153295755 14.860663957893847 150.71523729339242 45.990895971655846 1408.5298284590244 15037.163451679051 20.743469156324863 3384.368162933737 137.58012535050511 209.56214858591557 61.118374191224575 66.913213402032852
leaf_count=1670 1920 1645 11052 2572 3574 202 105 34647 4087 18841 36426 24858 562 336 3033 628 3023 1452 66 1364 87 3270 49 2096 12528 57 12416 2937 1311 50 480 285 506 71 1029 433 52 1700 60 1603 115 11902 15450 275 883 108 3931 159 357 208 597 68 1191 235 4362 43091 76 19065 597 705 219 154
internal_value=0.00353947 0.0022825 0.0337928 0.00173889 0.000452713 0.0220415 0.0193784 -0.00276889 0.00643215 0.00853952 -0.00251642 0.00214684 0.000213599 -0.000947477 0.000814272 0.0159523 -9.96231e-05 0.010933 0.0462193 0.0124133 0.00677856 0.00591537 0.0218985 0.0133586 0.00210633 -0.0481126 0.00182196 0.0315821 0.025926 -0.0270251 0.0129762 0.00357466 0.00594173 0.0152168 0.0171132 0.0214425 0.0394361 0.013028 0.00503329 0.00411671 0.00698824 -0.00040574 -0.00074913 -0.0110211 0.0186688 0.00224622 0.00370905 0.00622219 -0.006797 0.00335765 0.021837 -0.0354822 0.019614 0.0512404 0.00367041 0.00436352 -0.0550529 -0.00645439 0.00693482 0.0033092 0.0099654 -0.0119765
internal_weight=75894.4 72866.9 3027.5 70621.3 55430.7 1556.02 2245.58 19103.3 15190.6 10425.2 18949.7 36327.4 18334.1 14179.1 10742.4 1222.06 18114.9 1155.85 1471.47 1429.63 8881.19 8401.55 479.641 2009.99 10503.2 26.0907 4765.48 815.95 453.55 21.7818 1129.15 6391.56 4482.45 1070.55 1031.95 882.103 281.069 601.034 477.287 17993.3 1184.45 9586.56 6020.73 814.104 1543.98 668.384 3652.83 2947.71 705.119 4312.69 263.985 38.6011 217.118 66.4023 17385.9 15977.4 33.3026 3436.67 1048.97 911.389 634.914 276.475
internal_count=296831 278944 17887 271218 225246 6719 7726 115414 45972 31081 112842 109832 57202 78195 58794 4799 56640 6019 11168 4684 26111 24607 1504 5481 31782 106 14891 3042 1398 116 4171 19126 13034 3969 3830 3350 1081 2269 1836 52630 3385 52775 18748 3298 4970 4567 16349 12061 4288 13221 805 139 1534 343 51027 46665 136 19401 3320 2723 1864 859
is_linear=0
shrinkage=0.05


Tree=61
num_leaves=63
num_cat=0
split_feature=10 38 48 43 40 45 22 62 30 54 63 43 26 45 60 16 38 38 62 14 21 0 18 47 50 47 62 59 46 26 43 22 61 51 46 50 58 36 40 36 48 40 63 38 48 21 62 54 3 43 10 38 63 24 51 51 62 37 45 38 37 16
split_gain=1082.59 271.398 175.64 128.074 117.845 81.878 81.5547 80.3972 78.1934 77.1885 75.6281 74.6409 74.014 68.4346 63.5938 61.7961 59.3288 53.0863 52.7745 69.1331 51.1685 50.6914 49.4845 48.073 45.3275 45.2325 78.7965 72.9995 57.3386 58.8206 45.0781 57.3807 46.4476 44.8191 288.993 44.7028 43.331 42.6346 42.585 42.2169 64.7254 91.2642 42.0782 42.8088 44.4222 41.8149 41.7098 41.7228 42.2625 40.5433 44.7907 42.7573 47.7823 41.8016 40.4012 40.3012 45.4141 57.5654 50.5596 49.2693 49.0615 72.9679
threshold=10.500000000000002 32356183980.192242 65168305571.740456 4.6400304878048795 19.500000000000004 0.5990268715906929 7.6950000000000012 19.771380473475894 125.50000000000001 0.96666666666666645 27.142567383387831 4.8480131578947381 438.22500000000008 1.1844394960997808 2.5000000000000004 23.003500000000006 1889405570453.2622 23062289287.57217 9.6060995494262045 1.0000000180025095e-35 14.357142857142859 61.45000000000001 5667677209.79214 117.4595576214824 779.82269281538936 1.0253942301229526 3.3869115780040331 0.6360540003681886 26.289117647058827 9.9663841807909623 4.4154509283819641 4.8050000000000006 6.2909150314086721 3.4285714263673479 32.816441441441448 333.98830153008242 0.99535829673000953 5.0003333333333346 82.500000000000014 27.755902777777784 3195899725.4930053 39.500000000000007 4.7567791507807335 1562837191.7443292 79845990406.063477 0.5 0.10456237086455404 -0.039999999999999543 122.85000000000001 4.7213059619201649 3.5000000000000004 440361315128.13409 91.444518700826748 0.30712606811414817 9.3506493424523551 0.19780219778850378 1.6957288840208113 6.635642266342459 0.95413181630259869 4991429223.2918406 5.8105819143802897 10.100314465408806
decision_type=2 2 2 2 2 2 2 2 2 2 2 2 2 2 2 2 2 2 2 2 2 2 2 2 2 2 2 2 2 2 2 2 2 2 2 2 2 2 2 2 2 2 2 2 2 2 2 2 2 2 2 2 2 2 2 2 2 2 2 2 2 2
left_child=1 3 5 7 9 -2 12 14 36 13 22 39 16 18 15 25 35 37 -5 -20 -7 -11 -6 -14 33 26 27 -1 30 -30 31 32 -27 34 -4 49 38 -17 -9 40 41 54 -40 -44 -45 -29 -39 48 -48 51 -51 -3 53 -53 -12 -32 57 58 -57 60 61 -58
right_child=2 6 24 4 10 20 -8 8 -10 21 11 -13 23 -15 -16 17 -18 -19 19 -21 -22 -23 -24 -25 -26 28 -28 45 29 -31 55 -33 -34 -35 -36 -37 -38 46 42 -41 -42 -43 43 44 -46 -47 47 -49 -50 50 -52 52 -54 -55 -56 56 59 -59 -60 -61 -62 -63
leaf_value=0.017178745638048273 0.043804834001151351 0.0096666462103487012 0.046732750041484805 -0.0029990944962390263 0.0061755481716852896 0.012493053144993688 0.033969797456838292 0.0020463833804628376 0.041105884371423276 0.021816758179783274 -0.071879057937635243 0.038137802305126874 -0.012868931552516703 0.0099864872834367728 -0.015697680841584426 -0.044195153347510167 0.04291828336482123 -0.072512877027608932 0.0011895738975781711 0.012720361899606967 0.051961325911915948 -0.0063167964376443959 0.034782339722190012 -0.11054880704521633 -0.025280890647510303 0.02627564100883556 0.039917339554792104 -0.0040220343291577287 -0.05237971243495753 0.016881754063682738 0.068044692283259073 -0.046072978423661232 -0.023651694625398567 0.04919020910477695 -0.24169614091181116 -0.0079585486914278449 -0.0072325885717342345 -0.031474055498407198 -0.036637304776934644 0.02006040148371924 0.006649425727978775 -0.1720592020151106 0.026905054263291841 0.0093381356291474035 -0.054656275981512938 -0.057798107423828043 -0.0081251330898651254 -0.00062752478327659958 0.00053766380644808287 0.013778597102424493 0.032411145293567964 -0.012681722496894943 -0.0023558854843693539 -0.12158769440133153 0.038880993384482726 -0.067710331508883448 -0.027738828121238075 0.092542962986046473 0.036626932514376064 0.015544696502170153 -0.042055260192191239 0.039867881486132434
leaf_weight=365.51779478788376 321.34518298879266 967.0962618291378 68.88418598100543 6893.2384126372635 6566.1548666507006 1115.7462703213096 499.05452532693744 12579.758601926267 128.13718334585428 760.12948821485043 15.754706397652624 395.47884959727526 40.331050358712673 2144.9323852099478 889.44453889504075 62.304330144077539 160.72412968426943 27.433914672583342 13889.314063340425 1434.1126848906279 88.643744438886642 202.8378032669425 154.73421204090118 18.31643307954073 22.042325705289841 76.334522217512131 233.41107169538736 98.82308291643858 32.479966066777706 545.24166259914637 21.863275110721588 140.42663791775703 119.51865667849779 1309.7038543857634 9.937458470463751 262.99421717226505 1197.8267301246524 125.59369586221874 37.193563878536224 580.6001283749938 269.93450967594981 12.626747742295263 431.23118179291487 163.48437524586916 32.510549157857895 56.998314246535301 4858.736750934273 10835.073250390589 1982.3494972959161 1330.4990889728069 425.75051812827587 16.612273529171944 94.859687842428684 18.762777544558048 17.245406329631805 17.089347586035728 101.89288783073425 27.223803088068962 36.218504048883915 154.78755107522011 131.57413908839226 65.610154867172241
leaf_count=1299 1920 2890 497 31912 16895 4171 2243 37090 469 1880 62 1120 114 6493 5933 588 685 115 40656 3655 628 606 479 78 116 295 676 484 149 1633 37 536 651 10472 83 865 3958 2234 113 1770 800 67 971 440 114 214 30725 58814 9960 4067 2006 48 312 86 43 67 375 49 103 399 461 160
internal_value=0.00337378 0.00217238 0.033139 0.00145194 0.00367866 0.0213809 0.0151182 -0.000634633 0.00221935 0.00200651 0.00896369 0.0200444 0.0122981 0.00145769 -0.00261421 -0.00203573 0.0132943 -0.003013 0.000634268 0.00226874 0.0153979 0.0158908 0.00683416 -0.0433757 0.0458572 0.00582262 0.0157727 0.00496274 0.000714824 0.0129878 -0.00722922 -0.0216812 -0.00419233 0.0469865 0.010369 0.0117666 0.00187432 -0.00290627 0.00269797 0.0120598 -0.00266051 -0.0577393 0.0150347 0.0180988 -0.0012769 -0.0236929 -0.00276177 -0.00255776 -0.0056149 0.0135845 0.0182955 0.00604476 -0.0208506 -0.070445 -0.0139974 0.00150755 -0.00121463 0.0333883 0.00317866 -0.00735442 -0.0192059 -0.0012576
internal_weight=75684.5 72748.2 2936.3 68913.2 33337.1 1525.74 3835 35576.1 14570.1 25324.6 8012.53 1291.64 3335.95 24361.6 21005.9 20116.5 3277.3 17891.5 22216.7 15323.4 1204.39 962.967 6720.89 58.6475 1410.57 2225.01 754.75 521.339 1470.26 577.722 892.539 336.28 195.853 1388.53 78.8216 3116.57 14442 17864.1 13244.2 896.161 315.561 45.6269 664.42 627.226 195.995 155.821 17801.8 17676.2 6841.09 2853.58 1756.25 1097.33 130.235 35.3751 33.0001 556.26 534.396 80.5317 53.3079 453.865 299.077 167.503
internal_count=296831 278944 17887 265550 106438 6719 13394 159112 43155 85202 21236 3862 11151 82716 115957 110024 10959 102436 76223 44311 4799 2486 17374 192 11168 7588 2673 1997 4915 1782 3133 1482 946 11052 580 10274 42686 102321 38728 2742 972 172 1638 1525 554 698 101733 99499 40685 9409 6073 3336 446 134 105 1651 1614 219 170 1395 996 535
is_linear=0
shrinkage=0.05


Tree=62
num_leaves=63
num_cat=0
split_feature=20 18 15 43 30 9 54 56 9 28 40 34 20 43 54 0 44 34 55 35 9 43 24 33 0 53 0 58 6 54 54 3 0 44 32 55 61 46 54 15 22 16 58 57 45 33 20 10 24 27 46 32 43 37 59 16 59 61 37 56 16 43
split_gain=1017.19 279.34 132.618 119.302 136.79 112.471 94.4613 83.6084 79.2751 78.3527 73.5181 69.2854 64.8051 78.0672 63.4823 60.3275 58.6138 54.2869 53.4292 58.1274 49.9154 49.7062 46.5444 46.0357 43.9557 43.8275 42.8898 42.9894 46.6856 41.7011 40.8043 53.7466 43.0414 40.6604 47.7845 40.306 40.2354 39.05 38.2573 37.2606 51.1724 36.8576 36.2339 36.2174 35.8707 35.8407 92.123 40.7157 44.0812 55.3182 144.344 74.7848 35.5363 35.4558 35.3354 35.3303 35.2219 35.1033 34.8239 34.6201 37.8164 48.9021
threshold=34.500000000000007 2165676702.9050369 0.88669242462400877 4.7856282271944925 8.5000000000000018 5362.5000000000009 0.66814634146341467 1.0000000180025095e-35 127206812.00000001 47734088396.843285 4.5000000000000009 0.37688302737922619 100.50000000000001 4.8111487758945399 1.8270790289256202 73.050000000000011 0.37416573867739428 0.050617376914899107 49.258233850590003 1.0532244697402697 212866.50000000003 5.0118347338935587 0.40299959996262508 4.3667865707434066 33.750000000000007 -0.072680603334969493 56.95000000000001 0.49240481012316861 3.6650000000000005 0.29999999999999943 0.418799460431655 32.650000000000013 28.010500000000004 0.50274969780685974 7.1750000000000007 80.551861980007217 59.585640920802327 135.89531250000002 1.6392982456140348 0.78630658709950563 6.7950000000000008 65.583333333333357 0.98897820466835418 2.5000000000000004 0.91793942936973538 4.729178709055879 73.500000000000014 48.500000000000007 0.42056509603151809 1.95 32.66206514864011 6.6950000000000012 4.9200946372239756 2.3523107134223884 -0.92384435400961373 15.001500000000002 -0.53727914962411583 48.594179339598675 0.28392135623730991 2.5000000000000004 23.581944444444449 4.3667865707434066
decision_type=2 2 2 2 2 2 2 2 2 2 2 2 2 2 2 2 2 2 2 2 2 2 2 2 2 2 2 2 2 2 2 2 2 2 2 2 2 2 2 2 2 2 2 2 2 2 2 2 2 2 2 2 2 2 2 2 2 2 2 2 2 2
left_child=1 3 45 7 6 9 10 8 20 26 29 -6 13 18 17 -8 56 30 19 54 38 -13 -20 -21 -16 -24 27 28 -3 57 32 -32 -9 34 59 -30 42 -11 -1 40 -37 55 -22 -34 -43 46 47 48 -2 50 -50 -51 -18 -35 -4 -7 -12 -5 -57 -19 61 -61
right_child=2 5 12 4 11 41 15 14 -10 37 16 21 -14 -15 24 -17 52 33 22 23 36 -23 25 -25 -26 -27 -28 -29 35 -31 31 -33 43 53 -36 39 -38 -39 -40 -41 -42 44 -44 -45 -46 -47 -48 -49 49 51 -52 -53 -54 -55 -56 58 -58 -59 -60 60 -62 -63
leaf_value=0.0034985902648303926 0.039063536830263416 -0.062069868344271244 0.036872692434919058 -0.0027883521697299428 0.024221863517156161 -0.0077266530062798091 0.021562107109271453 -0.021926076602140149 -0.022464909580415728 0.039680346871217666 0.00059499099867022648 0.0048191750441869165 0.043412589746387287 0.04496638130959818 0.028945186670722729 -0.0063220642858136727 -0.0029713901807613841 -0.0029061747143648417 0.038997847788316088 0.01156584952042059 0.0016066072537435914 0.019560003783131608 -0.060858875504643799 -0.084278483626378492 -0.0061946048886132995 0.014599401247313402 -0.019286261653027929 0.02473326729837411 0.017644124883374659 0.0085999159502072094 0.052376249233668681 -0.0031344941512659766 -0.0061520873243924813 0.005224795150138687 0.032777116962686863 -0.011348595549707347 -0.0066249426008862999 -0.026417587262055162 0.029392812641655476 0.0047583328203821117 -0.12856383277025088 -0.011596905555221042 -0.0065462233805421641 -0.030980719016490261 -0.090970770478508184 0.051473880462078951 0.050418032762541358 0.049509359602462354 -0.0034873409624626983 -0.071088598136589562 -0.24178851869526824 0.02734412776191646 0.0044438725172557614 -0.011183689860092424 0.00019255230689159116 -0.010057985834665807 0.011678149809518167 -0.0142567126787497 0.016638165231439909 -0.011235425716837812 0.0015448785103464682 0.028468813781544634
leaf_weight=15499.446133047342 49.855477955192327 23.189014434814453 78.14980336278677 4070.797669608146 1021.631389118731 325.88630390912294 978.16063989698887 759.08013927936554 342.65973830968142 617.013916477561 950.41495702415705 2008.7850702181458 289.11723796278238 203.47982066869736 258.08309780061245 241.95238890498877 2876.0071529820561 5654.7753448672593 234.17381755262613 19.909923814237118 12882.996379092336 799.48987425118685 22.445805221796036 33.793705746531487 135.83110773563385 134.85809422284365 79.043916750699282 989.72072027251124 418.72879534214735 674.21301521733403 45.013946194201708 1393.1835962608457 1939.4566928036511 410.4121448174119 108.7446610480547 25.148473739624023 2125.6248401086777 23.184889856725931 143.96719124168158 77.09082393348217 14.785653084516523 76.090991832315922 1524.0405523516238 158.91083621047437 17.509321562945843 745.33481847122312 374.87533452361822 51.487886130809784 20.980811886489395 26.112041130661964 9.1154435425996763 73.926790438592434 3686.9814646095037 1664.2218146249652 410.76246937736869 149.5578210875392 2916.9054290801287 798.05345089361072 666.76968324929476 105.27810720354319 2726.3924481086433 294.47191199660301
leaf_count=46466 233 86 287 17501 2586 1059 2478 8598 3026 3635 2733 5740 1966 1085 701 715 8475 21989 967 69 56890 2301 81 156 492 572 248 3195 1295 2386 187 8424 15076 1277 276 95 10899 98 327 223 74 229 6606 1530 69 6067 3025 342 106 108 66 415 9998 5468 1644 457 7724 4482 2260 421 10087 760
internal_value=0.00321603 0.00208131 0.0329075 0.00138389 0.00452658 0.0158549 0.00262306 1.2356e-05 0.00145759 0.0224677 0.00159879 0.013072 0.0222747 0.0169024 -0.00298992 0.0160326 0.00407162 -0.0035015 0.010789 0.000631902 0.00171236 0.00901575 0.0248676 -0.0487454 0.0168281 0.00383221 0.0166393 0.0184729 0.00738768 -0.00305431 -0.008266 -0.00139707 -0.0117232 -0.00163484 -0.000163905 0.010394 -0.000203291 0.0372866 0.0037369 -0.0155478 -0.0547477 0.00371925 0.000744165 -0.00803238 -0.026445 0.0441303 0.0351035 0.010302 -0.000913661 -0.0162291 -0.0756631 0.00165131 0.00119439 -0.0079377 0.00605566 0.0061911 0.0089544 -0.00466813 0.0117472 -0.000571853 0.00365062 0.0180123
internal_weight=75478.1 72699.7 2778.38 69196 21023.4 3503.72 17193.5 48172.6 32518.7 2267.91 15973.4 3829.91 1426.69 1137.57 15653.9 1220.11 10430.3 15259.9 934.094 542.616 32176.1 2808.27 391.478 53.7036 393.914 157.304 1627.71 1548.66 558.943 5543.06 4295.65 1438.2 2857.45 10964.3 8889.66 535.754 16532.7 640.199 15643.4 117.025 39.9341 1235.81 14407 2098.37 93.6003 1351.69 606.354 231.478 179.991 130.135 30.0963 100.039 6562.99 2074.63 488.912 1142.21 3867.32 4868.85 816.328 8780.92 3126.14 399.75
internal_count=296831 279642 17189 266619 67119 13023 56492 199500 124214 8949 53299 10627 6827 4861 75286 3193 28930 74093 3776 2156 121188 8041 1620 225 1193 653 5216 4968 1773 24369 33815 8611 25204 40278 33533 1687 74395 3733 46793 392 169 4074 63496 16606 298 10362 4295 1270 928 695 172 523 18473 6745 1931 3776 10457 21983 2717 33257 11268 1181
is_linear=0
shrinkage=0.05


Tree=63
num_leaves=63
num_cat=0
split_feature=10 38 48 43 30 38 43 50 3 3 29 1 40 44 43 61 26 55 50 5 1 32 63 16 1 36 61 55 52 27 16 16 20 43 59 27 40 43 7 55 20 27 50 55 51 36 40 59 14 51 52 52 27 32 38 34 50 15 20 63 29 43
split_gain=958.05 245.817 157.949 105.917 104.34 79.4699 77.3771 68.9357 62.1142 82.0992 61.5778 60.2921 61.4997 77.4693 71.1211 54.3833 51.3925 53.8644 50.3331 49.8464 49.7329 51.4979 49.5198 48.7681 48.5685 47.3534 47.0539 45.0773 73.623 49.7722 44.9644 56.5731 44.7836 44.7328 46.3232 45.491 48.2636 54.9268 44.6196 43.7786 48.5452 43.5639 43.2242 44.5623 41.6889 176.014 38.8279 37.5276 45.2093 36.989 54.5633 41.5952 70.5213 54.8678 36.79 36.7297 36.3503 35.8374 35.693 35.4903 39.7458 34.5597
threshold=11.500000000000002 32356183980.192242 65168305571.740456 4.6400304878048795 27.500000000000004 1889405570453.2622 4.7160139372822316 165.07546602681867 119.05000000000001 207.05000000000004 4.4895078732269938e+20 6.8550000000000013 4.5000000000000009 0.42817441928883759 4.9400354609929087 2.4320420801751319 32.540270270270277 153.28907991036903 913.99236238627816 0.52200000000000013 6.4850000000000012 5.1050000000000013 37.690996000772024 6.0005000000000015 5.6950000000000012 101.65357142857145 63.04138627815454 82.348902235013838 12.793482223293193 17.468456765746833 33.004109589041107 140.05000000000004 36.500000000000007 5.0668333333333342 -0.94260559819261247 51.954652219972914 22.500000000000004 4.8298574998311619 6.5500000000000007 134.18690955188626 27.500000000000004 1.0000000180025095e-35 462.29718982610228 17.922933206032202 3.4285714263673479 32.895445344129563 192.50000000000003 -0.46173103126271881 0.3496029493900506 4.285714281581634 4.3987947467084973 12.557362773767911 14.950162577198947 5.3950000000000005 107368793.38146596 0.18517470516546145 779.82269281538936 0.86516224408655562 7.5000000000000009 45.648863115408965 4.0362119222791733e+19 4.5739834710743814
decision_type=2 2 2 2 2 2 2 2 2 2 2 2 2 2 2 2 2 2 2 2 2 2 2 2 2 2 2 2 2 2 2 2 2 2 2 2 2 2 2 2 2 2 2 2 2 2 2 2 2 2 2 2 2 2 2 2 2 2 2 2 2 2
left_child=1 3 6 8 11 7 16 10 15 23 25 12 -5 18 -15 24 17 19 47 -2 21 22 42 -10 32 57 -23 28 29 -18 -27 58 -1 34 -9 36 -36 -38 -22 40 46 54 43 -17 45 -4 -6 48 -14 50 -21 -51 53 -53 61 -11 -46 -3 -32 60 -55 -24
right_child=2 5 44 4 39 -7 -8 33 9 55 -12 -13 13 14 -16 20 27 -19 -20 49 38 26 41 -25 -26 30 -28 -29 -30 -31 31 -33 -34 -35 35 -37 37 -39 -40 -41 -42 -43 -44 -45 56 -47 -48 -49 -50 51 -52 52 -54 59 -56 -57 -58 -59 -60 -61 -62 -63
leaf_value=0.0017493760439917371 -0.019068501290155731 0.031565892374917408 0.03934598568244415 -0.0013117108860604162 8.4631990203264998e-06 0.042765823025878419 0.037936045586447198 0.022764310113607984 -0.051986755536911872 -0.02142435782495811 0.038093489760343435 0.028978387290691038 0.00066129711801149742 -0.0012753682892632707 0.0068512289068412002 -0.0059864830029177996 -0.086795651609842539 -0.081532181715551641 0.040535027891929885 0.027593791955888278 0.019330790307556807 -0.003663904091926273 0.025573293026328325 0.0058269889429426493 0.028627271823757468 0.0098944808763890175 -0.012421008598829879 0.018007048315937076 0.029554797814857977 0.015495638843978549 -0.045902222289270309 -0.0028191744571561287 0.045546512399441637 0.017327339804319587 -0.057236104258571674 0.035821794941201225 -0.02267825204643931 0.039188716859209244 -0.0064306129344910423 0.038261444566036328 0.032734601482191948 0.055158011492463521 -0.014415377336956879 0.001419160054683786 0.049262708115819363 -0.19945951791530012 0.021661194027532433 0.0083521484009344404 0.029562638665429228 0.045341412358056374 -0.064486885660199625 -0.046799089089222846 -0.078260351488870686 0.022143329964408036 -0.073193522258411942 -0.0028980010053867781 -0.018217427009834215 0.012860584629286737 -0.16263686009220177 0.04562078407357105 -0.05658157635466237 -0.041896024553431582
leaf_weight=1317.290283575654 71.965962566435337 289.71150038763881 57.804656144231558 7652.2518921047449 578.41732402890921 231.07823365926743 446.69117826968431 87.021449185907841 36.675677880644798 372.00353624857962 281.95622066780925 217.99919085204601 3054.5506777092814 8947.4075551182032 3851.0757948830724 2595.0442867986858 52.211232654750347 13.243930146098135 109.82693680003285 39.12479218095541 488.77782741189003 10622.614791957662 123.17290105484426 6716.9178006667644 227.47482441365719 73.014665924012661 1792.8606803435832 71.003349289298058 31.004993312060833 15.399260997772215 13.318946540355684 30.110331766307354 61.073005925863981 213.47368474677205 79.911962658166885 36.165836855769157 230.78883182629943 42.479706075042486 256.18153263255954 204.49958305805922 248.15209233760834 71.01155512034893 558.9457033649087 9351.2927063703537 1157.3675353489816 8.9048045203089696 322.46801241487265 7990.303985722363 141.58229025453329 230.72371745854616 27.323380514979362 25.515030540525913 18.170634984970093 94.303773410618305 12.8140652179718 952.63954671099782 20.307219959795475 2204.681826107204 12.881279483437536 153.53723192214966 19.316754139959812 22.437536589801311
leaf_count=5383 262 1482 460 34110 1675 1078 2626 255 171 2804 1463 498 8947 25921 10466 13173 215 54 267 170 1280 50990 570 25144 665 194 12030 229 112 57 48 84 218 705 319 94 797 141 998 598 1065 181 4125 38065 10148 58 933 21914 327 947 108 112 77 298 51 3403 108 7138 64 742 93 121
internal_value=0.00306529 0.00200824 0.0331652 0.00132317 0.00334901 0.0143431 0.0210441 0.0125164 -0.000573957 0.00328068 0.0158897 0.00277324 0.0025933 0.00383349 0.00116993 -0.00170623 0.0122992 0.0183352 0.00685125 0.0202803 -0.00225992 -0.00263704 -0.000403054 0.00551303 0.00722245 0.0135036 -0.00492848 -0.01237 -0.0342415 -0.0634973 -0.0159968 -0.0495684 0.00368995 -0.00169252 -0.0102159 -0.0175871 -0.0230562 -0.013061 0.0104718 0.0169464 0.0131528 0.0226156 -0.000825381 -0.000189532 0.045921 0.0074687 0.00775896 0.00652055 0.00194157 0.0249378 -0.0102696 0.0292576 0.0173193 0.0232534 0.00802898 -0.00810081 0.0480991 0.0150331 -0.103295 0.0299438 0.00875922 0.0151767
internal_weight=75278.3 72724.4 2553.92 68897.8 33318.5 3826.59 1309.54 3595.52 35579.2 8078.24 2905.67 31965 31747 24094.7 12798.5 27501 862.844 693.225 11296.3 679.981 25895.2 25150.2 12734.7 6753.59 1605.84 2623.72 12415.5 169.619 98.6155 67.6105 129.325 56.3106 1378.36 689.841 476.368 389.346 353.181 273.269 744.959 1353.54 1149.04 229.436 12505.3 11946.3 1244.38 66.7095 900.885 11186.4 3196.13 608.015 66.4482 541.567 310.843 292.673 158.425 1324.64 1177.67 2494.39 26.2002 267.158 113.621 145.61
internal_count=296831 279955 16876 266093 106721 13862 6102 12784 159372 31522 10473 102450 101952 67842 36387 127850 3476 2863 31455 2809 121584 119306 56286 25315 6266 9010 63020 613 384 272 390 196 5601 2311 1606 1351 1257 938 2278 4271 3673 923 55363 51238 10774 518 2608 31188 9274 2547 278 2269 1322 1245 742 6207 10256 8620 112 1133 391 691
is_linear=0
shrinkage=0.05


Tree=64
num_leaves=63
num_cat=0
split_feature=10 38 48 9 62 38 45 63 1 7 28 44 36 3 42 34 24 40 17 47 31 43 32 62 57 62 52 43 59 12 46 63 55 61 1 4 51 46 48 32 6 62 0 16 52 47 52 47 32 58 43 47 31 47 46 9 31 1 61 59 52 35
split_gain=899.026 225.094 156.334 110.107 95.6685 76.1121 75.4671 63.0751 62.1232 58.5593 57.3217 52.5642 50.6845 48.2684 46.6798 45.4682 54.71 67.4259 45.4271 65.1429 59.4782 44.8522 55.8997 44.6153 90.2264 60.3369 75.3039 54.6959 46.4157 43.8948 43.8527 43.2019 73.9082 48.6004 46.4216 42.9692 40.9397 211.336 40.6895 52.8421 40.6601 38.1918 38.139 37.9393 49.1747 37.8059 37.746 37.5497 37.4492 37.4334 37.1849 44.1344 36.6692 36.2258 35.6411 35.4497 47.5357 35.2715 39.1724 39.6105 39.9422 37.846
threshold=11.500000000000002 32356183980.192242 65168305571.740456 28894.000000000004 24.708542854297878 1889405570453.2622 0.62004475263889891 105.0276133629588 4.4850000000000012 3.6050000000000004 360730108351.84473 0.57192781456780872 336.62500000000006 108.85000000000001 7.870000000000001 0.20615528128088309 0.3805286111517388 480.50000000000006 4.1872793838470672 0.37282548461146886 0.68333333333333346 4.712513269639067 8.0950000000000006 13.779502003933187 1.0000000180025095e-35 3.4869277588309981 11.929080098739698 4.9200946372239756 0.99353402350479769 4.1950000000000012 20.901503759398505 23.699704804120763 203.86240227076587 8.2821995192445801 5.1450000000000005 1.1945000000000003 3.4285714263673479 32.816441441441448 42918380.451316111 5.8950000000000005 8.2250000000000032 1.8866688655995623 33.050000000000004 90.02500000000002 2.9497551981758714 117.4595576214824 12.639634480727777 56.065765375343474 7.3900000000000015 0.82409480842201688 4.3179029304029317 29.333505752347353 1.5166666666666668 56.065765375343474 189.19722222222228 1214.5000000000002 0.81666666666666676 5.1050000000000013 7.3726059476560319 0.8869770585236475 0.013273449168269251 0.72382413650542077
decision_type=2 2 2 2 2 2 2 2 2 2 2 2 2 2 2 2 2 2 2 2 2 2 2 2 2 2 2 2 2 2 2 2 2 2 2 2 2 2 2 2 2 2 2 2 2 2 2 2 2 2 2 2 2 2 2 2 2 2 2 2 2 2
left_child=1 3 6 7 8 10 -2 23 13 -10 12 31 21 41 -6 -8 -17 18 19 20 -18 22 48 24 25 26 29 42 -28 -1 -12 33 -33 34 47 -15 37 -4 -31 -40 -20 -5 50 -27 -45 -14 -44 -11 -3 52 51 -25 -50 -21 57 -23 -57 58 -26 -60 -61 -62
right_child=2 5 36 4 14 -7 15 -9 9 11 30 -13 45 35 -16 16 17 -19 40 53 -22 55 -24 27 54 43 28 -29 -30 38 -32 32 -34 -35 -36 -37 -38 -39 39 -41 -42 -43 46 44 -46 -47 -48 -49 49 -51 -52 -53 -54 -55 -56 56 -58 -59 59 60 61 -63
leaf_value=0.067218531988311306 0.042170322319510047 0.012482737663426204 0.048516334982517673 -0.017205929501187 0.00317099315196792 0.042105452712218841 -0.06213264742659208 0.019776780724535023 -0.01264249814746795 -0.0013774778599741297 -0.0006735015780926668 -0.0067082355523195554 -0.0071607741199620828 -0.035794980655804214 0.034855048408512258 0.032719275102957739 0.011824582419187695 -0.098000515128826682 -0.084422053680268894 0.034553242395626446 -0.10189451191612631 0.033595355377890344 -0.08356988470492166 -0.025603976516936258 0.0036916522329646776 0.019931484368880491 0.01374295358552889 0.016893664599228732 -0.056448969445340551 0.0050194644031212069 0.042648564174139147 0.0051713466009044784 0.03811383695246541 -0.00052410328960982011 0.010465772712008409 0.001333060364022122 0.047828768781886202 -0.18702716016286572 -0.04501496273550408 0.036242413099403493 -0.00086947736847317158 -0.005105808508237491 0.0015544713644161439 0.014682918685845137 -0.078301760832794484 -0.083218202740112546 -0.04579467733483409 0.012333748982965959 -0.020505405134908047 -0.023805115301889907 0.010360169236347727 0.017911510210091963 0.015739617313937124 -0.03356005442376539 -0.038147667823009657 0.0052801499356634717 0.021869203161316464 0.007141660759768265 -0.0054446375948945845 0.05661430778003182 -0.063938497715604156 -0.019596328054570671
leaf_weight=13.791091598570345 304.62812098488212 666.69781052321196 54.425291553139687 710.52098764106631 16711.317892163992 223.16901408135891 19.389760591089725 707.38936829566956 847.30418387614191 2702.1137953996658 76.949107460677624 2168.7729928344488 55.082057274878025 79.537129767239094 117.06275285035372 304.32666062563658 29.472186386585236 14.923584677278994 15.395456194877623 286.28151718527079 18.853832617402077 240.92460537701845 18.217789679765701 159.11881475895643 959.46336191892624 1051.1626019179821 556.55134868621826 1191.7800538316369 24.592903763055801 84.971614226698875 242.51028522476554 1087.7757073715329 201.85837760195136 15655.399574931711 2246.7540652900934 3851.9251059219241 1126.4527528844774 11.542561173439024 182.82477973401546 22.466198340058327 268.61536910012364 7934.5253973081708 2694.8902790695429 37.174225509166718 23.025739006698132 23.228897280991077 42.758604906499386 612.5293201431632 100.93988218531013 180.68815125524998 3010.8359516561031 91.932911202311516 226.06985576450825 20.949112176895142 71.013902224600315 913.09307875856757 819.31682952865958 776.67119669914246 1850.831990249455 14.909947648644446 57.701787360012531 289.78181703388691
leaf_count=56 2002 1964 446 8362 45542 1078 106 2311 4181 11878 359 7327 160 684 300 1392 76 62 67 1148 76 1120 74 671 2998 2981 1771 3091 113 387 1273 3516 617 72406 7761 18568 10256 72 725 49 1090 41513 7458 133 98 91 149 1767 357 646 8073 302 689 83 308 2888 3163 2190 6421 31 214 1141
internal_value=0.00292085 0.00191096 0.0325534 0.00125812 0.000251641 0.0137791 0.0204386 0.00523087 -0.00113519 0.000282097 0.0120052 0.000725906 0.0100154 -0.00401141 0.0033914 0.013671 0.015204 0.00705969 0.00951115 0.0214208 -0.0325416 0.0109983 0.00334299 0.00445184 0.00127492 0.00996335 0.000224043 0.00710995 0.0107726 -0.0199376 0.0322135 0.00144228 0.0103276 0.000902193 0.00491724 0.000581926 0.0455868 0.0073027 -0.0240786 -0.0361225 -0.00539864 -0.0061003 0.00516646 0.0177207 -0.0208826 -0.0297212 0.000814938 0.00115629 0.00469122 -0.00554043 0.00881862 -0.00966899 0.00455167 0.0299088 -0.00303984 0.0156248 0.0131257 -0.00240857 -0.00474645 -0.00840448 -0.0235211 -0.0269596
internal_weight=75105.2 72629.9 2475.26 68843 54927.4 3786.89 1282.84 13915.6 38099 25522.5 3563.72 24675.2 3244.26 12576.5 16828.4 978.207 958.818 654.491 639.567 355.557 48.326 3165.95 1192.61 13208.3 6016.93 1996.56 885.198 7191.32 581.144 304.054 319.459 22506.4 1289.63 21216.8 5561.4 3931.46 1192.42 65.9679 290.263 205.291 284.011 8645.05 5999.54 1111.36 60.2 78.311 2737.65 3314.64 1174.4 507.698 3261.89 251.052 327.01 307.231 4020.37 1973.33 1732.41 3949.36 3172.69 2213.23 362.394 347.484
internal_count=296831 279955 16876 266093 224422 13862 6102 41671 178580 109453 12784 105272 11152 69127 45842 4100 3994 2602 2540 1383 152 10901 3730 39360 19616 6313 3101 19744 1884 1217 1632 97945 4133 93812 21406 19252 10774 518 1161 774 1157 49875 16653 3212 231 251 7607 13645 3656 1692 9046 973 1046 1231 13303 7171 6051 12995 10805 7807 1386 1355
is_linear=0
shrinkage=0.05


Tree=65
num_leaves=63
num_cat=0
split_feature=20 19 20 33 62 9 48 61 52 48 33 59 47 62 62 47 60 30 40 42 48 47 22 42 19 19 53 30 50 7 39 58 0 50 2 57 62 17 48 47 50 54 47 19 59 37 50 50 54 2 57 23 9 54 29 39 51 29 17 62 27 30
split_gain=849.544 227.125 131.078 180.362 97.8297 89.9206 84.1083 81.2423 82.7787 68.3223 65.2761 63.0366 62.0423 57.9708 52.8387 52.2656 68.6166 54.6864 50.4658 61.2574 54.1864 56.298 50.2818 78.0059 49.2789 67.1017 59.0759 59.0606 48.7755 46.7577 63.6991 42.7327 42.6904 54.5376 73.8496 64.1618 54.4992 48.4545 52.6497 51.9043 48.1326 42.5104 42.4151 42.2116 41.8263 45.1581 39.859 39.7543 41.1597 49.2333 39.2619 38.982 38.7229 38.7062 37.9195 64.0559 50.717 60.4049 50.9528 46.3513 45.6779 41.9755
threshold=34.500000000000007 5.051183405324842e+18 98.500000000000014 4.7435897435897445 3.3869115780040331 8150.0000000000009 484076989611.0094 7.7052562798773492 7.1428150165995703 130408747603.88625 4.2010204081632674 0.99535829673000953 144.3994227787777 0.10456237086455404 24.708542854297878 54.140385527974622 3.5000000000000004 47.500000000000007 28.500000000000004 5.3950000000000005 4427907797.0913649 2.0026489291549501 5.6950000000000012 5.995000000000001 2.1828589176455549e+19 1.1392550261950915e+19 -0.072680603334969493 192.50000000000003 511.3473367788601 1.6050000000000002 1.5784648166287536e+19 0.91702515554752073 20.014000000000003 172.21797235552251 2.5000000000000004 1.0000000180025095e-35 1.6320822234945609 5.1077722114224215 320313741.66983086 20.298530317294745 68.54615493517565 0.75000000000000056 1.0000000180025095e-35 1.9442782394974917e+18 -0.43049470426488839 1.0000000180025095e-35 146.67256286342555 81.063409632379617 -0.028571428571427946 7.5000000000000009 2.5000000000000004 5.0602469135802481 34596382.000000007 1.976478067387158 2.0668829100042531e+19 4.0734022241351492e+19 11.938775505635673 1.9817633558188767e+18 1.6500000000000015 22.180861193398226 4.3823652166416061 98.500000000000014
decision_type=2 2 2 2 2 2 2 2 2 2 2 2 2 2 2 2 2 2 2 2 2 2 2 2 2 2 2 2 2 2 2 2 2 2 2 2 2 2 2 2 2 2 2 2 2 2 2 2 2 2 2 2 2 2 2 2 2 2 2 2 2 2
left_child=1 4 3 22 11 9 7 8 41 12 -9 13 14 -1 29 47 17 31 32 -20 -21 -22 42 -24 25 26 -25 -26 -10 30 -3 46 33 37 -35 -36 51 38 -15 40 44 -6 -2 -34 45 -40 -17 48 49 -12 -50 -37 53 -49 56 60 57 59 -58 -28 -56 -57
right_child=2 5 -4 -5 6 -7 -8 10 28 -11 15 -13 -14 18 -16 16 -18 -19 19 20 21 -23 23 24 27 -27 54 -29 -30 -31 -32 -33 43 34 35 36 -38 -39 39 -41 -42 -43 -44 -45 -46 -47 -48 52 50 -51 -52 -53 -54 -55 55 61 58 -59 -60 -61 -62 -63
leaf_value=-0.033248699956936252 -0.053682355866284871 0.023596756687765095 0.048074406688096233 0.043887011358615391 0.0021430771853551832 0.00085091115314916337 0.015566541104001906 -0.0083396424023245569 0.011914069840396854 0.039163912135721651 -0.016835063782340162 -0.029049673519173758 -0.061862320843907415 -0.0014347195823667524 0.037549338710503893 0.0034877088571191686 -0.043388255824346668 0.041469694537296785 -0.080172274284634248 0.033971032049285657 0.024104072740471525 -0.01993345079022513 -0.090989510170499943 -0.045137880990955691 0.047440338409564582 -0.0956039796776849 -0.10650082652941462 -0.069701169281016814 0.049464199141624178 0.015224880833520299 -0.10482584652294231 0.0069533857243869544 -0.00790123438542162 0.026421213507651989 0.020376712738555861 -0.0056556559054850922 -0.030302462831025431 0.052378335036853463 -0.022040559118324456 -0.11443531710414763 0.012564716105761015 0.011024099742890509 0.033057836526882732 -0.065979371740314374 -0.034681965407251054 0.021015615077075573 -0.0033006220145916487 -0.0019699709069160199 0.0056586595806023196 0.00029064699361906396 -0.018636187401498767 0.036247342087912818 -0.022952997014321998 0.023551612615569803 -0.011645871792161928 0.012537956726466648 0.025995402181406526 0.034827483533076957 -0.073725876654896758 0.023514323867766206 -0.12281860916842764 -0.061796380184181487
leaf_weight=156.16707785800099 14.841845609247683 19.304618805646896 787.77233954146504 674.65843229740858 11064.166460540146 727.59831248223782 1109.2346771396697 1949.4121965132654 2342.0390215367079 425.10813087597489 450.60573784261942 240.44105437770486 24.806816317141056 2865.2929037213326 279.10542443394661 7120.4956320896745 78.260438859462738 94.489834353327751 17.293901495635509 224.14567168802023 139.87509869784117 150.83849858492613 20.824334092438221 55.30476164072752 111.15085059776902 17.279619254171848 14.055648833513262 11.913400344550608 89.796474903821945 1241.511605668813 19.318774469196796 5314.1684660390019 2664.8006642460823 387.72763418778777 265.2820208966732 305.04351428151131 201.53877800703049 37.934487819671631 176.36374738812447 13.341877624392508 129.64141811802983 1534.2925619930029 279.52454635873437 31.657404482364655 283.71749576926231 93.01687902957201 3105.5476889684796 14763.91700387001 5515.7702217325568 6111.5244059376419 171.46617840975523 67.847611479461193 217.72087722271681 150.07127933204174 18.586553737521172 180.12491379678249 24.421983361244202 266.18999823182821 26.939436003565788 13.381322070956228 18.372773922979832 21.229761552065611
leaf_count=2621 79 52 6960 5142 35908 2489 3411 11098 6547 2798 1820 1891 97 19565 1066 21328 418 279 81 573 358 503 91 205 877 85 66 64 232 4567 95 15078 21053 1829 1563 2673 1634 85 752 65 432 4524 1166 114 1186 255 10639 56449 19161 21883 718 179 1199 374 61 806 68 1143 110 56 81 129
internal_value=0.00278309 0.00178244 0.0311098 0.0235542 0.00122714 0.0159115 0.0019237 0.00167179 0.00485489 0.0213656 0.000609638 -0.00381515 0.0165891 -0.00307626 0.0178372 0.00101447 0.00331308 0.00354685 -0.00249132 0.0123889 0.015498 0.00125494 0.0110168 0.004514 0.00706718 0.00161968 0.00425039 0.0361003 0.0133006 0.0135394 -0.0406381 0.00331626 -0.00354387 -0.000728707 0.00837252 3.87379e-05 -0.0093537 -0.00383242 -0.00443115 -0.0167654 -0.0148568 0.00322464 0.0286844 -0.00858309 -0.0212842 -0.0071733 0.00142616 -0.000304616 0.00181289 -0.000885334 0.00492619 0.0019686 -0.00201877 -0.00171316 0.00893305 -0.00640541 0.0195287 0.0275467 -0.0263091 -0.043091 -0.0669107 0.00470054
internal_weight=74928.3 72371.7 2556.57 1768.8 69634.9 2736.75 61183 60073.7 15030.3 2009.16 45043.4 8451.97 1584.05 8211.53 1559.24 43094 15713 15634.7 8055.36 532.153 514.859 290.714 1094.14 799.775 778.951 655.887 638.607 123.064 2431.84 1280.13 38.6234 15540.2 7523.21 4826.75 1227.44 839.712 574.43 3599.31 3561.37 696.081 682.74 12598.5 294.366 2696.46 553.098 269.381 10226 27381.1 12249.4 6562.13 5687.24 372.891 15131.7 14914 583.302 238.314 344.988 293.627 51.3614 27.437 36.9593 201.355
internal_count=296831 279642 17189 10229 268478 11164 211066 207655 47211 8675 160444 57412 5877 55521 5780 149346 47742 47324 52900 1515 1434 861 5087 3842 3751 2810 2725 941 6779 4714 147 47045 51385 30218 7878 6049 4486 22340 22255 2690 2625 40432 1245 21167 2193 1007 31967 101604 43582 23703 19879 2852 58022 56823 2520 1077 1443 1265 178 122 142 935
is_linear=0
shrinkage=0.05


Tree=66
num_leaves=63
num_cat=0
split_feature=10 38 48 9 62 22 33 62 26 62 63 1 7 44 45 32 38 24 33 23 26 32 22 62 42 55 46 1 55 46 9 5 50 1 26 58 54 51 46 14 6 5 59 52 33 10 50 53 50 22 62 46 23 62 1 46 59 57 53 52 51 28
split_gain=800.955 199.839 146.097 96.9326 82.696 74.2346 69.0063 88.1634 61.0073 55.749 55.4828 54.5051 53.2579 47.2323 44.8872 46.1866 51.6194 47.4742 60.7865 44.3981 44.2199 47.4505 56.0976 42.8634 41.7828 41.6891 46.9262 41.5366 41.2636 41.0145 40.6669 46.7616 44.8853 40.2237 44.126 40.1851 39.8734 38.9582 197.192 38.7958 38.7452 37.608 41.093 36.9971 54.8357 36.3868 36.125 35.9601 35.2288 42.5284 58.3825 64.8204 41.6241 37.5687 35.2141 34.4937 36.7424 34.2464 38.4101 33.8296 42.2691 67.4409
threshold=12.500000000000002 32356183980.192242 65168305571.740456 28894.000000000004 24.708542854297878 7.6950000000000012 4.729178709055879 3.0868630355231388 438.22500000000008 12.188335490776931 105.0276133629588 4.4850000000000012 3.6050000000000004 0.57192781456780872 0.68851564204174076 8.1800000000000015 364436269155.82098 0.30712606811414817 4.5375093423019441 4.5116975308641996 32.663132183908054 5.7950000000000008 5.995000000000001 0.52281185432277033 7.870000000000001 10.190793523722878 7.623193277310925 7.5950000000000006 153.28907991036903 20.901503759398505 15092809.000000002 0.96500000000000008 592.41317732307311 4.8050000000000006 10.001271186440681 0.49240481012316861 1.976478067387158 3.4285714263673479 32.816441441441448 1.0000000180025095e-35 2.9750000000000005 0.54050000000000009 0.23343647497176631 0.033813002504229757 4.5066767983789271 4.5000000000000009 351.73630410521577 0.069368967350175864 138.22010288437224 6.495000000000001 15.097897114834085 29.612761627906984 4.6667089678511013 22.180861193398226 5.7950000000000008 10.004687500000001 0.53727914962411616 1.0000000180025095e-35 -0.034034480722027145 12.85714285714284 1.978021976554764 239697715.45601347
decision_type=2 2 2 2 2 2 2 2 2 2 2 2 2 2 2 2 2 2 2 2 2 2 2 2 2 2 2 2 2 2 2 2 2 2 2 2 2 2 2 2 2 2 2 2 2 2 2 2 2 2 2 2 2 2 2 2 2 2 2 2 2 2
left_child=1 3 6 10 11 8 20 -8 9 -3 33 23 -13 27 45 16 43 -18 -19 -20 28 -22 -23 -5 -6 -25 -27 30 40 -7 36 32 -32 -1 46 -28 -14 38 -4 -36 -2 -37 -43 -16 -45 -11 -35 57 49 52 -51 -52 55 -53 -33 56 -42 -24 -59 60 61 -12
right_child=2 5 37 4 24 29 7 -9 -10 14 59 12 13 -15 15 -17 17 18 19 -21 21 22 47 25 -26 26 35 -29 -30 -31 31 54 -34 34 39 41 -38 -39 -40 -41 48 42 -44 44 -46 -47 -48 -49 -50 50 51 53 -54 -55 -56 -57 -58 58 -60 -61 -62 -63
leaf_value=0.0022993175483464255 -0.027150590816557602 0.0034989108176060775 0.051987819540162419 -0.028986044824726522 0.0029093363719145389 0.0053624340128597863 -0.054352615386903891 0.043641822662313402 -0.039433260527944637 0.017875729116492666 -0.021166776900625302 -0.01212511565582719 0.0016228132481354168 -0.0063981276182653053 0.02519297941836228 0.049267265535427325 -0.0011841656773936124 0.0082565266754240172 -0.19367289761252596 -0.051101509569268178 0.043394247633850719 -0.105234853534871 0.057899131949926991 -0.010049957771339497 0.033324421138864406 -0.037911898910074487 -0.0063791714221809962 0.033600623363439226 -0.076536003609271944 0.039392632617038625 -0.012236718030654972 0.0030352564292285937 0.012990684768970926 -0.0084142371658697517 0.0050898205345706327 0.013815743965649564 0.021588802678693855 0.048194588459265525 -0.18257812963528364 0.015650617564250884 0.033607387041316862 -0.0041214135761748769 0.0039426902847268415 -0.073076993985293229 0.003646488264248965 0.038671028515268921 0.033453016073190553 -0.089260009818434183 0.050780279801126052 0.023869185226742931 -0.079859512022549484 -0.046196623641151048 -0.032572443308525954 0.05083236929140611 0.042108123772748036 0.047712572187867848 -0.039409242427659363 -0.062231232184155175 0.016540748080632817 -0.0056160075427151073 0.033699490751016449 0.034563587822536934
leaf_weight=9183.9847421012819 42.285006947815418 1358.876791741699 45.174187727272511 166.61185339465737 16706.431453973055 116.52661854401231 24.540630258619785 354.61553249135613 60.603404797613621 927.84169036149979 111.65502461791039 843.13633525930345 20061.717825036496 2165.543193962425 196.59324412047863 57.420698150992393 44.728318326175213 12.647869661450384 12.084617905318739 9.9620786830782873 28.958126127719879 19.610565036535263 19.427056178450584 2007.5689814202487 113.68539243191481 91.066176041960716 3327.4506359770894 99.295037962496281 11.54144015163183 368.68299444764853 1465.3414448350668 341.85283151641488 200.43679602816701 533.2509727627039 1724.3085331469774 479.39527308568358 253.21473889052868 998.82576696202159 11.176568426191805 1754.4429009966552 47.19826340675354 3721.7463740855455 2744.9193414524198 25.199420265853405 307.157983481884 272.02830364182591 57.033237420022488 13.11831536144018 91.729500502347946 96.510049872100353 39.167455196380615 17.192516505718231 24.775389552116394 23.767503470182419 69.364615924656391 172.06205872446299 27.13412768393755 27.597493454813957 35.231722626835108 120.75089620798826 370.8545093908906 105.65070234239101
leaf_count=28319 150 4729 403 2854 45547 552 116 2321 197 3075 360 4181 81343 7328 462 295 127 36 66 45 101 81 57 13248 300 877 17821 225 46 2039 9903 3654 1883 1764 4673 2371 628 9935 64 4794 138 18707 13254 102 997 1575 146 52 435 453 173 72 112 104 315 855 103 116 136 392 1214 410
internal_value=0.00265138 0.00175626 0.0325726 0.00114221 0.000195551 0.0129645 0.0199649 0.0372992 0.0102682 0.0112023 0.00486181 -0.00109534 0.000231849 0.000654394 0.0168131 0.00640168 0.00235586 -0.0352301 -0.0791223 -0.12925 0.0110508 -0.0138103 -0.0282168 -0.00379444 0.00311491 -0.00345519 -0.00217782 0.00133344 0.0170818 0.03122 0.00119035 -0.00547364 -0.0092012 0.00413283 0.00827114 -0.00186106 0.00187168 0.0459126 0.00546418 0.010416 0.0189388 0.000303296 -0.000698426 0.00799946 -0.00217071 0.0225903 -0.00436902 -0.0123806 0.022551 0.0167685 -0.00232315 -0.0338707 0.0292046 0.0101055 0.00962611 0.0354164 0.00695356 -0.000119836 -0.0180595 0.01849 0.023439 0.00592847
internal_weight=74762.7 72591.1 2171.64 68820.7 54858.8 3770.35 1116.46 379.156 3285.14 3224.54 13961.9 38038.7 25499.9 24656.8 1865.66 665.794 608.374 79.4229 34.6946 22.0467 737.307 143.943 114.985 12538.8 16820.1 12372.1 10364.6 22491.2 593.363 485.21 22391.9 2077 1665.78 13253 4069.04 10273.5 20314.9 1055.18 56.3508 3478.75 581.822 6946.06 6466.67 528.951 332.357 1199.87 590.284 95.3746 539.537 447.807 176.638 80.1275 271.17 40.96 411.217 246.394 74.3324 82.2563 62.8292 708.911 588.16 217.306
internal_count=296831 280808 16023 266511 224439 14297 5621 2437 11706 11509 42072 178592 109460 105279 6780 2130 1835 274 147 111 3184 543 442 69132 45847 66278 53030 97951 2641 2591 97726 15755 11786 39696 11377 52153 81971 10402 467 9467 2595 34332 31961 1561 1099 4650 1910 361 2445 2010 802 349 1208 176 3969 1096 241 309 252 2376 1984 770
is_linear=0
shrinkage=0.05


Tree=67
num_leaves=63
num_cat=0
split_feature=10 39 49 43 40 39 45 50 54 15 20 45 62 30 60 16 12 43 44 51 30 5 40 58 55 20 1 20 50 49 50 49 62 28 44 62 20 18 51 46 22 27 46 46 62 62 59 26 27 39 51 16 37 35 20 51 39 50 62 50 52 58
split_gain=752.062 182.792 144.046 88.4785 89.8483 71.8291 67.0469 64.706 63.525 61.8555 61.2894 58.3985 56.7382 69.7733 53.5977 48.5492 72.1756 47.9847 52.5521 56.2337 60.1756 45.8447 45.089 44.2668 47.6537 47.3896 43.9412 42.2525 41.7977 41.6303 55.2037 45.0621 39.7097 39.1249 39.0132 39.5865 38.3944 38.0562 37.8871 166.343 37.6887 41.6972 37.6466 67.4921 64.799 60.7926 58.7177 52.8185 46.2849 45.4514 52.9956 48.2105 50.3486 48.1621 45.2704 39.947 58.0394 36.9272 37.2713 36.8531 36.8093 36.6839
threshold=12.500000000000002 4.0734022241351492e+19 8.2042035927831069e+19 4.6400304878048795 19.500000000000004 2.3786206858290659e+21 0.62004475263889891 165.07546602681867 1.3261744236624622 0.77207907893911509 24.500000000000004 1.1844394960997808 19.771380473475894 125.50000000000001 2.5000000000000004 23.003500000000006 6.705000000000001 4.9752049180327882 0.43465402273885917 3.9560439531095279 77.500000000000014 1.0650000000000002 237.50000000000003 0.66259481767468287 10.482514862117862 2.5000000000000004 4.3950000000000005 100.50000000000001 511.3473367788601 1.858357521543285e+18 113.55504640736957 3.009615398224704e+18 29.091070050533968 2470744322.7294736 0.48661953631669991 1.1956479798859876 73.500000000000014 177961840574.29214 3.4285714263673479 32.816441441441448 4.7950000000000008 1.6693544747606557 10.231385927505332 26.289117647058827 3.3869115780040331 1.6957288840208113 0.6360540003681886 9.9663841807909623 1.4500000000000008 6.283837090374103e+18 0.19780219778850378 10.100314465408806 15.579907843659177 1.0482970252837118 3.5000000000000004 2.1428571394132656 1.209372292945559e+18 114.81359116278823 2.4776735704861719 119.78731783968537 7.3867473472486438 0.99535829673000953
decision_type=2 2 2 2 2 2 2 2 2 2 2 2 2 2 2 2 2 2 2 2 2 2 2 2 2 2 2 2 2 2 2 2 2 2 2 2 2 2 2 2 2 2 2 2 2 2 2 2 2 2 2 2 2 2 2 2 2 2 2 2 2 2
left_child=1 3 6 12 8 7 -2 9 11 -3 17 23 14 61 15 42 21 18 19 20 28 34 -20 32 59 57 -9 -8 -6 -21 31 -31 -5 -16 35 -17 37 40 39 -4 -11 -42 44 45 46 48 -1 60 -44 50 -47 -52 -53 -51 -48 56 -46 58 -26 -25 -45 -14
right_child=2 5 38 4 10 -7 27 26 -10 36 -12 -13 13 -15 33 16 -18 -19 22 29 -22 -23 -24 24 25 -27 -28 -29 -30 30 -32 -33 -34 -35 -36 -37 -38 -39 -40 -41 41 -43 43 47 55 49 54 -49 -50 53 51 52 -54 -55 -56 -57 -58 -59 -60 -61 -62 -63
leaf_value=0.012490480173575381 0.04186195283361923 0.034267903732951147 0.051887284814317036 -0.0034700260658774755 0.012600933927027462 0.04071720053175417 0.0093152287990563576 -0.024670759169738599 0.020749968345006607 0.027887424866180878 0.029396807248351826 0.0089426510374198791 0.0021815670397651965 0.038957280379357709 -0.012617660957778802 -0.012959881469014008 -0.145464659421981 0.017712497148281006 0.00062068704677683325 -0.0015264245748024324 -0.038999681497724148 0.0011211473460068372 0.022810675467158908 -0.010685183911315951 -0.0088032381955213991 0.010333149322062772 0.0043647675202406529 0.051180152745881426 0.047177741047422582 -0.16430511273546505 0.016636364102201828 -0.035089760819192822 0.0062029969154419355 -0.075802023134091706 -0.013726148690409412 -0.0025364099985900924 0.03566970753413392 0.040709589625753141 0.04794164315033092 -0.15601474459580544 -0.0049893071583379817 0.010871662232752365 -0.022546864711412956 -0.0080802673787817771 0.026772925849942588 0.066943702017697865 -0.0011298529950530851 0.015730394242701014 0.063924020384698924 0.016321479109162741 -0.041946935583076286 -0.0025982155015107158 -0.081189050193823942 -0.070836421586364828 -0.053128739408005013 0.036627016735062572 -0.070732439992964094 -0.0018137654949786368 0.0056885401474076084 0.0068644131305157959 -0.1184659459177401 -0.0069499836066348438
leaf_weight=413.80581112578511 255.0665288567543 334.5703575797379 43.052173495292664 8202.1491150259972 2241.4133069887757 211.89890717342496 772.19970116764307 174.85259805619717 420.62808182090521 225.31366239488125 309.20648339390755 2194.9131384752691 13260.760423921049 124.89238438010216 847.87996636517346 1001.0178844220936 8.8446915000677091 874.62246664613485 4018.0717817433178 86.608913585543633 54.923088788986206 5652.891457747668 242.75772412866354 1126.0689240917563 484.61652542278171 2012.3131123185158 511.4151295684278 65.370679389685392 90.948682606220245 14.558475874364378 14.42361146211624 12.575281620025633 1218.6295249015093 25.22946734726429 1012.6618113256991 10116.138830192387 152.71747153997421 95.515826784074306 954.99994996376336 12.390077620744703 580.52300291880965 1447.7652661725879 23.586691994220018 19.715167611837391 46.077315270900726 15.854699417948721 103.59756977856159 558.20076227933168 44.999832287430763 150.52166508883238 236.79062745720148 214.74119820445776 22.515776589512825 17.715552926063538 70.233402591198683 305.29357356578112 22.820424869656563 3957.9795671142638 5252.5667162463069 407.36017371714115 12.24142914265394 1199.3023976162076
leaf_count=1468 1872 1971 403 30666 5570 1131 3160 632 1017 496 1370 6615 38822 512 5849 10739 41 2235 10817 242 212 31727 720 4425 2713 5218 1732 589 213 75 44 46 3046 95 4068 55947 984 432 9935 64 1853 5066 105 93 143 27 505 1672 101 408 1004 793 110 66 271 890 95 14065 16003 1621 56 3971
internal_value=0.00252605 0.00167103 0.0320014 0.00108595 0.00294024 0.0124442 0.0194177 0.0107435 0.00148141 0.0140768 0.00757276 0.00115534 -0.000648763 0.00174561 -0.0023162 -0.00178863 -0.00266871 0.00669075 0.00526816 0.0109989 0.0127311 -0.00259769 0.00188495 0.000401093 0.0022651 0.00335067 -0.00303313 0.0125827 0.0139492 -0.0212657 -0.0624038 -0.10442 -0.00221877 -0.0144434 -0.00433079 -0.00347497 0.0113766 0.00979731 0.0456088 0.00542593 0.00848714 0.00633204 0.00508279 -0.000409627 0.0126027 -0.0106101 0.00224658 0.0121514 0.034187 -0.0152785 -0.0229786 -0.025986 -0.0100565 0.00714366 -0.0221391 0.0288662 -0.00552296 0.0019014 0.00446443 -0.00602308 -0.0503651 0.00142421
internal_weight=74603.3 72500.2 2103.08 68765.7 33237.3 3734.57 1092.64 3522.67 25277.2 2836.41 7960.11 24856.6 35528.3 14585 20943.4 20070.3 17791.6 7650.9 6776.28 2515.45 2387.29 17782.7 4260.83 22661.7 13240.9 11707.5 686.268 837.57 2332.36 128.166 41.5574 27.1338 9420.78 873.109 12129.8 11117.2 2501.84 2349.12 1010.44 55.4423 2253.6 2028.29 2278.71 1316.88 961.828 726.726 587.637 590.157 68.5865 658.14 489.902 474.048 237.257 168.237 173.831 374.191 68.8977 9695.16 5737.18 1533.43 31.9566 14460.1
internal_count=296831 280808 16023 266511 106933 14297 5621 13166 85389 10802 21544 84372 159578 43305 116273 110329 102522 20174 17939 6402 5995 102481 11537 77757 44045 37999 2364 3749 5783 407 165 121 33712 5944 70754 66686 8831 7847 10402 467 7415 6919 7807 4435 3372 2614 2244 1821 206 2408 1934 1907 903 474 776 1128 238 32781 18716 6046 149 42793
is_linear=0
shrinkage=0.05


Tree=68
num_leaves=63
num_cat=0
split_feature=21 28 15 62 26 32 62 26 40 34 62 1 26 58 52 2 62 9 33 0 44 50 40 16 12 62 53 8 44 45 3 5 0 58 61 1 26 15 61 59 57 28 1 59 45 27 62 31 62 27 9 33 21 45 9 50 40 36 31 21 44 52
split_gain=704.294 174.719 128.605 92.3946 76.4284 72.7388 71.1848 68.3747 85.7137 66.3183 65.7585 64.3948 66.2265 60.3945 59.3142 58.8014 61.697 56.2816 55.0388 54.7264 53.925 57.3011 52.3155 51.8501 48.5534 46.2448 43.4162 43.0947 45.1696 50.047 44.4074 43.3096 43.1784 42.7531 45.2219 42.6174 42.6148 40.723 37.9684 37.0112 49.9721 46.1496 37.5471 36.0418 35.9885 63.377 60.7859 50.5175 35.8131 55.1796 35.4443 35.3187 78.6758 34.7042 34.305 33.9906 54.016 43.2398 42.4499 37.7408 34.4336 33.9857
threshold=4.9285714285714297 5703628097.8238611 0.86516224408655562 24.708542854297878 98.616666666666674 7.6850000000000014 29.709351895646119 33.574537037037054 122.50000000000001 0.50249766384546302 0.10456237086455404 7.3050000000000006 33.751000000000012 0.47714059151611399 11.107535822324465 1.0000000180025095e-35 3.8960848622140354 189548.00000000003 4.8200574712643691 19.958500000000004 0.55283127385298669 656.45388571880233 410.50000000000006 55.016666666666673 6.8050000000000006 1.2956641607129524 -0.053948305890395142 0.13550000000000004 0.35653917233018839 0.77052246789286583 113.45000000000002 0.89500000000000013 34.107000000000006 0.31729257441605213 36.584556461417883 4.5950000000000006 9.9663841807909623 1.5004471158593784 141.95715060983898 0.87032255546191728 1.5000000000000002 4511423075.3850718 5.6650000000000009 0.23343647497176631 0.7101670773260722 0.90000000000000135 8.85143200318638 3.416666666666667 12.061042169724429 0.90000000000000135 1981.5000000000002 4.729178709055879 10.500000000000002 0.75896123051053821 92045171.000000015 124.98153676081274 95.500000000000014 142.17750000000004 0.91666666666666674 0.92857142857142871 0.2692582403567253 12.718699864211478
decision_type=2 2 2 2 2 2 2 2 2 2 2 2 2 2 2 2 2 2 2 2 2 2 2 2 2 2 2 2 2 2 2 2 2 2 2 2 2 2 2 2 2 2 2 2 2 2 2 2 2 2 2 2 2 2 2 2 2 2 2 2 2 2
left_child=1 6 51 5 9 13 10 8 18 14 -1 12 17 35 -5 -14 19 39 33 -17 21 27 37 50 -25 43 -10 28 -18 30 31 -30 -29 -4 44 -3 -19 53 -6 40 42 -41 -12 -7 47 -46 -47 -35 49 -28 -15 52 -2 -8 -13 56 59 -57 -58 -55 -59 -43
right_child=2 3 7 4 38 25 22 -9 26 -11 11 54 15 23 -16 16 20 36 -20 -21 -22 -23 -24 24 -26 -27 48 32 29 -31 -32 -33 -34 34 -36 -37 -38 -39 -40 41 -42 61 -44 -45 45 46 -48 -49 -50 -51 -52 -53 -54 55 -56 57 58 60 -60 -61 -62 -63
leaf_value=-0.032553991503734385 0.0080687453767834452 -0.020255953122810751 0.016869166083757839 -0.07948548188581557 -0.02921944585820906 -0.095983467020097801 0.0076786185159255426 0.044612852296584814 -0.027641453286674618 0.036685705231594194 0.0070537010593033234 0.039395355958967024 0.01296033565446769 0.022316796874820837 0.015387914308309408 -0.0017017652916993078 0.0027531026783258129 -0.02601025927756825 0.03826492920504318 -0.012485330632614554 -0.0062818785420414788 -0.021622024000578711 0.04239146317786692 -0.0020094972027647996 -0.084899376137589119 0.033890962641236963 -0.076523160788835476 -0.0010661341002314918 -0.0099959227213794813 -0.0043084448567392106 0.011610228336858371 0.0023644869456091438 -0.017118219150951509 0.023967567582262022 -0.081991181655626466 0.0027227241152896022 -0.0010016809514783766 -0.068054456225082938 0.044282148377816834 -0.00042508714291465666 -7.7868026830989938e-06 -0.017917792179697006 0.022639956665318775 0.012830738706106199 0.024888713873930671 -0.0042081649086715758 -0.066658473459040732 -0.090804973461648758 0.041167791120362576 0.022127716963095619 0.0070615180300774242 0.050904335068808371 0.049632194793012119 0.0044479704653680374 -0.013606254995950541 -0.0080874232170907948 -0.09487905144330798 0.016769897648794156 -0.0076019515294181526 0.021482755818263713 0.00011328823565791448 -0.12303714125117544
leaf_weight=153.05592985451221 194.90862155333161 330.48595607280731 143.88795739039779 22.748867467045784 83.56620666384697 12.324145041406153 4543.6601108759642 217.24747360125184 32.636719346046448 682.8801853954792 7049.7401515953243 156.00870823860168 741.38048499077559 535.40852785110474 59.730083964765072 2596.6538893543184 15133.758863113821 177.15648778900504 82.079832691699266 2151.3339862935245 3585.0737626925111 297.42835858091712 89.927319504320621 52.619990214705467 26.59622710943222 339.14288310706615 15.656021595001219 1117.1232487075031 872.38482069224119 6554.4226698949933 1010.442613363266 3776.9368449300528 670.30080202966928 97.945184219628572 23.869246050715446 518.11797145009041 4428.5752128660679 19.516031116247177 22.247389823198318 2231.7540944032371 2721.2277996614575 18.708019725978374 408.80231957137585 19.893563635647297 52.428721763193607 70.795021899044514 86.66385817527771 10.627821415662764 339.13862968236208 149.82267053239048 1318.1714227311313 566.20351349562407 273.79499781504273 3587.6492395102978 37.95732581615448 1444.4812479913235 23.266271889209747 380.94072197377682 34.726981237530708 357.55031851679087 1672.669818893075 13.054355606436731
leaf_count=2666 1196 1264 598 97 267 69 11226 1147 129 2668 21600 333 2836 2281 201 22370 64619 1061 499 20378 11920 2341 280 151 110 2025 71 4822 2705 23227 2756 10735 2896 460 121 1825 16581 74 49 7674 9092 65 1002 69 182 276 353 79 2339 950 4287 5947 2842 9511 122 4598 89 1076 98 839 4631 56
internal_value=0.00240662 0.00152704 0.029298 0.0116508 0.026064 0.00766812 0.000928467 0.018969 0.0139298 0.0315706 0.000174464 0.000264317 0.000163909 0.00489305 -0.0107795 -0.000984768 -0.00125852 0.00275833 0.000393308 -0.00658785 -0.000492165 0.000213053 0.00439645 0.00977504 -0.0298391 0.0284527 0.0282485 0.000435957 0.000927569 -0.00133432 0.00210993 4.52166e-05 -0.00708582 -0.00599991 -0.0156122 -0.00622624 -0.00196362 0.00411324 -0.0137657 0.00450611 0.00579196 -0.0012768 0.00790798 -0.0287936 -0.010637 -0.022726 -0.0385802 0.0127329 0.0318633 0.0127943 0.011468 0.0425004 0.0323482 0.00423017 0.0290234 0.00214139 0.00528764 -0.00145917 -0.0426166 0.00599182 0.00320306 -0.0611219
internal_weight=74439.3 72081.6 2357.71 4023.93 871.173 3152.76 68057.7 1322.8 1105.55 765.359 55903.3 55750.2 55556.3 2781.4 82.479 38507.2 37765.9 17049 568.298 4747.99 33017.9 29432.8 12154.4 1932.8 79.2162 371.361 537.254 29135.4 27347.9 12214.2 5659.76 4649.32 1787.42 486.218 342.33 848.604 4605.73 12064.5 105.814 12443.3 10179.8 2263.52 7458.54 32.2177 318.461 209.888 157.459 108.573 504.617 165.479 1853.58 1034.91 468.704 12044.9 193.966 7501.28 4003.19 3498.09 57.9933 3945.2 2053.61 31.7624
internal_count=296831 279642 17189 15363 3282 12081 264279 7204 6057 2966 231857 229191 228736 9918 298 171605 168769 57131 2568 42748 126021 114101 32422 6829 261 2163 3489 111760 104042 39423 16196 13440 7718 2069 1471 3089 17642 32142 316 39489 31694 7795 22602 138 1350 811 629 539 3360 1021 6568 9985 4038 32068 455 20842 10537 10305 187 10350 5707 121
is_linear=0
shrinkage=0.05


Tree=69
num_leaves=63
num_cat=0
split_feature=10 48 48 10 33 62 20 1 45 61 45 42 58 55 46 39 20 34 32 59 28 45 16 36 46 42 0 35 20 53 55 28 62 35 16 62 1 44 46 55 28 22 42 40 33 16 24 17 48 30 28 2 3 40 44 0 59 58 61 62 34 22
split_gain=665.788 156.575 141.774 101.16 72.8647 72.3232 70.0406 65.5984 63.8941 60.3143 52.6637 48.1349 50.648 45.8628 48.3766 45.6967 45.3273 43.4843 66.7882 45.8227 70.3143 54.4664 78.2145 42.2863 41.985 40.3113 39.9957 44.2954 39.9722 37.8165 40.8395 35.2213 36.1306 34.8273 34.6571 33.9387 33.9375 33.8507 33.7271 38.7101 32.9894 32.7622 31.7865 38.1015 40.7278 31.6103 35.8375 33.2653 37.3491 30.7665 30.7133 29.8518 43.7623 34.7502 32.5688 38.0577 49.0052 29.6687 29.4352 31.6774 29.2596 43.714
threshold=12.500000000000002 484076989611.0094 65168305571.740456 1.5000000000000002 5.0335144927536248 24.062983868960199 76.500000000000014 4.4850000000000012 0.62004475263889891 7.1581717061368026 0.58025705371989222 7.4900000000000011 0.46173103126271881 13.978977794713478 7.623193277310925 2.3786206858290659e+21 7.5000000000000009 0.48181553902955598 7.6850000000000014 0.35019404643548463 184721810872.10629 0.62004475263889891 35.405000000000008 13.301833333333336 146.09511904761908 5.1050000000000013 33.050000000000004 1.0532244697402697 100.50000000000001 0.15943003502596623 36.071525761899494 4032529212.2290168 45.048197082472434 0.69886468352247533 313.85000000000008 9.2151272061935234 5.8950000000000005 0.47898910035272163 9.9983333333333348 238.86401494965787 16006611704.25831 5.495000000000001 5.3250000000000011 24.500000000000004 4.914325177584848 9.2059285714285704 0.20548046676563259 1.8868487322201217 1581433277.6596022 116.50000000000001 512368062.59248412 10.500000000000002 183.45000000000002 2.5000000000000004 0.29828912109159705 110.15000000000002 0.77159520228797451 0.49240481012316861 92.141760046093665 0.85013753702920025 0.20615528128088309 5.6950000000000012
decision_type=2 2 2 2 2 2 2 2 2 2 2 2 2 2 2 2 2 2 2 2 2 2 2 2 2 2 2 2 2 2 2 2 2 2 2 2 2 2 2 2 2 2 2 2 2 2 2 2 2 2 2 2 2 2 2 2 2 2 2 2 2 2
left_child=1 3 8 5 6 7 11 13 -2 -9 50 12 25 -1 -15 23 24 -13 19 21 35 22 -19 29 -6 38 36 -28 60 33 -31 32 -7 -12 42 -21 45 -33 -5 -40 51 -29 -11 -44 -45 46 -14 48 -48 -20 -3 52 57 -53 55 -55 -57 -16 59 -47 -10 -62
right_child=2 10 -4 4 16 31 -8 9 28 34 15 17 26 14 40 -17 -18 18 49 20 -22 -23 -24 -25 -26 -27 27 41 -30 30 -32 37 -34 -35 -36 -37 -38 -39 39 -41 -42 -43 43 44 -46 58 47 -49 -50 -51 -52 53 -54 54 -56 56 -58 -59 -60 -61 61 -63
leaf_value=-0.0093885743439815223 0.041011661893488816 0.015596123334145021 0.045010794207648086 0.044691099438846874 0.011766131666802236 0.0020814743873052511 0.034855298450270571 0.0048286646689498468 -0.058854420172485322 0.001800624110711022 -0.059842807787752111 0.011949962413201242 0.038466932197184812 -0.04072345859040636 -0.0060607231450445923 0.037525899104648305 0.029800704756221048 -0.02377564194414658 0.016194833057713885 -0.0078044042354228384 -0.18865224043559556 0.0064762777186472336 -0.20437010139791309 0.011231978729643455 -0.04590880500678883 -0.0047283067356211524 0.0046688769314265155 -0.0088518931926440791 0.050944769604939932 -0.016470871136418559 -0.094104158164373591 -0.012776472976339666 0.012725431411426286 0.01999513027753401 -0.032706942964612955 -0.10832649195166766 0.038408990719817293 0.024156594944855558 0.0019013495155581221 0.067574174537856219 -0.034947720645646628 -0.05052859075516828 -0.0033341831151068994 0.0012812421644692693 0.021905560589914594 0.031318489487866356 -0.047754818700643381 -0.057397139700016864 0.033205545485977719 -0.066266805453932084 0.038606351055436416 -0.052053339397158588 0.010697566841283354 -0.0060621570393192695 -0.016773017415394761 0.047139227570131392 -0.032132650686876554 0.00025696791114760185 0.043649622341403911 0.0076345598597677691 0.029272496205693044 0.0024126080301613479
leaf_weight=2826.2210951223969 239.74331865087152 251.27383656799793 932.69877283833921 66.077518127858639 1544.7817681320012 18167.965998634696 176.57701614871621 6328.6924562118948 15.751174926757811 8237.3601751010865 16.835137452930212 91.024888798594475 24.920333176851273 80.879350710660219 2756.6366144306958 130.25892948359251 381.1971818394959 17.901647523045543 73.772656667977571 18.381710030138493 13.510289222002028 42.90287746489048 9.0143939033150655 675.04540705308318 32.212372861802578 2216.7625689022243 1180.3545098900795 374.91678706556559 60.080059714615345 49.151730850338936 25.849645510315895 76.108806826174259 833.869898237288 72.419838674366474 84.460646733641624 15.45800321549177 95.498451203107834 335.64167810976505 358.79500485211611 23.935358770191669 74.976762652397156 53.939090356230736 10731.222481667995 1551.7405470088124 283.03183694183826 146.71403789520264 25.237968675792217 51.105780839920044 32.706238478422165 13.359773196280001 342.94463559612632 46.475548084825277 763.46895218640566 363.7794302329421 492.41716752201319 80.542916044592857 25.722112752497196 5702.6202957034111 60.583240553736687 3744.9873220361769 211.19759403169155 535.71143366023898
leaf_count=18263 1872 769 10402 205 4447 49921 1129 23328 91 39452 82 286 76 833 15113 697 1698 100 320 67 90 148 55 2330 104 6654 3353 1142 589 162 110 227 1959 249 324 74 239 845 1253 54 242 184 47128 4406 725 371 93 188 77 62 1890 682 3207 2264 2243 475 165 29048 188 11012 826 2243
internal_value=0.0022925 0.00150616 0.0307853 0.00116016 0.00559355 0.000353655 0.00367787 -0.000850823 0.0182975 0.000552508 0.0171555 0.00304884 0.00374179 -0.00374128 -0.00220477 0.00997218 0.0143281 -0.0167936 -0.0296001 -0.054253 -0.0922221 -0.0285029 -0.0842581 0.00569586 0.010588 -0.00196162 0.00636707 -0.00033138 0.0116786 -0.017056 -0.0432276 0.00286207 0.00254857 0.00493622 -0.000743103 -0.053723 0.00894474 0.0173298 0.0117036 0.00600843 -0.00190251 -0.0140938 -0.000613331 -0.00219575 0.00446275 0.00825614 -0.0156298 -0.027992 -0.00205726 0.00355122 0.0288761 -0.00166035 -0.000767079 -0.00982579 -0.0077867 0.00162734 0.027951 -0.00180179 0.0090658 0.00852743 0.00858536 0.0100076
internal_weight=74289.4 72294.2 1995.18 70730.5 10886.6 59843.8 8928.44 40430.2 1062.48 27216.5 1563.78 8751.86 8456.53 13213.7 10387.5 969.561 1958.19 295.326 204.301 117.169 47.35 69.8189 26.916 839.302 1576.99 2665.57 5790.96 1609.21 822.74 164.256 75.0014 19413.6 19001.8 89.255 20887.8 33.8397 4181.75 411.75 448.808 382.73 10306.6 428.856 20803.4 12566 1834.77 4086.25 133.97 109.05 57.9442 87.1324 594.218 10231.7 9222.73 1008.94 962.462 470.044 106.265 8459.26 3952.28 3891.7 762.66 746.909
internal_count=296831 280808 16023 274519 33669 240850 27420 187898 5621 115363 6289 26291 25089 72535 54272 3630 6249 1202 916 534 231 303 155 2933 4551 8166 16923 4679 3749 603 272 52952 51880 331 92035 141 12244 1072 1512 1307 53439 1326 91711 52259 5131 12005 434 358 170 382 2659 53197 47368 5829 5147 2904 640 44161 11571 11383 3160 3069
is_linear=0
shrinkage=0.05


Tree=70
num_leaves=63
num_cat=0
split_feature=20 19 20 33 7 16 47 48 62 56 1 0 54 47 1 7 47 9 12 48 59 1 22 42 19 19 53 30 42 46 9 55 5 7 62 26 30 62 47 15 15 45 3 40 62 44 44 26 28 55 0 28 28 62 51 62 46 55 33 38 13 47
split_gain=621.592 161.903 126.612 162.496 99.324 95.2352 83.9973 74.7531 67.6418 63.1523 62.9326 78.6283 68.9387 60.4529 74.3936 99.1953 54.2309 50.9184 50.6271 48.3836 48.2266 47.0729 46.2545 64.0473 43.0034 56.7971 48.1621 47.7041 42.6981 42.3567 41.942 41.4303 40.7174 40.2724 40.0319 39.264 74.3832 38.9107 38.1213 37.7521 36.43 36.0783 36.0118 43.2686 34.884 46.722 34.2465 45.0911 47.1049 34.2087 33.709 33.3799 61.0555 32.4784 44.4528 36.9058 82.2426 47.1608 49.1759 38.1633 33.8441 32.4276
threshold=34.500000000000007 2.8184718452349747e+19 98.500000000000014 4.7435897435897445 1.6050000000000002 62.359440559440579 0.37282548461146886 1448954142357.0901 29.709351895646119 2.5000000000000004 4.3950000000000005 45.050000000000004 0.48466260302197833 53.217318633097442 5.2650000000000006 8.4500000000000011 35.787245473242933 195454.50000000003 6.1650000000000009 36606493520.552917 -0.16504132135358054 6.2950000000000008 5.6950000000000012 5.995000000000001 2.1828589176455549e+19 1.1392550261950915e+19 -0.072680603334969493 192.50000000000003 5.3250000000000011 6.003000000000001 34596382.000000007 238.86401494965787 0.87500000000000011 5.6100000000000003 1.9685002862761696 10.001271186440681 51.500000000000007 2.2049021682308134 1.0000000180025095e-35 1.2408413768664337 1.08573620475813 0.75896123051053821 108.85000000000001 16.500000000000004 8.333166338901199 0.42656073101049102 0.47702250645057448 9.9663841807909623 1497473425.0448112 128.74449679487773 6.0005000000000015 22631762453.255054 33602681659.183453 17.752872096786245 9.9884454418976691 3.8960848622140354 21.501785714285713 53.621258914864988 4.7375247035573134 142456606922.70856 5.4853571428571444 25.39916542250155
decision_type=2 2 2 2 2 2 2 2 2 2 2 2 2 2 2 2 2 2 2 2 2 2 2 2 2 2 2 2 2 2 2 2 2 2 2 2 2 2 2 2 2 2 2 2 2 2 2 2 2 2 2 2 2 2 2 2 2 2 2 2 2 2
left_child=1 7 3 22 -3 6 9 8 10 19 42 13 33 14 17 21 -7 -12 39 -6 -11 37 38 -24 25 26 -25 -26 -17 -19 -23 40 -14 -13 -22 36 -5 -16 -2 41 44 -10 -1 50 45 -15 47 -28 -49 -47 -44 -50 -53 54 55 56 -8 -57 -59 60 -60 -34
right_child=2 4 -4 35 5 16 53 -9 18 20 11 12 32 31 15 28 -18 29 -20 -21 34 30 23 24 27 -27 46 -29 -30 -31 -32 -33 61 -35 -36 -37 -38 -39 -40 -41 -42 -43 43 -45 -46 49 -48 48 51 -51 -52 52 -54 -55 -56 57 -58 58 59 -61 -62 -63
leaf_value=-0.0043053047957550836 -0.053044223678871197 -0.08237361404486844 0.046802898115409865 0.054375180007052284 -0.065400213298765456 -0.10188279259155611 0.043307637188081075 0.023237220168543134 0.0075118854989257543 0.010465628324533769 0.00266656158216768 -0.0094598759138160363 -0.023956928252670606 0.0061265642655807407 -0.0012678639701378495 0.03376813384828975 -0.0074046839044203741 -0.041064280788303181 0.026541540722863993 0.022033824899802212 -0.18232338461613873 0.025076731982562217 -0.082662739310811251 -0.042158088217887649 0.046236586265563311 -0.088324961783087547 -0.05666246254594462 -0.056802844856472592 -0.0061896197453961861 -0.0024281766490454534 -0.0025701002622565321 0.034889043466680335 -0.014923208259999588 0.00071084324899888592 -0.038163965604455265 0.044243080903825019 -0.15728188607307972 0.0098665938051336558 0.030780559618802633 -0.043007821919161277 0.045887959691312173 0.0018792013230866441 -0.026577396973886214 0.0046788830531316805 0.0079797759156315425 -0.040775255477974025 -0.0040448000428319492 -0.048144535869513144 0.042506865409900757 0.032691544065494127 -0.0028948956604482219 -0.10670314448836025 0.042343574737937373 0.043178797261823228 0.039118884964567543 0.031642319121117507 -0.091596807528850466 -0.10265219869398499 -0.099953142634423495 0.045238482246219014 0.0013417588805316322 -0.0020188749178488897
leaf_weight=9946.2890786770731 14.31818714737892 23.40581189095974 645.02024189941585 10.104479916393759 19.022836074233055 19.576608531177044 20.743570849299431 378.15740275382996 4569.2729672193527 10.948531813919546 8696.5878604575992 1071.842179171741 400.40944944322109 216.17601054906845 1020.1455899178982 69.756674215197563 67.767137970775366 71.526796957477927 250.69553931057453 94.051950927823782 11.224437002092602 727.35325632616878 21.549027152359486 55.252722896635532 94.711251329630613 17.773590125143528 17.301060438156128 12.744312927126883 1608.3254563547671 8609.3132296595722 169.06964533776045 139.09165927767754 752.87452569976449 10585.800748581067 8.4343594908714277 553.93000023812056 7.045142348855733 3398.8522135205567 257.22744225338101 42.848948068916798 59.91261188685894 7524.1342591792345 164.07443979755044 3002.4717461802065 3940.3222878538072 120.10431676357985 314.24844245798886 18.989730730652809 173.48997249826789 18.253180183470249 1784.0308335237205 11.229289136826994 17.703356459736824 350.5854486040771 266.32398749515414 197.20561061054468 24.809559315443039 12.997627966105936 11.849450413137673 30.466202765703201 27.11674265563488 1377.7322129942477
leaf_count=49646 79 126 6960 53 73 97 79 1349 11337 36 27457 4456 1766 1061 5213 225 266 638 730 461 65 1854 91 205 877 85 65 64 7245 47693 610 420 3698 38037 48 5028 61 10952 1166 162 138 20906 1273 9737 10978 498 1381 92 842 55 10422 51 89 2136 1671 963 115 75 73 206 104 4492
internal_value=0.0021833 0.00137489 0.0281057 0.0205569 0.0196135 0.0216484 0.0256889 0.00106628 0.000947086 -0.0099216 0.000230218 0.00119944 -0.00184824 0.00269755 0.00171496 0.00606955 -0.0285803 -3.75282e-05 0.00430083 0.00732459 -0.0736354 0.0094154 0.0086632 0.00229804 0.00479424 -0.000221901 0.0023527 0.034016 -0.0045286 -0.00274652 0.0198624 0.00802624 -0.00932801 -0.000224286 -0.120474 0.0419362 -0.0325745 0.00729615 0.0263606 0.00384141 0.00716824 0.00400741 -0.00257093 0.000913623 0.0066281 -0.00839453 0.00680028 0.021077 0.0271515 -0.031083 -0.0048895 0.0342152 -0.0155042 0.03112 0.0239728 0.0115684 -0.0301652 0.0183669 -0.0133931 0.00331602 -0.0294616 -0.00657877
internal_weight=74154.6 71912 2242.64 1597.62 1196.53 1173.12 1085.78 70715.4 70337.3 143.682 57950.3 43053.4 14188.7 28864.8 24370.9 6993.5 87.3437 17377.4 12387 113.075 30.6073 5315.42 1026.54 754.993 733.444 625.988 608.215 107.456 1678.08 8680.84 896.423 4493.86 2531.02 11657.6 19.6588 571.08 17.1496 4419 271.546 12136.3 4354.77 12093.4 14896.9 4950.58 4294.86 354.534 552.962 238.713 221.412 138.357 1948.11 202.423 28.9326 942.098 591.513 325.189 45.5531 279.636 82.43 69.4324 38.9662 2130.61
internal_count=296831 279642 17189 10229 6594 6468 6105 273048 271699 683 238564 167486 52449 115037 101887 26099 363 75788 33135 534 149 18629 5087 3842 3751 2810 2725 941 7470 48331 2464 13150 9956 42493 113 5142 114 16165 1245 32405 12730 32243 71078 21432 12592 1614 2520 1139 1074 553 11695 982 140 5422 3286 1615 194 1421 458 383 177 8190
is_linear=0
shrinkage=0.05


Tree=71
num_leaves=63
num_cat=0
split_feature=10 48 38 43 62 9 43 62 38 33 50 47 48 44 26 43 20 45 45 63 13 62 57 62 52 43 47 45 5 59 33 51 46 20 43 1 9 8 0 50 44 7 51 17 40 43 53 34 52 42 59 5 53 14 1 0 62 9 54 40 48 25
split_gain=589.977 137.406 135.27 76.8668 68.156 62.1354 61.7243 63.7749 61.499 59.9245 64.0037 68.4182 59.1083 55.2652 53.6926 60.139 48.8527 47.8814 47.9055 47.1084 44.7443 41.8137 63.0961 63.0531 72.0244 55.737 54.2004 79.1606 46.5486 45.7141 41.3799 39.6791 143.164 39.6777 39.2251 38.4068 44.6352 40.2773 57.7181 61.1946 52.5917 43.1 37.5853 38.5278 37.296 46.3416 37.1976 45.4919 36.5662 35.9227 51.9895 35.685 43.3828 39.2415 35.545 61.5508 40.7933 42.996 40.3571 39.0136 34.4671 34.3468
threshold=12.500000000000002 65168305571.740456 32356183980.192242 4.311200716845879 0.10456237086455404 28894.000000000004 4.6866803840877926 2.9777544746209954 1889405570453.2622 4.7201265822784828 735.44328314882227 4.0259093893013418 12301494904.492458 0.57192781456780872 32.663132183908054 4.5052911534154552 2.5000000000000004 1.9860062249952672 0.68246275727653882 105.0276133629588 4.7900757575757593 9.6060995494262045 1.0000000180025095e-35 3.4869277588309981 11.929080098739698 4.9200946372239756 110.11730386863231 0.98703291341648147 0.95500000000000007 0.98321746822993605 4.5250308641975332 3.4285714263673479 32.816441441441448 98.500000000000014 4.4600420168067236 7.0950000000000006 71332671.000000015 0.13550000000000004 34.107000000000006 38.956813176247486 0.38436653649517666 6.0150000000000015 6.4285713975765315 1.6500000000000015 33.500000000000007 4.6250333333333353 0.060229898846396852 0.47749345545253291 0.24904439791695562 4.9850000000000012 0.60873824923885345 0.55100000000000016 -0.05727040631755604 0.58243233080813972 5.5950000000000006 54.850000000000001 6.94203218739887 1011552483.0999991 -0.36361818181818201 114.50000000000001 974792391.00329721 1.3571702559476628
decision_type=2 2 2 2 2 2 2 2 2 2 2 2 2 2 2 2 2 2 2 2 2 2 2 2 2 2 2 2 2 2 2 2 2 2 2 2 2 2 2 2 2 2 2 2 2 2 2 2 2 2 2 2 2 2 2 2 2 2 2 2 2 2
left_child=2 6 3 12 -5 19 14 20 9 33 16 -12 42 17 51 -16 -11 18 -7 21 -8 22 23 24 28 -23 34 -28 48 30 -26 32 -3 -4 -24 37 -37 40 39 -39 54 -41 -1 -44 -25 -46 47 -17 -6 50 -50 52 -2 -54 56 -56 57 58 -20 -58 -15 -21
right_child=1 31 8 4 5 13 7 -9 -10 10 11 -13 -14 60 15 46 -18 -19 35 61 -22 25 26 44 29 -27 27 -29 -30 -31 -32 -33 -34 -35 -36 36 -38 38 -40 41 -42 -43 43 -45 45 -47 -48 -49 49 -51 -52 -53 53 -55 55 -57 59 -59 -60 -61 -62 -63
leaf_value=-0.0064406040012083597 0.049678833440426999 0.051617574411517722 -0.0021882339976544286 -0.032978836151248761 0.075944737853067157 0.0047106865123083073 0.026522632848350231 0.039816765941044246 0.038552380187054792 0.002237408819049087 -0.0025403964158119781 -0.11098903386011157 -0.073994477315240323 -0.016766495530299533 0.023092311082734841 0.044099810940067895 0.01970989274289691 0.015067608024532615 -0.011965116274589807 0.02215390638340832 -0.096597514553920585 0.0038732242529413673 0.014020653132752289 0.024289632714976229 -0.02945713123060489 0.014519895449864501 -0.090244273224485777 0.011110433225454788 -0.043352454103956155 -0.0438305017329765 0.018023265707855819 0.047026443523178217 -0.14039865728061193 0.039698544432959636 -0.0059842026462826828 0.027911787400725693 -0.016421200108031307 -0.014118037338644496 -0.016600373243609187 0.015815590669061328 -0.002188274739472534 -0.0021124564889801159 0.018193551493219964 -0.052620135169330062 -0.060603029732667318 0.021229305815062105 -0.11555015292186539 -0.054193871242808937 -0.030699812892795705 -0.028367806299528359 0.072408532518950228 0.020036790699586211 -0.01425844648760952 -0.11245053016565254 0.015191816540830006 -0.0064670127543952965 0.0022571595793111233 0.10139331472424296 -0.0005912464063971332 0.025552739721629997 -0.0030978803668733432 -0.011781221423206664
leaf_weight=3889.5327746272087 16.981580838561058 36.962159432470798 1093.6602429561317 144.79009701684117 13.422295138239859 7022.2914518862963 14.353723309934141 339.90200896188617 189.03809535875916 526.37041505426168 53.842520482838154 19.925299733877182 31.444572329521179 519.33727179840207 48.587622836232185 15.534919321537016 1667.0719085428864 605.17074123769999 981.54248258844018 557.93545373156667 15.187281809747217 6922.976609673351 274.94994893670082 553.78273954987526 50.892172761261463 1494.7040676698089 44.169068425893784 34.166710831224918 130.84312698245049 37.478545218706131 466.69694671034813 811.95036268234253 13.16475886851549 59.619001273065805 2252.3753978312016 242.9855583012104 74.086938180029392 624.53915563970804 843.65267468243837 538.16007565334439 11792.926136288792 889.05767603591084 251.30908267386258 20.797501735389233 30.606633439660072 39.794939387589693 16.023308098316193 48.586959362030029 22.904400959610939 94.575960621237755 26.221737869083881 467.629060998559 34.725790023803711 14.391892470419405 1157.8929774090648 457.68023546785116 17175.067188963294 9.8974450863897783 3796.5612728074193 181.62588062882423 4120.4414830319583 86.065565057098866
leaf_count=24944 42 403 3454 2590 34 19042 58 2512 1131 1573 170 90 143 2587 156 47 7475 2353 9846 1930 77 19326 1012 1522 223 4020 186 130 552 163 1358 9935 64 404 7352 556 254 3136 3775 2195 39016 4442 1467 119 106 119 66 202 110 361 82 2249 145 67 3977 1677 59259 106 32674 445 13051 271
internal_value=0.00208002 0.0296268 0.00135655 0.000859477 0.00128714 0.00136445 0.0173173 0.0336925 0.0107905 0.00925623 0.0139763 -0.0318333 -0.00569982 0.000575114 0.0081852 -0.0207991 0.0155169 0.00109546 0.000910793 0.00443135 -0.0367745 0.00375142 -0.000407525 0.00788586 -0.001033 0.00576372 -0.00507744 -0.0460377 -0.0213233 0.00949355 0.0133547 0.0443611 0.00118863 -2.28886e-05 -0.00380786 0.000222453 0.017553 7.95344e-05 -0.00559126 -0.00106447 0.000541357 0.00464766 -0.0051838 0.0127812 0.0199318 -0.0143468 -0.047408 -0.0303801 -0.00297881 -0.0103506 0.0243357 0.0151761 -0.0192118 -0.0430295 0.00189615 0.00905603 0.0013738 -0.00271208 -0.00292772 0.00250093 -0.00462783 0.0176187
internal_weight=74008.9 1893.98 72114.9 68505.4 64312.3 64167.5 1031.9 369.443 3609.53 3420.49 2267.21 73.7678 4193.08 51032.9 662.461 128.733 2193.44 46393.1 45788 13134.6 29.541 12490.6 4072.88 1467.22 843.035 8417.68 2605.66 78.3358 287.968 555.068 517.589 862.077 50.1269 1153.28 2527.33 38765.7 317.072 38448.6 2895.41 2051.76 35553.2 1427.22 4161.64 272.107 624.184 70.4016 80.1452 64.1219 157.124 143.702 49.1261 533.728 66.0993 49.1177 23760.3 1615.57 22144.7 4788 4778.1 17356.7 4639.78 644.001
internal_count=296831 16023 280808 266511 239838 237248 5621 2647 14297 13166 9308 260 26673 198391 2974 471 9048 182753 180400 38857 135 36656 13310 4630 2883 23346 8680 316 1139 1744 1581 10402 467 3858 8364 161358 810 160548 13548 9773 147000 6637 26530 1586 1747 225 315 249 587 553 192 2503 254 212 107984 5654 102330 42626 42520 59704 15638 2201
is_linear=0
shrinkage=0.05


Tree=72
num_leaves=63
num_cat=0
split_feature=11 38 49 43 40 44 28 56 18 63 54 62 51 5 1 20 23 62 49 4 32 62 47 43 28 40 31 46 63 36 62 46 46 37 62 37 23 55 0 51 46 20 14 26 1 54 49 26 47 22 62 5 53 25 0 58 63 5 43 43 61 40
split_gain=552.388 144.885 105.979 73.3033 76.0765 72.7478 65.5588 65.3713 61.2408 60.341 58.3026 56.1072 53.9049 51.9259 50.5434 49.9465 49.9461 93.8588 47.8987 43.9415 43.8579 43.134 68.9456 62.3838 110.827 232.292 46.827 43.0992 42.3069 48.251 41.6108 45.8532 78.2684 66.7992 45.2612 41.0626 76.4724 40.9759 40.7407 40.705 126.384 40.2527 40.0515 39.4083 38.8955 38.2519 37.6879 47.5667 36.6152 46.3344 42.9677 54.1567 36.167 45.2361 35.76 54.908 38.6912 41.1508 43.1118 41.2875 37.165 35.1337
threshold=16.500000000000004 32356183980.192242 6.2349243979636761e+19 4.7856282271944925 7.5000000000000009 0.37416573867739428 360730108351.84473 1.0000000180025095e-35 498370625.75599509 6.3161949386327212 0.57606000718648931 1.750283164471883 12.857142826836737 1.0550000000000004 6.495000000000001 76.500000000000014 4.7445299145299158 3.3869115780040331 3552346356206796 0.11795000000000001 6.995000000000001 14.270490527992832 89.521853609812169 4.8667288557213952 66484327755.426994 81.500000000000014 1.216666666666667 12.474316720257237 91.444518700826748 6.003000000000001 1.6320822234945609 33.340245398773014 17.667912772585677 33.500684454299183 8.0876720768713763 13.827894906306378 4.589026662844037 447.25360493671036 76.050000000000011 3.4285714263673479 32.816441441441448 7.5000000000000009 0.39267435813546353 30.215476190476195 6.495000000000001 -0.79999999999999927 1.2575162750178544e+19 28.335034013605448 3.6000000000000014 6.3850000000000007 16.661786487764811 0.55100000000000016 -0.060949651411287192 0.89999082873989866 35.605500000000006 0.98897820466835418 1.0833603011693707 0.80500000000000016 4.5739834710743814 4.2168238993710707 19.288974995412335 231.50000000000003
decision_type=2 2 2 2 2 2 2 2 2 2 2 2 2 2 2 2 2 2 2 2 2 2 2 2 2 2 2 2 2 2 2 2 2 2 2 2 2 2 2 2 2 2 2 2 2 2 2 2 2 2 2 2 2 2 2 2 2 2 2 2 2 2
left_child=1 3 16 7 10 9 15 12 61 -6 19 37 13 18 20 21 35 -18 -1 -5 28 23 -23 24 -3 30 -25 -11 29 -9 -26 32 34 -33 42 48 -37 -8 -16 40 -4 -30 -32 -22 54 -21 -38 -48 52 -50 51 -51 -2 -54 55 60 -57 -58 59 -59 -20 -7
right_child=2 6 39 4 5 8 11 14 -10 27 -12 -13 -14 -15 38 -17 17 -19 44 45 43 22 -24 26 25 -27 -28 -29 41 -31 31 33 -34 -35 -36 36 46 -39 -40 -41 -42 -43 -44 -45 -46 -47 47 -49 49 50 -52 -53 53 -55 -56 56 57 58 -60 -61 -62 -63
leaf_value=-0.0073197984522438411 -0.078319828312032713 0.00047708996335650116 0.051505226114408477 0.070470309510053869 0.009334428183506438 0.0014599455770763223 -0.076979542707120124 -0.025593040754668419 0.01444183867630295 -0.028171773876436865 0.012450658190225871 0.036646291536924579 -0.030703495462390935 0.0040425574809424183 0.023180100000712054 0.039325706875790137 -0.1300802334925471 0.04670862561327032 0.0057813887739409202 -0.010377077107828718 -0.010073115348186078 0.015090012937929227 -0.036312180157226322 0.0067839572374857188 0.041574471869476867 -0.27449147374507471 0.041937087246205228 0.030797507364914625 -0.013293738390852265 -0.0033181900954743953 -0.029714013918310481 0.033896069312919878 -0.16170531516663178 -0.10017449666521208 0.029941868256553546 0.030509491541543948 -0.017493452237756991 0.036847917808138952 -0.028229632469118884 0.048940803014268029 -0.16249078773362832 0.019060245009973872 -0.14408580508256538 -0.13103295617680011 0.029459983498607251 -9.8101899265364052e-05 -0.15359822607965418 -0.019663109320126881 0.051454195150896699 -0.058841856579082169 -0.052724874835289773 0.035757011142600298 0.032317042779075801 -0.035305865152216141 -0.0018056688826100908 0.022042490557906125 0.0034485019139035671 0.021000609788751193 -0.002260886780332295 -0.03248450299185357 -0.0018545990976486966 0.0345943333377422
leaf_weight=2142.6297907661647 14.866349980235098 693.91545392200351 25.523812316358089 21.389672189950943 2605.6104734912515 6842.4182524979115 19.835223073139787 247.29371750727296 1121.5670457482338 32.90220033377409 870.23295424878597 345.70682480372488 133.02478121966124 10661.225039264187 289.76361060142517 128.45327156409621 7.8132721707224837 191.94836538285017 6452.2410823255777 1022.7434004247189 14.321012586355211 1624.6022676452994 67.964489564299583 575.51489363238215 17.607482545077801 10.486913003027437 113.40141854435205 531.87165573984385 128.36046448536217 14396.781689599156 21.580343164503574 33.807339034974575 16.595385856926441 12.811285469681023 16.986684199422598 45.247316859662533 29.711298689246178 13.146517299115656 44.448413826525211 692.60860109515488 9.4555219262838346 382.91714569181204 11.862066246569155 12.709359452128409 115.72839936614037 7867.9828812479973 16.196559108793739 11.222238279879091 117.14495480805635 17.861065000295639 23.566102884709835 98.921802461147308 61.476243294775486 41.375203028321266 9444.6620884649456 99.946029789745808 352.74344887584448 39.800506599247456 281.11028243601322 386.22382581606507 2116.06010193564 80.949432142078876
leaf_count=16124 59 2256 300 57 6547 18520 103 1642 3541 111 2526 2460 437 40163 783 1007 42 1623 22145 4804 43 6234 238 2193 53 72 499 1564 514 71258 83 149 101 68 85 179 125 40 191 8964 46 1241 72 57 258 29847 81 53 682 83 102 540 282 174 31840 452 1183 179 906 1550 9028 272
internal_value=0.00198079 0.00137875 0.0330331 0.000858345 0.00332037 0.00613114 0.0109839 -0.000224492 0.00360319 0.0125459 9.78659e-05 0.0307017 0.00105935 0.00119101 -0.00289083 0.008752 0.0188004 0.0397939 -0.000227531 -0.00110834 -0.00331422 0.00753125 0.013026 0.00143105 -0.00775233 -0.0480418 0.0125705 0.0273621 -0.00320073 -0.00369434 -0.0299484 -0.04103 -0.0675178 -0.00294792 -0.0365222 0.0100194 -0.018048 -0.0316079 0.0163429 0.0462831 -0.00634162 0.0109375 -0.0702818 -0.066947 0.000560301 -0.00128054 -0.0565058 -0.0987799 0.0176777 0.0282385 0.00886113 0.0212888 -0.00542303 0.00511362 0.000385861 0.00251353 -0.00769644 -0.0105008 -0.0174592 -0.0274878 0.00389558 0.00184736
internal_weight=73868.9 72463.9 1404.94 68739.7 20997.7 11215.3 3724.28 47742 8044.93 3170.38 9782.35 378.689 32225.4 32092.4 15516.6 3345.59 677.351 199.762 21431.1 8912.12 15182.4 3217.14 1692.57 1524.57 835.653 141.737 688.916 564.774 15155.4 14644.1 131.251 113.643 67.0245 46.6186 50.4291 477.589 102.377 32.9817 334.212 727.588 34.9793 511.278 33.4424 27.0304 19288.5 8890.73 57.1301 27.4188 375.212 257.494 140.349 116.783 117.718 102.851 19172.8 9728.13 1159.82 1059.88 707.135 426.024 8568.3 6923.37
internal_count=296831 283496 13335 267783 67789 30555 15713 199994 22333 8222 37234 2603 124265 123828 75729 13110 4025 1665 83665 34708 74755 12103 6472 5631 2939 683 2692 1675 74655 72900 611 558 341 217 240 2360 438 143 974 9310 346 1755 155 100 67541 34651 259 134 1922 1407 725 623 515 456 67283 35443 4270 3818 2635 1729 31173 18792
is_linear=0
shrinkage=0.05


Tree=73
num_leaves=63
num_cat=0
split_feature=10 28 56 48 48 1 43 44 62 2 10 63 33 23 28 33 62 62 16 30 48 45 45 48 20 53 16 58 50 45 63 3 62 62 43 44 37 23 48 58 1 50 1 7 50 24 2 62 47 47 3 20 30 27 43 43 18 48 5 18 0 26
split_gain=519.272 135.35 118.469 104.517 86.3976 68.0868 62.2932 65.1382 61.2834 59.9925 56.8476 54.9403 59.3799 53.9987 53.3197 52.2852 84.6757 51.1795 51.2122 52.6927 83.6048 54.9975 48.6767 47.7 47.1388 50.6492 46.2967 43.949 42.8759 42.9738 41.479 39.8382 39.5557 45.1442 45.1383 62.3075 39.1509 70.3328 38.9471 38.7465 38.6151 38.9066 53.5008 41.7288 38.4977 55.3192 39.5135 53.1413 44.4366 38.6709 38.4833 38.0266 45.2834 66.0513 41.1754 70.9973 37.8411 36.5868 41.7664 37.0519 35.8254 35.7934
threshold=16.500000000000004 5703628097.8238611 2.5000000000000004 49525764906.738258 1448954142357.0901 4.3650000000000011 4.311200716845879 0.49687208998252036 0.10456237086455404 12.500000000000002 3.5000000000000004 113.30282033220595 4.5923538461538476 5.0668079096045213 225561691.8267217 4.7201265822784828 3.3869115780040331 3.3869115780040331 24.510000000000002 46.500000000000007 2843859890.9936376 1.0507124562175443 1.08573620475813 1251660903095.9309 103.50000000000001 -0.0022180351613488498 9.8575187969924816 0.70088257582277247 84.836879305338769 0.76192014368991468 53.439186587059659 110.95000000000002 2.4776735704861719 11.688254586642108 4.333615819209041 0.41457809879442509 13.827894906306378 4.5847076923076946 11587686249.807205 0.017452406437283477 4.285000000000001 351.73630410521577 5.6350000000000007 3.5100000000000002 118.51773684415902 0.3805286111517388 7.5000000000000009 18.434800602424641 0.37282548461146886 1.2572830495136293 245.45000000000002 20.500000000000004 45.500000000000007 8.4000000000000057 4.6200467289719649 4.5571521577380958 11929080.514979178 1529174843.0337913 0.80500000000000016 125896694.5204816 14.719500000000002 35.001315789473693
decision_type=2 2 2 2 2 2 2 2 2 2 2 2 2 2 2 2 2 2 2 2 2 2 2 2 2 2 2 2 2 2 2 2 2 2 2 2 2 2 2 2 2 2 2 2 2 2 2 2 2 2 2 2 2 2 2 2 2 2 2 2 2 2
left_child=1 4 5 15 6 9 38 8 -8 -3 -7 17 14 24 32 36 -17 40 19 22 -21 -22 30 51 25 27 -24 -4 50 -30 -19 -27 -13 34 -34 -36 44 -38 -1 -31 -10 -42 43 -43 45 49 -47 48 -48 -2 -20 57 53 -53 55 -54 -28 58 59 -9 -44 -14
right_child=3 2 13 -5 -6 10 7 23 11 -11 -12 12 61 -15 -16 16 -18 18 28 20 21 -23 26 -25 -26 31 56 -29 29 39 -32 -33 33 -35 35 -37 37 -39 -40 -41 41 42 60 -45 -46 46 47 -49 -50 -51 -52 52 54 -55 -56 -57 -58 -59 -60 -61 -62 -63
leaf_value=-0.0049231828736802773 -0.011705882133382224 0.0041031586895938646 -0.039383113271969153 0.04605887672734657 0.02450122821446513 0.010831515153513651 -0.031523010250167134 -0.025051343932524301 -0.014549448346183156 -0.050702754404625898 0.025050874226867383 0.0084560540926027338 0.026781362706561753 0.0042166444025534345 0.017714406634985427 -0.10603647423204648 0.047052551024769268 0.0058493480353135384 0.0037415998956434066 -0.12549639157512291 0.0060930389094386514 -0.091037946300555381 -0.019452219433648121 -0.085871212402232763 0.043400806034502415 -0.069956321967684476 0.012280594676138956 0.015754161855890125 0.004564554623462223 -0.028652335318919281 0.050240982817115233 0.01219144315704495 0.038356044370248948 0.039138034102429921 -0.086584451611820532 -0.017087986826286612 0.030502682300676067 -0.053023680343449259 -0.068572387109145039 -0.00063620053932414444 -0.0035037427180580633 -0.060372347571889445 0.063144885770747519 0.0035672749964867989 0.046340866488890797 -0.075611816788834815 -0.051224641538105589 -0.062263090614925257 0.028919132005086626 0.053339074479498295 -0.021576971176161336 -0.020815752296559575 0.0050387380649941299 -0.13613237268788722 0.015016516781032394 -0.13720037359190532 0.04231452248545528 -6.0131445949431351e-05 -0.0036425851563859114 0.0055331119143051718 0.01725710754644541 -0.040008752712836403
leaf_weight=4133.5796261690557 31.942162275314331 789.55789045244455 76.09321004524827 695.49141648970544 381.37257737293839 1677.4772860184312 137.29389096423984 450.41254589706659 622.09355507418513 53.303269859403372 1209.8494761604816 117.86414448171854 542.80291372910142 274.03807912394404 255.42707125470042 9.4849213659763318 189.3903660774231 1436.4379091188312 19710.228703990579 16.30382077023387 119.98965340107679 16.588401153683662 51.171435862779617 16.982107684016228 21.963976863771677 98.036911107599735 170.29976759850979 68.833907414227724 4694.2727860994637 124.32416155561805 54.622864261269569 17.374259062111378 16.632936775684357 21.036619305610657 59.843936309218407 69.950409278273582 43.404322266578674 60.100578308105469 24.174708649516106 16813.680148229003 4048.7676912099123 26.439834076911211 57.901339471340179 731.37625319510698 84.843024425208569 20.548511877655983 21.281595125794411 28.675047174096107 92.34950914978981 80.282264113426208 151.23546081036329 33.123262211680412 22.573294162750244 19.864686630666256 69.994933031499386 14.349849946796892 273.00095571577549 9275.6346686631441 3002.02465794608 126.93285475671291 160.26202135533094 20.829197224229574
leaf_count=26505 127 3078 323 9310 1603 5274 2571 2087 6639 199 6593 338 1815 950 970 48 1672 4033 65013 73 457 66 198 72 185 424 562 228 13048 571 110 64 38 51 250 200 176 261 112 63240 27651 311 182 6481 468 90 70 137 413 563 695 104 62 97 310 68 616 26795 10972 347 771 94
internal_value=0.00188686 0.00131216 0.00992981 0.0325216 0.000769659 0.0131399 0.000635993 0.0010239 0.0018369 0.000637185 0.0167897 0.0019278 0.012957 -0.0115938 0.00112037 0.018306 0.0397513 0.00168063 0.00226031 0.00980599 -0.0184793 -0.00570423 0.0119839 -0.00212785 -0.0269413 -0.0328759 0.0255786 -0.0131954 0.00187143 0.000331367 0.00747557 -0.0575896 -0.0137347 -0.029353 -0.0391928 -0.0491305 0.00910301 -0.0179973 -0.00529326 -0.000841838 -0.00279844 -0.00134359 0.0076176 0.00133645 0.0168964 0.0078148 -0.0107985 -0.00143965 0.0139093 0.0348255 0.00354881 -0.00201858 -0.026251 -0.0640469 -0.00751962 -0.0502412 0.0307766 -0.00171715 -0.00601118 -0.0183272 0.0294359 0.0243131
internal_weight=73736 72378.2 4286.53 1357.79 68091.7 3730.19 67710.3 63552.6 50520.7 842.861 2887.33 50383.4 1104.39 556.34 540.755 662.302 198.875 49279 43632.2 2138.41 152.882 136.578 1985.53 13031.9 282.302 260.338 494.472 144.927 41493.7 21632.3 1491.06 115.411 285.328 167.464 146.427 129.794 463.427 103.505 4157.75 16938 5646.84 5024.75 975.979 757.816 359.922 275.079 162.855 142.306 113.631 112.224 19861.5 13014.9 159.906 52.9879 106.918 36.9231 443.301 12855 3579.37 577.345 218.163 563.632
internal_count=296831 283496 17318 13335 266178 15144 264575 237958 197044 3277 11867 194473 3756 2174 1847 4025 1720 190717 148682 6115 596 523 5519 40914 1224 1039 1376 551 142567 76859 4143 488 877 539 488 450 2305 437 26617 63811 42035 35396 7745 6792 1868 1400 710 620 483 690 65708 40842 641 201 440 130 1178 40201 13406 2434 953 1909
is_linear=0
shrinkage=0.05


Tree=74
num_leaves=63
num_cat=0
split_feature=10 22 42 43 31 17 35 54 20 28 52 50 56 9 33 31 50 46 1 52 63 5 28 28 37 27 37 23 26 47 22 2 52 45 3 18 54 36 38 53 25 43 59 2 16 28 44 28 34 44 46 25 34 9 47 23 50 61 59 1 61 26
split_gain=488.05 129.031 95.4234 92.1814 144.741 72.3041 65.9554 68.7009 59.802 85.9863 152.606 56.2963 54.4896 56.1228 49.6657 48.5517 47.7248 47.7018 44.5871 42.6222 42.7348 43.8066 41.9354 47.6949 39.095 37.2835 37.0793 61.5026 34.5725 34.5463 36.99 42.8796 40.4147 34.2175 33.9847 39.3902 36.0948 35.1032 33.8793 32.8222 43.4375 32.1453 35.3647 53.1979 31.6071 31.5089 40.1614 30.9689 30.8319 30.4537 30.5671 33.6309 33.29 30.3681 30.1978 38.5909 32.7377 30.1516 30.0681 29.7903 29.7655 50.6566
threshold=17.500000000000004 7.6950000000000012 7.1950000000000012 4.7856282271944925 0.81666666666666676 1.0000000180025095e-35 1.0022180351613514 0.66814634146341467 98.500000000000014 178562593524.96252 12.718699864211478 1017.2002665187262 1.0000000180025095e-35 127206812.00000001 4.7250231910946212 5.7500000000000009 351.73630410521577 34.260822510822514 6.495000000000001 12.857142857142852 121.73029870830875 1.0550000000000004 1020140476.0303177 172653077.91652304 0.28392135623730991 15.84944097119048 14.484801337772508 4.5847076923076946 17.903571428571436 3.6000000000000014 6.3850000000000007 7.5000000000000009 12.467625093730463 0.81430215356859681 120.05000000000001 5667677209.79214 -0.30000000000000021 32.11396194306932 142456606922.70856 -0.060949651411287192 0.89999082873989866 5.9101666666666688 -0.66259481767468265 10.500000000000002 471.65000000000003 8105835306.184062 0.50503342761562864 708445784.38414037 1.0638245244578333 0.72428632330585396 33.340245398773014 0.9228757740444109 0.5000040815993344 112118.50000000001 1.7999999999999996 4.4470294117647065 7.6834795726636829 1.7199601822383843 0.80382625221112025 4.3950000000000005 4.0652870957970926 9.9663841807909623
decision_type=2 2 2 2 2 2 2 2 2 2 2 2 2 2 2 2 2 2 2 2 2 2 2 2 2 2 2 2 2 2 2 2 2 2 2 2 2 2 2 2 2 2 2 2 2 2 2 2 2 2 2 2 2 2 2 2 2 2 2 2 2 2
left_child=1 3 14 8 5 6 7 41 9 12 -11 24 13 16 26 18 19 -12 60 20 21 38 23 28 -3 -6 29 -28 -18 39 -31 -32 -33 -24 35 36 53 -38 57 -2 -41 42 48 45 -7 46 -44 -16 -5 50 51 -40 -52 -23 55 -36 -57 -1 -42 -47 -14 -62
right_child=2 11 -4 4 25 44 -8 -9 -10 10 17 -13 15 -15 47 -17 22 -19 -20 -21 -22 34 33 -25 -26 -27 27 -29 -30 30 31 32 -34 -35 54 -37 37 -39 49 40 58 -43 43 -45 -46 59 -48 -49 -50 -51 52 -53 -54 -55 -56 56 -58 -59 -60 -61 61 -63
leaf_value=0.010252904140443117 -0.078243109792609442 -0.0030514779358890897 0.046347342624334778 -0.0047182954876343192 0.024089300749123577 0.012367459811796445 0.01122473407427943 0.01243263297254355 0.038742715171743991 -0.18426666257003813 -0.090987786719981326 -0.10775147791291345 0.0035155843130047896 -0.01969834494067247 -0.05225706568615001 0.027059892574999814 0.019156198112934012 0.029762072639686728 0.015248949651439206 -0.022694067431317633 0.014550120015293773 0.0038604420566629946 -0.013664635867368512 -0.049678833510047038 0.036073431970990735 -0.00060051591585544447 0.029801919771932212 -0.051736615378117884 -0.010291184054123095 0.051509630070376823 -0.06931831153513747 -0.061576314973452562 0.031864515684615034 0.046212764154990829 0.076117139092612529 0.031896843928718534 -0.0050851080807660098 0.0053740803056917912 -0.022984707578570528 0.033920535240187462 0.0090870114573329847 -0.0083068686135567265 0.0037879582368761447 -0.016331481138163507 -0.038237737754717192 -0.017566785633322604 -0.0028223783880481895 0.045884947105681986 0.044714725585903628 0.043196568669852504 0.04057406429874167 -0.13254854269731525 -0.038249006149097139 -0.010362618295535732 0.0083958685506919442 -0.053057919987352542 0.028235626604900161 -6.4910163971792213e-05 -0.079631354726832373 0.020365584710091506 -0.022383740874167099 -0.0033989323315651979
leaf_weight=734.90441046655178 13.810001596808432 76.513305973261595 639.37878429703414 2988.8449017573148 1043.7389699779451 2061.1334941610694 1700.0796523094177 1204.491875231266 98.812833227217197 17.549584548920393 11.705915100872515 7.5828807428479186 1503.3665971942246 323.36675043962896 8.4488792121410352 137.50338075309992 109.04076600261033 27.146577849984169 335.67553885281086 178.9062055721879 641.74105885997415 638.15959274023771 38.560617700219154 71.694360129535198 385.75762264616787 179.14990156143904 39.396096423268318 55.999071814119816 1160.1726916395128 97.653542168438435 14.817365393042563 13.076477989554403 100.57547967880964 62.583327189087868 37.28769601136446 114.61932941526175 928.63278010860085 5892.8789080679417 13.304339557886125 52.693858411163092 18.751811355352402 1072.899100035429 8172.6410439014435 389.67405444011092 31.324553720653057 59.600579366087914 3196.4182507172227 165.34589851275086 31.87964890897274 13.666142076253889 17.621544770896435 14.79010173678398 55.849515661597252 911.09993961453438 1795.3747392147779 14.455222532153128 86.450282018631697 19390.184925530106 19.462795235216618 393.45745507255197 360.66084411740303 13638.510688371956
leaf_count=2435 57 377 8980 10922 4564 6550 4218 3238 847 98 56 32 6274 3026 46 543 401 111 981 586 2364 1855 123 261 2864 749 163 241 7085 627 68 58 574 141 125 388 3857 21785 62 246 70 3549 27508 1534 98 200 10000 1585 82 39 58 70 202 3880 5499 133 640 72961 94 1181 1696 67774
internal_value=0.00179687 0.00126408 0.0329074 0.00109342 0.00374403 0.00278372 0.00182233 0.000909427 -0.000115784 -0.000193704 -0.0618942 0.027381 -0.000123002 0.00103023 0.0185861 -0.00252286 0.00123383 -0.0066188 -0.00277969 0.00164128 0.00178037 0.00151308 -0.00766075 -0.0100025 0.0295976 0.0204723 0.00940056 -0.018063 -0.0077613 0.0173194 0.0283146 0.0106833 0.0211135 0.0233848 0.00414732 0.00278417 0.00238554 0.00395024 0.000157073 -0.00642279 0.00448751 5.81998e-05 0.000647392 0.00184561 0.0116099 0.00244475 0.00192946 0.0411139 -0.0041966 -0.026877 -0.0363058 -0.0806637 -0.0193438 -0.00450396 0.0101294 0.0326517 0.0165899 0.000311864 -0.0360975 0.0153755 -0.00317007 -0.00388804
internal_weight=73610.9 72371.5 1239.41 71901.6 22525.3 21302.4 19210 17509.9 49376.3 49277.5 56.4021 469.854 49221.1 33245.3 600.031 15975.7 32922 38.8525 15838.2 31479.9 31301 30659.3 1442.05 1340.91 462.271 1222.89 426.237 95.3952 1269.21 330.841 226.123 128.469 113.652 101.144 10419 8485.39 8370.77 6821.51 20240.3 104.718 90.9085 16305.4 15232.5 12211.8 2092.46 11822.1 11369.1 173.795 3020.72 115.232 101.566 28.0944 73.4711 1549.26 1933.57 138.193 100.906 20125.1 38.2146 453.058 15502.5 13999.2
internal_count=296831 284022 12809 280749 74393 69080 62432 58214 206356 205509 265 3273 205244 127976 3829 77268 124950 167 76725 116939 116353 113989 8011 7747 3241 5313 2198 404 7486 1794 1327 700 632 264 38162 31765 31377 25642 75827 467 410 54976 51427 40423 6648 38889 37508 1631 11004 431 392 132 260 5735 6397 898 773 75396 164 1381 75744 69470
is_linear=0
shrinkage=0.05


Tree=75
num_leaves=63
num_cat=0
split_feature=10 10 48 13 20 40 16 62 62 1 33 62 46 61 51 51 46 6 2 25 35 28 26 42 32 33 60 52 59 2 61 54 40 1 44 36 62 61 25 62 62 37 28 51 35 51 37 10 55 30 25 37 63 30 62 63 46 33 33 46 3 37
split_gain=458.174 120.922 95.8904 79.4432 83.1449 79.2484 58.8671 54.8797 53.4698 53.4208 46.0637 66.6196 42.5995 49.549 47.3577 41.9437 107.221 41.5766 40.0012 38.9606 37.7876 47.5488 38.3262 41.1006 38.4074 36.7556 35.9203 39.0944 38.2809 39.5179 55.2055 70.556 44.5671 47.0678 41.425 41.3585 37.5632 35.8806 35.7746 35.0884 48.0918 41.0162 41.5578 69.7452 69.3922 61.3221 37.7993 61.4132 41.5396 37.4763 37.383 36.4811 34.8161 34.6936 34.4743 48.6553 59.5926 45.697 39.1966 42.5936 34.5916 34.1975
threshold=17.500000000000004 3.5000000000000004 49525764906.738258 5.2836021505376358 76.500000000000014 51.500000000000007 95.250000000000014 41.656739314430816 0.10456237086455404 7.5950000000000006 4.7250231910946212 3.3869115780040331 33.889699918897001 7.0521044799611898 8.8392857089584673 3.4285714263673479 32.816441441441448 8.2250000000000032 1.0000000180025095e-35 1.0563919830079105 0.95948780885602236 128714270.18967213 500.0200000000001 6.2950000000000008 5.2950000000000008 5.0335144927536248 2.5000000000000004 1.5424384736477101 -0.79332313182700731 8.5000000000000018 27.573483192955479 1.1861983471074382 1.5000000000000002 4.9050000000000011 0.47140452079103179 33.434692513368994 1.3865879614647383 47.083960977842231 0.66088290724407905 0.90469181748027194 1.750283164471883 3.6812767973694602 66484327755.426994 11.999999998500003 0.65311748766393662 10.348432054706047 0.50063668925358851 7.5000000000000009 16.785110292005029 8.5000000000000018 1.1428802155348754 5.9505405573676748 59.362609500338102 44.500000000000007 28.12727776256504 27.142567383387831 48.954444444444448 4.7609810784206505 4.6750739644970425 16.949903474903476 122.05000000000001 65.756218018921814
decision_type=2 2 2 2 2 2 2 2 2 2 2 2 2 2 2 2 2 2 2 2 2 2 2 2 2 2 2 2 2 2 2 2 2 2 2 2 2 2 2 2 2 2 2 2 2 2 2 2 2 2 2 2 2 2 2 2 2 2 2 2 2 2
left_child=1 5 10 4 6 7 12 8 -1 17 -2 -12 13 -3 -14 16 -4 -10 -19 -6 22 -22 23 24 -7 54 28 -28 38 32 31 -31 37 34 -34 -35 -29 -30 -20 -15 46 -42 44 51 49 -46 47 50 -49 -43 -41 -44 -40 -26 55 56 58 -57 59 -25 -58 -16
right_child=2 3 15 -5 19 20 -8 -9 9 -11 11 -13 14 39 61 -17 -18 18 26 -21 21 -23 -24 25 53 -27 27 36 29 30 -32 -33 33 35 -36 -37 -38 -39 52 40 41 42 43 -45 45 -47 -48 48 -50 -51 -52 -53 -54 -55 -56 57 60 -59 -60 -61 -62 -63
leaf_value=-0.030754904339318379 0.0090046994311076302 0.010094754218614275 0.051286813498455243 0.027417901474756753 0.038556385036803996 -0.0058318247748533145 -0.038522242049501866 0.0099896464026381412 -0.017889920833060541 0.032115668222833453 -0.09668777338152279 0.047801541819140064 0.0071791102938962917 0.022174723700670515 0.0302143405391628 0.049067241169354958 -0.15186814237883781 0.0093325170777389978 -0.026824454719296231 -0.059018702959383773 0.0034480732474310369 -0.019755417417433467 -0.017827784890444565 -0.063650131653064934 0.028256623182635554 0.030695621434413761 -0.003168510643137697 0.038925304092811884 -0.0012727977613444165 -0.0034395987249190895 -0.012542570527874056 0.015474280656705057 0.0019465946634749706 0.010905645365651901 -0.0023325823140449959 0.0028617732483548243 -0.024489605760761944 -0.012177136860758359 -0.0028994899040636511 -0.01053803056481986 0.0072249205090630809 -0.039317230597819983 -0.17185736982544239 0.028746920734887327 -0.010583989511828797 -0.059195732998155462 0.0034539229506149018 -0.051118814746416524 -0.17852047671688726 0.02411430589030537 -0.095404309622843381 -0.059014525292004641 0.016959479692331192 -0.0012446485587920665 0.014655850218077179 0.0018386089447914253 -0.098840073739358006 0.02224381545297675 -0.021509388738763735 0.009992169579213386 -0.0020907473418115452 -0.024852855884106902
leaf_weight=142.28373800031841 418.0604071803391 947.83848553150892 21.171950876712803 501.20413095504045 241.73966073431075 129.45202568173409 76.580941125750542 1367.6840912401676 327.97265869006515 128.66551325470209 8.4117568880319578 154.55229561403394 1639.2770265042782 113.12011427804828 381.43721403554082 586.85719930753112 9.3687440007925016 1117.281201902777 152.76146997511387 10.682367822155355 1849.5176418572664 250.71586367487907 128.91706308722496 20.931094035506248 637.37741304934025 155.37137366458774 1412.4183625616133 24.849315237253904 3841.6890604943037 3196.1900968067348 1278.1355906352401 583.01657575368881 20671.602258518338 2232.4766551479697 7785.7969323843718 5622.6505756899714 387.48496174067259 938.74003177881241 9522.266958039254 62.093067832291126 513.82403600215912 26.783796422183514 11.416326854377987 15.624989137053488 355.58474519476295 79.351870946586132 47.895515844225883 12.296462140977384 13.338381480425594 178.28064785897732 16.404232680797577 19.222011227160692 225.93860376626253 118.12668723613024 774.18469793722034 1009.6924674846232 28.179917357861996 376.75584398210049 224.79194512218237 317.0759784579277 13.745132222771643 30.443711198866367
leaf_count=2674 2185 3327 287 2432 2329 350 286 3311 2567 302 41 1534 5493 309 1719 8718 44 3961 479 61 5271 761 366 75 1432 557 7077 101 25581 12530 6023 1662 78776 6594 25073 16423 1639 9114 40962 186 1726 97 77 117 1220 330 175 49 77 806 66 125 646 393 2140 3089 110 1363 675 784 36 118
internal_value=0.00171118 0.00120285 0.0323738 0.00847723 0.0064967 0.000627971 0.00494406 8.68985e-05 -0.000140377 -6.71058e-05 0.0177945 0.0403434 0.00568969 0.00118658 0.0109874 0.0460942 -0.0110335 -0.000136909 -3.82113e-05 0.0344271 0.00609353 0.000678151 0.00898418 0.00989243 0.0193322 0.00703225 -0.000219111 -0.0071228 5.63939e-06 0.000610868 -0.00355977 -0.000521763 0.00112415 0.0017216 0.000775834 0.00514789 -0.0206679 -0.0034141 -0.00281545 -0.00457598 -0.00681398 -0.00345774 -0.0114561 -0.05722 -0.00814803 -0.0194529 -0.0333078 -0.0502163 -0.117409 0.0158294 -0.0282732 -0.101062 -0.00243921 0.023644 0.00570273 0.00222168 -0.00961293 0.00738355 -0.00532895 0.00543187 -0.0671208 0.0261441
internal_weight=73487.6 72289.2 1198.42 5294.44 4793.24 66994.7 4540.81 60959.9 59592.2 59449.9 581.024 162.964 4464.23 2413.07 2051.16 617.398 30.5407 59321.3 58993.3 252.422 6034.84 2100.23 3934.6 3805.68 884.956 2920.73 57876 1824.75 56051.3 46150.3 5057.34 3779.21 41093 36312.5 28457.4 7855.13 412.334 4780.43 9900.97 1465.24 1352.12 1200.09 686.264 46.2633 640.001 434.937 152.028 104.132 25.6348 205.064 78.4973 30.6383 9748.21 755.504 2765.36 1991.17 604.724 1386.45 562.799 338.007 41.925 411.881
internal_count=296831 284022 12809 21125 18693 262897 16303 245495 242184 239510 3760 1575 16017 8687 7330 9049 331 239208 236641 2390 17402 6032 11370 11004 2175 8829 232680 8817 223863 181776 20215 14192 161561 126866 103849 23017 1740 34695 42087 5360 5051 4498 2772 319 2453 1550 553 378 126 903 252 202 41608 1825 8272 6132 1680 4452 1534 859 146 1837
is_linear=0
shrinkage=0.05


Tree=76
num_leaves=63
num_cat=0
split_feature=21 18 48 30 61 40 33 50 25 61 2 61 54 47 60 1 30 58 14 27 36 54 1 58 51 38 46 44 46 0 51 57 48 56 15 46 7 48 51 50 59 27 46 44 61 37 59 47 50 33 33 55 61 37 50 1 50 8 7 1 50 50
split_gain=433.596 180.213 81.3765 77.2587 66.4385 58.5903 69.8664 56.5458 53.5962 48.4963 45.9511 52.6722 63.9553 43.8136 64.9761 50.2468 47.9357 43.7834 43.4579 71.3505 41.1565 59.0101 40.0399 40.75 46.2457 43.7467 39.0089 38.2741 39.0191 37.5659 55.5726 45.7028 50.731 42.1096 37.3085 37.003 36.9778 36.5735 36.515 45.7029 36.081 35.5393 51.1397 35.3956 34.729 35.0351 34.107 44.2581 38.2886 65.1012 34.0492 40.2124 58.3064 52.1298 33.2175 32.7128 33.7106 32.4327 65.4425 58.6832 46.7886 35.9085
threshold=10.500000000000002 44946296964.442772 1448954142357.0901 170.50000000000003 7.7052562798773492 37.500000000000007 4.7002336448598143 174.61595239280936 1.0563919830079105 36.054765635935205 8.5000000000000018 24.925648984705344 1.1861983471074382 54.140385527974622 3.5000000000000004 4.8950000000000005 9.5000000000000018 0.59480013772226081 0.36894661413407615 6.7483728611337197 75.73541666666668 -0.21500000000000022 6.9450000000000012 0.14780378300014818 3.8104648972218249 2823492273.4341512 28.922222222222224 0.39070645068696785 37.000117370892028 86.750000000000014 1.834606378510965 1.0000000180025095e-35 769236406.65338385 1.0000000180025095e-35 0.70047497081169696 27.876299376299382 1.6050000000000002 8473895518.8190718 12.857142835003646 222.04092397882437 -0.56638466991089631 24.370552898924064 45.001639344262308 0.60394517809633508 86.937496002661291 10.842784328367228 0.96359376111369366 6.9359842530030855 44.791095621153097 4.3252450980392174 4.9668217054263577 20.663186885742828 31.02711614075492 22.515854058236066 441.9246103158444 5.205000000000001 112.41806039489289 0.14550000000000002 4.6100000000000003 5.9650000000000007 535.17466620435641 27.371554190819612
decision_type=2 2 2 2 2 2 2 2 2 2 2 2 2 2 2 2 2 2 2 2 2 2 2 2 2 2 2 2 2 2 2 2 2 2 2 2 2 2 2 2 2 2 2 2 2 2 2 2 2 2 2 2 2 2 2 2 2 2 2 2 2 2
left_child=1 2 4 7 22 10 18 36 41 -9 13 12 -12 15 40 17 57 29 -7 27 -13 -22 23 25 26 35 55 -20 -29 31 -31 32 33 38 -21 -1 -3 -34 39 -6 -15 -2 -43 -36 45 -8 47 48 -26 -50 51 52 -47 -54 -11 -25 -57 59 61 -17 -60 -59
right_child=8 3 -4 -5 5 6 44 9 -10 54 11 20 -14 14 -16 16 -18 -19 19 34 21 -23 -24 24 46 -27 -28 28 -30 30 -32 -33 37 -35 43 -37 -38 -39 -40 -41 -42 42 -44 -45 -46 50 -48 -49 49 -51 -52 -53 53 -55 -56 56 -58 58 60 -61 -62 -63
leaf_value=-0.025354227816117084 0.042777191273998066 -0.047730561662512452 0.022442441089833488 -0.096294074065705795 -0.0012268942952484777 0.0025527274878065754 0.019161313238503133 0.019514024712724176 -0.049689223820867844 -0.015275927247213814 -0.0047748379289737457 -0.019981338481215107 0.017727948933352038 -0.0020339027968220252 -0.041122240542766891 0.0010868606587437057 0.013996081133250494 -0.00092676046102381298 0.014161664434154939 0.031754600886817766 0.034213159222750325 -0.0092846860452460832 0.031665171223195981 -0.0071146748917558502 -0.0081221258214132629 0.013346349537526354 0.0036495749518347942 -0.042481878779832345 -0.11783775250608995 0.0061427348713348666 -0.017468860598257984 -0.01038078597918379 0.022309509110522072 -0.021533117107038893 -0.0046421319897907154 -0.0040863610104577546 0.034771317563100382 -0.016746414526078283 -0.058002218113998541 0.045877084700405274 0.0040795736127553998 -0.1649578953724988 0.051550013424806973 -0.077553152638389633 0.0365145341795126 -0.0061852808471423359 0.026588683816206 0.0117693693420883 0.070991377100919406 0.0048508622127888751 0.023248077568175051 0.0047263371817870365 -0.1619691748842737 -0.03245141707992575 -0.1046233986569995 1.8470139337354847e-05 0.032085991123290601 -0.015536872699361834 -0.01003506043090237 0.018902829053186819 0.016570035218343063 0.01893382787825525
leaf_weight=282.72272362560034 723.73836389370263 13.87819207459688 438.69413541257381 12.992304563522337 766.51259255036712 5699.3509915322065 690.54881342872977 98.435234852135181 16.503361787647009 37.047947570681572 1893.1441363748163 896.812145806849 378.95481625199318 3260.466149404645 85.983110796660185 6138.2292761225253 714.63445876166224 11328.978195635602 22.208398208022118 68.298898126929998 88.797900915145874 639.45893116667867 124.80900886654854 1616.7171698138118 673.75655608251691 250.48481334373355 10963.188875265419 82.781840778887272 21.67658956348896 1183.1191664114594 315.69639389961958 4265.3015303369612 323.16490954905748 306.78215309418738 218.33577945828438 739.34755845740438 635.67997760139406 73.59252767264843 26.219287887215614 55.204144371673465 9290.5741211101413 5.0421606600284559 5.9410562925040722 18.01953286677599 140.64146643131971 93.014346037060022 249.09237007051706 2255.8409657031298 39.430742856115103 658.91792386770248 189.46678581088781 621.68312845751643 12.915213804692028 19.49780261516571 14.463881708681582 307.92065316066146 111.67915545403957 93.271094731986523 1992.3815919458866 499.84294223040342 180.19974225386977 397.65184567496181
leaf_count=1519 9039 94 1974 67 4602 16187 2835 668 85 219 7936 4987 1114 11361 492 24032 2157 54597 63 211 409 2640 292 7820 2513 745 36357 338 102 5151 1321 23511 945 2333 654 2824 5692 274 98 406 28577 32 81 78 440 316 806 7642 185 2096 746 1941 72 66 78 1122 316 445 9175 1511 957 1485
internal_value=0.00162953 0.00123859 0.000973632 0.0246544 0.000841663 -5.3342e-05 0.00391983 0.0266198 0.0394209 -0.00105594 -0.000747708 -0.00593764 -0.00102168 -0.000257947 0.00219469 -0.00133935 0.00151695 -0.00287381 0.00139465 -0.0139079 -0.0128109 -0.0039809 0.00344203 0.00324795 0.00389853 -0.00538004 0.00246914 -0.0454463 -0.0581193 -0.00588904 0.00116941 -0.00770779 -0.000359231 -0.00565902 -0.000795035 -0.00996943 0.0330086 0.0150652 8.42026e-05 0.00193762 0.00249144 0.0414225 -0.0478441 -0.0102008 0.0126772 0.0106168 0.00869119 0.00746236 0.000381332 0.00858534 0.00431689 -0.000484043 -0.0263094 -0.0840588 -0.0403636 -0.00388613 0.00855344 0.000558187 -0.0041028 0.00242839 -0.00782836 0.0123847
internal_weight=73369.7 72618.5 71806 812.498 71367.3 53093.4 7898.44 799.505 751.225 149.947 45195 3897.17 2272.1 41297.8 12637 28660.8 10016.2 18644.6 6130.67 431.321 1625.07 728.257 18273.9 18149.1 16876.5 1272.56 12999.5 126.667 104.458 7315.59 1498.82 5816.78 1551.48 1154.72 304.654 1022.07 649.558 396.757 847.936 821.717 12551 734.722 10.9832 236.355 1767.77 1627.13 3877.04 3627.95 1372.11 698.349 936.577 747.11 125.427 32.413 51.5118 2036.32 419.6 9301.58 2663.5 6638.07 2172.58 490.923
internal_count=296831 287594 280776 6818 278802 214565 24049 6751 9237 965 190516 17086 9050 173430 40430 133000 39762 93238 17633 1446 8036 3049 64237 63945 58857 5088 45615 503 440 38641 6472 32169 8658 7439 943 4343 5786 1219 5106 5008 39938 9152 113 732 6416 5976 13242 12436 4794 2281 3141 2395 454 138 297 9258 1438 37605 12062 25543 10132 1930
is_linear=0
shrinkage=0.05


Tree=77
num_leaves=63
num_cat=0
split_feature=10 48 48 9 18 62 44 46 10 43 43 20 58 63 45 3 47 33 62 55 56 3 28 0 18 13 63 51 46 44 55 48 42 34 59 53 30 56 37 9 7 34 10 62 9 43 52 48 34 48 27 40 58 34 62 33 28 45 42 33 37 38
split_gain=410.645 105.384 94.5202 83.1802 57.0519 56.4453 54.9576 53.4685 60.4371 52.2516 50.1363 50.115 47.6798 46.4451 53.9147 50.4552 45.124 44.0702 60.5415 43.8514 55.8077 42.5894 42.3565 45.344 41.2115 40.0619 46.3035 39.4229 89.5646 38.3779 34.9718 33.3651 64.6061 93.3813 48.3294 39.5588 41.1749 31.973 37.2253 37.6127 31.6466 31.0851 36.3375 31.6068 40.901 30.8865 29.8778 40.9183 29.2687 38.1889 37.6014 54.631 29.2577 29.1874 31.3557 41.6013 36.0393 50.0682 28.7355 28.4274 30.7816 40.1773
threshold=17.500000000000004 484076989611.0094 49525764906.738258 8150.0000000000009 2849608823.3497171 24.062983868960199 0.49687208998252036 11.614614475566523 5.5000000000000009 4.311200716845879 4.9250850340136072 81.500000000000014 0.70088257582277247 23.699704804120763 0.55880968120323138 108.85000000000001 96.764954085743895 4.7250231910946212 3.3869115780040331 80.551861980007217 2.5000000000000004 245.45000000000002 13046631458.404791 211.45000000000002 67077382.96606379 5.0003731343283588 16.434037748431095 3.4285714263673479 32.816441441441448 0.3993420505086151 192.04310410858594 8998042212.6060047 6.6950000000000012 0.39072822506134403 0.89490028524376763 -0.031813494839713595 41.500000000000007 1.0000000180025095e-35 20.669005663556323 1629.5000000000002 3.6050000000000004 0.35619517121937538 5.5000000000000009 1.6957288840208113 1011552483.0999991 5.0503289473684232 0.38631018539702394 36606493520.552917 0.49884201625145014 119356201642.28354 1.95 51.500000000000007 0.87878364999916148 0.30912061651652362 12.970280177242291 4.7201265822784828 37252866.1589 0.66814535677423381 5.3250000000000011 4.6250482625482645 12.495791289994852 79992356.354355454
decision_type=2 2 2 2 2 2 2 2 2 2 2 2 2 2 2 2 2 2 2 2 2 2 2 2 2 2 2 2 2 2 2 2 2 2 2 2 2 2 2 2 2 2 2 2 2 2 2 2 2 2 2 2 2 2 2 2 2 2 2 2 2 2
left_child=1 3 17 4 11 6 9 -3 -9 29 24 48 19 15 -15 40 -14 31 -19 20 -6 30 -7 -24 -8 26 -22 28 -4 -5 -17 34 33 -33 -2 36 -34 38 -21 -40 -11 42 43 -42 -45 58 47 53 -1 -50 51 -51 -12 -16 55 56 -55 -58 59 60 61 -43
right_child=2 7 27 5 12 22 10 8 -10 13 52 -13 16 14 46 21 -18 18 -20 37 25 -23 23 -25 -26 -27 -28 -29 -30 -31 -32 32 35 -35 -36 -37 -38 -39 39 -41 41 45 -44 44 -46 -47 -48 -49 49 50 -52 -53 -54 54 -56 -57 57 -59 -60 -61 -62 -63
leaf_value=0.0048644390248023354 0.033944560341639042 -0.013187190881501854 0.051197392588467353 -0.0052068989089847327 0.018454355156890877 0.0020056585115717559 -0.0055737810320682013 0.013033538327125458 0.042927909206951775 -0.011969141719654479 -0.0028881568166807671 0.042065205740481719 0.024165362308557422 0.033818498476760946 0.0067831872640560205 0.0072194718313881925 -0.036015802424987663 -0.087011660376152156 0.047429707566010781 -0.014921913085185796 -0.13497338305546977 -0.017905895368170447 0.023507913656256315 -0.067644037958258726 -0.018387129258157702 0.00025685028657284812 -0.022011201606864709 0.048795143974242311 -0.13355083905944473 -0.037677115102515306 -0.014957339834281158 0.052511018737781717 -0.073148984528965816 -0.09067253874844633 -0.022440783542274273 0.031018084098342613 0.023935299142974372 0.025800829456811964 -0.14239193392593225 -0.02728815507681509 -0.0054326479487581854 -0.011876666085264413 0.045890298999822637 0.0010007654157222349 -0.047426840059888203 0.0095823385119641682 0.0099957745380152788 0.012495187217987903 -0.00050087647169954935 -0.0028824127867361818 -0.013778721435666136 -0.14511462948005088 0.0083771150416621226 -0.020400122070893045 0.0035011582088414366 0.0077860032061021897 -0.013191220736265689 -0.091954826196245593 -0.0089614842202492481 0.011925524080156976 -0.016852229304131047 0.040198405354672943
leaf_weight=5524.6368802078068 173.21387401968241 159.1253952011466 19.616441562771801 3023.0727660041302 517.39699932187796 19658.767271250486 4947.7937662824988 1138.6773718558252 198.5495718754828 626.3636339455843 1529.937650706619 82.763412076979876 816.3251563180238 176.24220580607653 200.83777970820665 3809.3235230948776 32.383359111845493 8.8851447924971563 145.53253534808755 107.98920361325145 13.348786912858484 192.29367831349373 328.86257342621684 14.234084300696848 718.67742833867669 98.787813790142536 28.312661163508892 540.96186465956271 9.856382489204405 93.826298363506794 186.4728063121438 15.69026058167219 22.93291537463665 41.520057562738657 48.684469118714333 90.11366880685091 20.851318940520287 34.01806827634573 12.887201722711326 15.797382488846777 2253.5936143174767 83.234520427882671 43.475659668445587 16710.38632459566 43.714203629642725 337.46473823487759 1333.1822019089013 339.85899600014091 2014.3626492582262 12.171575985848905 79.389210928231478 15.160128209739922 924.73407842218876 141.56371884047985 137.54754744842649 71.909851975739002 32.851906143128872 52.294727891683578 2481.9658903926611 376.78317107260227 275.58956328779459 66.737044520676136
leaf_count=17505 898 669 287 22003 1956 53926 17847 4297 1999 3725 5243 749 3392 660 912 16218 125 41 1534 405 66 1283 1163 52 2462 346 120 8718 44 470 1120 133 100 188 213 564 89 103 71 53 21752 413 98 74900 272 912 4500 995 5842 49 390 75 2900 538 382 230 101 201 7864 1330 1129 209
internal_value=0.00155135 0.00108111 0.0313543 0.000802886 0.00518058 0.000130234 -0.000927521 0.0142118 0.0174722 -2.29764e-05 -0.0046132 0.00336649 0.0135396 0.00061773 0.007162 2.57877e-05 0.0218691 0.0169053 0.039694 0.00500743 0.0108668 0.00507844 0.00230962 0.0197263 -0.0071989 -0.0170848 -0.0582055 0.045727 -0.0105866 -0.00618433 0.00618454 0.00838498 -0.00692854 -0.0514036 0.0215736 0.0120742 -0.0269146 -0.0175745 -0.0283706 -0.0790011 -0.000882436 -0.000576154 0.000231066 0.000126631 0.00087441 -0.00482227 0.00512827 -0.00151468 0.00294758 -0.00204512 -0.0311928 -0.0817746 0.00135574 -0.00898931 -0.0162519 -0.0253504 -0.0358609 -0.0615657 -0.00630235 0.00192338 -0.00693232 0.0112966
internal_weight=73253.5 72115.7 1137.86 70619.3 9405.73 61213.6 41211.7 1496.35 1337.23 33090.6 8121.14 7728.48 1677.25 29973.7 2486.29 27487.4 848.709 567.424 154.418 828.538 657.846 4188.09 20001.9 343.097 5666.47 140.449 41.6614 570.435 29.4728 3116.9 3995.8 413.007 191.108 57.2103 221.898 133.898 43.7842 170.692 136.674 28.6846 23299.3 22672.9 19051.2 19007.7 16754.1 3621.77 2310.05 976.865 7645.72 2121.08 106.721 27.3317 2454.67 637.006 436.168 298.62 226.71 85.1466 3284.31 802.344 425.561 149.972
internal_count=296831 284022 12809 277057 31247 245810 190669 6965 6296 162217 28452 24610 6637 139744 8519 131225 3517 3760 1575 3120 2488 18621 55141 1215 20309 532 186 9049 331 22473 17338 2185 1074 321 1111 753 189 632 529 124 112604 108879 97022 96924 75172 11857 7859 3359 23861 6356 514 124 8143 2364 1452 1070 840 302 10945 3081 1751 622
is_linear=0
shrinkage=0.05


Tree=78
num_leaves=63
num_cat=0
split_feature=10 22 48 43 30 35 54 17 62 3 22 52 59 58 26 3 62 0 0 7 57 42 33 62 52 26 40 1 40 30 36 46 51 46 38 63 54 27 55 59 25 30 32 36 62 62 62 44 48 23 48 54 27 48 62 0 47 51 0 40 35 59
split_gain=385.246 104.705 93.2154 71.8635 115.141 59.3212 57.1801 59.4364 50.4635 53.7373 74.0702 156 48.8874 58.0151 47.9815 63.7346 51.709 44.1878 43.9985 66.048 53.4151 51.1557 42.2436 55.3073 41.1952 57.5033 40.5685 40.3207 39.8859 45.6034 51.4828 38.0814 37.7826 80.1454 37.4131 36.9687 36.3984 35.5581 35.5134 34.6851 34.1401 39.9903 34.1432 38.6703 51.3453 60.1963 36.3876 37.3587 39.0623 45.9513 35.0623 33.9687 33.1223 59.9762 32.8496 32.047 31.7361 30.8877 30.7975 30.7802 51.8815 30.7289
threshold=17.500000000000004 7.6950000000000012 49525764906.738258 4.7856282271944925 24.500000000000004 1.0022180351613514 0.28571428571428609 0.047569623414906261 27.909060640760753 108.85000000000001 7.4900000000000011 12.853262660283013 0.14780378300014743 0.43049470426488845 11.563523391812867 108.15000000000002 1.2956641607129524 73.050000000000011 39.650000000000013 6.6200000000000001 3.5000000000000004 5.495000000000001 4.7250231910946212 3.3869115780040331 11.427598484234336 90.616666666666674 3.5000000000000004 6.4850000000000012 345.50000000000006 203.50000000000003 33.142363224151318 225.07857142857145 3.4285714263673479 32.816441441441448 99748861.929866627 0.69868688952389013 1.5000000000000007 15.84944097119048 192.04310410858594 -0.5075190374550268 1.1259486567862114 186.50000000000003 5.1050000000000013 24.102380952380958 18.434800602424641 8.85143200318638 16.970927410320879 0.47702250645057448 1874065481.199981 4.3201694915254247 196408835.02966407 -0.33234313725490233 5.2080066465895092 171503692.13773829 4.7689533494311824 534.55000000000007 101.57083435542724 2.5714285706479596 38.650000000000013 76.500000000000014 0.72382413650542077 0.41467745240824988
decision_type=2 2 2 2 2 2 2 2 2 2 2 2 2 2 2 2 2 2 2 2 2 2 2 2 2 2 2 2 2 2 2 2 2 2 2 2 2 2 2 2 2 2 2 2 2 2 2 2 2 2 2 2 2 2 2 2 2 2 2 2 2 2
left_child=1 3 22 8 5 6 7 26 9 10 18 61 38 56 15 -3 -16 31 20 34 27 -21 -2 -24 28 59 -5 40 29 -10 -31 36 33 -4 54 -28 -8 -6 -11 -37 41 51 43 -42 45 -45 47 48 49 -44 -51 -1 -47 -54 -20 -9 -14 -56 -53 -26 -61 -12
right_child=2 14 32 4 37 -7 17 55 24 12 11 -13 13 -15 16 -17 -18 -19 19 21 -22 -23 23 -25 25 -27 35 -29 -30 30 -32 -33 -34 -35 -36 39 -38 -39 -40 -41 42 -43 46 44 -46 52 -48 -49 -50 50 -52 58 53 -55 57 -57 -58 -59 -60 60 -62 -63
leaf_value=-0.0069308230509716384 0.0080992837334150688 0.008150159493600196 0.051137795754888582 -0.0049941888619608058 0.022133230290742323 0.010816006750195784 0.0094911629593577417 0.010211642260953913 0.0020356088284187654 -0.00034773042321215866 -0.070591168984424274 0.029690346206824744 -0.0061290982439790439 0.0095658898167307622 -0.092442009054548802 -0.12192932286640204 0.035753652060027001 -0.0032473541144154975 -0.018938526045402748 0.0046467870167116723 -0.025569166166393029 -0.0064298269194312807 -0.078579594156816868 0.047141927116627173 0.034643366624895991 -0.017754584253060788 0.0087371656922193806 0.012385559886606459 0.030452386234082446 -0.16073260206057938 -0.0043590757694610049 -0.054543239489785712 0.048632595932748872 -0.12365220344005304 -0.014972373800039802 -0.0055348063082162387 0.034563251398529615 -0.0023402374109285674 -0.020869493360104262 0.0016035974449482714 0.033978997643441138 0.021584847022167036 -0.040514368438078575 -0.034587730775873078 -0.033165738593450837 0.065753935606351344 0.018097607729593488 0.012099191945719671 -0.036038865570885932 -0.041017121717654502 0.019635491897924656 -0.00081145616143949535 -0.051691612426867678 0.052459200677624919 -0.0029361806793847039 -0.06187060435515504 0.018888280926881728 -0.018043909685538345 0.024398664093342112 0.035544458579144643 -0.13520909628498531 -0.16780214802677396
leaf_weight=2484.4376951102167 407.29782873019576 63.759922569617629 18.680934231728319 4011.6972120627761 996.82947208732367 1899.7884307950735 2519.9277028776705 1561.0436840616167 10637.685846082866 4166.8819112014025 13.529285237193106 28.513202399015427 1084.0739369206131 3229.0620992407203 8.0443027317523939 11.048421543091534 355.09301746636629 762.20500529557467 427.330422161147 2530.9571596756577 210.95052328519523 1772.2655175104737 9.3342349752783758 139.2587712071836 259.89126759022474 80.628211177885532 1322.7077350653708 609.12822330370545 123.63213694095612 9.1509182564914244 12.390268564224241 22.393867298960686 516.25579068623483 10.106098927557467 1470.7276725620031 2284.7364404052496 153.5799970254302 174.38194344192743 222.0499907694757 6668.3021238259971 211.20143741369247 189.14011733606458 59.776382148265839 37.994347468018532 65.24854102730751 55.460480287671089 229.59220497310162 198.49808209389448 136.6824603676796 28.276833012700081 151.43759948015213 14135.869654979557 22.703452855348587 35.33760504424572 3611.8555447161198 15.573354028165339 143.55517582595348 373.28529194369912 122.19239186123013 11.259836860001089 7.3538130819797507 20.367704927921295
leaf_count=12571 2185 315 287 18822 4564 4794 7334 5143 29479 17027 59 128 5191 12697 38 96 2824 2240 4352 11728 2083 6651 41 1534 729 248 4054 1820 470 66 59 85 8718 44 4840 6990 365 749 1207 19198 567 950 229 141 245 105 579 502 453 98 398 71498 97 70 16069 55 457 1788 463 97 34 111
internal_value=0.00147704 0.00102852 0.0308309 0.000879461 0.00322769 0.00238542 0.00155651 0.000286593 -0.000188885 -0.00105491 -0.00208814 -0.0565008 0.00235969 0.00604843 0.0254022 -0.0110612 0.0329138 0.00738227 -0.00197172 -0.00462267 -0.000549275 8.49267e-05 0.0164246 0.0392444 0.00277079 0.0194299 -0.000730065 -0.000268129 0.00221594 0.00188844 -0.0707882 0.0103876 0.045524 -0.0102247 -0.008066 0.000934668 0.0109314 0.0184894 -0.00138599 -0.00021806 -0.000692473 -0.00127725 0.00734289 0.0187529 0.00391611 0.0198871 0.00127169 -0.00545059 -0.0147112 -0.00253907 0.0100922 -0.00153552 0.0381224 0.0117194 -0.00576403 0.00949964 -0.00320364 -0.00435131 -0.000595404 0.0301949 -0.0319162 -0.129002
internal_weight=73152.4 72051.5 1100.93 71613.5 22393.2 21222 19322.2 15864.1 49220.4 38078.4 29232.8 62.4102 8845.62 4456.69 437.946 74.8083 363.137 3458.11 29170.3 10186.4 18983.9 4303.22 555.891 148.593 11142 359.133 14287.4 18773 10782.9 10659.2 21.5412 2695.9 545.043 28.787 5883.2 10275.7 2673.51 1171.21 4388.93 8953.04 18163.8 16931.6 1232.21 427.946 216.744 151.496 804.264 574.671 376.173 239.491 179.714 16742.5 113.502 58.0411 4412.47 1576.62 1227.63 3985.14 14258.1 278.505 18.6136 33.897
internal_count=296831 284022 12809 280749 74393 69080 64286 54262 206356 175174 138595 298 36579 18345 3273 411 2862 10024 138297 45428 92869 18379 3760 1575 31182 1108 49064 90786 30074 29604 125 7784 9049 331 27049 30242 7699 5313 18234 26188 88966 85482 3484 1225 658 413 2259 1680 1178 725 496 84532 272 167 22209 5198 5648 17857 71961 860 131 170
is_linear=0
shrinkage=0.05


Tree=79
num_leaves=63
num_cat=0
split_feature=20 22 10 16 50 40 18 33 40 28 51 14 37 62 36 53 1 62 45 8 18 28 33 17 13 53 46 48 58 51 1 62 51 25 26 51 51 51 62 13 56 61 42 0 57 1 50 7 57 62 57 58 44 36 18 37 45 22 27 18 26 18
split_gain=371.565 163.807 69.4099 63.2795 61.2523 57.9325 53.5733 53.0568 67.9833 59.6367 59.3815 48.4582 47.5339 47.529 47.4798 56.4024 45.9829 45.9277 45.4665 44.0537 40.5829 48.0699 107.647 41.4437 50.4706 38.9919 38.7426 47.1098 38.3434 40.9299 49.2564 37.5033 39.357 49.6173 37.4973 48.8888 41.5253 43.7445 37.6821 42.9567 41.6142 37.3251 43.4863 42.9497 40.0037 49.4772 46.3581 43.995 36.8235 62.2588 36.4183 36.3405 40.7517 35.0249 34.6111 54.7201 33.8688 33.6922 33.5724 64.8843 35.3803 46.3329
threshold=73.500000000000014 7.6950000000000012 3.5000000000000004 95.250000000000014 1131.3816962159628 51.500000000000007 108042401.51951171 4.7875484496124043 30.500000000000004 251390406172.1777 9.4956293689966014 0.31663839960647894 0.28392135623730991 0.10456237086455404 12.000787401574806 -0.011637780513146999 7.5950000000000006 41.656739314430816 0.93540349948392765 0.13050000000000003 17339064707.055447 15727459008.375303 4.5833692528735641 8.8579420350242035 4.7900757575757593 -0.0022180351613488498 10.231385927505332 89902999506.42952 0.59480013772226081 1.3775510199337515 4.2550000000000008 5.1326485524383267 9.1432038820463557 1.3478104610790604 23.334848484848489 12.857142808928574 3.3540372656745503 12.619361728345904 0.90469181748027194 4.6223180076628365 1.0000000180025095e-35 14.794196347255502 5.6550000000000011 534.55000000000007 1.5000000000000002 5.6950000000000012 94.924445746405226 14.635000000000002 1.0000000180025095e-35 19.398592890393569 1.0000000180025095e-35 0.9426055981926128 0.39070645068696785 73.32613636363638 1044642866.2919484 16.324274226098229 0.86858896380650297 6.205000000000001 22.796175895252116 186276413.49237296 10.001271186440681 1259636480.9241874
decision_type=2 2 2 2 2 2 2 2 2 2 2 2 2 2 2 2 2 2 2 2 2 2 2 2 2 2 2 2 2 2 2 2 2 2 2 2 2 2 2 2 2 2 2 2 2 2 2 2 2 2 2 2 2 2 2 2 2 2 2 2 2 2
left_child=1 2 5 7 12 13 14 9 31 11 -11 34 -3 -1 15 -2 17 28 51 20 21 25 -23 26 -25 -13 27 -22 29 30 -15 -9 33 -33 36 53 -4 -38 -39 40 -40 44 43 -43 45 57 -46 -47 49 -17 -31 52 -7 -36 -24 -56 -5 -30 60 -60 61 -10
right_child=6 4 3 56 -6 18 -8 8 58 10 -12 19 -14 16 -16 48 -18 -19 -20 -21 23 22 54 24 -26 -27 -28 -29 41 50 -32 32 -34 -35 35 -37 37 38 39 -41 -42 42 -44 -45 46 47 -48 -49 -50 -51 -52 -53 -54 -55 55 -57 -58 -59 59 -61 -62 -63
leaf_value=-0.029402704438885874 -0.14040483119539757 -0.0017988843881407424 -0.0073195813989146812 -0.012923870999346714 -0.12579109147535292 0.020035985594625872 0.045963490317218483 -0.0044596269511415028 -0.11103366261551335 -0.1296867071197037 0.018600801456760876 0.0070917000569740056 0.040469955348196474 -0.0061994886920776664 0.036249478327942189 -0.15733362601488254 0.03005485343605634 0.0090757792317037976 -0.0029473055286781944 -0.070514584541536848 -0.1173958488425082 -0.096132676639245379 0.021143258388561459 -0.11858131956460204 0.014943741029669728 -0.0082484691566605886 0.040155024170845786 0.051483668418851741 0.0021835402674261466 0.0013378488369965545 0.0012071558668313625 0.0093026921299448721 0.027725330461446918 -0.061148409390891591 0.0015283688696321838 -0.081437248832339215 0.03384359194051826 0.05297738918360876 -0.072572604038287192 0.047418836068189724 0.013617843378664738 0.00029972870515794091 -0.0038788467210664522 0.012245272707422698 -0.0057948464829259182 0.015898966360471993 0.0063799026390864867 -0.013998395700504256 0.022171114955000314 0.039244736174237543 -0.0063255380740561556 2.3170183881521883e-06 0.0071185577817234934 0.040907119642602824 -0.0040231033231887831 -0.11275444129538666 -0.081609577348834103 0.01484075583042732 -0.14134781647474701 0.015884930102516445 0.03783678706045307 0.042845301479215787
leaf_weight=137.41467154957354 8.356118477880953 80.9536386243999 110.95128241181374 47.604113236069679 6.1610066741704932 799.66230780631304 520.19805198349059 413.43388693034649 9.3996231034398097 16.62134670466185 11.369079183787106 914.11564038693905 372.85154706053436 2770.9682271592319 92.657331094145775 8.6799347568303364 127.30539189279079 1354.6606734916568 1338.4137269258499 22.483669176697731 9.0551068186759966 43.017790965735912 64.297743938863277 10.779427643865349 20.604825980961323 757.51988857984543 145.10321076586843 7.5915721952915183 10707.281506359577 2022.0645385794342 11819.226266048849 671.68531017750502 326.00561048835516 25.957621693611145 575.76143395900726 16.634313240647316 403.18151027709246 23.226932570338249 37.209908656775951 18.3087477684021 22.455873504281044 11796.026674617082 6889.0558714196086 803.7381485439837 2535.0672499127686 1224.9340490996838 1130.6018960475922 136.78980481624603 43.632273053750396 7.5151010416448107 6645.0297853164375 1186.3601674772799 2582.0154928416014 62.606928005814552 46.106684967875481 15.448105350136755 28.809188671410084 552.91617638245225 7.7887059301137915 41.638184510171413 403.98568770289421 10.2003774382174
leaf_count=2672 57 472 413 168 27 2036 8060 1483 55 74 107 2877 3862 15328 702 68 304 3279 4036 103 48 190 268 84 106 2552 859 97 36307 7317 51913 2463 1504 97 2029 71 1234 47 178 39 66 58519 21455 2594 11333 3435 4595 503 285 65 23718 3546 7373 147 199 91 119 1516 50 271 3273 92
internal_value=0.0014064 0.00106043 0.000870151 0.00635431 0.0308037 0.000430084 0.0381657 0.00701 0.0136619 0.00322229 -0.0694557 0.00383383 0.0329297 -3.02391e-05 0.0129457 -0.0187227 3.64578e-05 -2.68243e-05 0.00515712 -0.000909649 -0.000140105 -0.00242815 -0.0278515 0.0216643 -0.0309176 0.000140135 0.0318667 -0.0403798 -0.000235704 -0.00181617 -0.000199513 0.0082501 0.0133833 0.00668138 0.0115115 0.00318532 0.0203744 0.0264663 -0.00292424 -0.0195761 -0.0401339 0.000791713 -0.0006847 0.00106173 0.00255831 0.00389369 -0.00203979 0.0128957 -0.00172733 -0.0661139 -0.00453764 0.00753168 0.0101731 0.00539038 -0.00451219 -0.0313109 -0.0388196 0.00280506 0.0301036 -0.00889186 0.0346539 -0.0309508
internal_weight=73041.5 72360.5 71900.5 5340.96 459.966 66559.5 681.039 5264.55 1910.1 3354.45 27.9904 3326.46 453.805 60653.1 160.841 68.1834 60515.7 60388.4 5906.45 2056.12 2033.64 1840.51 168.87 193.134 31.3843 1671.64 161.75 16.6467 59033.7 23257.3 14590.2 1437.08 1023.65 697.643 1270.34 655.003 615.334 504.383 101.201 77.9745 59.6658 35776.4 19488.8 12599.8 16287.6 12621.9 3665.67 1361.72 59.8273 16.195 8667.09 4568.04 3381.68 638.368 125.853 61.5548 76.4133 11260.2 473.013 49.4269 423.586 19.6
internal_count=296831 287594 283233 21454 4361 261779 9237 21167 9288 11879 181 11698 4334 244788 1177 475 242116 241812 16991 7474 7371 6177 748 1194 190 5429 1004 145 238533 98276 67241 5547 4064 2560 4224 2247 1977 1564 330 283 244 140257 82568 61113 57689 41761 15928 3938 418 133 31035 12955 9409 2176 558 290 287 37823 3741 321 3420 147
is_linear=0
shrinkage=0.05


Tree=80
num_leaves=63
num_cat=0
split_feature=20 22 9 19 50 19 40 43 47 1 46 0 46 37 57 50 55 7 35 26 44 50 57 33 20 30 48 30 38 0 50 29 47 27 45 51 43 1 50 0 3 61 23 47 45 43 30 59 29 51 35 53 61 44 43 59 0 55 7 3 43 55
split_gain=349.857 152.655 78.4947 65.5383 54.5981 52.3007 47.2128 56.352 46.0635 61.1493 57.8797 55.459 49.8146 45.7862 44.8075 44.7596 44.6376 43.1258 42.5118 41.0604 40.2716 41.3724 39.0226 37.7994 44.0975 40.4039 37.8578 36.6223 39.8267 36.3262 38.1036 41.7876 43.8815 37.3566 36.0628 35.1457 34.449 34.3598 50.3872 56.7748 38.3978 37.4104 36.2186 33.0368 32.2866 54.1505 32.0326 31.4294 30.8972 36.2589 34.3788 32.4776 30.7754 30.6918 29.9988 28.4201 28.3366 28.2006 28.1424 27.8284 30.1618 27.7091
threshold=73.500000000000014 7.6950000000000012 8150.0000000000009 5.9373519612326682e+17 1131.3816962159628 1.3601732482418155e+17 37.500000000000007 4.8480131578947381 54.140385527974622 4.8950000000000005 7.623193277310925 33.750000000000007 65.202000000000012 0.28392135623730991 1.0000000180025095e-35 222.04092397882437 182.1526645376411 3.6050000000000004 0.46258131189818458 11.563523391812867 0.48661953631669991 839.60587267989297 1.0000000180025095e-35 4.6500542299349252 17.500000000000004 170.50000000000003 3059883085.5140729 37.500000000000007 8005331313.1782379 13.418000000000001 8.185252451816643 1.5122946340656042e+19 7.8033035490534015 7.2239640575835855 3.6335971652572252 12.843494002704132 6.0519047619047628 5.1450000000000005 58.322203510172962 15.907000000000002 50.650000000000013 12.959640104307121 6.6512500000000019 10.431638418236608 0.50110901758067572 4.982413583990299 332.50000000000006 -0.99901018088683469 1.6462660407598876e+18 11.785714276243624 0.86858896380650452 -1.0000000180025095e-35 7.8230995325957311 0.44522301955810134 5.3670833333333343 -0.78257835753184624 23.350000000000005 47.978744795886136 6.0150000000000015 49.550000000000004 4.1016949152542388 1.8472054801139055
decision_type=2 2 2 2 2 2 2 2 2 2 2 2 2 2 2 2 2 2 2 2 2 2 2 2 2 2 2 2 2 2 2 2 2 2 2 2 2 2 2 2 2 2 2 2 2 2 2 2 2 2 2 2 2 2 2 2 2 2 2 2 2 2
left_child=1 2 3 18 13 19 8 -8 9 10 47 34 17 -3 16 -10 -5 -13 -1 22 21 59 57 29 43 26 -26 28 -9 48 -31 33 -33 -32 37 -23 -14 -11 39 40 55 56 -42 52 45 -30 -24 -4 50 -50 -16 -51 -25 -19 -54 -39 -40 -2 -43 -12 61 -61
right_child=5 4 6 14 -6 -7 7 27 15 11 20 12 36 -15 23 -17 -18 53 -20 -21 -22 35 46 24 25 -27 -28 -29 44 30 31 32 -34 -35 -36 -37 -38 38 41 -41 42 58 -44 -45 -46 -47 -48 -49 49 51 -52 -53 54 -55 -56 -57 -58 -59 -60 60 -62 -63
leaf_value=-0.053368867981969097 -0.13406472365464797 -0.0017065570167694719 0.066328880192587328 0.024437036329770217 -0.11475472508598006 0.04562914419575561 0.0021971557224407801 0.013192213576859669 0.0031353151708372455 -0.0011093969173817237 -0.022469153363835034 -0.03136750580545427 0.0040816920969173887 0.039889994297637628 0.00042122096849243245 -0.0040798421994668712 -0.045533212325355357 -0.007394834621732415 0.0022269614406007572 0.034605825208034235 -0.0067458664656810611 -0.025170026721543143 0.026102096488011369 0.013100483413466339 -0.028936309275925737 -0.0464112873746075 0.03802361556760505 0.027965769291048933 -0.14918689097830687 -0.087615893118428032 -0.025996902452714882 0.024264858468204097 -0.074918216515134764 0.016861421600384962 0.067274178930888315 0.029519931893068146 -0.062710952065146958 0.060618790720524833 0.021923072578885511 0.0084149603178458685 -0.0077466714139678124 0.018077280017190864 -0.085408580936691222 0.012711086645013473 -0.00023877544080308342 -0.014259441341611926 -0.073977148191991846 -0.029516148099083456 0.032221312712580046 -0.069729692760527803 -0.096183923553994521 0.01839717426463432 -0.018315567123752687 0.0031033146774216364 0.0061939815667472996 0.0068318248081683233 0.0088331734947773143 -0.0064418516200329696 0.0012157770279938671 0.050522253821316754 -0.00083654983024543839 -0.024523405516707758
leaf_weight=34.573107350617647 10.319653674960138 81.063779052346945 8.8506218343973142 652.5187031365931 6.4089394286274901 498.36297482810915 8421.0313427522779 438.36295069009066 12629.349089104682 2767.4510061647743 153.36629644036293 159.53267978876829 2182.3411329090595 359.69430140778422 33.484484635293484 2590.3593170829117 23.618712574243546 2845.598627358675 6308.1892347559333 90.35822381824255 4866.4074324071407 283.80570268072188 39.475504444912076 275.79780853167176 22.953712470829487 17.132627040147781 262.64649157971144 352.99009633436799 11.763151217252018 17.694392412900925 88.468154408037663 15.036534845829008 43.165582586079836 119.55137037485838 22.225049614906311 32.768040036782622 19.476814173161983 31.346548423171043 792.47718526422977 1267.2222880795598 1327.5990909337997 305.08647686988115 15.184301510453222 1269.0177336446941 52.835131153464317 20.214729383587837 10.026217605918644 254.67500237748027 136.89652963355184 18.797749653458595 12.703208014369009 23.554927874356508 286.81260497495532 921.71217387914658 221.07818468287587 113.41956897825003 864.41632499545813 7.4558779001235953 1310.1612698957324 13.115349374711512 16681.480403279886 197.90235968306661
leaf_count=164 76 472 68 2466 27 8060 24553 1124 38700 12277 1132 655 7198 3862 115 9873 84 11378 20438 710 17702 4749 260 870 130 95 2600 1611 59 86 290 72 213 306 58 225 89 93 2670 4340 6327 1195 59 4254 188 79 71 2316 494 97 51 145 1049 2680 665 418 2637 60 5985 130 85773 2208
internal_value=0.00133922 0.00100934 0.000828057 0.00496605 0.0301328 0.037689 0.000167918 0.00345278 -0.000412058 -0.00135496 -0.00300216 0.00112404 -0.00252915 0.0322396 0.0104153 0.00190731 0.0219928 -0.00590462 0.00192392 0.0125865 -0.002726 -0.00159929 -0.0169871 0.00768283 0.0103536 0.0281682 0.032642 0.0155209 0.00712419 -0.00466789 -0.0165663 -0.011844 -0.0492942 -0.0013657 0.00366348 -0.0195092 0.00349086 0.00350272 0.00562052 0.000637924 -0.00598722 0.00981531 -0.00862488 0.00772634 -0.0242389 -0.0638929 0.00583177 -0.0262972 0.010317 0.0197132 -0.0261485 -0.0207169 -0.000345414 -0.00482635 -0.00764688 0.0184784 0.015094 -0.0805338 0.00440056 -0.00126667 -0.00107418 -0.0198591
internal_weight=72941.4 72285.4 71838.2 9883.69 447.167 655.998 61954.5 9297.2 52657.3 37437.6 22492.4 14945.3 6128.66 440.758 3540.93 15219.7 676.137 3926.84 6342.76 157.635 22228.8 17362.4 67.2773 2864.79 2355.44 302.733 285.6 876.166 523.176 509.353 283.916 266.222 58.2021 208.02 8816.59 316.574 2201.82 8794.36 6026.91 2754.77 1487.55 3272.14 1342.78 2052.71 84.813 31.9779 49.5017 263.526 225.437 179.249 46.1877 42.3527 783.689 3767.31 507.891 144.766 1656.89 17.7755 1615.25 17045.9 16892.5 211.018
internal_count=296831 287594 283233 34684 4361 9237 248549 27614 220935 172362 114303 58059 22000 4334 14082 48573 2550 14713 20602 1177 111919 94217 467 11532 9663 2825 2730 3061 1450 1869 967 881 285 596 36059 4974 7287 36001 23724 11237 6897 12487 6386 6838 326 138 331 2384 902 736 166 242 2584 14058 1714 511 5307 136 7180 89243 88111 2338
is_linear=0
shrinkage=0.05


Tree=81
num_leaves=63
num_cat=0
split_feature=20 22 43 31 18 50 17 51 54 37 40 34 62 22 52 46 16 8 31 18 14 27 46 58 50 22 62 62 50 36 18 43 63 52 12 17 36 53 51 12 50 45 28 42 55 50 43 50 61 27 43 18 62 22 16 43 51 55 47 42 39 51
split_gain=329.003 142.188 65.4228 117.816 51.2497 48.9851 46.6024 46.2474 45.6325 44.0672 43.3428 42.3879 42.337 51.015 108.965 65.9266 44.4944 48.6525 48.4193 47.9203 49.4373 49.4447 81.7111 45.1207 43.4291 42.6577 69.3603 127.615 75.6556 53.0791 52.2289 49.6229 47.7182 42.0999 55.1879 41.5892 41.1648 44.2031 41.123 40.9438 40.9117 38.299 37.9663 38.2647 64.1129 60.8355 64.694 43.8009 43.6467 36.9176 47.0156 48.1588 36.7519 53.6391 43.9131 39.9721 38.1199 36.7207 45.4736 35.5093 34.6747 34.3985
threshold=73.500000000000014 7.6950000000000012 4.7856282271944925 0.81666666666666676 108042401.51951171 1131.3816962159628 1.0000000180025095e-35 8.6463010582910567 0.66814634146341467 0.28392135623730991 5.5000000000000009 0.38586842886225114 29.709351895646119 7.4900000000000011 12.853262660283013 52.130952380952387 23.003500000000006 0.14550000000000002 4.9166666666666679 4012297597.6202536 0.37126742625864534 2.2500000000000022 20.000200000000003 0.10452846326765362 393.88566249663955 6.7950000000000008 23.435609643772874 11.933748848671931 84.836879305338769 28.152119047619053 31787728920.71088 4.5333547282841264 143.36538072873091 12.41842585423967 6.0950000000000006 0.99285326212795411 12.000787401574806 -0.011637780513146999 12.857142819948981 5.7950000000000008 693.66653281436766 0.75896123051053821 13046631458.404791 5.3950000000000005 54.235415945348073 41.902546097604521 4.2430501930501938 560.78595961157146 253.65332518485747 1.6693544747606557 4.7375247035573134 3985798.167736372 17.270975952801773 5.7350000000000012 10.100314465408806 4.8667288557213952 0.85714285692857162 156.34724000916631 4.546990951816519 5.6550000000000011 7.3315145331011236e+18 2.7400468381668581
decision_type=2 2 2 2 2 2 2 2 2 2 2 2 2 2 2 2 2 2 2 2 2 2 2 2 2 2 2 2 2 2 2 2 2 2 2 2 2 2 2 2 2 2 2 2 2 2 2 2 2 2 2 2 2 2 2 2 2 2 2 2 2 2
left_child=1 2 12 6 36 9 8 52 10 -3 59 40 13 16 15 35 17 19 25 20 -1 23 24 -22 -23 38 27 29 30 -27 -29 -28 -31 -24 39 -15 37 -2 42 -35 -12 -14 43 44 45 46 -18 -46 -45 50 51 -20 54 56 55 -5 -54 58 -21 -4 -50 -43
right_child=4 5 3 7 -6 -7 -8 -9 -10 -11 11 -13 41 14 -16 -17 18 -19 49 57 21 22 33 -25 -26 26 31 28 -30 32 -32 -33 -34 34 -36 -37 -38 -39 -40 -41 -42 61 -44 48 47 -47 -48 -49 60 -51 -52 -53 53 -55 -56 -57 -58 -59 -60 -61 -62 -63
leaf_value=0.0056506538461545451 -0.11847526527325765 -0.0016190856006037002 0.0007021621650635068 -0.091206975338918417 0.04528549040465582 -0.1056120056906481 0.0093285440056613943 0.038120603714314062 0.010498590431758765 0.039303331077647899 0.0048473676896891513 -0.001001380109843631 0.0078364376433392412 -0.087759211648658478 0.028301035380677506 0.017178677546879767 -0.017196446367291628 -0.044157379532858476 0.0031561090285554313 -0.0053666875286165457 -0.044630317977081418 -0.059063304810473373 0.0057110613089343207 0.0086552940884415796 0.012833627772212584 -0.053912255756076201 -0.07973332393322316 -0.062280184416651112 -0.11328756319223575 0.03460988767931629 0.025189027800752096 0.028774056208173117 -0.058783628903070373 -0.071254577697918958 -0.12400813334321791 -0.20616332711573293 0.034940229301739144 -0.0009541594768439891 -0.046585254970821888 0.03251990207691971 0.041610039702582355 -0.00024525335463422294 0.044353671940974421 -0.0025969943867206226 0.0043456399173559682 -0.0066979385565156084 0.0044100601444353807 -0.017276394390735243 -0.023903777341126739 0.027825139837408981 0.051394149318724824 -0.10182284566976846 0.001203354033084806 0.021960456889726681 0.027165803459952339 0.036915421505961908 -0.040073698313601094 -0.063047215603986559 0.033645766571545575 -0.0066133717066134733 0.048441585254959493 0.014378278696619033
leaf_weight=3233.8313048668206 9.2666012905538064 81.168362366035581 3919.5082579609007 15.351703163236381 477.56510513089597 6.6099888235330573 2054.4757188819349 237.12447478994727 1286.657560877502 347.13059444725513 6404.8449624106288 4581.8874067440629 2706.9640454500914 27.598015744239092 34.437006704509258 11.497455999255179 388.33754659071565 52.336798802018166 24.656451389193535 100.80880834534764 43.741535663604736 135.75943534821272 234.73807976022363 432.96406657248735 24.848310574889183 31.864891685545444 11.903457581996916 57.481657419353724 52.36455786600709 86.932696640491486 24.272986501455307 91.76495673134923 16.230527564883232 16.546507298946381 15.199217244982718 10.141605228185652 87.104813065379858 58.598666194826365 50.351393051445484 22.334689319133759 76.583528243005276 5962.7367563545704 45.348129972815514 18813.740139424801 7446.0138825867325 4371.5513037331402 3211.5320908129215 241.83000638894737 335.85171985439956 233.71539621055126 18.58893271535635 19.616319485008717 181.95008859783411 220.47910489886999 439.43284545093775 10.087913036346434 80.76076852157712 12.642357736825941 288.35361164808273 2875.9066410586238 17.421877637505531 431.22024321556091
leaf_count=11198 57 472 18110 100 8060 27 6930 2165 3466 3862 17490 12695 7117 135 235 77 3128 247 70 480 165 537 646 1219 76 111 47 234 237 356 140 412 56 67 65 57 702 418 198 55 199 17007 181 79578 32901 26488 15997 2462 1902 1124 72 88 605 1335 1661 28 364 51 1119 10519 34 1197
internal_value=0.00127484 0.000960342 0.000787633 0.00302991 0.0371781 0.0294634 0.00217224 0.0183713 0.0014043 0.031548 0.000749088 0.00267958 -0.000228631 -0.00092439 -0.0399251 -0.0876432 -0.000843224 0.00377642 -0.00144212 0.00432637 0.0027337 -0.00745163 -0.0193501 0.00376591 -0.0479398 -0.00161117 -0.0184346 -0.0318193 -0.0663649 0.0024938 -0.0363105 0.016315 0.0199164 -0.0034517 -0.043223 -0.119577 0.0121939 -0.017001 -0.00143157 -0.011643 0.00528175 0.00285145 -0.00136637 -0.00142591 0.000407707 -0.00273419 0.00207925 0.00366549 -0.00292395 0.0186763 -0.0153386 -0.0433578 0.0134318 0.00377572 0.0234683 -0.0404009 -0.0114858 0.0208156 0.02354 -0.00239387 -0.020336 0.000740985
internal_weight=72842.6 72210 71775.1 22385.1 632.535 434.909 21199.9 1185.19 19145.4 428.299 17858.7 11063.3 49390.1 40289.1 83.6741 49.2371 40205.5 4614.1 35591.4 4561.77 4159.96 926.132 449.426 476.706 160.608 35294.8 372.816 269.147 134.119 135.028 81.7546 103.668 103.163 288.818 54.0804 37.7396 154.97 67.8653 34922 38.8812 6481.43 9100.92 34871.6 34826.3 15659.3 7971.42 3599.87 7687.84 19167 296.577 62.8617 44.2728 948.062 483.19 464.872 25.4396 262.711 401.805 389.162 6795.41 353.274 6393.96
internal_count=296831 287594 283233 75667 9237 4361 69409 6258 62479 4334 59013 30384 207566 182245 504 269 181741 15925 165816 15678 14028 2830 1446 1384 613 164462 1593 1134 611 523 374 459 412 833 187 192 1177 475 162869 122 17689 25321 162671 162490 80976 45613 19125 35363 81514 1354 230 158 4093 2304 1789 128 969 1650 1599 28629 1936 18204
is_linear=0
shrinkage=0.05


Tree=82
num_leaves=63
num_cat=0
split_feature=20 22 9 18 18 62 36 50 54 43 44 31 57 62 59 33 55 3 47 53 56 62 35 44 55 55 32 16 33 31 18 25 59 28 47 18 42 36 25 50 35 61 50 31 26 46 54 7 16 24 25 46 59 23 55 47 45 43 42 58 20 42
split_gain=308.974 134.261 68.0718 59.7274 50.0879 46.0945 44.5838 44.2508 41.8612 47.4986 67.2798 54.5158 40.6535 44.0725 51.8337 42.2976 39.9115 39.6218 39.3679 39.2971 40.8636 58.9011 37.8746 37.0043 34.7566 37.6984 34.7053 41.3962 34.326 33.8136 33.7951 33.1668 32.6557 32.1391 43.1454 32.0022 30.2215 34.2631 30.1619 30.0009 43.8966 37.141 31.9411 35.0477 30.3866 30.102 29.5356 33.1353 29.1695 29.0183 28.7264 28.6542 47.1249 33.4528 32.7456 30.8328 28.4896 28.0784 39.0137 39.8219 34.2735 27.6907
threshold=74.500000000000014 7.6950000000000012 8150.0000000000009 471620630.2302705 72610208.595373318 24.062983868960199 12.000787401574806 1131.3816962159628 -0.95571428571428541 4.7920227272727294 0.49076638763949182 0.81666666666666676 1.0000000180025095e-35 14.7523866719773 -0.74892720285008296 4.637511467889909 182.1526645376411 108.85000000000001 1.0000000180025095e-35 -0.009989729845616949 1.5000000000000002 7.7057921137138736 0.46258131189818458 0.51427947141465546 192.04310410858594 46.736717395173493 6.6050000000000013 53.355000000000011 6.800625000000001 5.6833333333333345 127861768152.6748 0.47319100204225523 0.13052122218260651 13046631458.404791 66.006485237608601 69898535.163809404 7.995000000000001 10.95027777777778 0.9083804112100039 39.677227114755716 3.6191206825271096 29.440853760098722 152.48791565509131 1.3500000000000003 400.67500000000001 9.9983333333333348 -0.64116019101367427 4.1100000000000003 15.904166666666667 0.70257067654430594 1.2160245493291051 30.550438596491237 0.98897820466835418 4.6112876333092157 26.706199187469299 11.963142630952953 1.3103712816046393 4.3765165441176483 5.7950000000000008 0.11319890333640062 35.500000000000007 5.3950000000000005
decision_type=2 2 2 2 2 2 2 2 2 2 2 2 2 2 2 2 2 2 2 2 2 2 2 2 2 2 2 2 2 2 2 2 2 2 2 2 2 2 2 2 2 2 2 2 2 2 2 2 2 2 2 2 2 2 2 2 2 2 2 2 2 2
left_child=1 2 3 22 6 8 19 18 -4 10 17 28 16 29 -15 23 -5 57 32 -2 21 -21 -1 -16 25 39 -17 -28 31 30 51 -11 -3 36 -35 46 37 -7 -27 41 42 -19 45 -44 -43 -41 -12 50 -47 -24 -48 55 53 -53 -54 -14 -33 58 59 -10 -61 -59
right_child=4 7 5 12 -6 33 -8 -9 9 11 35 -13 13 14 15 26 -18 24 -20 20 -22 -23 49 -25 -26 38 27 -29 -30 -31 -32 56 -34 34 -36 -37 -38 -39 -40 40 -42 44 43 -45 -46 48 47 -49 -50 -51 -52 52 54 -55 -56 -57 -58 61 -60 60 -62 -63
leaf_value=-0.049844447951683864 -0.12146766954557486 -0.054861339934462107 -0.015935003862939886 0.023347737670018177 0.044189883227874489 -0.063150725367170188 0.035193945907205898 -0.097881370842191173 -0.024902442520056963 -0.027911093724414967 0.015287876975699291 0.016734304961854813 0.0024624550594088703 -0.0083210053124319599 0.013674935817752138 0.015424531508732865 -0.042312616402840765 0.0081934899998662488 0.037848158495202601 -0.15442778770476318 0.046028543271468748 0.0086902830591513505 0.0024707834212086503 -0.032399551863358321 -0.016706498578902197 0.026658353229589173 0.041426838582015825 -0.019553140366501909 -0.043165845474296305 -0.076588020627879491 0.035633164818772475 0.0010375909179626299 0.019319524815198913 0.025551255320383926 -0.023891033832596206 -0.018602100693221154 0.024634331181679955 0.001740821051292994 0.0064464803750236763 -0.055155152998014913 0.072677432145873841 -0.017804892046815079 0.005259383578404212 -0.050790477950972815 0.075746159848448097 0.031567814881659169 -0.033985154737848487 -0.0056025039236135624 -0.015830426597388893 -0.022839995225891769 0.033816117040682846 -0.054658758206999149 -0.01946181988053626 -0.0018186306803649164 -0.13209961885590416 0.028440722732489911 0.012044565693793542 0.0012743044474648377 -0.029960439254572837 -0.0037228344673324722 0.047986983419539372 -0.0029149472526033503
leaf_weight=35.415092561393976 8.9991831108927709 21.302219906821847 452.7075525149703 641.2399276830256 479.59213360585272 20.36284376680851 66.683113653212786 6.7709892541170111 226.46777209453285 95.736274924129248 160.09798492491245 596.16437895968556 684.43759612366557 215.12463661655784 121.29868853837252 548.81539218500257 24.010208170861006 1085.0696856491268 348.58582622557878 8.7208251096308249 19.963811941444874 15.14583048969507 6188.8451354131103 68.013214632868767 212.45341828279197 198.93002697452903 304.26753768883646 30.63271176815033 43.381913632154465 13.718108788132666 72.293699018657207 10694.335280161351 48.87488716095686 275.24961513653398 52.548000641167164 551.23850402981043 144.3643613755703 19707.569912023842 2558.8779455721378 45.412249736487865 17.016459949314594 217.39036921039224 427.23038004338741 29.838009789586067 9.0410988107323629 34.712874576449394 163.71658048406243 3686.5164478011429 500.08806210756302 115.35078825801611 17.270301267504692 31.571110010147095 13.46663646027446 584.51793486252427 12.388154871761797 137.09570121020079 622.07874098420143 7731.3352492116392 159.78311251103878 3054.3819090500474 32.384155213832855 8053.5974296648055
leaf_count=164 50 116 2279 2472 8261 80 526 27 1748 345 586 2456 2487 815 364 1829 84 5121 3992 65 113 106 20090 262 1412 573 2094 119 151 66 729 38584 267 995 174 1857 551 54135 10459 404 80 1270 2749 118 26 104 767 13299 2749 369 38 123 56 2049 57 508 1852 37714 667 20575 113 44540
internal_value=0.00121403 0.000917084 0.000750939 0.00461325 0.0369729 0.000136582 0.00801187 0.0289193 -0.000813489 -0.000647432 -0.00173829 0.00199314 0.00985313 0.00724506 0.0140792 0.0185701 0.0209779 -0.000702224 0.0309696 -0.0262981 -0.00675811 -0.0509127 0.001718 -0.00287803 0.00311034 0.00393205 0.0231648 0.0358491 0.00122598 0.00156354 0.00226162 0.00139473 -0.00319803 0.00209679 0.0176253 -0.00730322 0.00184064 0.00167384 0.00790443 -0.000698537 -0.00697841 0.00434977 -0.00828515 0.00160038 -0.0140695 -0.0160726 -0.0057568 -0.00662796 -0.0127539 0.00200766 -0.0275154 0.000613116 -0.0073016 -0.00452639 -0.0734315 0.00679765 0.00164266 -0.00175862 -0.00582886 -0.00466509 -0.00318033 -0.000863085
internal_weight=72744.5 72145.4 71719.9 9842.5 599.105 61877.3 119.513 425.534 41677.3 41224.5 29172.9 12051.7 3502.89 2837.64 1288.15 1073.03 665.25 24594 418.763 52.8297 43.8305 23.8667 6339.61 189.312 5336.06 5123.61 883.716 334.9 11455.5 1549.49 1535.77 11412.2 70.1771 20200.1 327.798 4578.84 19872.3 19727.9 2757.81 2365.8 1054.3 1311.5 1037.28 457.068 226.431 580.213 4027.6 3867.5 534.801 6304.2 180.987 1463.48 641.944 616.089 25.8548 821.533 11316.4 19257.9 3473.02 3313.23 3086.77 15784.9
internal_count=296831 287710 283308 34737 9121 248571 860 4402 192636 190357 146969 43388 14114 11558 5483 4668 2556 130422 4375 334 284 171 20623 626 25065 23653 4042 2213 40932 6075 6009 40781 383 55935 1169 16547 54766 54215 11032 12621 6204 6417 6124 2867 1296 3257 14690 14104 2853 20459 805 5280 2285 2172 113 2995 40436 105357 23103 22436 20688 82254
is_linear=0
shrinkage=0.05


Tree=83
num_leaves=63
num_cat=0
split_feature=21 22 9 18 16 37 1 5 40 43 60 42 43 44 0 0 51 50 55 62 52 51 5 50 59 14 18 46 62 46 52 27 46 17 40 9 3 40 58 48 54 35 24 52 27 46 52 63 9 50 51 45 44 24 46 62 22 50 1 61 44 48
split_gain=290.691 126.692 61.884 56.048 48.9217 45.0593 44.9761 51.8137 42.0822 76.9299 47.7504 45.7057 51.2279 56.5398 44.1133 39.1539 38.3924 34.9916 36.501 34.9043 34.6264 43.5831 34.3789 34.2889 47.4699 49.6684 46.0916 40.9049 43.6403 49.1094 44.1114 35.9938 38.692 40.3327 46.7498 37.2169 33.5347 41.5567 33.1591 33.387 32.3429 32.2242 31.6636 45.7191 36.1689 35.3392 34.1297 31.653 36.4162 31.2223 30.8744 30.668 30.3832 32.9519 53.7067 49.6513 30.1952 48.9212 30.0441 29.5895 35.964 30.2554
threshold=10.785714285714286 7.6950000000000012 8150.0000000000009 2849608823.3497171 10.000974025974028 0.28392135623730991 6.9450000000000012 0.92500000000000016 21.500000000000004 4.9752049180327882 2.5000000000000004 5.495000000000001 4.9200946372239756 0.16248076809271908 5.9720000000000004 65.450000000000017 12.857142808928574 86.787871088087329 144.64718221907995 0.79558325657812856 2.0470834792071355 12.857142733163268 1.2350000000000001 66.890237606094573 0.87032255546191728 0.97057287917463253 32486085181.563656 22.361000000000004 25.054053297154667 31.380384615384624 12.203411376696158 67.212521510666818 18.404761904761909 0.3499271061118826 6.5000000000000009 484.50000000000006 139.25000000000003 30.500000000000004 0.026175951569892244 479622824.11191589 -0.95571428571428541 0.51201033655962302 0.68501024116969489 12.822262392796253 19.700180132982471 52.929100529100531 2.1112829382639986 2.9716166768370393 206914.50000000003 342.2143492731139 2.4107142842614002 0.90254478268542127 0.3155682704793582 0.5090328937681351 11.23509586405156 19.58953287197232 7.4900000000000011 132.03240143129486 5.0850000000000009 41.069178346211743 0.10000000000000012 41143336.239433885
decision_type=2 2 2 2 2 2 2 2 2 2 2 2 2 2 2 2 2 2 2 2 2 2 2 2 2 2 2 2 2 2 2 2 2 2 2 2 2 2 2 2 2 2 2 2 2 2 2 2 2 2 2 2 2 2 2 2 2 2 2 2 2 2
left_child=1 2 3 56 50 -3 8 15 10 42 11 14 16 -14 -4 -8 22 18 47 -20 -12 -22 -13 26 27 -26 31 -25 30 -30 41 32 33 34 35 -5 -32 -38 -19 -40 -15 -29 51 44 -44 46 -46 58 -49 -24 -2 -10 -52 -54 -55 -56 -1 -58 59 -16 -61 -62
right_child=4 5 6 23 -6 -7 7 -9 9 -11 20 12 13 40 17 -17 -18 38 19 -21 21 -23 49 24 25 -27 -28 28 29 -31 36 -33 -34 -35 -36 -37 37 -39 39 -41 -42 -43 43 -45 45 -47 -48 48 -50 -51 52 -53 53 54 55 -57 57 -59 -60 60 61 -63
leaf_value=0.0027699759691972125 -0.053268781610468122 -0.0044954869086418761 -0.021222151319420131 0.040339913814831596 0.044392900180544148 0.036606511258897773 0.011355154720998246 0.043241792955957391 0.0032570915447530744 0.016931462058587986 -0.0060629539337350834 -0.0048573655199431222 -0.00939988865719504 -0.015063308400329543 0.0016010429084155665 -0.042052825011441322 -0.036252417154274116 -0.030855922280703066 0.091238194003847362 0.017990894501313231 -0.033863082972452489 0.024133713791385517 0.0040923669311364172 0.029846107142737541 -0.0095528274872896807 -0.096535854081969186 0.037609647088236331 -0.11143522235515431 -0.071692559979918843 0.034024635144331607 0.0072230168851418787 -0.069079208164178812 0.021015818922513422 0.012254009141174194 -0.10846179471555568 -0.051910983465811772 -0.10228665257328413 0.022051229597834766 -0.0007613588073016066 0.021774680505498158 0.0035280392675763315 -0.024158869510245411 0.0046569705456784528 -0.0691220323409132 -0.0020812305002207458 -0.012087274479630867 -0.092903737843533146 0.0051151732630694228 -0.0051759000695144062 -0.023709955076173565 -0.10505977998701697 -0.0010997085374670171 0.040157220004655256 0.053239385127690192 -0.21526934758300564 -0.0047911301187083307 -0.0045213197243600982 -0.13772000623755873 0.011305383096386144 -0.012068986029930829 0.045409433229877685 0.013429991174590162
leaf_weight=7925.9247011616826 17.337257999926805 83.376413322985172 217.60542944632471 19.362197503447533 447.70525741577148 332.99084653891623 329.75214322656393 123.34696894884109 11174.767158053815 821.76852994412184 1219.6553072500974 11361.287791671231 1101.9138461351395 242.92767290025949 3847.6302966289222 38.302578181028366 91.923573695123196 90.077930487692356 17.77474756538868 191.39570595696568 233.51692619547248 37.610131733119488 1747.0881116576493 199.26891590282321 118.25948043167591 19.056154564023018 246.40996866486967 12.565835662186144 11.861832261085508 148.66865356639028 349.52106453850865 13.317479141056536 487.91969603486359 101.97257705405354 17.37826132029295 25.113424956798553 15.993186391890051 11.590007644146679 9778.6381032224745 167.15630942583084 6320.3292686715722 66.794981177896261 318.4966048412025 30.901600144803524 16.048851683735847 221.73152021318674 29.098990961909294 1525.7322745025158 1969.0332965515554 107.17654371075332 4.7186862826347342 6325.5260016322136 76.598583741113544 10.164316095411779 5.3676583487540466 5.861784178763628 22.306243445724249 9.9766008108854276 1547.1358103752136 112.08191158249974 90.620120201259851 402.31693189591169
leaf_count=25529 118 484 1808 40 7844 3953 882 271 31442 2598 7011 53789 4342 1032 18544 170 312 633 61 792 1143 116 7240 831 507 89 2164 78 54 709 1546 52 2008 397 88 84 75 75 48775 386 18479 267 924 151 44 630 121 5943 11006 1111 41 20605 828 85 43 61 141 52 5158 1003 582 1484
internal_value=0.00115562 0.000874956 0.000715197 0.00440177 0.0367927 0.0283759 0.000129684 0.0151961 9.02263e-06 0.00196876 -0.000865886 -0.000545734 -0.00217562 0.00108037 0.00116709 0.00579711 -0.00405109 0.0014139 0.00355478 0.0242153 -0.00965577 -0.0258179 -0.00382711 0.0122034 0.00557519 -0.021624 0.0191378 0.0101508 0.00378982 0.026213 -0.00409601 0.0122938 0.0139566 -0.00706783 -0.0389219 -0.0117501 0.00303439 -0.0500419 -0.000656118 -0.000382602 0.00283991 -0.037978 0.00129005 -0.00984895 -0.00671997 -0.0202973 -0.0606188 0.00309962 -0.00068306 0.00248539 0.00844887 0.00168231 0.0188666 0.0248341 -0.0300291 -0.105399 0.00257342 -0.0456847 0.00530296 0.00321733 0.0134961 0.019309
internal_weight=72657.8 72090 71673.6 9823.26 567.754 416.367 61850.4 491.402 61359 18938.3 42420.6 40929.8 20972.6 7665.17 19957.2 368.055 13307.5 19739.6 9703.72 209.17 1490.78 271.127 13215.6 1865.05 953.58 137.316 911.474 816.264 616.996 160.53 456.465 665.064 651.746 163.826 61.8539 44.4756 377.104 27.5832 10035.9 9945.79 6563.26 79.3608 18116.6 616.278 585.376 266.879 45.1478 9494.55 3494.77 1854.26 120.048 17500.3 102.711 97.9923 21.3938 11.2294 7958.21 32.2828 5999.79 4452.65 605.019 492.937
internal_count=296831 287811 283374 34786 9020 4437 248588 1323 247265 56515 190750 182480 86305 23853 96175 1052 62452 94367 44573 853 8270 1259 62140 9064 4231 596 4833 3635 2804 763 2041 2669 2617 609 212 124 1696 150 49794 49161 19511 345 53917 1870 1719 795 165 43720 16949 8351 1176 52047 1058 1017 189 104 25722 193 26771 21613 3069 2066
is_linear=0
shrinkage=0.05


Tree=84
num_leaves=63
num_cat=0
split_feature=20 22 61 16 28 37 40 43 63 2 5 61 43 55 22 52 43 45 40 1 50 0 3 1 3 33 58 32 1 61 23 38 43 63 8 7 47 1 26 33 37 16 44 40 27 56 7 28 46 16 50 43 53 63 44 28 37 48 16 50 5 48
split_gain=273.549 117.636 57.1589 47.4197 45.9758 42.9629 42.1328 88.154 45.5806 42.0651 44.6792 44.071 40.857 50.188 39.7045 93.0936 39.4674 38.5724 36.6019 35.8174 41.6324 36.421 33.9663 33.1258 32.7629 34.9639 32.5753 31.6684 31.0504 43.802 30.9706 30.4265 30.1282 29.9162 29.6216 37.3102 32.6212 31.717 29.7778 29.5365 33.3232 30.8642 60.5323 29.4894 29.41 29.3573 28.7837 28.4514 64.4802 31.0454 38.5098 28.0789 27.4814 33.2859 29.6346 27.1256 32.8021 30.8686 30.0384 26.7912 26.3322 25.9471
threshold=75.500000000000014 7.6950000000000012 7.7052562798773492 10.000974025974028 11429809256.922129 0.28392135623730991 37.500000000000007 4.8500871080139385 28.462487365846037 8.5000000000000018 0.90500000000000014 25.250327774250216 4.6400304878048795 58.160212032788749 7.4900000000000011 12.718699864211478 4.2601136363636369 1.1428802155348754 308.50000000000006 5.6950000000000012 32.813528606485995 33.050000000000004 120.05000000000001 5.1850000000000014 122.05000000000001 4.1279220779220793 0.59480013772226081 4.745000000000001 4.4850000000000012 9.3731723274494723 4.3201694915254247 1134817814.1154001 4.9002551020408189 35.931126947970078 0.14550000000000002 5.2100000000000009 26.056245702034193 5.9650000000000007 58.608333333333341 4.2010204081632674 1.0000000180025095e-35 22.510000000000002 0.37723534817846777 40.500000000000007 6.7483728611337197 1.5000000000000002 10.615000000000002 8355271571.5209713 10.231385927505332 23.581944444444449 169.68417681478135 5.0118347338935587 -0.011637780513146999 121.73029870830875 0.3155682704793582 8105835306.184062 74.950989592249172 1242531925.6854339 168.65000000000001 1512.2435472998675 1.1450000000000002 146832115.69885862
decision_type=2 2 2 2 2 2 2 2 2 2 2 2 2 2 2 2 2 2 2 2 2 2 2 2 2 2 2 2 2 2 2 2 2 2 2 2 2 2 2 2 2 2 2 2 2 2 2 2 2 2 2 2 2 2 2 2 2 2 2 2 2 2
left_child=1 2 4 52 18 -3 9 14 43 16 -11 31 13 -6 -8 -16 -4 26 19 22 -21 -22 51 27 39 45 28 60 47 -30 -20 -12 46 44 35 36 -28 55 -36 61 -41 42 -42 -9 -29 -26 -13 -18 -49 -50 -51 -1 53 -2 -54 56 57 -37 -57 -7 -24 -19
right_child=3 5 6 -5 12 59 7 8 -10 10 11 32 -14 -15 15 -17 17 24 30 20 21 -23 23 -25 25 -27 34 33 29 -31 -32 -33 -34 -35 38 37 -38 -39 -40 40 41 -43 -44 -45 -46 -47 -48 48 49 50 -52 -53 54 -55 -56 58 -58 -59 -60 -61 -62 -63
leaf_value=-0.00058186512191057071 0.032102347915128844 -0.0042560353169060093 -0.0098331148364921156 0.044034498127739699 0.010534650086067939 0.037719874751772894 0.0018592046679388298 0.042740168227126035 0.032631677612438945 -0.010990770039345111 0.0077954437669887529 -0.012165798547437335 0.02062137653892239 -0.039665447593975244 -0.095000646263966676 0.035535817824841019 -0.0051772279426842514 -0.024225102958827332 -0.048345994208687432 -0.0034415315107664251 0.019293081769995658 3.3794570554819511e-05 -0.013115485152123851 0.044562121149842163 0.021264512288738192 0.011122618650339882 -0.020632664773508058 0.01563374839295217 -0.013423945354512384 8.9548124692149039e-05 0.021970071686324581 -0.017374649089643552 -0.058752648873849928 -0.0080718580442984203 -0.0052497509135334625 0.0014406475855776053 -0.0015077964596335218 0.016749625428183972 -0.078189184453712812 0.010068707651815105 0.042932514355321819 -0.00064004630114602274 -0.036493344727089143 0.0019201446681513354 0.0033529075649078848 0.12630532594588414 0.024740230910752725 -0.1116289571979434 0.021550795261949626 -0.014858979057101979 -0.099216666412261637 0.0062360955511043753 -0.10234094634874875 -0.082111659080346677 0.027825189796733568 0.012221143556384775 0.0068907336573406129 -0.0037944639971902341 -0.057602810167934664 -0.081955316140379181 0.021080956184810151 0.012394441558040637
leaf_weight=11002.298016952351 10.621123090386391 83.656547445803881 1052.8493142575026 429.24997738562524 183.89075988531113 317.57678330130875 7265.4855425432324 51.343103043735027 354.39385110139847 1974.9868177101016 1132.5764361582696 539.35729005001485 656.40524319373071 68.274045534431934 32.62897564470768 23.491794306784868 4435.7528571691364 182.7640339769423 16.441865898668766 478.2490298897028 885.41894200444221 339.64120953530073 329.37206578068435 56.103519633412361 14.590867280960085 811.31496701017022 349.68473474495113 1089.1983926724643 644.69312341138721 8582.8284286633134 329.12534933164716 134.30448516458273 31.458748027682304 254.70761965960264 1610.4783106707036 11544.536259993911 615.30202835798264 341.23214473947883 14.115536585450171 1253.6617760807276 100.84606420248747 2974.2454143278301 31.475700467824936 320.01074584573507 882.4924388229847 12.225129187107084 58.568182183429599 19.756052583456039 40.541506368666887 68.04905054345727 16.885989271104336 1750.365162037313 4.6048329584300509 15.972057610750198 86.713807413354516 724.40437038429081 2056.2284320890903 3724.1775000616908 15.737710461020468 4.7464209198951712 67.899535965174437 65.784529443830252
leaf_count=40508 123 484 9165 7844 733 3935 21907 162 1871 10022 4023 2261 3559 276 169 196 21153 1143 62 1640 2506 1027 1644 159 79 3447 2093 3676 2531 34718 1238 421 143 919 7319 52539 2138 1020 56 4914 290 11253 111 1140 2442 46 231 98 158 273 71 5358 41 85 927 2934 5736 11176 53 18 293 274
internal_value=0.00110012 0.000832543 0.000680392 0.0363199 0.00308352 0.0276711 -0.000149952 0.00318321 0.0198049 -0.000743706 -0.0057274 -0.000245516 0.0140496 -0.00305711 0.0015356 -0.0403589 -0.000276608 -2.66392e-05 0.00251357 0.00218867 0.00906942 0.0139536 0.00142922 0.00654638 0.00388591 0.0129793 -0.000638956 0.00573346 -0.00252517 -0.00085459 0.0186245 0.00512711 -0.01106 0.00805391 0.000601562 0.00114544 -0.00843812 0.00164787 -0.0058835 0.00223224 0.00318791 0.000411151 0.0240393 0.00756389 0.0101371 0.0691515 -0.00855077 -0.00589023 -0.027667 -0.0144474 -0.0316302 0.000353933 0.00823527 -0.0364954 0.0212614 0.00136262 0.000962155 0.000163756 0.0107365 0.0359576 -0.00727081 -0.0145328
internal_weight=72565.8 72018.6 71612.7 547.162 18389.9 405.98 53222.8 8047.35 725.748 45175.4 3871.25 1896.27 908.57 252.165 7321.61 56.1208 41304.2 40251.3 17481.3 17135.7 1703.31 1225.06 15432.4 2679.77 5446.91 838.131 34804.4 2623.67 13808.5 9227.52 345.567 1266.88 629.384 2226.4 20995.9 19371.3 964.987 18406.3 1624.59 4608.78 4360.23 3106.57 132.322 371.354 1971.69 26.816 597.925 4580.99 145.233 125.477 84.935 12752.7 117.912 26.5932 91.3186 18065.1 17324.9 15268.7 740.142 322.323 397.272 248.549
internal_count=296831 287811 283374 9020 66040 4437 217334 25445 3173 191889 17101 7079 4568 1009 22272 365 174788 165623 61472 60172 5173 3533 54999 9133 21557 3572 144066 8974 59002 37249 1300 4444 2635 7037 85064 77689 4231 73458 7375 17985 16568 11654 401 1302 6118 125 2492 21753 600 502 344 45866 1176 208 968 72438 69451 63715 2987 3953 1937 1417
is_linear=0
shrinkage=0.05


Tree=85
num_leaves=63
num_cat=0
split_feature=10 48 32 15 58 16 62 43 40 4 30 18 44 26 30 58 43 53 45 2 59 3 4 62 32 12 22 26 42 52 52 34 40 62 53 46 62 48 62 48 62 32 10 30 36 50 9 63 46 48 53 53 18 33 48 43 22 63 33 52 40 35
split_gain=263.191 87.5627 73.4713 50.9264 49.0201 44.1325 43.7005 43.6281 90.9646 42.1573 41.9597 43.0169 40.6632 44.548 40.2026 42.229 39.1665 42.055 37.7056 36.0487 50.9883 34.4141 53.6339 50.8785 38.3601 35.4888 32.6787 35.7565 40.7532 62.8668 35.091 33.5557 42.2684 36.0515 39.8564 38.177 45.1586 40.5403 51.038 38.0374 44.5649 35.4671 43.116 36.4772 46.7646 35.2794 52.1545 35.2733 41.4863 32.8481 39.8396 34.0027 32.6275 31.9971 31.455 31.1088 50.0562 41.823 45.168 56.1546 37.9761 37.8767
threshold=17.500000000000004 49525764906.738258 8.1250000000000018 0.69097504323312886 0.50751903745502713 62.359440559440579 0.10456237086455404 4.9142857142857164 7.5000000000000009 0.11795000000000001 37.500000000000007 471620630.2302705 0.60812931993463637 20.002238805970155 32.500000000000007 0.9426055981926128 4.2601136363636369 -0.98501264347638373 0.61012495567311242 23.500000000000004 -0.11319890333640045 120.65000000000002 0.67845000000000011 41.656739314430816 8.0950000000000006 4.7950000000000008 6.5950000000000006 32.924621212121217 7.3650000000000011 12.659731359303448 10.921290004840527 0.36110940170535571 93.500000000000014 29.500227153917006 0.93623301525111768 10.500476947535775 1.5775279430434892 910423690.16430831 0.85013753702920025 2042979890.7838721 2.2685488287570643 5.6950000000000012 6.5000000000000009 29.500000000000004 33.142363224151318 70.93973198982836 127206812.00000001 24.796913119081736 11.23509586405156 345012980.52432042 0.12558838854149618 1.0000000180025095e-35 35025254.967300639 4.4142857142857164 2843859890.9936376 4.6174306076519143 6.1850000000000014 181.58075310490156 4.5334130781499224 0.0080307883776799521 345.50000000000006 1.1392684205509165
decision_type=2 2 2 2 2 2 2 2 2 2 2 2 2 2 2 2 2 2 2 2 2 2 2 2 2 2 2 2 2 2 2 2 2 2 2 2 2 2 2 2 2 2 2 2 2 2 2 2 2 2 2 2 2 2 2 2 2 2 2 2 2 2
left_child=2 18 3 4 -1 -6 -5 12 9 -9 11 -10 16 -14 -15 -16 19 -18 -2 52 -21 23 -23 26 -24 -26 31 28 53 30 -30 32 41 35 -35 37 -37 38 -33 40 -39 42 45 -43 -45 46 -19 -44 -49 51 -51 -40 -8 -28 -41 56 57 60 -59 -60 -38 -58
right_child=1 -3 -4 6 5 -7 7 8 10 -11 -12 -13 13 14 15 -17 17 21 -20 20 -22 22 24 -25 25 -27 27 -29 29 -31 -32 33 -34 34 -36 36 55 39 49 54 -42 43 47 44 -46 -47 -48 48 -50 50 -52 -53 -54 -55 -56 -57 61 58 59 -61 -62 -63
leaf_value=-0.0032258757640329233 0.043909306320934233 0.044321620410520832 0.034251767074619459 -0.028234056798209162 0.020796789800486399 -0.049218928619535529 -0.0057675657310637353 0.083676563771063917 0.0052539587705062694 -0.00079786850801003841 0.028450526725878934 0.018777773765181287 0.0053674785593940755 -0.0071609495452439279 -0.017093253715948217 -0.078932732452596077 0.013630805930597532 0.0025710702660925091 0.0074295423039629832 -0.016794641421363547 0.14024304039929789 -0.037755682788794674 0.0036409242064735638 0.010244268328503664 -0.12854737356250956 -0.0045749285670876249 -0.066155333289363752 0.023100347897042756 -0.020562403736906865 0.0015771291880221213 -0.1322437567718254 0.034179152171408475 0.013009246513647875 0.0026884801657573783 -0.04251868062509568 -0.047787985553070927 -0.006783008531657234 -0.0099962997721133769 0.0054422091261390219 -0.048095713701419622 0.059212813358469396 -0.01077924368351766 0.040277144425055485 -0.11298969384585145 0.0048151878847992307 -0.0016320165591553384 -0.024169045288743307 0.019612913553364968 -0.052225927455143588 -0.07658366974303471 0.0058940678250738662 -0.052630168348539931 -0.050798858496499788 0.01249045604210456 0.013388753467106634 -0.0022818531938693042 -0.026244766385672649 -0.012665906985487058 -0.036123970929807674 -0.17799617087526126 0.04510225426685667 -0.10286589166495282
leaf_weight=391.1155579071492 85.017885055392981 421.4258960261941 162.82446824386716 132.47176017798483 724.24955980665982 23.228312715888023 2366.6054399013519 14.798940591514109 5096.4620028734207 7392.2961285375059 233.15107655152678 664.69319865852594 731.71182856708765 2410.5171880032867 92.797188613563776 39.298150405287743 605.42821661382914 10520.739649511874 424.57886215299368 10.604480642825367 10.084402669221161 79.544655248522758 9175.2874077092856 1124.1668738238513 10.530286803841593 12.777271049097179 13.566274374723433 303.43793255463243 11.443226985633375 53.293079171329737 18.252172030508518 62.265801072120667 634.28763673081994 2892.3651405759156 49.591389253735542 62.040422305464745 3553.6738253049552 31.206183969974518 137.45239655673504 23.408928230404854 91.343625709414482 127.20283452421427 120.78483714908361 22.051484525203705 13.632012173533438 15347.633937064558 185.56599215045571 75.176194682717323 27.429420828819275 41.24349944293499 22.699682965874672 30.867169409990311 40.920376881957054 277.06088146194816 186.76692026108503 4778.4678650572896 169.32596372067928 44.434649169445038 17.451193660497669 11.618332028388975 35.619941994547844 17.827453464269638
leaf_count=1740 1214 9049 1416 2673 3811 102 17137 34 13370 27010 1302 2327 2285 8291 375 192 2618 47353 2546 75 55 529 32721 2793 61 76 54 1220 57 522 91 175 1975 7655 162 270 11890 101 496 81 179 387 289 95 37 70559 1348 194 124 172 77 140 168 1093 594 14488 549 146 62 63 91 72
internal_value=0.00104684 0.0274599 0.00070318 0.000626667 0.0111164 0.018621 0.000456665 0.000510866 0.00307666 -0.000629094 0.00765582 0.00681427 -9.53465e-05 -0.00550412 -0.00863274 -0.0354904 0.00023601 0.000531296 0.0135156 -0.00596821 0.0597504 0.000373981 0.00312467 -0.000246442 0.00347819 -0.0605853 -0.000541192 0.0103502 -4.95328e-06 -0.0309077 -0.089207 -0.000728665 0.00025405 -0.00289891 0.00192644 -0.00442246 -0.0052823 0.00749039 -0.0060201 0.0194499 0.0415893 -5.19405e-05 9.22385e-05 -0.0233113 -0.0679852 -9.53017e-05 0.0021076 0.021965 0.000408333 -0.0167969 -0.0473043 -0.00520735 -0.00653296 0.00881933 0.00654075 -0.00497667 -0.00832142 -0.00703268 -0.044368 -0.0928266 -0.0062681 -0.0335434
internal_weight=72487.8 931.023 71556.8 71394 1138.59 747.478 70255.4 70122.9 13401.4 7407.1 5994.31 5761.16 56721.5 3274.32 2542.61 132.095 53447.2 51019 509.597 2428.21 20.6889 50413.5 9278.14 41135.4 9198.59 23.3076 40011.2 677.054 373.616 82.9885 29.6954 39334.2 27074.5 12259.7 2941.96 9317.71 8690.46 627.254 294.529 332.726 122.55 26440.2 26277.3 162.886 35.6835 26053.9 10706.3 223.39 102.606 232.263 63.9432 168.32 2407.53 290.627 210.176 8628.42 3849.95 3662.8 73.5042 29.0695 3589.29 187.153
internal_count=296831 12809 284022 282606 5653 3913 276953 274280 44043 27044 16999 15697 230237 11143 8858 567 219094 201659 3760 17435 130 199041 33387 165654 32858 137 162861 3037 1817 670 148 159824 122361 37463 7817 29646 27631 2015 1060 955 280 120386 119867 519 132 119260 48701 607 318 885 249 636 17305 1147 675 27361 12873 12252 271 125 11981 621
is_linear=0
shrinkage=0.05


Tree=86
num_leaves=63
num_cat=0
split_feature=20 22 9 18 18 1 9 37 34 57 62 62 55 26 62 3 18 37 55 50 63 58 40 55 50 20 58 57 35 61 58 52 13 37 61 34 7 16 25 46 36 58 62 35 37 55 12 45 62 52 46 7 14 57 14 38 45 26 52 63 37 26
split_gain=247.585 104.045 51.3166 48.8806 45.8002 41.3051 44.4157 40.9653 38.4947 38.2226 39.0139 37.6676 38.9834 42.8868 43.5406 39.5937 36.4835 38.1158 35.6302 34.6547 33.3503 36.4089 33.3053 32.2423 43.8812 42.4112 31.6931 35.3983 31.6269 31.6006 31.2901 31.2146 37.4805 38.9884 32.605 30.5168 30.5025 30.2322 29.6945 28.9113 28.441 31.0325 61.3972 55.3764 30.0318 28.3849 52.3567 37.5265 28.2196 33.5283 28.1153 29.4443 28.0829 28.0335 32.159 27.7121 27.4079 27.2756 35.7299 50.2491 49.7279 55.7861
threshold=75.500000000000014 7.6950000000000012 8150.0000000000009 471620630.2302705 108042401.51951171 6.9450000000000012 57451204.000000007 0.28392135623730991 0.49884201625145014 1.0000000180025095e-35 14.7523866719773 24.062983868960199 43.170298012007649 41.76165000000001 0.10456237086455404 142.05000000000004 44675634.73795221 53.640087879587846 182.1526645376411 2764.1534509597445 27.142567383387831 0.67556448321067852 387.50000000000006 169.69603629729122 913.99236238627816 6.5000000000000009 0.73724926354828246 1.5000000000000002 0.47412061343149764 14.452851572756343 0.97233289553061597 11.107535822324465 5.0502941176470602 2.7000000000000011 27.230693199715898 0.70785155127957211 6.2150000000000007 9.8575187969924816 0.52320985817859644 30.550438596491237 12.000787401574806 0.52247866957162981 17.91653493813946 0.94097137745704629 25.852029740209023 79.70444713436153 6.6950000000000012 0.59118620573217495 24.708542854297878 12.60995974241902 59.09302884615385 9.8050000000000015 0.55007574714370377 1.0000000180025095e-35 0.40360829126467762 8748300798.5021763 2.0846135131356078 32.540270270270277 12.840494339569128 8.2364454620639211 73.966252789454487 35.252704678362583
decision_type=2 2 2 2 2 2 2 2 2 2 2 2 2 2 2 2 2 2 2 2 2 2 2 2 2 2 2 2 2 2 2 2 2 2 2 2 2 2 2 2 2 2 2 2 2 2 2 2 2 2 2 2 2 2 2 2 2 2 2 2 2 2
left_child=1 2 3 8 40 11 36 -3 -1 18 31 12 53 14 -14 20 -15 -18 -5 -9 21 35 38 24 -22 -26 45 -28 -10 39 -17 32 33 -11 52 -16 -7 -30 -13 -23 41 -2 43 -43 -42 -12 -47 -48 49 -49 -31 -52 -35 -4 -55 -29 -40 -33 59 -59 61 -61
right_child=4 7 5 9 -6 6 -8 19 28 10 26 22 13 16 15 30 17 -19 -20 -21 23 29 -24 -25 25 -27 27 55 37 50 -32 57 -34 34 -36 -37 -38 -39 56 -41 44 42 -44 -45 -46 46 47 48 -50 -51 51 -53 -54 54 -56 -57 -58 58 -60 60 -62 -63
leaf_value=0.0032644159492504726 0.020402164979392963 -0.0045552872185057377 0.00079362454646959369 0.022000846480841094 0.044306308786125584 0.032345318113947884 -0.012255821224218182 0.036950159463406018 -0.050814151440191496 0.031278022300651263 0.011238400744345579 0.024084256732534899 -0.029970100091099655 -0.0022240774179110418 -0.0018243195099444832 0.012217607873564037 -0.02986560740005826 0.0040501677025746863 -0.039697022455337183 -0.11137152293961726 0.0058813451708841884 -0.0061749378379309999 0.029289245737870191 0.021452971110034122 -0.0046985621024860352 -0.124606382344463 0.02323362631902387 -0.030047224542875468 -0.039573167066198039 -0.0038112217111790775 -0.0098568097739670773 0.0082868621071521108 -0.0021134903861217184 -0.14232796244713702 0.011262952083675535 -0.02159023503053778 0.00082680101355896293 -0.0032960762808875721 0.0012389496047043504 0.0079411236149419563 0.042179537552099092 -0.22410803140857252 0.014512243228207447 -0.024659190395800803 -0.069297137815910417 0.0039105339987414089 0.019957227116088314 -0.054978525252812285 -0.018614216333913483 -0.17249047319150401 0.001038248852249158 0.015549053767568544 -0.057156362735811164 -0.003249226789970592 -0.016493474869852458 0.02182492983917406 0.020410747859919639 0.0041085559107118972 0.01493539162754993 -0.059022671281837594 -0.12862959521210049 0.017536202780528174
leaf_weight=5120.1753972508013 31.400226719677448 83.226154826581478 4617.959256162867 625.90260519832373 382.53835161775351 261.08648109436035 117.09709100425243 301.59298586845398 39.236281268298626 13.828164752572773 319.81615271419287 145.59819416701794 107.46124245971441 5193.6307082995772 5763.0168719999492 1355.940136147663 246.18616592511535 124.85265140235424 24.308898285031319 3.9902646392583838 962.65735187381506 411.6888128593564 109.08768871426582 361.82203117385507 17.476877175271515 12.757361099123953 670.95398852601647 60.438279651105404 60.570037037134171 2382.4244162105024 182.09348648414016 950.02752599492669 160.59679794311523 13.111030910164116 12.346146218478678 202.12289775162935 108.72851068526506 1108.0718157030642 19619.118305038661 3050.0233200788498 64.779784880578518 7.2054788935929555 16.625315047800541 6.7313746176660061 6.6630459465086451 112.41787172853947 11.389423396438358 11.95950658991933 11.176402334123848 12.325945720076559 1630.7599070481956 444.98177308961749 36.963376417756081 13650.452801186591 474.26456692069769 44.858314864337444 188.20734083652496 114.02903986722231 112.37847348302603 63.135744675993919 14.682098574936388 38.185762595385313
leaf_count=16763 211 484 23820 2479 7889 611 419 3936 175 46 1307 502 2406 18684 27956 5648 828 346 84 17 3372 1661 427 1241 84 54 3118 223 224 13206 831 4028 500 73 40 688 293 3477 54120 10322 620 64 145 37 54 348 79 54 46 65 7355 1923 149 69488 1680 257 623 317 425 292 71 146
internal_value=0.000996342 0.000748661 0.000608399 0.00397686 0.035509 7.57602e-05 0.0145811 0.0265436 0.00137031 0.00877897 0.00623025 -3.95424e-05 -0.000904834 0.000500596 0.00175516 0.00195836 -0.00330619 -0.0184531 0.0196942 0.0350134 0.00118672 0.000456119 0.00173713 0.00867498 0.00401852 -0.0552938 0.0127625 0.0190038 -0.00665878 0.00267816 0.00960414 0.000868179 -0.0158188 -0.0446852 -0.0615135 -0.00249407 0.0230786 -0.0051763 0.00158649 0.00626235 0.0102826 -0.0145071 -0.0503736 -0.127776 0.0317828 0.00264979 -0.0145964 -0.0590029 -0.0843629 -0.114621 -0.000104924 0.00414897 -0.0794569 -0.00258825 -0.00369393 -0.00794872 0.00142112 0.00392614 -0.00817277 -0.0194619 -0.0426311 -0.0301694
internal_weight=72409.1 71893.2 71504.4 9762.89 515.944 61741.5 486.912 388.809 6328.05 3434.83 2784.62 61254.6 41192.6 22449.9 16885.2 16777.8 5564.67 371.039 650.212 305.583 15239.7 13885 20062 1354.71 992.892 30.2342 1255.34 776.251 1207.88 7919.88 1538.03 1529.28 236.846 76.2487 62.4206 5965.14 369.815 1168.64 19952.9 3461.71 133.405 61.9624 30.5622 13.9369 71.4428 479.085 159.269 46.8513 35.4619 24.2855 4458.17 2075.74 50.0744 18742.7 14124.7 105.297 19807.3 1292.44 342.411 230.033 116.004 101.322
internal_count=296831 287811 283374 34786 9020 248588 1323 4437 20639 14147 11584 247265 191593 96605 76747 74341 19858 1174 2563 3953 67862 63111 55672 4751 3510 138 5497 3598 3876 34467 6479 6087 808 308 262 28644 904 3701 55245 11983 1131 457 246 101 674 1899 592 244 165 119 22484 9278 222 94988 71168 480 54743 5279 1251 826 509 438
is_linear=0
shrinkage=0.05


Tree=87
num_leaves=63
num_cat=0
split_feature=20 18 30 30 49 15 0 61 62 27 26 0 54 55 58 38 55 52 62 22 28 24 59 18 15 20 26 44 46 44 38 49 54 3 50 53 53 26 46 18 38 50 44 62 47 60 30 44 58 55 34 20 50 50 7 10 47 59 56 58 59 54
split_gain=232.18 99.21 58.0689 67.4205 50.9931 45.4503 44.5875 42.6628 39.607 38.601 43.7911 34.4753 48.5922 31.7195 31.5878 37.4773 36.1777 35.413 38.231 44.479 42.9765 70.1429 40.3259 43.5405 36.9287 34.1923 32.9083 32.7927 32.4273 31.4731 29.9268 29.7969 28.7581 28.7439 28.6357 28.0145 27.3507 27.3055 33.8508 29.5955 33.9736 32.3254 28.0514 27.1317 27.03 55.3137 36.0637 36.8343 30.6541 27.9147 26.8323 26.7714 26.399 26.3261 26.2521 32.3793 34.9099 26.8688 26.1087 25.8655 25.4354 25.3436
threshold=75.500000000000014 54020632800.801796 170.50000000000003 18.500000000000004 1.8241251903377698e+21 0.95001917916336398 192.85000000000005 7.7052562798773492 0.10456237086455404 21.554330624354368 11.563523391812867 7.0035000000000007 0.85477784540474799 216.86440960458859 0.14780378300014818 2823492273.4341512 0.78385878011750343 7.1428150165995703 3.3869115780040331 4.9250000000000007 2900469699.1893225 0.47523888659628072 -0.87032255546191706 11296214591.046471 0.74450482611986135 8.5000000000000018 21.405000000000005 0.55000000000000027 32.66206514864011 0.82800832358843324 747627545223.29492 1.5486664538322055e+19 1.976478067387158 90.050000000000011 779.82269281538936 -0.011637780513146999 -0.034034480722027145 21.691056445461481 30.857738095238098 15867748.309548361 195692883.62415117 7.6834795726636829 0.7028349194952902 3.8960848622140354 54.140385527974622 3.5000000000000004 47.500000000000007 0.49076638763949182 0.91702515554752073 720.0510843326382 0.14696938456699091 35.500000000000007 373.14419493819605 156.56984351685708 3.6050000000000004 13.500000000000002 1.5000964125358642 -0.47714059151611388 1.5000000000000002 0.9426055981926128 -0.35019404643548441 -0.039999999999999543
decision_type=2 2 2 2 2 2 2 2 2 2 2 2 2 2 2 2 2 2 2 2 2 2 2 2 2 2 2 2 2 2 2 2 2 2 2 2 2 2 2 2 2 2 2 2 2 2 2 2 2 2 2 2 2 2 2 2 2 2 2 2 2 2
left_child=1 4 3 6 7 -2 34 14 32 10 35 12 13 61 15 28 -16 27 20 26 21 -19 23 -21 -24 -23 50 51 31 44 37 58 -9 -30 -3 -7 -25 38 42 -39 -41 -42 -29 -26 49 46 48 -48 53 54 60 -18 -50 -46 -13 -56 57 -57 -1 -37 -20 -10
right_child=5 2 -4 -5 -6 9 -8 8 11 -11 -12 29 -14 -15 16 -17 17 18 19 22 -22 25 24 36 43 -27 -28 30 33 -31 -32 -33 -34 -35 -36 59 -38 39 -40 40 41 -43 -44 -45 45 -47 47 -49 52 -51 -52 -53 -54 -55 55 56 -58 -59 -60 -61 -62 -63
leaf_value=-0.01113458448497795 0.047548030843223899 0.018536691783460187 -0.09658205376948098 0.045775881296024626 0.018391586237437155 -0.061053738506226418 -0.064669023827106362 -0.03597287371131578 -0.018914774556880273 -0.11722045182703689 0.040739357748282259 -0.0086971202696275746 0.039146647706278903 -0.055857147664245779 -0.015271914117556304 0.012365830516669722 0.0028633521072768931 -0.0012915722286154523 0.076517677566828701 -0.0013468456483715266 0.020193209414508265 -0.03509484772611892 0.027036124288271068 -0.11294519301605328 0.042604517719305179 -0.11483782690049441 0.010616663093560436 0.0094584450927155932 0.02237588015303019 -0.011223156942574281 -0.067025466244342344 -0.089369603300027273 0.084671099710699582 -0.0072687080913098473 -0.03095832333451741 0.019144659690249893 -0.018340189617806875 -0.0030964521355811578 0.040004396300748646 -0.086797654432818297 -0.084773619937863046 -0.011504429805634528 -0.043260444846690151 0.0078310351249059641 0.0018040096877937947 -0.037228656818596439 0.04441753536537249 -0.038720598296864306 0.0052734867136784176 0.020063917497508892 0.081817958504348962 0.024858626806047404 -0.021565935819696028 -0.0036884529187123567 -0.00072382915398685663 0.021198083957756693 0.023054118189915065 -0.043750140054591817 -0.046181763619815935 -0.080612190972462042 -0.014449554929436914 0.0016587549511860101
leaf_weight=237.18793587386608 293.81189655698836 346.4456251654774 10.375909775495527 207.9622319675982 397.78329510614276 18.492544163018465 18.730285458266735 104.62665223516524 414.66270630061626 5.2296918481588355 113.81198038905859 1023.6518799886107 45.417076922953129 42.947141818702221 263.58302196115255 247.98227990046144 11353.864897765219 447.79672761261463 13.023688402026893 320.44574638456106 159.28350220620632 73.277550771832466 324.54028859548271 14.696262501180174 57.776414252817631 16.462661124765873 63.782622143626213 127.37834925949574 94.525500740855932 624.32712768763304 18.937867075204849 15.815553613007067 5.1843189597129813 605.97303588502109 31.915050283074379 60.311754930764437 15.910986904054878 1094.1801209002733 73.7591422945261 18.971263080835342 16.278157345950603 200.11681307479739 31.46572707593441 1927.1068164147437 7536.7514545246959 90.493740953505039 86.359966740012169 15.752875875681637 5393.5434547960758 160.92554099112749 49.097598060965538 140.04806074872613 93.2012121938169 3070.5215916484594 33441.125007726252 26.701416440308094 265.88643113709986 39.452569749206305 68.482668489217758 7.2825646977871648 18.74375220015645 234.25210856646299
leaf_count=1144 6677 2443 45 3773 1986 136 82 2434 2609 32 1503 5635 162 542 1193 763 40527 1760 58 986 441 254 1717 72 151 70 267 398 335 2217 102 70 29 2338 121 589 71 3400 167 74 68 650 121 5844 23274 532 313 77 15574 950 142 719 521 11049 145412 94 1917 184 476 83 86 1372
internal_value=0.000948395 0.000712325 0.0207013 0.0227126 0.000539605 0.0349387 0.010634 0.000439343 -0.000279928 0.0168779 0.0203862 -0.000217311 -0.0109533 -0.0142421 0.00253299 -0.00507109 0.00310642 0.00339865 0.0078641 0.0104679 -0.00261777 -0.00937715 0.00899982 -0.00678893 0.0113999 -0.0497235 0.0374699 0.00220264 -0.00930211 -6.47054e-05 -0.00454875 -0.0224491 -0.0302771 -0.00326846 0.0143617 -0.00652195 -0.0637654 -0.00379135 0.012013 -0.00655632 -0.0226407 -0.0170161 -0.000984741 0.00884323 7.12417e-05 0.00175363 0.00197144 0.0315919 0.0017835 -0.000712573 0.0586504 0.00313135 0.00481758 0.000214089 -0.000808659 -0.000569562 0.0149673 -0.0175354 -0.0189866 0.00839693 0.0228443 -0.0114879
internal_weight=72338.4 71839.5 615.429 605.053 71224.1 498.94 397.091 70826.3 52715.8 205.129 199.899 52606 737.279 691.862 18110.5 1269.97 16840.5 16576.9 3501.94 2805.12 696.82 537.537 2660.48 351.053 2309.42 89.7402 144.648 13075 1021.98 51868.7 1581.09 321.486 109.811 700.499 378.361 86.0869 30.6072 1562.15 232.603 1329.55 235.366 216.395 158.844 1984.88 51244.4 16286.6 16196.1 102.113 16094 34957.7 80.865 11493.9 5486.74 10607.3 34796.8 33773.2 332.04 66.154 305.671 67.5943 31.7674 648.915
internal_count=296831 287811 6464 6419 281347 9020 2646 279361 214897 2343 2311 212434 4685 4523 64464 5126 59338 58145 11919 9394 2525 2084 8841 1129 7712 324 553 46226 4363 207749 4980 1690 2463 2673 2564 808 143 4878 686 4192 792 718 519 5995 205532 51340 50808 390 50418 154192 286 41246 16095 34323 153242 147607 2195 278 1620 672 144 3981
is_linear=0
shrinkage=0.05


Tree=88
num_leaves=63
num_cat=0
split_feature=20 22 43 20 35 15 54 40 16 0 37 27 36 43 20 58 61 54 5 54 3 2 2 28 44 47 16 22 18 49 57 7 58 28 30 18 44 47 14 54 40 8 33 37 3 27 62 36 55 61 43 22 61 36 28 38 9 23 7 28 12 62
split_gain=217.859 92.2373 45.1789 96.4679 46.871 44.9357 41.6419 43.5081 43.8328 39.2394 38.8651 38.7189 41.4289 37.2229 44.6219 34.4751 31.9965 47.537 33.4129 46.7336 36.4691 35.8152 49.2148 37.7198 37.3192 50.9174 36.0179 34.2805 48.1661 37.2687 53.0391 32.6621 42.2989 33.8285 58.2844 41.6917 35.3827 34.7035 32.0959 30.9433 30.7794 30.5263 32.5047 31.6705 33.1227 30.4703 30.2673 30.0487 36.5752 30.2963 29.8308 29.4367 29.3947 39.362 29.1014 39.2411 28.1344 37.5601 33.2754 27.9086 34.0014 27.6349
threshold=75.500000000000014 7.6950000000000012 4.7856282271944925 29.500000000000004 1.0022180351613514 0.95001917916336398 0.28571428571428609 3.5000000000000004 591.30000000000007 76.050000000000011 0.28392135623730991 25.064464832814846 11.66487704918033 5.0668333333333342 4.5000000000000009 0.99140711019144634 1.7199601822383843 1.1000000000000012 0.90500000000000014 1.976478067387158 119.45000000000002 6.5000000000000009 8.5000000000000018 63097440716.79174 0.12649110640673508 3.2000000000000011 35.002777777777787 6.1850000000000014 760864811.89726925 5.7789428130764399e+19 1.5000000000000002 16.650000000000002 0.50751903745502713 134608057253.19969 51.500000000000007 4086646767.2006803 0.6120622460854438 62.064122213697374 0.3500000000000002 1.5000000000000007 11.500000000000002 0.29100000000000004 4.1987500000000013 1.7120754041156607 216.15000000000001 36.58623457834981 45.048197082472434 23.503846153846158 21.479297878092655 3.5159674678453805 4.0025000000000004 6.5950000000000006 95.002916719316161 62.905555555555573 1817214841.7040446 4009412946.1181588 32488.500000000004 5.49857142857143 10.410000000000002 260978615803.30368 5.495000000000001 9.8970557118319196
decision_type=2 2 2 2 2 2 2 2 2 2 2 2 2 2 2 2 2 2 2 2 2 2 2 2 2 2 2 2 2 2 2 2 2 2 2 2 2 2 2 2 2 2 2 2 2 2 2 2 2 2 2 2 2 2 2 2 2 2 2 2 2 2
left_child=1 2 16 4 6 -2 7 15 13 39 -3 12 -7 52 -15 47 17 -1 21 20 31 27 26 24 -24 -26 50 28 41 30 61 33 -33 35 -35 36 38 45 46 -8 -16 42 43 -18 -45 -38 51 49 -49 -4 -23 -20 -9 -54 -40 -56 -52 58 -58 -5 -61 -29
right_child=5 10 3 59 -6 11 9 8 -10 -11 -12 -13 -14 14 40 -17 18 -19 19 -21 -22 22 23 -25 25 -27 -28 29 -30 -31 -32 32 -34 34 -36 -37 37 -39 54 -41 -42 -43 -44 44 -46 -47 -48 48 -50 -51 56 -53 53 -55 55 -57 57 -59 -60 60 -62 -63
leaf_value=0.0031326208471953946 0.047331521052641226 -0.0047252849880599999 0.024740236351753452 0.037146017892166719 0.0095511861118874643 -0.0064310287316819634 0.0077025453668565641 -0.00048250614964684147 -0.056394070353506111 -0.0040013019168300681 0.034098785459644114 -0.13327551660097003 0.039786983855107767 0.0039392995924227873 0.0053071160465824416 -0.018785669283418488 -0.0086685429586774148 0.027522655410340331 -0.00072970230482729279 0.022757565643340808 0.0046523549433372113 -0.046623766968483069 -0.025563239252121485 -0.083687166365980392 0.022210692274549651 -0.0063277634555225469 -0.0059709078873354778 0.010413090859483835 0.054390559418348187 0.028519316360734844 -0.076600892382665653 -0.0029724934971592292 0.01389054199047895 0.0077144353037922721 -0.10803363466230842 0.016988216530104613 -0.014872190213971515 0.0080777718929504402 -0.0054361950924889857 0.03082713522184485 0.029740507832936511 0.0031726616098945678 -0.010151685190003812 0.022587695851905683 0.11254835388736542 -0.069969748779378477 0.016461532702186251 -0.015275725167138652 -0.0020487689994970618 0.00082224950436269424 0.006347607326793527 0.018311361769136305 0.035372142822127077 0.0044241137253243556 -0.056405197351818995 -0.0085657270922311103 -0.0010234374024552201 -0.034115505288024477 0.0055574368208082823 -0.11631687955304092 0.051109845636971463 -0.056627737923508663
leaf_weight=1499.9751809947193 280.72909176815301 82.868883578106761 151.60544576868415 237.08364841714501 1910.7003448158503 86.122557974420488 2659.0800967421383 8433.8374232258648 32.28308042883873 736.88416476547718 290.19266844540834 4.2312892340123645 110.95174777135253 2700.6724354289472 217.85059358179569 365.42130725458264 62.033188125118613 230.47406427934766 16226.915185064077 238.38728055357933 4373.2457555178553 32.824398381635547 232.80226769298315 15.803494330495594 165.10705311968923 2928.4497386850417 2150.5236722715199 46.937861558049917 33.081582248210907 22.939676370471716 56.839721642434597 650.45287520997226 868.29463959485292 23.968837268650532 19.910114739090204 321.80231776088476 578.03673382475972 173.99428716301918 677.43422621488571 152.98611032217741 315.65616715699434 673.53560897707939 2338.9247298501432 46.581167962402105 13.112244993448256 26.231701828539371 267.56663000583649 723.26219242066145 1884.2361982148141 1045.0097090769559 2153.9182908646762 205.54792539775372 128.44515205919743 513.44382574409246 72.698516398668289 104.45700024813414 9121.8903866503388 79.53636272996664 2433.2501247357577 6.6788207516074163 5.5541960522532463 22.857019081711769
leaf_count=5828 6677 484 522 2455 4887 841 7990 26286 109 2180 3953 27 1475 7705 774 1794 590 656 69796 591 15780 391 2224 90 647 12080 6756 140 72 163 241 2274 2936 146 101 1350 2089 506 1941 394 1539 3497 13727 296 56 97 634 4091 8778 4148 7400 648 494 1422 262 410 43876 283 9004 45 96 87
internal_value=0.000902548 0.000677582 0.000548039 0.00241922 0.00206828 0.0344041 0.00135557 0.00029944 0.00179123 0.00626927 0.0254747 0.0163764 0.0195895 0.00194382 0.00654963 -0.00411638 -0.000297228 0.00638107 -0.000540728 0.000725863 0.000512282 -0.00193033 -0.00110605 -0.00662359 -0.00625746 -0.00480463 4.85087e-05 -0.00673018 -0.00562555 -0.030121 -0.0407436 -0.000383265 0.0066684 -0.00095602 -0.0448064 -0.000852877 -0.00116605 -0.0115984 -0.000703541 0.0089606 0.0197634 -0.00625902 -0.00884068 0.0163496 0.0423484 -0.017264 -0.000219904 -0.00270726 -0.00571763 0.00385254 0.000985091 -0.000491524 0.000302514 0.010617 -0.0101546 -0.0281974 0.00109843 0.00012665 0.000362345 0.0333461 -0.0402996 -0.011542
internal_weight=72266.1 71784.1 71411 22220.7 21971.4 482.035 20060.7 16511.7 12342.2 3548.95 373.062 201.306 197.074 12309.9 3234.18 4169.53 49190.3 1730.45 47459.9 24828.9 24590.6 22630.9 19314.1 3342.16 3326.36 3093.56 15971.9 3316.84 3167.27 149.574 126.635 20217.3 1518.75 18698.6 43.879 18654.7 18332.9 778.263 17554.6 2812.07 533.507 3134.19 2460.65 121.727 59.6934 604.268 16700 3804.11 2607.5 1196.62 13821.4 16432.5 9075.73 641.889 854.59 177.156 13788.6 11634.7 11555.1 249.317 12.233 69.7949
internal_count=296831 287811 283374 75709 73113 9020 68226 57662 38329 10564 4437 2343 2316 38220 10018 19333 207665 6484 201181 99561 98970 101620 82751 15041 14951 12727 67710 18869 18238 631 468 83190 5210 77980 247 77733 76383 2692 73691 8384 2313 18166 14669 942 352 2186 71078 17539 12869 4670 60954 70444 28202 1916 2613 672 60563 53163 52880 2596 141 227
is_linear=0
shrinkage=0.05


Tree=89
num_leaves=63
num_cat=0
split_feature=11 48 38 43 20 40 43 44 32 45 4 6 51 50 5 61 0 26 44 42 17 62 50 46 61 1 37 23 51 46 30 50 23 37 1 34 42 1 26 23 23 44 8 1 15 62 0 43 47 62 38 62 38 1 62 53 51 16 52 1 43 43
split_gain=205.757 83.2278 61.8472 41.5025 75.7585 42.9563 55.6849 41.6967 37.9351 35.3296 34.4596 38.5993 32.4549 32.3335 31.3737 38.2382 39.4539 39.0589 31.4992 30.956 41.829 37.9707 60.8313 96.5378 30.8589 30.6307 30.5948 34.976 29.7991 48.6917 29.3937 28.8063 50.5363 37.5401 45.7459 50.7832 35.9851 29.1289 28.6294 30.7294 28.2594 27.2523 27.1018 26.6534 26.4129 26.2676 34.4057 25.9641 55.556 32.8812 25.9357 33.7067 26.1532 27.0829 25.5075 29.1231 25.6981 27.1056 27.6059 37.0201 25.455 28.5768
threshold=17.500000000000004 49525764906.738258 1889405570453.2622 4.7856282271944925 29.500000000000004 10.500000000000002 5.0668333333333342 0.37416573867739428 8.0950000000000006 0.61012495567311242 0.11795000000000001 2.1850000000000005 3.0252100823176336 225.90149813208021 1.0650000000000002 5.6671842762062887 35.01550000000001 9.5601809954751165 0.64645257778336418 5.495000000000001 1.0000000180025095e-35 1.6957288840208113 222.04092397882437 20.000200000000003 31.02711614075492 6.9850000000000012 5.4216237225759443 4.4722718253968266 3.4285714263673479 32.816441441441448 83.500000000000014 342.2143492731139 4.4998901098901118 1.2572426442185527 5.5950000000000006 0.42172202541399434 6.1950000000000012 4.2250000000000005 30.215476190476195 5.3835271317829472 4.1679487179487191 0.047140452079103203 0.11050000000000001 5.2650000000000006 0.5097656037017434 2.3412878693584926 15.005000000000001 4.2909673659673677 2.4621870011532181 6.851108386647085 99748861.929866627 22.717311617833762 5648310691.7185698 4.4850000000000012 12.842986856189791 -0.14960304033213437 2.5714285706479596 1.0000000180025095e-35 12.857142857142852 4.1250000000000009 5.9866228070175458 4.9250850340136072
decision_type=2 2 2 2 2 2 2 2 2 2 2 2 2 2 2 2 2 2 2 2 2 2 2 2 2 2 2 2 2 2 2 2 2 2 2 2 2 2 2 2 2 2 2 2 2 2 2 2 2 2 2 2 2 2 2 2 2 2 2 2 2 2
left_child=2 9 3 8 5 10 7 13 14 -2 -5 -12 -8 -7 15 16 54 30 38 43 21 22 -21 -24 60 31 -10 -28 29 -3 -17 37 -33 34 35 -34 -37 41 47 42 -20 -16 -40 -13 -44 46 -46 48 -19 -50 -39 -52 53 -53 56 -56 -1 -58 -59 -60 61 -23
right_child=1 28 -4 4 -6 6 12 -9 26 -11 11 19 -14 -15 25 17 -18 18 40 20 -22 24 23 -25 -26 -27 27 -29 -30 -31 -32 32 33 -35 -36 36 -38 50 39 -41 -42 -43 44 -45 45 -47 -48 -49 49 -51 51 52 -54 -55 55 -57 57 58 59 -61 -62 -63
leaf_value=-0.0035688127407225638 0.042964064389808015 0.050812177505103188 0.032918766485732644 0.060237346326033947 0.030111786396208297 0.0059345646500561953 0.0087177677471436676 0.00075632328493614406 -0.12295189496082159 0.0059923990989231221 -0.07736550753779442 0.0013784162868996806 0.024743895860408767 0.022257790419491164 -0.02416481496891661 -0.021989724935556367 -0.0048030437618985684 0.037385666366192415 0.027372685439354994 -0.022215588154017332 0.008845048911061722 -0.0054920120010917969 0.026073323492687175 -0.041839018895113676 -0.0073463888373434651 0.036645408073731837 -0.095134646883130503 0.029810494215468691 0.047082054642859944 -0.098410957557958992 0.033294602479525343 0.0099451803167278294 -0.018230574016678363 -0.027627934973791048 0.05746657130353873 0.048150681133240392 -0.022548042933000601 0.0053001304626560568 -0.042574010042041678 -0.020611292178028137 -0.014952268273709402 -0.001230672152288538 -0.071800291370842692 0.010459017542117326 -0.0013734188069163115 -0.0012949841390495803 -0.01586672867010493 0.0045566409174181699 -0.059531552750914922 -0.010777312865660558 -0.0033876405636070563 -0.0069514934209000609 0.017036013401133962 0.005933319362754666 -0.0036742903732270406 0.011052020900448009 0.047963976254431974 0.0088549770223240419 0.031885767435128165 -0.049048716870358715 -0.0088568681571063786 0.00401016310319965
leaf_weight=1270.6299651321024 76.665370639413595 12.889968305826189 147.42673221230507 23.823604464530945 242.02942080236971 1345.5346514806151 1119.8677112944424 5643.7608916517347 10.733486544340847 411.12668923661113 16.082267489284277 3552.9062806889415 440.04373170435429 391.68872980773449 135.07453817687929 342.49108720198274 1385.8470158018172 56.288346465677023 42.034529902040958 562.80513025820255 852.50800519809127 1037.3008968681097 186.78300742805004 72.69470602273941 1737.175343953073 61.92662500590086 9.4247555285692233 13.805708479136227 340.96242419444025 9.4924416393041593 25.8583118095994 316.98406538367271 305.78966229781508 297.04723348468542 27.908806331455708 56.962764322757721 26.312706984579563 6351.0357010811567 40.860069032758474 221.32383579015732 638.33248238265514 3156.9413406401873 13.474058724939821 1046.0086029097438 918.64292707294226 20946.307455357164 738.80201475322247 2915.9676206484437 38.765364054590464 320.54194655269384 2659.8625914789736 551.53227903693914 366.90920436382294 1565.2637472376227 407.16065372154117 1913.6600290946662 40.177208304405212 670.53184643387794 20.191402219235897 47.05771454423666 648.81566727906466 3335.5416672825813
leaf_count=6993 1214 287 1355 62 2383 3446 2958 16711 56 2546 111 15563 2015 1076 1710 1739 4586 322 145 2526 2697 3384 584 345 6360 144 39 96 8718 44 93 1328 4093 1324 105 145 93 28404 421 728 2410 12438 74 3321 9586 84233 8301 9978 338 1654 8494 1534 1242 3992 1493 5607 149 2512 59 191 2102 10174
internal_value=0.000859003 0.0252974 0.0005674 0.000500398 0.00229051 0.00198462 0.00465534 0.00284133 -0.000313843 0.0118032 0.000157983 4.8293e-05 0.0132387 0.00961493 -0.00027715 -0.00115554 0.00254779 -0.00193741 -0.0017159 0.000143822 -0.00165566 -0.00283648 -0.0129815 0.00704715 -0.00160224 0.0015491 -0.0531378 -0.0208806 0.0434134 -0.0124738 -0.0181087 0.00141169 -0.00666897 -0.0140447 -0.00436814 -0.00880373 0.0258119 0.00197512 -0.0014402 -0.00207077 -0.0123373 -0.00217168 -0.00188967 0.00344377 -0.00181617 -0.00177445 -0.00783378 0.00289025 -0.00880174 -0.0160374 0.00316275 0.000523615 0.00471228 0.00257617 0.00487925 0.00846846 0.000813077 0.00796997 0.00579202 -0.0247483 0.000384877 0.00175611
internal_weight=72182.4 851.137 71331.3 71183.8 22255.4 22013.3 8940.9 7380.98 48928.5 487.792 13072.4 13048.6 1559.91 1737.22 48894.5 33014.9 5755.26 27259.7 26891.3 13032.5 8433.62 7581.12 822.283 259.478 6758.83 15879.6 33.964 23.2305 363.345 22.3824 368.349 15817.6 1031.01 714.021 416.974 389.065 83.2755 14786.6 26211 22879.4 680.367 3292.02 22658.1 4598.91 22617.2 22603.8 1657.44 3331.56 415.596 359.307 11494.6 5143.57 2483.71 2116.8 4369.41 2320.82 2048.59 777.958 737.781 67.2491 5021.66 4372.84
internal_count=296831 12809 284022 282667 75818 73435 26206 21233 206849 3760 47229 47167 4973 4522 206658 141612 21590 120022 118190 47056 28172 25475 3455 929 22020 65046 191 135 9049 331 1832 64902 7088 5760 4436 4331 238 57814 115635 103343 2555 14148 102615 18884 102194 102120 17887 12292 2314 1992 43666 15262 6768 5526 17004 7100 9904 2911 2762 250 15660 13558
is_linear=0
shrinkage=0.05


Tree=90
num_leaves=63
num_cat=0
split_feature=20 19 9 48 54 9 62 30 43 45 9 58 15 19 2 59 16 16 26 39 47 50 28 35 37 44 43 43 48 26 41 41 26 5 58 7 47 61 37 36 41 55 45 9 3 30 50 27 23 52 7 13 35 43 37 37 50 62 1 0 50 30
split_gain=195.725 91.81 55.953 44.96 39.2098 48.4823 43.6885 36.1832 33.9736 41.9548 33.4206 33.3807 55.3473 32.3306 31.9581 40.8296 31.2625 30.6507 30.1709 45.592 33.2267 31.5348 30.8543 56.0489 30.3271 30.1165 39.7299 33.791 38.1961 40.9364 35.0359 31.9298 39.4127 31.1321 31.0166 29.545 28.6735 36.667 30.2237 28.1125 28.025 28.0221 27.5057 27.1948 27.1764 35.9218 26.9559 40.0394 29.0081 26.5834 25.2399 24.9898 24.9618 30.3565 24.779 24.7643 35.9119 24.6546 24.6545 24.55 33.2346 31.8685
threshold=88.500000000000014 5.658403541458423e+19 2875.5000000000005 1448954142357.0901 1.976478067387158 17942721.500000004 0.10456237086455404 170.50000000000003 4.2601136363636369 1.8095603412635513 22554.500000000004 0.46173103126271881 0.68572812932092397 1.321482091998468e+17 23.500000000000004 -0.11319890333640045 62.359440559440579 550.05000000000007 10.001271186440681 1.4589040108095914e+17 2.6466787174673585 5.7281782785496329 46121029.120469905 1.1428802155348754 11.873810992428163 0.39070645068696785 4.9250850340136072 5.5004166666666672 808295888.54968929 438.22500000000008 0.094444444444444414 0.11666666666666667 7.5726153846153847 0.84500000000000008 0.67556448321067852 26.150000000000002 18.570186448363856 3.7321721208652923 11.701686131420525 17.667261904761908 0.5722222222222223 140.10077027885177 0.55526235129182899 293811.00000000006 56.45000000000001 1.5000000000000002 292.50362589469142 11.500000000000004 4.5150287356321863 11.427598484234336 25.250000000000004 5.2508064516129052 0.93671358841877905 4.5400308166409875 103.34100229099271 24.177578582501315 106.84041571727967 18.434800602424641 5.5950000000000006 534.55000000000007 70.93973198982836 14.500000000000002
decision_type=2 2 2 2 2 2 2 2 2 2 2 2 2 2 2 2 2 2 2 2 2 2 2 2 2 2 2 2 2 2 2 2 2 2 2 2 2 2 2 2 2 2 2 2 2 2 2 2 2 2 2 2 2 2 2 2 2 2 2 2 2 2
left_child=1 3 7 4 6 -6 -1 -3 14 10 11 36 16 -2 18 -16 -13 57 19 20 21 -8 40 -24 -22 27 31 28 59 33 50 32 -27 -30 -34 -36 37 38 51 -38 58 -31 -35 -26 -23 -46 -41 48 -48 -49 -29 -10 53 -43 -54 -42 -57 -4 -20 60 -12 -62
right_child=13 2 17 -5 5 -7 8 -9 9 -11 25 12 -14 -15 15 -17 -18 -19 22 -21 24 44 23 -25 43 26 -28 30 29 41 -32 -33 34 42 35 -37 39 -39 -40 46 55 52 -44 -45 45 -47 47 49 -50 -51 -52 -53 54 -55 -56 56 -58 -59 -60 -61 61 -63
leaf_value=-0.030218063803742996 0.011141971922299794 0.032637491975906568 -0.0077871148953898746 0.017406051309264464 0.02155760800120636 -0.002636831078947955 -0.06191664099148269 -0.064936773626953478 0.0067935791045887171 0.010120527174545906 0.0023974581270527072 0.020150870771706322 0.0032245317610793672 0.045823185512267037 -0.015728988995764116 0.12246271541258638 -0.067219087336468808 -0.10350323031601323 -0.0094702532596091654 0.087958510784688318 -0.041189732776215834 0.11186670432217079 0.040117001296301108 -0.058173477451600897 0.035222993723506464 -0.058276566306029225 0.0024097423194658178 -0.0074139383453961163 0.019018457894832138 0.029464893711873049 0.028752952061995143 -0.0015235248271530499 -0.010856200207274827 0.028429781870196985 -0.0030261101371880845 0.033217406779263284 0.03280206712994066 -0.0081488024831882951 -0.03551784165993032 0.0039400771312777779 -0.017140174748690225 -0.069866571501117011 0.0038848935010145527 -0.042115838477496031 -0.016132330035996071 0.043560144006080367 -0.006864914750452482 -0.011214561361187413 -0.082622638970107895 0.053231118326029669 -0.041495660381986814 0.041860747530924794 0.0012871815970631776 -0.005872054581718196 -0.048480007793865382 0.075747643872121809 0.0077687686569185357 0.02679184310130156 0.022039135465476936 0.0077433436565674391 -0.00083933555150350061 -0.013290085170858527
leaf_weight=117.56251591444016 88.870309345424175 405.98747753165662 161.79964212141931 389.23081759363413 478.23433329164982 365.1587820276618 10.393981188535689 9.7288458347320539 334.36553793773055 1113.3546246290207 10584.189924195409 610.92713860236108 8445.7026377543807 275.57890513073653 10.408345300704243 10.987500134855507 10.413092009723185 6.922545224428176 1817.1226053051651 17.493353113532066 56.930471856147051 9.1141280792653543 18.409476384520531 68.365441396832466 36.764550037682056 36.46320728957653 4947.5753247253597 1161.5461688786745 611.85785394906998 39.068961977958679 64.689720869064331 14347.466481002048 1843.6899009160697 123.63307523727417 2165.7465520016849 57.728232339024544 77.484013367444277 1792.9462561625987 36.363432820886374 1722.7209410555661 38.85440519452095 40.279391884803772 1486.6248311921954 16.453656196594238 39.456198519095778 69.770888036116958 20.761628031730652 96.075995236635208 32.285154119133949 19.199200034141541 56.988409899175167 59.906753286719322 162.89252369105816 34.321615383028984 29.548323810100555 29.456020385026932 57.068378999829292 75.649875978007913 64.276712685823441 1154.1058413125575 13502.186987144873 534.27468616515398
leaf_count=2642 860 5406 1140 2040 1225 1295 86 52 1175 4407 50112 3273 26991 6916 75 55 41 32 14499 55 462 51 52 323 212 219 15164 4385 1533 85 163 42316 8190 385 8864 199 257 6508 139 5053 160 152 3961 119 331 313 81 301 135 46 230 143 451 90 99 71 192 651 267 3791 66644 1666
internal_value=0.000817329 0.000631653 0.0191929 0.00045928 0.000365968 0.0110823 0.000236569 0.030354 0.000287915 0.000494995 0.00033322 0.00257825 0.00428411 0.0373662 -0.00559418 0.0552372 0.0186866 0.000206003 -0.00614804 0.0100417 0.00433585 0.0215847 -0.00813064 -0.037321 -0.0158236 -0.000228585 -0.00156902 0.000831517 0.00119132 0.00705611 -0.00710428 -0.00263591 -0.00652511 0.00941753 -0.00606114 -0.00208512 -0.00111133 -0.00500213 0.00809903 0.00328358 -0.00686842 -0.0100859 0.00576941 0.0113119 0.0289187 0.0219974 0.00207409 -0.0170237 -0.0529723 -0.000481068 -0.00900787 0.0121218 -0.0158722 -0.0404247 -0.00635432 0.0160203 0.0309112 0.00322952 -0.00839376 0.000616043 0.000281947 -0.00131325
internal_weight=72103.4 71739 660.088 71078.9 70689.7 843.393 69846.3 415.716 69728.7 67357.4 66244 13259.2 9067.04 364.449 2371.33 21.3958 621.34 244.372 2349.93 256.377 238.884 128.735 2093.55 86.7749 110.149 52984.9 23398.7 29586.2 28303 2528.23 1283.22 18451.1 4103.63 2222.12 4067.16 2223.47 4192.11 2223.58 430.636 1968.53 2006.78 306.111 1610.26 53.2182 118.341 109.227 1891.04 168.322 53.0468 115.275 1218.53 394.272 267.042 74.601 192.441 125.379 86.5244 237.45 1881.4 25774.8 24620.7 14036.5
internal_count=296831 289055 7281 281774 279734 2520 277214 5458 274572 257249 252842 44143 30305 7776 17323 130 3314 1823 17193 1629 1574 781 15564 375 793 208699 74952 133747 128969 6756 4778 59788 17472 5879 17253 9063 13838 7965 1457 5873 15189 877 4346 331 695 644 5616 563 216 347 4615 1318 792 242 550 423 263 1791 14766 122213 118422 68310
is_linear=0
shrinkage=0.05


Tree=91
num_leaves=63
num_cat=0
split_feature=20 29 62 9 18 7 16 50 44 1 44 43 55 52 10 43 58 37 40 42 43 44 36 27 55 24 50 56 1 50 27 35 3 9 34 48 16 35 63 7 29 30 61 63 40 6 50 24 10 1 23 40 5 60 50 29 26 7 23 5 27 45
split_gain=184.938 92.8531 48.2604 42.6855 48.7548 61.4702 46.2158 35.3156 35.011 33.0438 39.5964 32.0118 29.7799 39.3488 29.3787 29.2617 48.0489 48.5738 39.1384 42.4779 36.3408 34.5412 34.3342 49.5207 33.292 46.6896 40.2303 49.2543 35.1961 34.6584 32.6242 38.9709 34.1998 31.9374 31.4511 32.1748 30.8302 32.4579 31.8812 30.589 30.4514 39.5967 29.8192 29.1493 30.2873 29.0043 28.0779 37.0043 27.8262 29.8235 27.3243 26.8497 26.8145 26.7958 26.415 29.7585 26.2621 25.9289 25.6714 29.1851 42.4261 25.5333
threshold=98.500000000000014 4.4895078732269938e+20 1.750283164471883 8150.0000000000009 22387917654.455784 1.6050000000000002 59.675000000000011 779.82269281538936 0.7838419780160456 6.9250000000000007 0.11248582677159726 4.9098361713106309 447.25360493671036 12.857041647409622 5.5000000000000009 4.6400304878048795 0.98897820466835418 50.899460210385605 19.500000000000004 5.1350000000000007 4.9752049180327882 0.43465402273885917 20.98438256658596 9.994457633051919 17.922933206032202 0.70257067654430594 361.63901593217065 2.5000000000000004 5.7750000000000012 373.14419493819605 12.550000000000008 0.56163981062013923 76.950000000000017 127206812.00000001 0.58160675499121928 503769687336.08344 174.50000000000003 0.67722317493966966 6.3161949386327212 8.0050000000000008 1.0208771560030613e+20 36.500000000000007 52.647956824849047 199.99704899383514 20.500000000000004 6.8050000000000006 38.956813176247486 0.75001205214792555 2.5000000000000004 4.3950000000000005 5.1992307692307707 18.500000000000004 0.50050000000000006 3.5000000000000004 32.110668990248406 8.3698809697358922e+19 180.05000000000004 11.350000000000003 4.5998855835240287 0.99500000000000011 1.2106313607869836 3.0459302176728178
decision_type=2 2 2 2 2 2 2 2 2 2 2 2 2 2 2 2 2 2 2 2 2 2 2 2 2 2 2 2 2 2 2 2 2 2 2 2 2 2 2 2 2 2 2 2 2 2 2 2 2 2 2 2 2 2 2 2 2 2 2 2 2 2
left_child=1 3 12 4 48 -6 7 43 9 15 -11 -10 13 -3 -4 16 24 50 19 -17 21 22 23 -20 25 28 33 -28 45 52 32 -32 -23 46 35 36 37 38 -33 58 41 -34 -41 44 -7 -5 47 61 -1 54 -18 -27 -30 -21 -50 -56 -47 -40 59 60 -29 -26
right_child=-2 2 14 8 5 6 -8 -9 11 10 -12 -13 -14 -15 -16 18 17 -19 20 53 -22 30 -24 -25 26 51 27 39 29 -31 31 34 40 -35 -36 -37 -38 -39 57 42 -42 -43 -44 -45 -46 56 -48 -49 49 -51 -52 -53 -54 -55 55 -57 -58 -59 -60 -61 -62 -63
leaf_value=0.00016594111420577864 0.0402413397711118 0.008633445149540583 0.015599921176628116 -0.022673617664658908 -0.070743211131628167 0.017838531771143511 -0.028981769989588731 -0.02953124787514599 -0.024039241088729062 0.0038778150517332004 0.035336487760759913 -0.0034955090626021868 0.03513341167786671 -0.12034140856149221 0.047216713740909411 0.0054162536851206523 -0.0089812278895661495 0.0033440582296004671 -0.003685920948600538 -0.00057991838689764143 0.013620417257561549 0.020861420724939711 0.0094556424519604988 -0.091898609321292207 0.0057192270586311367 -0.010308859992388862 -0.010475993833824308 0.030863610091242968 0.080421655268180403 0.046627944182392543 -0.026414924382295781 -0.0016874233839547993 -0.00077547191514437588 -0.019754118859634642 0.013659060710074342 0.020445565431019178 -0.061191468728661928 -0.0022518055897508557 -0.031411280103040624 0.011342407992320844 -0.035027140907482317 0.013855250814796641 0.097118204860934573 -0.046438433735310952 0.041737924346511482 -0.0039487441673955789 0.00062638557362269982 -0.054557141239472445 -0.012954272530769213 0.008637872925097061 -0.054934005684918366 -0.066448736309721396 0.0030660271264151282 -0.014902492250646602 0.0048917885379708582 -0.05895632276309612 0.014442642496002012 -0.093184396655525664 -0.011834133385809582 0.089549483783211037 -0.072390684422064602 0.056783092938052317
leaf_weight=5102.4780339188874 295.65096808038652 11.042543210089207 129.99319387227297 200.04655186459422 19.473944656550884 316.2597813885659 45.715330101549625 30.116384442895651 274.677150901407 336.34571250528097 142.36451480537653 612.37805472314358 12.40328475832939 12.73248964548111 168.99217098299414 3189.9594756551087 2849.2212406974286 987.9977013617754 90.09156334772706 17603.198748748749 918.24961231835186 254.57798418402672 2129.4920264817774 19.321975637227297 3330.1224959455431 40.135995462536812 1370.0523737985641 55.854908909648657 11.516323059797285 57.23915333673358 199.50609152391553 82.46134726703167 2091.6699723750353 178.405941138044 239.30155700445175 97.808411531150341 28.272708281874657 600.08758201450109 96.809212673455477 20.211629290133715 55.290484938770533 593.72089457884431 20.317743450403214 13.530454747378824 228.22939815558493 5569.8421653173864 16066.834052303806 25.33805625140667 323.97964176908135 2759.1148302722722 32.720882624387741 45.376684583723545 411.48657079041004 332.73373532295227 914.28897228091955 18.62137209251523 201.11533731222153 20.602470122277737 93.241900745779276 14.990692762657998 12.104439489543436 24.661801796406507
leaf_count=16096 6960 45 897 1763 110 1775 194 137 1101 984 345 2118 41 68 3715 15552 14454 3115 293 56881 2919 709 5652 79 14586 125 10846 246 29 224 686 209 5781 1662 614 324 96 1565 329 174 334 2327 154 134 2787 31837 65021 89 1230 10335 136 167 1849 1229 3143 132 716 84 1351 81 57 139
internal_value=0.000777449 0.000614801 0.0268704 0.000491551 0.00356173 0.0167561 0.0194443 0.0232084 4.73901e-06 0.000148758 0.0132334 -0.00985689 -0.0276724 -0.0604378 0.0334703 4.48161e-05 -0.00100385 -0.00622311 0.00120242 9.99082e-05 0.00430083 0.00300401 0.00805214 -0.0192639 -0.000275951 -0.00339576 0.000685453 -0.00697238 -0.00290925 0.0101131 0.000411813 -0.00599536 0.00333137 0.00130461 -0.00249954 -0.00667514 -0.0098779 -0.00806434 -0.0255156 0.0151765 0.00170303 0.00245928 0.0543426 0.0260548 0.0278563 -0.00395662 0.00149781 0.00563995 0.00261637 0.00572973 -0.00950296 -0.0400991 0.00517205 -0.00084562 -0.000654202 0.00361735 -0.00330781 -0.0422507 0.00616718 0.026402 0.0124727 0.00609461
internal_weight=72030.4 71734.7 335.164 71399.6 9771.81 653.325 633.851 588.136 61627.8 60740.7 478.71 887.055 36.1783 23.775 298.985 60262 31618.8 3869.94 28643.2 21125.9 7517.26 6599.01 2238.91 109.414 27748.9 6536.76 21212.1 1586.77 6451.25 480.242 4360.11 1364.85 2995.26 19625.4 1165.34 926.042 828.233 799.961 199.873 216.721 2740.68 2685.39 40.5294 558.02 544.489 5971 19447 3380.12 9118.48 4016 2881.94 85.5127 423.003 17935.9 1256.89 932.91 5770.96 117.412 176.192 82.95 67.9593 3354.78
internal_count=296831 289871 4766 285105 36073 5137 5027 4833 249032 245813 1329 3219 154 113 4612 244484 148821 17705 95663 73662 22001 19082 6024 372 131116 36710 94406 12909 36418 2102 13058 3907 9151 81497 3221 2607 2283 2187 622 2063 8442 8108 328 4696 4562 34316 79835 14814 30936 14840 14590 292 1878 58110 4505 3275 32553 413 1735 384 303 14725
is_linear=0
shrinkage=0.05


Tree=92
num_leaves=63
num_cat=0
split_feature=20 28 15 50 58 55 16 37 48 50 43 40 44 20 27 43 26 50 37 44 43 18 45 27 30 32 58 40 28 51 27 45 42 63 20 44 40 46 45 42 36 56 50 20 51 51 55 2 59 48 63 51 45 51 2 18 50 3 37 26 57 18
split_gain=174.17 86.8203 38.7351 49.371 44.5418 44.063 37.7439 37.6323 34.8431 32.1298 30.9476 67.0515 36.189 34.8812 38.0719 37.1087 35.2908 37.0137 30.1207 67.5425 29.7492 30.5846 30.3166 28.7544 55.8545 39.84 58.9238 39.3551 56.0429 40.0075 35.896 34.2025 43.6242 34.3876 55.2765 45.1202 44.1387 32.3176 41.2107 31.7818 46.9267 55.664 37.2595 30.3798 60.8375 27.924 35.5427 29.2542 32.267 27.2546 32.286 35.3055 26.9645 26.5376 26.3053 29.971 29.6007 25.7533 24.7854 50.8314 24.7625 45.8658
threshold=99.500000000000014 360730108351.84473 0.69097504323312886 656.45388571880233 0.2672282004597602 28.074589456082585 62.359440559440579 0.99632858005711877 1448954142357.0901 188.24071947869558 4.9142857142857164 7.5000000000000009 0.49076638763949182 13.500000000000002 20.000099895442776 5.0002732240437169 11.563523391812867 462.29718982610228 5.5465974784050109 0.57825630746356793 4.2601136363636369 35025254.967300639 1.9860062249952672 11.976093013297346 78.500000000000014 7.870000000000001 0.55191596924288722 40.500000000000007 126329194529.43451 8.6463010582910567 2.2500000000000022 0.72922580916590873 7.2950000000000008 32.659349149065484 22.500000000000004 0.54190976645509192 73.500000000000014 14.600854700854702 0.86308272863840696 7.2950000000000008 31.56085858585859 1.5000000000000002 214.54981517367165 29.500000000000004 0.82949308729958171 6.4285713975765315 339.34503617340101 23.500000000000004 -0.11319890333640045 70364582344.254486 37.690996000772024 8.5714285438775537 0.5990268715906929 0.80229861183039552 2.5000000000000004 498370625.75599509 0.94310831115673099 57.250000000000007 18.411123768505195 55.803571428571438 2.5000000000000004 19172463.36987998
decision_type=2 2 2 2 2 2 2 2 2 2 2 2 2 2 2 2 2 2 2 2 2 2 2 2 2 2 2 2 2 2 2 2 2 2 2 2 2 2 2 2 2 2 2 2 2 2 2 2 2 2 2 2 2 2 2 2 2 2 2 2 2 2
left_child=1 2 3 4 5 -1 52 -3 10 18 12 -12 20 16 -15 -16 17 49 19 -7 21 45 60 25 58 27 -27 -14 31 -30 -31 39 33 34 35 36 -33 38 -35 -29 41 -41 -43 44 -26 47 57 -4 -49 50 -13 -52 -6 -28 -18 56 -56 -47 59 -25 -22 -62
right_child=-2 7 8 -5 6 9 -8 -9 -10 -11 11 13 23 14 15 -17 54 -19 -20 -21 22 -23 -24 24 43 26 53 28 29 30 -32 32 -34 37 -36 -37 -38 -39 -40 40 -42 42 -44 -45 -46 46 -48 48 -50 -51 51 -53 -54 -55 55 -57 -58 -59 -60 -61 61 -63
leaf_value=0.01423917216290892 0.04007399089169332 -0.004644254543546303 -0.00638822199734036 -0.035376586864335306 0.027357084457091382 0.039602184732075135 -0.041443291067575883 0.037316222984673096 0.015830492389224439 -0.10600208202893707 -0.0007591048066759536 -0.024945732982890996 -0.0027614095785511487 0.030555420030105793 -0.10824773742282744 0.0098469031755796244 0.014048320872587311 0.037499444420626658 -0.002257609549278602 -0.12368819741052298 0.00077614615238357789 -0.048303361951142543 0.011451858587395489 -0.011464961616645933 -0.024759757723984057 0.0027231341298199953 -0.047315943328568789 0.019853506589447751 -0.10154815809311041 -0.056383754042889894 0.037152833730236638 -0.020483054186565767 0.023641116572130444 0.013822661786986294 -0.11789329528442281 0.012532574251102647 -0.095224268513491056 0.019590088786984448 -0.060137555863191389 -0.0069067958332464825 0.011517709482173465 -0.16615568584456875 -0.036641986281198462 0.0030167808304510865 -0.13310755223088183 0.091187931685371648 0.10768149534427335 -0.014131289426615465 0.10754353225407054 0.014077441429541952 -0.033208736797254557 -0.15066869719964049 0.010306986018964653 -0.15381785281188343 -0.047421127626101789 0.017109826730314196 0.0036949284743468635 0.0045358092725723128 -0.0042142591428979415 -0.070093656276528804 -0.0024305908485575036 -0.027937179278686781
leaf_weight=93.766111474484205 280.33624226972461 69.740395862609148 2171.6343496032059 58.950347375124693 403.02395975403488 9.8378372248262185 27.913534931838512 228.53654513694346 360.19036047160625 13.247073434293268 7355.38448215276 66.757816776633263 6678.2119711637497 240.89794687926769 9.9236232861876505 20.177553487941623 893.83747421205044 24.154771186411381 59.111188692972064 17.774723898619413 40256.262857111171 40.219397611916065 640.59413829445839 312.45563769713044 31.020194865763187 29.185313113033772 11.051598981022837 650.06801260262728 18.893810711801052 22.490990817546844 18.856684835627675 84.837963409721851 122.94938107579947 39.15418279916048 14.859761595726011 74.115585327148438 25.748422257602215 126.53450367599726 36.292297542095184 60.521091885864735 257.57167036831379 10.776818037033083 11.45692118257284 19.436800725758076 22.248315665870905 9.123901177197693 9.8688835818320495 10.080089040100576 11.859195668250321 26.732514508068562 13.003809198737146 12.5923885256052 546.09671428054571 12.42506183683872 28.520343378186226 437.24083665013313 4078.0525403469801 142.42365629598498 2343.147785410285 41.931551434099674 2022.6850621839985 193.07130560278893
leaf_count=503 6890 421 16139 261 3660 41 109 3945 1790 63 26941 211 23010 1498 59 122 2311 53 329 93 165242 173 2705 1008 101 107 39 2027 98 123 234 271 394 115 65 197 106 372 145 198 788 68 52 92 107 45 65 73 55 81 43 59 2589 71 93 1424 10698 919 6730 157 9771 682
internal_value=0.000739848 0.000586013 0.000473527 0.00927075 0.0115188 -0.0103823 0.0158616 0.0275054 0.000319316 -0.0334757 0.000239263 0.0024186 -0.000269414 0.00641272 0.0239308 -0.029086 0.00556208 -0.0189354 -0.0223973 -0.0655109 0.000354413 -0.00506928 0.000655737 -0.00283247 -0.00724374 -0.00136121 -0.0447123 -0.0010846 0.00602471 -0.0412702 -0.0137262 0.00790546 -0.00241844 -0.0103977 -0.0251182 -0.0176541 -0.0378855 0.00414647 -0.0217547 0.0133728 0.000993737 -0.0317618 -0.099418 -0.0504892 -0.0700127 -0.00433091 0.01574 -0.00580785 0.0516396 -0.0303822 -0.0432514 -0.0909947 0.0175469 -0.103682 0.0062074 0.00466497 0.00333993 0.00975269 -0.00607816 -0.018402 0.000492902 -0.00465312
internal_weight=71959.9 71679.5 71381.3 1229.72 1170.77 193.737 977.034 298.277 70151.5 99.9708 69791.3 13207.3 56584.1 5851.89 270.999 30.1012 5580.89 143.241 86.7237 27.6126 45507.8 2395.21 43112.6 11076.2 2770.24 8306 52.662 8253.34 1575.13 60.2415 41.3477 1514.89 524.492 401.543 199.562 184.702 110.586 201.981 75.4465 990.395 340.327 82.7548 22.2337 72.7053 53.2685 2354.99 161.416 2193.57 21.9393 119.087 92.354 25.5962 949.121 23.4767 5437.65 4543.81 4106.57 151.548 2697.53 354.387 42472 2215.76
internal_count=296831 289941 285575 7648 7387 1029 6358 4366 277927 526 276137 43593 232544 16652 1679 181 14973 447 463 134 195869 17469 178400 36675 8195 28480 217 28263 5253 455 357 4798 1665 1271 639 574 377 632 260 3133 1106 318 120 300 208 17296 1029 16267 128 394 313 102 6249 110 14526 12215 10791 964 7895 1165 175695 10453
is_linear=0
shrinkage=0.05


Tree=93
num_leaves=63
num_cat=0
split_feature=20 18 16 30 32 15 59 50 16 1 62 40 0 57 54 28 55 59 47 1 50 47 34 62 55 36 9 50 33 0 50 25 52 62 37 57 62 55 39 20 48 43 39 24 30 53 45 47 47 62 51 47 18 34 58 62 40 59 57 47 36 62
split_gain=163.881 82.5359 61.183 51.4337 39.1415 35.3199 43.0836 35.2703 34.9971 33.8509 34.3502 34.5497 30.8457 47.635 41.7091 42.3074 39.42 46.1377 37.3616 54.3663 61.7857 50.7977 49.0059 44.9801 45.7833 39.3817 38.7743 37.3287 34.9003 33.671 46.7711 31.525 36.2228 38.069 31.3447 35.9008 30.5387 31.7935 46.5245 66.6698 54.4255 72.7681 39.2283 51.6062 47.9635 45.1244 41.1011 38.3185 38.5112 41.4368 37.0992 39.5412 36.2235 34.97 34.9016 42.3267 49.2224 35.0925 34.6967 34.0509 52.0872 33.8134
threshold=99.500000000000014 177961840574.29214 591.30000000000007 170.50000000000003 8.1250000000000018 0.61632331553445374 -0.73724926354828224 1131.3816962159628 75.375000000000014 7.5950000000000006 29.709351895646119 387.50000000000006 39.650000000000013 3.5000000000000004 0.48466260302197833 7932859.5903701447 8.1909463743383579 0.6360540003681886 54.140385527974622 5.1450000000000005 373.14419493819605 1.0253942301229526 0.33241540277189335 10.606261357695852 140.10077027885177 44.158723404255319 1011552483.0999991 373.14419493819605 4.8568927203065142 119.15000000000002 136.68796552498847 0.50599800238002957 9.7780647449238209 4.1961334046949306 61.967229562117957 1.0000000180025095e-35 0.18639379154116156 58.865294066081944 1.5784648166287536e+19 36.500000000000007 49525764906.738258 4.5833892617449683 6.283837090374103e+18 0.70257067654430594 48.500000000000007 -0.04829702528370939 1.0690325708387751 20.588545224084196 14.238489218144666 2.3958421498095643 12.857142835003646 8.6434713512857417 371158803.22402602 0.92556289179432161 0.94828754594723541 2.0412393268775983 21.500000000000004 0.99901018088683491 1.0000000180025095e-35 11.500154828833358 28.152119047619053 21.380731746782509
decision_type=2 2 2 2 2 2 2 2 2 2 2 2 2 2 2 2 2 2 2 2 2 2 2 2 2 2 2 2 2 2 2 2 2 2 2 2 2 2 2 2 2 2 2 2 2 2 2 2 2 2 2 2 2 2 2 2 2 2 2 2 2 2
left_child=1 4 3 7 5 6 -1 -3 -8 10 12 -12 13 18 15 16 17 -14 19 25 21 26 -20 24 34 36 -21 -25 -19 30 -16 -27 33 -33 35 -24 -7 42 39 54 41 -40 44 -44 -38 -46 52 48 49 -47 51 -43 53 -45 57 -56 61 -39 -54 60 -53 -57
right_child=-2 2 -4 -5 -6 9 8 -9 -10 -11 11 -13 14 -15 29 -17 -18 28 22 20 -22 -23 23 27 -26 31 -28 -29 -30 -31 -32 32 -34 -35 -36 -37 37 38 40 -41 -42 50 43 46 45 47 -48 -49 -50 -51 -52 59 58 -55 55 56 -58 -59 -60 -61 -62 -63
leaf_value=-0.010607075803264154 0.039602525913088688 0.034049769770468939 -0.15682360944072246 -0.085107091239465971 0.029992933484401442 -0.02508429359861394 0.019519924649780293 -0.10898357672142658 -0.067717109670912018 0.026265980134255212 0.0024092867056793562 0.034334702370849235 -0.017641140369373528 -0.018746542294908929 0.0025653325629633947 -0.0036242721149274057 0.0021071459673324641 -0.00027558244387740387 0.0090770418142970839 -0.0011366962998242815 0.017955675451053973 0.0066049932124225379 0.027942087632347647 0.0030207004712436551 0.031885487614011651 -0.079317701324869483 -0.037561592184670679 -0.051085831680505858 0.049716393295168838 -0.015336365069448478 -0.013624938041648464 -0.037334314156128388 0.0093769669462065632 -0.0057476294285252515 -0.040732926324441768 -0.025501236805469337 -0.0021819464591009362 0.00602114392737319 -0.063268645920888031 0.044170046572571904 0.0044249990682531208 0.017881036863031035 0.0082552462455104895 -0.035297621732664514 -0.09754253229432705 0.036112771966796547 -0.092645434913188565 -0.098274391989621832 0.03698176218452625 -0.033711812273851734 -0.09194184977059619 -0.12658261864027995 0.038079075388045718 0.018273705588205694 -0.033459041410456823 0.012599085550741077 -0.01580067632113423 -0.047309371028058107 -0.0050744496845065564 -0.01047089804171962 0.0093123103422147156 -0.020940337702015723
leaf_weight=174.39320669695735 269.75917945150286 302.89344775956124 4.5199459642171851 9.6687150448560697 111.89376435615122 121.50978821702302 566.09440839290619 4.3721813112497321 11.734927594661711 125.12317757308483 12269.24671519734 85.333850592374802 539.24879395961761 315.53187519777566 1160.7076969258487 8102.4505227189511 9401.7729116622359 182.71046574413776 2861.3787952214479 3418.5262623876333 697.64334772527218 3504.41512372531 46.84013706445694 1962.2322190925479 40.770872563123703 14.352933455258606 74.656843416392803 32.403829470276833 43.157898254692554 917.35959780216217 724.51915648579597 97.782878015190363 393.60755253210664 3898.2730657309294 148.7991933003068 95.475143153220415 10231.403768580407 4457.0693602599204 85.706426959484816 103.7625083848834 361.94624975137413 102.90455035492778 1862.9035018440336 150.50106241554022 19.796877399086952 25.200106397271156 14.59296530485153 14.042765028774737 32.418354451656342 135.4685508646071 13.166231758892534 17.222301635891203 58.593457940965891 38.193640604615211 112.18226837366819 514.34796933457255 353.67371424660087 31.061243418604136 227.17455112189054 115.37056773900986 11.939588271081446 88.005900382995605
leaf_count=892 6890 4881 28 45 984 2385 3640 18 45 323 33649 338 3231 2774 3938 26168 41678 1007 9424 15468 3130 10685 145 5423 117 69 605 130 130 3987 3198 935 1283 14218 593 374 56623 19157 326 654 1634 398 7167 520 91 103 59 66 132 555 58 79 193 98 1040 2053 1174 190 864 412 58 299
internal_value=0.000704221 0.000557751 0.0258365 0.0284415 0.000443812 0.000397378 0.0111744 0.0320145 0.0177483 0.000282315 0.000236087 0.0026298 -0.000274019 0.000597486 -0.00180027 -0.000929001 0.00121898 -0.0096948 0.000764311 0.00011485 0.00376638 0.00235175 0.00469513 -0.000694174 -0.0177379 -0.00107057 -0.00191517 0.00214171 0.00927666 -0.00747984 -0.00365682 -0.00533697 -0.00509507 -0.00652055 -0.0246877 -0.00791147 -9.7042e-05 6.12693e-05 0.00294859 0.00446034 -0.00913271 -0.0233026 -0.0013741 0.00446044 -0.00268622 -0.0254225 -0.0099947 -0.0185295 -0.0127298 -0.0227602 -0.0101587 -0.00580694 -0.00745262 -0.0244543 0.00371878 -0.00440396 -0.000994577 0.00565206 0.00377369 -0.0226724 -0.0709439 0.00769886
internal_weight=71909.8 71640 321.454 316.934 71318.6 71206.7 752.223 307.266 577.829 70454.5 70329.4 12354.6 57974.8 36902.8 21071.9 18269.3 10166.9 765.117 36587.3 31399.4 7695.24 6997.6 5187.9 2326.52 331.885 23704.2 3493.18 1994.64 225.868 2802.59 1885.23 4404.02 4389.66 3996.06 291.114 142.315 19300.2 19178.6 6368.36 5660.1 708.256 346.31 12810.3 2351.96 10458.3 226.927 489.056 207.13 193.087 160.669 260.603 247.437 474.463 188.695 5556.34 1068.21 956.028 4488.13 285.768 144.532 29.1619 602.354
internal_count=296831 289941 4972 4944 284969 283985 4577 4899 3685 279408 279085 33987 245098 161761 83337 72214 46046 4368 158987 142781 29888 26758 16206 6782 1229 112893 16073 5553 1137 11123 7136 16505 16436 15153 1112 519 96388 94003 27532 24567 2965 1331 66471 8901 57570 947 1734 856 790 658 1005 947 1675 618 23913 4566 3526 19347 1057 549 137 2352
is_linear=0
shrinkage=0.05


Tree=94
num_leaves=63
num_cat=0
split_feature=10 48 38 61 28 62 45 1 2 24 61 40 5 55 58 33 40 15 40 33 46 58 51 62 16 5 25 35 5 60 16 40 44 62 38 5 62 47 58 53 62 48 0 48 62 55 48 51 46 12 27 24 46 55 33 53 55 53 38 36 5 1
split_gain=155.229 76.9465 48.0418 33.129 36.2587 32.8298 32.1236 31.4692 30.7009 33.4651 36.5453 45.7556 45.1365 28.7363 34.0548 36.8702 28.2416 35.1015 27.5249 40.7226 27.4922 48.4271 45.5575 53.931 44.688 41.9896 34.9847 32.9803 31.985 29.8217 29.451 30.8781 29.3524 30.5561 37.0125 43.5517 35.746 29.1552 28.9032 28.1204 27.7349 33.1651 39.7928 27.4616 32.3866 36.544 27.1643 27.0515 41.2605 27.0309 76.0005 40.0092 33.5673 34.5581 33.301 27.702 26.8053 30.3161 54.9213 31.0758 26.6841 26.5478
threshold=17.500000000000004 49525764906.738258 1889405570453.2622 7.7052562798773492 10437769660.506357 0.10456237086455404 0.61012495567311242 6.3850000000000007 8.5000000000000018 0.75687393676868109 27.573483192955479 13.500000000000002 0.90500000000000014 52.990479430114362 0.71322329076259938 4.6129184898748354 20.500000000000004 0.92403081256011166 34.500000000000007 4.7002336448598143 69.929406779661022 0.46173103126271881 3.4285714263673479 0.96833847800652217 36.002941176470593 0.90500000000000014 0.80813891947027394 0.66178206766209857 1.2050000000000003 2.5000000000000004 50.310000000000009 19.500000000000004 0.82800832358843324 4.7689533494311824 20802900.774305619 1.2450000000000003 24.535787632869489 12.186523798955495 0.99809679250719918 -0.085736204758129639 1.813929824998133 1437357.3595397372 37.650000000000013 62693207.533502705 5.7145608772497587 197.66008965859604 67841186.284943983 3.4285714263673479 32.816441441441448 5.3750000000000009 6.7483728611337197 0.40910353388924298 34.484006534006546 61.61121707459494 4.6433396704689489 -0.44764827301084226 13.978977794713478 0.079358824907747316 68888757.900816783 47.961250000000014 0.9850000000000001 5.6950000000000012
decision_type=2 2 2 2 2 2 2 2 2 2 2 2 2 2 2 2 2 2 2 2 2 2 2 2 2 2 2 2 2 2 2 2 2 2 2 2 2 2 2 2 2 2 2 2 2 2 2 2 2 2 2 2 2 2 2 2 2 2 2 2 2 2
left_child=2 6 3 4 61 7 -2 -5 18 10 12 -12 -10 -6 16 -16 17 -15 20 49 21 24 28 38 26 29 -7 -26 -23 43 40 -32 33 -22 35 36 -35 -31 60 -37 -30 42 -42 44 45 -25 -45 48 -3 55 52 -52 53 54 -51 -20 -27 -58 -59 -60 -24 -1
right_child=1 47 -4 5 13 8 -8 -9 9 -11 11 -13 -14 14 15 -17 -18 -19 19 -21 32 22 23 25 27 56 -28 -29 30 37 31 -33 -34 34 -36 39 -38 -39 -40 -41 41 -43 -44 46 -46 -47 -48 -49 -50 50 51 -53 -54 -55 -56 -57 57 58 59 -61 -62 -63
leaf_value=0.0010500550406664472 0.04182015495442537 0.050715538976877042 0.030479286912395043 -0.037338326128251657 0.01850234817580091 -0.019281546877127423 0.0047620613176813688 0.058987692331628261 -0.0063224909449527984 -0.030168055727177647 -0.019982238886714215 -0.0031049313802713127 0.0060381476593353795 -0.10233246622187286 -0.049096193939186579 0.021812944110351208 0.0022023495635083113 -0.020149711996760293 -0.025223577696627638 0.0094076439477238927 -0.01077299002093032 -0.0026245623473695164 0.010217162234936338 0.0011014274943483822 -0.067050827380920483 -0.014356370516393633 -0.0032601582777117264 -0.017521783784864086 -0.011832022291408645 -0.068680573169719969 -0.066195564368263085 0.0086993479473080511 -0.021423472935064147 0.0015664664846416127 0.00046757353185736418 0.03791553746505627 0.015094945104542193 0.0049500554455457211 -0.04760099025262983 0.011745418907761786 0.064932327639044593 0.0066062361320653245 -0.042077117012738405 0.068243628360004777 -0.029600925993435848 0.10516506660283675 0.0097089911857808821 0.04630576905558112 -0.094007822484433526 -0.092699890671673502 -0.068263207118863509 0.0073079528134160111 -0.099451751748233841 0.0076474305172019854 0.0055975686072653663 0.0021957980970657566 -0.0052384871347401418 0.052598415637420619 0.0099336512402693131 -0.026176044847041169 0.034458484299874963 0.0076607333922910845
leaf_weight=15484.878505052999 68.488657467067242 11.023252656683328 132.73984430544078 92.992552124895155 589.88183505926281 361.31969215720892 400.11487598717213 9.329525411128996 1431.6776445060968 119.19026783853769 619.66303814947605 1141.0954957455397 1525.5406986884773 17.731113500893116 20.565851885825396 168.77760715223849 78.482488021254539 48.62066600099206 93.68856967240572 1836.2946069678292 501.83699946478009 10507.844437874854 221.26897195726633 124.43735564872622 38.463239375501871 412.56598966196179 5981.2848441451788 266.40047660842538 197.74769631400704 25.188040915876627 29.524475388228893 25.777874067425728 142.33868082985282 2591.0353180319071 12577.919754080474 155.06446518003941 601.66408647596836 28.835458606481552 15.126938506960867 303.66566475853324 47.157206755131483 1465.2194636166096 10.64952417090535 20.045279420912266 98.850281089544296 9.0499639883637411 1766.6043863799423 286.78355540335178 8.9021323770284635 28.312092753127217 18.910781759768724 237.13504913076758 25.557210847735405 30.443410271778703 12.385346673429011 5488.6026781629771 895.12825524806976 66.305236399173737 336.66067298129201 72.394123993813992 233.12877668067813 1683.8632292188704
leaf_count=55497 1214 287 1355 2407 2937 1347 2546 57 6289 412 3974 4357 5238 101 99 953 434 179 390 7263 4614 51089 816 765 151 1696 32038 975 2166 139 122 69 603 12919 38136 644 1689 110 75 1288 452 5958 118 70 559 44 5626 8718 44 143 75 740 114 128 75 15609 3598 165 981 236 778 5160
internal_value=0.000670057 0.0229217 0.0004273 0.000371063 0.0022177 -0.000261221 0.0101783 -0.0285555 -0.000206326 -0.00400262 -0.0033416 -0.00904456 5.39937e-05 0.0118658 0.000151166 0.014111 -0.0180987 -0.0421113 0.000177027 0.00290065 -0.000350405 -0.00146512 -2.17171e-05 0.00439112 -0.00507164 0.00244296 -0.00417285 -0.0237706 -0.00157563 0.0072819 0.00463022 -0.0312851 0.00118602 0.00137837 0.00175411 0.00618577 0.00411591 -0.0293797 0.0203907 0.0205917 0.00578447 0.00807177 0.0452184 0.00826288 -0.00790772 0.00815657 0.0103657 0.0423917 -0.013943 0.000887386 -0.0125361 0.00172649 -0.0503019 -0.0326449 -0.0627853 0.00173561 -0.00318288 0.000180746 0.0103855 0.00354299 0.0226542 0.00169841
internal_weight=71842.2 775.312 71066.9 70934.1 18092.8 52841.3 468.604 102.322 52739 4837.17 4717.98 1760.76 2957.22 924.06 334.178 189.343 144.834 66.3518 47901.8 7771.33 40130.5 23257 16609.5 4325.59 6647.47 3856.07 6342.6 304.864 12283.9 2073.01 1776.08 55.3023 16873.5 16731.2 16229.3 3651.43 3192.7 54.0235 469.525 458.73 1720.77 1523.03 57.8067 2018.99 232.338 133.487 1786.65 306.709 19.9254 5935.04 352.744 256.046 96.6981 71.1408 40.6974 5582.29 1783.05 1370.49 475.36 409.055 454.398 17168.7
internal_count=296831 12809 284022 282667 65360 217307 3760 2464 214843 20270 19858 8331 11527 4703 1766 1052 714 280 194573 24537 170036 110143 75632 15658 34511 13989 33385 1126 59974 7313 8885 191 59893 59290 54676 16540 14608 249 1669 1932 8694 6528 570 7064 1368 809 5696 9049 331 17274 1275 815 460 346 218 15999 6676 4980 1382 1217 1594 60657
is_linear=0
shrinkage=0.05


Tree=95
num_leaves=63
num_cat=0
split_feature=20 18 16 30 50 20 33 26 22 38 34 44 1 62 17 28 52 13 33 62 55 44 15 1 0 8 7 47 16 51 58 53 38 50 1 7 50 8 55 6 61 50 63 38 28 56 46 5 55 36 57 5 47 38 17 58 34 62 63 50 40 44
split_gain=147.959 73.4949 51.5208 45.8 35.8598 33.9302 85.0253 49.3464 46.3424 52.1247 32.9479 30.7025 30.4642 30.7902 29.7746 33.8465 68.8273 32.65 29.1985 28.6593 37.9863 27.8114 33.8721 28.2113 46.5717 55.806 52.0924 42.0881 35.035 56.0648 51.3348 47.5489 40.069 33.9438 38.7229 43.4322 42.9178 37.0867 31.4859 30.8253 30.5818 28.4685 37.1431 31.3571 31.942 28.3689 28.2333 28.1687 30.6893 30.7955 27.8778 30.8408 30.0735 27.6859 27.5102 34.5904 31.0864 28.4399 38.8518 31.3375 27.6374 31.4548
threshold=99.500000000000014 177961840574.29214 591.30000000000007 170.50000000000003 174.61595239280936 34.500000000000007 4.8568927203065142 33.574537037037054 5.6950000000000012 1815796671.4833219 0.38586842886225114 0.40959564822068412 7.5950000000000006 40.574746085484556 12.979664388742098 103561835295.2126 12.706771043560897 4.8573214285714306 4.4454817637452377 1.813929824998133 230.58037086361583 0.8034897787072931 0.61632331553445374 4.8950000000000005 34.107000000000006 0.19950000000000004 8.9300000000000015 54.140385527974622 19.154347826086958 12.857142819948981 0.1822285865217376 -0.37145625864184684 1131830241090.9084 29.419703007731439 5.5250000000000012 12.350000000000003 535.17466620435641 0.13050000000000003 119.44937612253887 6.8050000000000006 12.959640104307121 146.67256286342555 11.169904211834828 476411294.54718047 27107930.138274387 1.0000000180025095e-35 25.587844488188981 0.87500000000000011 318.10033892977197 561.12350427350441 1.0000000180025095e-35 0.93500000000000016 84.872744195128391 7098631229.920228 1.7138135179143339 0.66259481767468287 0.85250855104264589 1.9685002862761696 37.690996000772024 55.971713245773891 14.500000000000002 0.61617374352503462
decision_type=2 2 2 2 2 2 2 2 2 2 2 2 2 2 2 2 2 2 2 2 2 2 2 2 2 2 2 2 2 2 2 2 2 2 2 2 2 2 2 2 2 2 2 2 2 2 2 2 2 2 2 2 2 2 2 2 2 2 2 2 2 2
left_child=1 5 3 4 -3 12 7 8 -7 -10 -11 -12 13 21 15 18 -17 -18 -13 20 -6 22 -1 27 33 26 47 28 30 39 53 -32 -33 37 -35 -36 40 38 46 -30 -37 42 -29 44 -44 -38 -25 48 49 -26 -23 52 -52 -24 57 56 -56 58 59 -41 -57 -62
right_child=-2 2 -4 -5 19 6 -8 -9 9 10 11 14 -14 -15 -16 16 17 -19 -20 -21 -22 50 23 24 25 -27 -28 41 29 -31 31 32 -34 34 35 36 45 -39 -40 54 -42 -43 43 -45 -46 -47 -48 -49 -50 -51 51 -53 -54 -55 55 60 -58 -59 -60 -61 61 -63
leaf_value=0.012185686617522635 0.038804772280332404 0.039709835080923211 -0.1346543718819127 -0.082285689508556539 -0.12973992311877922 0.019378788232912867 0.045432220778365714 0.033598137400773706 -0.087171341324724858 0.031677149645836206 -0.043138738990974222 -0.047719346348569371 0.025084531211687119 0.0061206963427558577 -0.072119922382791468 -0.10004792006243719 0.0078366265242210964 -0.13962824870905879 0.0076208869459957699 0.018949814853022162 0.017371361506620608 0.0090577192311670184 -0.017614505512455463 -0.0067031411615336642 -0.0092668445838034914 -0.012284015472606304 0.0084239241189121693 0.0041602975528745737 -0.024084785965107769 -0.040225086135400656 -0.017372317197509077 0.0076694769349796091 -0.067715991264262004 0.0027346240617320129 0.01257825809935406 0.0087922664153750694 -0.022543982213241203 -0.012179273805499796 0.036675331021970542 -0.0039884246084906103 -0.015188857283326999 -0.0014449109793998227 -0.017602950780737012 -0.024065620222509018 0.020317535120066343 0.047359277240603327 0.004266865822101589 -0.00030905938927069487 -0.057070973663382742 0.037995238268040125 0.00018842564448880487 -0.020817621798883024 -0.053485896800607557 0.013651046241242019 -0.014554910266841043 0.009404597599686591 -0.085492571450928645 -0.0011173617156466742 0.0074120779982932514 -0.018836549308474448 -0.0046257490801798603 -0.041463486928242151
leaf_weight=580.76471654698253 253.02430582698435 234.61646752431989 4.9762124381959429 9.2018738985061628 8.939873958006503 217.71022968366742 140.47705750353634 121.43800801597536 19.830703373998404 56.188198272138834 57.362480994313955 25.500142559409142 123.36917015165091 2140.5250488445163 15.752815928310154 25.23759226128459 56.997851436957717 4.0182065181434146 365.04799906723201 40.508023013360798 8.6183620356023294 204.98651691898704 399.5103231780231 852.07042201608419 986.48108976893127 995.1063237041235 1584.220735553652 8097.8182106502354 159.70959824323654 97.206950034946203 212.04746904969215 2767.398451346904 17.739775951951742 5932.7589750774205 2513.3024773262441 206.61333221569657 18.702955964952707 586.27575555071235 62.731039458885789 716.8472170252353 372.84303854778409 4735.1212006993592 104.63280409947038 220.5831835642457 118.34371087700129 64.803206749260426 1882.0375043228269 6351.5083433073014 32.361954383552074 35.714652016758919 474.28221596777439 447.5449946783483 27.616576746106148 86.057490441948175 752.32541172206402 349.34967610985041 15.767575055360792 22825.179816225544 342.43083159253001 704.67500471230596 857.15383966267109 62.149987794458866
leaf_count=2987 6890 4276 28 45 66 1309 2134 728 86 403 304 96 320 5507 107 134 719 41 2088 521 36 704 1584 3587 3543 4314 4644 24963 1849 384 1013 9011 88 22053 8156 740 148 2794 212 8025 2102 16561 531 723 342 279 7334 20481 195 83 1706 1682 123 266 2530 983 63 98371 1497 11265 2790 287
internal_value=0.000637342 0.000502334 0.0249195 0.0275498 0.031003 0.000397136 0.00908823 0.00379802 -0.00049153 -0.00740273 -0.00479284 -0.00851919 0.000260103 0.000216349 -0.00448743 -0.00225296 -0.0305999 -0.00187466 0.00400755 -0.00417672 -0.0575312 3.00926e-05 0.000163264 5.76645e-05 0.00149678 -0.00104884 0.000194749 -0.00068354 -0.00171025 -0.00232155 0.00300827 0.00545161 0.00718931 0.00353157 0.00511995 0.00957537 -0.00180865 -0.000745135 0.0016517 -0.002184 -0.00663805 0.00166472 0.00338862 -0.0106995 0.00252316 0.031703 0.000848121 -0.00156554 -0.00913322 -0.00761555 -0.00766425 -0.0112746 -0.00276496 -0.0120733 -0.00205263 -0.00763692 -0.0160111 -0.00159008 -0.0077069 -0.0113489 -0.00256685 -0.00711618
internal_weight=71784.1 71531.1 306.861 301.885 292.683 71224.2 1105.56 965.084 843.646 625.936 606.105 549.917 70118.7 69995.3 492.555 476.802 86.2537 61.0161 390.548 58.0663 17.5582 67854.8 66700.3 66119.6 22477.5 9985.39 8990.29 43642 30365.5 26882.8 3482.75 2997.19 2785.14 12492.1 9109.02 3176.27 662.963 3383.11 2796.84 26785.6 579.456 13276.5 8541.38 443.56 222.977 83.5062 2734.11 7406.07 1054.56 1022.2 1154.43 949.444 501.899 485.568 26625.9 2036.75 768.093 24589.1 1763.95 1421.52 1268.65 919.304
internal_count=296831 289941 4972 4944 4899 284969 8149 6015 5287 3978 3892 3489 276820 276500 3185 3078 894 760 2184 623 102 270993 266778 263791 80665 33260 28946 183126 140006 128044 11962 10112 9099 47405 33478 11425 3269 13927 11133 127660 2842 43120 26559 1596 873 427 10921 24302 3821 3626 4215 3511 1829 1850 125811 6653 2593 119158 20787 19290 4060 3077
is_linear=0
shrinkage=0.05


Tree=96
num_leaves=63
num_cat=0
split_feature=20 22 9 18 7 50 9 46 54 43 12 31 43 61 0 50 25 33 50 1 9 3 3 9 47 50 55 52 9 33 0 34 63 40 27 5 55 34 61 46 58 45 47 59 33 59 25 0 18 56 15 35 49 5 34 47 5 16 0 38 18 51
split_gain=139.031 69.5741 32.7747 35.6238 48.7968 43.3021 32.5085 30.6713 28.6438 29.2434 37.4602 37.3232 30.9324 32.9366 39.1122 47.7982 47.5521 27.3194 26.9992 26.8628 27.8674 27.5466 29.8064 35.0685 26.3941 25.0023 32.8825 32.5137 32.4681 29.7383 24.6531 25.2154 41.0549 36.4222 32.3555 29.9384 29.6208 28.7618 27.1271 26.1187 30.9198 25.2615 25.1592 24.1272 30.804 24.0041 40.669 37.9706 30.462 42.4131 29.3124 31.3786 61.3223 33.4024 31.7722 28.5706 32.1597 31.0636 37.8325 39.3161 37.6596 32.7106
threshold=99.500000000000014 7.6950000000000012 8150.0000000000009 22387917654.455784 1.6050000000000002 55.971713245773891 3798.0000000000005 135.89531250000002 -0.95571428571428541 4.9668439716312074 5.1100000000000003 0.35000000000000003 5.9101666666666688 29.042253964878348 12.899000000000003 109.05589156929649 0.99990731729870708 4.3402702702702713 462.29718982610228 7.3050000000000006 92045171.000000015 120.65000000000002 207.05000000000004 152387.00000000003 1.2572830495136293 72.551374740322203 125.41515541537329 11.929080098739698 191207753.50000003 5.3251470588235312 541.75000000000011 0.2770217486576369 19.456039869339708 12.500000000000002 0.19441633935269853 1.2950000000000002 27.140806887896112 1.0000249993750314 27.230693199715898 78.202000000000012 0.14780378300014818 0.49658577290421035 76.536631368432083 -0.46173103126271881 6.800625000000001 -0.95368063612909448 0.78414281454753776 64.950000000000017 12037565235.541643 1.5000000000000002 0.77207907893911509 0.7712554731306086 3.1804547900850836e+18 1.0150000000000003 0.51371856291019025 17.500207038804913 0.95500000000000007 9.9771241830065378 10.002500000000003 15894357332.74951 7309896.0205069082 4.6753246730477329
decision_type=2 2 2 2 2 2 2 2 2 2 2 2 2 2 2 2 2 2 2 2 2 2 2 2 2 2 2 2 2 2 2 2 2 2 2 2 2 2 2 2 2 2 2 2 2 2 2 2 2 2 2 2 2 2 2 2 2 2 2 2 2 2
left_child=1 2 3 45 -5 -6 -3 -7 -4 10 19 12 13 14 15 16 -11 -12 -15 21 -21 25 -23 -24 -2 26 28 -28 30 -27 31 32 35 37 36 39 -34 -33 -38 -10 -41 -35 -43 -14 -45 46 48 -48 49 -1 -47 52 53 -52 -54 56 -53 -57 60 -60 -59 -61
right_child=24 6 8 4 5 7 -8 -9 9 11 17 -13 43 18 -16 -17 -18 -19 -20 20 -22 22 23 -25 -26 29 27 -29 -30 -31 -32 33 34 41 -36 -37 38 -39 -40 40 -42 42 -44 44 -46 50 47 -49 -50 -51 51 55 54 -55 -56 57 -58 58 59 61 -62 -63
leaf_value=-0.0074142560554986527 -0.11375198178395073 0.037704858500724803 -0.012053917734890431 -0.065063953041899644 0.033370194614606247 0.010005598626907279 0.007583800473976849 -0.047819418131549725 -0.00095769340910838597 -0.095832406958948887 -0.06803088779028664 0.013170425033192332 0.0034044209944545413 -0.0043104916148499327 0.0064784056367297857 0.020682656279944305 -0.011921924890660613 -0.0059519004126104098 0.017129296553346701 0.034209914317752443 -0.014249252397406804 0.0036805756862946606 0.0048079216234391611 -0.0117037539157447 0.040084343678375524 -0.0016010068458389634 0.010455713943078275 0.067860054288199287 -0.026264425120592308 -0.023322824160671097 -0.041220021726827004 -0.0085432453637202792 -0.0065584152977474636 -0.025158218861916166 0.044948484360473877 0.0091599868510964626 0.05294197068443466 0.051525048330736116 -0.032806999664899569 -0.0096474102834309648 0.0085397591169191159 0.002375663598859214 -0.0071071536240661527 -0.010920514661336292 -0.062029954507139384 0.012407059477172409 0.0032576519118126326 -0.034017300236571527 -0.095226099789013863 -0.078238315159840421 -0.0074135292404074798 0.0051525147199472212 0.014269682558153494 -0.032335980334597468 -0.0032517713893253173 -0.026230354441913736 -0.0054080644518831704 -0.01326055312572373 0.0067546483546096674 -0.0053948097283108686 0.027616980554608695 -0.086897361602875839
leaf_weight=104.86246040649712 2.8208780549466601 176.91220480110496 493.65006603300571 18.48163228854537 245.95062301494181 307.16768928058445 181.45370095968246 24.782060496509075 5898.6063388865441 17.60155176371336 17.850567027926445 778.63456564955413 322.43755229562521 1859.7836203873158 4493.4523433893919 117.03002040460706 414.21977511048317 2467.9090327993035 159.42985669150949 109.0854229927063 40.750692620873451 7195.8266818504781 569.01830130629241 739.46091982442886 240.93080963846296 23945.573178018443 466.24357700161636 26.045003071427345 113.55570901557803 158.61026790738106 35.226246286183596 1726.2378424368799 111.71069211512804 94.61907272040844 95.848379567265511 1198.6642685290426 49.201757986098528 20.160832218825817 11.351142646744846 274.29904705658555 1578.6329630315304 4509.6551795676351 827.86137511581182 490.42070712149143 31.366750538349152 771.61212610639632 640.73599942028522 76.475369855761528 15.775141622871159 26.475825529545546 338.13570920005441 1629.3212801218033 397.74962818995118 223.17769958078861 740.25672469288111 66.45680695027113 1292.9947619214654 66.034005127847195 2234.13269662112 31.372687116265297 383.96014203503728 20.261487025767565
leaf_count=400 65 3708 2414 105 2307 2257 1602 90 32357 74 71 2766 1014 6665 13290 395 2016 7948 623 259 137 27259 2000 4290 6825 104595 1958 79 942 622 245 6358 538 305 247 5839 184 51 65 929 5587 12749 2314 1640 120 3732 2096 273 85 118 977 5521 1861 714 2614 239 4504 235 6352 91 1016 99
internal_value=0.000606523 0.000477962 0.000367224 0.00307523 0.014912 0.0174697 0.0224535 0.00568861 -5.82382e-05 3.88918e-05 -0.000407413 0.00272575 0.00169706 0.00277846 0.00493937 -0.00766073 -0.0153422 -0.0063977 -0.00261768 -0.000108387 0.0210306 -0.000172185 0.00241832 -0.00452332 0.038304 -0.000707657 0.000758413 0.0134927 0.000379523 -0.00174394 0.000563649 0.000653415 0.00238369 -0.00156852 0.0216627 0.00180617 0.0087064 -0.0078498 0.0368676 0.000669004 0.00584742 0.000450879 0.000904856 -0.00734829 -0.0139929 0.00229604 -0.00562901 -0.000716931 -0.0295765 -0.0216913 0.00313185 0.00216781 -0.00379848 -0.0173227 0.00287223 0.0039389 0.000479929 0.00754611 0.00836661 0.00575774 0.0216184 -0.0373768
internal_weight=71718.3 71474.6 71116.2 9656.17 596.382 577.9 358.366 331.95 61460 60966.4 52282 8684.38 7905.74 7061.52 5042.3 548.851 431.821 2485.76 2019.21 49796.2 149.836 49646.4 8504.31 1308.48 243.752 41142.1 17037.9 492.289 16545.6 24104.2 16432.1 16396.8 9218.31 7178.53 268.112 8950.2 172.264 1746.4 60.5529 7751.54 1852.93 5432.14 5337.52 844.225 521.787 9059.79 864.325 717.211 147.113 131.338 8195.47 7423.85 1699.32 561.313 1138.01 5724.53 2922.32 2802.22 2735.76 2285.77 449.994 51.6342
internal_count=296831 289941 284631 35686 4759 4654 5310 2347 248945 246531 217928 28603 25837 23063 15775 2485 2090 8019 7288 209909 396 209513 33549 6290 6890 175964 70747 2037 68710 105217 67768 67523 45746 21777 1034 44712 787 6409 249 38873 6516 15368 15063 2774 1760 30927 2972 2369 603 518 27955 24223 6166 1691 4475 18057 10025 8032 7793 6542 1251 190
is_linear=0
shrinkage=0.05


Tree=97
num_leaves=63
num_cat=0
split_feature=10 48 39 33 62 48 42 34 24 47 55 27 62 37 34 24 9 34 34 33 1 0 33 62 30 40 9 18 37 26 14 59 25 25 50 45 57 45 0 40 48 7 55 50 52 14 55 62 61 50 59 62 7 1 50 8 42 24 42 59 48 45
split_gain=130.775 78.3034 44.6789 34.0556 35.2362 31.523 55.2712 60.0426 38.8829 37.5051 43.224 37.4689 29.5608 55.2894 56.593 45.2973 42.2294 42.1992 40.6439 49.3362 37.5701 61.6078 47.2093 37.1458 64.3675 63.119 35.988 38.7733 38.242 41.1317 43.13 34.0331 41.492 41.003 36.1413 35.4685 33.8398 33.7247 32.3231 31.2921 35.1851 30.8501 30.8222 29.7255 33.3181 46.5791 30.4407 28.7203 40.9606 38.9587 31.6517 42.1195 29.0111 28.4129 44.4644 38.6627 30.5597 29.3081 28.0956 38.8622 39.2811 32.0968
threshold=19.500000000000004 49525764906.738258 2.3786206858290659e+21 4.729178709055879 3.3869115780040331 8998042212.6060047 6.6950000000000012 0.39072822506134403 0.55579469214287303 0.37282548461146886 173.67673793549048 4.0071547417238262 1.750283164471883 1.2572426442185527 0.29999999999999999 0.16393596310754988 1011552483.0999991 0.58160675499121928 0.42666241494480223 5.2204166666666678 6.4650000000000007 61.45000000000001 6.7012500000000008 1.2956641607129524 7.5000000000000009 29.500000000000004 5859.5000000000009 45880939962.825127 2.3523107134223884 9.9663841807909623 0.85882423525217122 -0.71322329076259927 0.60133082109680991 0.77207907893911509 98.200906030333798 0.54286810237906524 1.5000000000000002 0.66814535677423381 33.750000000000007 32.500000000000007 7952712.8791563809 6.7350000000000003 197.66008965859604 70.93973198982836 12.843400216527241 0.40994579587496149 39.770133208371625 21.789888850165543 11.489186042581347 113.55504640736957 0.80382625221112025 7.4784826118344094 7.0500000000000007 5.5250000000000012 122.28996540871715 0.19950000000000004 5.495000000000001 0.48483018651586735 5.205000000000001 0.98897820466835418 260538373.55868104 0.90254478268542127
decision_type=2 2 2 2 2 2 2 2 2 2 2 2 2 2 2 2 2 2 2 2 2 2 2 2 2 2 2 2 2 2 2 2 2 2 2 2 2 2 2 2 2 2 2 2 2 2 2 2 2 2 2 2 2 2 2 2 2 2 2 2 2 2
left_child=2 3 12 5 -5 9 7 -7 -8 -2 -11 -10 13 23 15 -15 20 18 -16 -20 26 22 41 36 39 -26 27 28 -14 30 -30 32 34 -33 37 -36 38 -31 -1 40 -25 -22 -34 44 -28 -46 47 49 -49 50 51 52 -45 56 55 -55 57 -38 59 60 -48 -60
right_child=1 -3 -4 4 -6 6 8 -9 11 10 -12 -13 16 14 17 -17 -18 -19 19 -21 21 -23 -24 24 25 -27 43 -29 29 31 -32 33 42 -35 35 -37 53 -39 -40 -41 -42 -43 -44 46 45 -47 58 48 -50 -51 -52 -53 -54 54 -56 -57 -58 -59 61 -61 -62 -63
leaf_value=0.0038123558675442538 -0.03283973511563093 0.044571933154720612 0.029600613467398701 -0.076306990407833106 0.047202668059585402 0.052027859229547037 0.045921017743085886 -0.088215129166826556 0.023177350977567488 0.035246695183234998 -0.086245708634907603 -0.058767019580398344 0.0094977133909305428 0.0087071353310834345 0.003516584994586089 0.058173238106465457 -0.047620587017448555 0.013328786147174844 -0.061137319355851094 0.025650339564763671 0.023089790040557612 -0.01925739573896534 -0.043408343453195802 -0.00094838967638002252 -0.090661229362901344 0.0044432901921307904 0.0017266007013399976 0.023020619784383689 -0.017025456033271106 0.0032415906441125701 -0.11417882594698069 0.012772080731062261 -0.0052822242881851791 0.00098065679755834152 -0.021834702440049546 -0.13305155759851298 -0.0034826304267650829 -0.08345299545262419 -0.030586626182337012 0.073431505899089422 -0.018810826073674458 0.0029039984972413263 0.040406679893016509 0.01180556843814861 -0.0044327528521981808 -0.043760584134291507 0.0021739862067994154 0.012506909260468983 -0.0027978085120955276 -0.0033475006012962912 -0.030545471469014963 -0.016835927945057751 -0.028004538537324587 0.0036838125181108887 0.02654258594663151 -0.041123757339746374 -0.018817414580586597 0.087273860335570205 0.00051445211081598019 -0.017359608792550791 0.015936340929017558 -0.0037396424379574143
leaf_weight=1569.5254548043013 31.456160962581635 255.0901460358873 130.52769844979048 6.2591454461216918 74.605192054063082 9.5495708137750608 37.075885288417339 38.007004953920841 26.415516570210457 122.5506082251668 7.786058083176612 29.561125084757805 1752.9190795440227 92.658559944480658 115.98560000211 92.463225908577442 45.370103623718023 291.22360951453447 70.574778653681278 21.32277937233448 621.54710338264704 155.46312465518713 33.623146764934063 501.15119470655918 49.742817606776953 26.870118200778961 23007.920895894989 252.93438473250717 128.48453294858336 47.637818263843656 12.538401883095501 958.13970842584968 869.89396829344332 3198.2046152241528 12.699312925338747 16.460778206586838 397.72807412594557 14.672845855355261 71.397232184186578 11.143196158111094 612.78883095085621 272.16144755110145 38.548973113298416 270.73926216363907 517.44759705197066 88.10876321606338 6264.7282902169973 583.27660813182592 1745.3263584841043 4294.0003614164889 222.10057901963592 670.85653000697494 55.072222925722599 163.93993177264929 135.84680230170488 68.157848719507456 671.7167654633522 9.0990556478500348 11914.066964931786 235.16842091456056 565.27122420072556 7062.1473144497722
leaf_count=11712 136 8510 1471 29 1336 115 357 175 148 821 30 152 5861 541 406 217 293 902 311 58 1633 529 128 4968 226 85 83919 2361 502 244 59 4531 2841 9720 62 82 3314 60 899 31 3740 896 103 1631 2179 474 29465 1586 5260 23547 1261 3235 382 762 757 511 7197 21 35200 1256 1532 26061
internal_value=0.000577029 0.0231069 0.000374554 0.0088204 0.0376426 0.00111313 -0.0162035 -0.0600537 0.00620708 0.0161625 0.027989 -0.0200973 0.000320749 -0.00339642 0.00980285 0.0334141 0.000601158 0.0010453 -0.0161627 -0.0410002 0.000634367 0.00987113 0.0147544 -0.00550206 -0.0129604 -0.0573056 0.000480021 0.00378622 0.00309616 0.000977827 -0.0256634 0.00170646 -0.0065754 0.00369887 -0.0386734 -0.0846163 -0.00259909 -0.0171732 0.00231564 -0.00994068 -0.0107747 0.0169426 -0.00334346 6.00697e-05 0.0014219 -0.010155 -0.000889016 -0.00362015 0.00103577 -0.00558682 -0.0134765 -0.00967276 0.00507643 -0.00817446 0.00382325 -0.00947438 -0.0122675 -0.00145278 -6.66375e-05 0.0026249 0.003313 -0.00106874
internal_weight=71669.8 638.356 71031.4 383.266 80.8643 302.402 140.609 47.5566 93.0525 161.793 130.337 55.9766 70900.9 4973.34 684.229 185.122 65927.5 499.107 207.883 91.8976 65882.2 1082.79 927.332 4289.11 1201.7 76.6129 64799.4 7303.13 7050.2 5297.28 141.023 5156.26 999.914 4156.34 91.4708 29.1601 3087.41 62.3107 1640.92 1125.08 1113.94 893.709 908.443 57496.2 23613.5 605.556 33882.8 7841.37 2328.6 5512.77 1218.77 996.668 325.811 1446.49 367.945 232.098 1078.54 406.827 26041.4 7065.17 6830 18976.2
internal_count=296831 11809 285022 3299 1365 1934 947 290 657 987 851 300 283551 36658 2435 758 246893 1677 775 369 246600 3186 2657 34223 9050 311 243414 26426 24065 18204 561 17643 3392 14251 448 144 25173 304 12611 8739 8708 2529 2944 216988 86572 2653 130416 36902 6846 30056 6509 5248 2013 12562 2030 1273 10532 3335 93514 32253 30997 61261
is_linear=0
shrinkage=0.05


Tree=98
num_leaves=63
num_cat=0
split_feature=20 28 62 9 18 5 55 62 33 51 36 27 18 61 44 48 48 62 3 55 54 55 18 10 36 54 1 55 5 1 0 36 58 23 0 28 57 52 61 62 52 44 46 36 46 62 51 37 44 14 51 44 48 61 45 58 44 17 42 58 32 62
split_gain=125.308 61.843 45.4917 29.2858 37.2762 54.0958 48.6184 31.6878 36.1873 31.7824 36.2763 40.7104 29.7354 28.2769 27.481 50.5828 33.103 28.6166 30.3689 28.3563 27.54 25.5637 32.8113 25.3504 37.1594 24.8051 39.381 38.271 34.1088 29.8671 24.8562 33.2856 31.1173 31.7075 27.3474 26.9451 24.9802 24.7157 29.7326 24.4529 64.0372 46.9461 24.1642 29.6053 24.6253 24.0449 38.4721 31.2985 26.3847 23.6063 43.978 27.6233 40.0965 35.9762 32.2484 26.4239 38.4928 43.4005 37.2026 24.8714 24.6041 22.8867
threshold=99.500000000000014 360730108351.84473 1.813929824998133 8150.0000000000009 22387917654.455784 0.32100000000000006 43.170298012007649 21.789888850165543 4.6333939393939412 9.3506493424523551 33.142363224151318 33.505987735731971 54020632800.801796 28.6382372548773 0.55283127385298669 974792391.00329721 717084238072.96558 35.273888501655428 39.550000000000004 27.140806887896112 -0.48925824175824134 447.25360493671036 364816054078.71906 5.5000000000000009 20.98438256658596 -0.028571428571427946 5.8650000000000011 62.990424134987201 1.0950000000000004 6.9850000000000012 33.050000000000004 526.01333333333343 0.98624804680367306 5.0751288659793827 199.35000000000005 33846420.494125225 2.5000000000000004 12.514212319380666 15.52238325424446 7.9512863757436962 12.845817267918264 0.65748030930687185 66.363333333333358 76.506250000000023 68.724621212121235 11.169988922356927 11.868131859328585 5.1505830816177731 0.57825630746356793 1.0000000180025095e-35 2.5714285706479596 0.57505374770313156 70364582344.254486 11.910832045814336 0.7349598924516566 0.25881904510252091 0.39070645068696785 0.3499271061118826 6.2950000000000008 0.96359376111369366 4.3450000000000006 0.52281185432277033
decision_type=2 2 2 2 2 2 2 2 2 2 2 2 2 2 2 2 2 2 2 2 2 2 2 2 2 2 2 2 2 2 2 2 2 2 2 2 2 2 2 2 2 2 2 2 2 2 2 2 2 2 2 2 2 2 2 2 2 2 2 2 2 2
left_child=1 3 21 4 49 12 39 9 -9 10 13 37 -6 -8 16 19 25 18 -17 20 -16 22 -3 24 -4 26 61 -28 30 -30 32 34 33 36 42 -33 -27 -12 -39 40 41 -7 43 -32 -44 46 47 -2 -48 -1 51 54 -53 -54 -51 -56 59 58 -58 -57 -52 -5
right_child=45 2 23 14 5 6 7 8 -10 -11 11 -13 -14 -15 15 17 -18 -19 -20 -21 -22 -23 -24 -25 -26 28 27 -29 29 -31 31 35 -34 -35 -36 -37 -38 38 -40 -41 -42 -43 44 -45 -46 -47 48 -49 -50 50 60 52 53 -55 55 56 57 -59 -60 -61 -62 -63
leaf_value=-0.0011562167628548792 -0.14649597401137557 -0.001920710089670985 -0.045597086512656676 -0.016047000112476815 -0.1179981422612007 0.017388163383167538 0.017752530304302083 -0.063797712437511936 0.034512213189352312 0.013846533608399457 -0.02510808835945938 0.030463454969256561 -0.0033839605643573357 -0.071204125383719896 -0.00133183193578354 0.026965345804568108 0.014313163236219228 0.010067846049177404 -0.0028441796759573158 -0.0083772339636236474 -0.039425968464418336 0.03295568753024445 -0.11856285956102415 0.048089766958829661 0.029223597129701691 0.0029091204349318187 -0.039772573398374603 -0.0011941052999950243 0.0038381334066827436 0.037708908658925344 -0.002830207019578812 0.01283571085363666 -0.0061761781258272402 0.014575759084241018 -0.0085923679663419544 -0.0079119143444436098 -0.011111591522100837 -0.17725991688793202 -0.065287849682221441 0.042416580242272753 0.031231250581104677 -0.11164544164304112 0.017575923297517115 -0.021044774024528867 0.00060488019722856423 0.048185433835598951 0.034263992039323794 0.037605257868631024 -0.151490242938187 0.0087444156284879233 0.062300157123832592 -0.0093286747362553765 -0.12370823684893442 -0.021539572832620885 -0.030320551949548597 0.014011175463062998 -0.0095843478130116181 -0.0043681170170670964 -0.073786994550929227 -0.017473686678799734 0.0063997925083808822 -0.00053603795176263805
leaf_weight=3461.9438824169338 6.2347820382565242 12.716760814189913 20.554250329732895 240.04425777401775 11.393607635051014 13.04317741468549 39.574326803907752 10.481300879269837 87.539627717807889 68.893010849133134 10.408105194568632 8.9348559528589231 11.243262646719812 11.53790584951639 64.513018935918808 86.603934396058321 420.36016502976418 491.94551791995764 6355.1852671578526 475.72118158638477 179.32600667700171 11.64310687407851 11.46449229121208 123.4024001006037 86.139562785625458 7137.7490044236183 127.64613308757544 129.51318089663982 7517.4940848425031 65.653599560260773 3927.0768836326897 661.97036919742823 1006.8159225955606 564.39532746374607 1464.0268704220653 204.9345671236515 332.48224314674735 11.102309837937357 12.7223509773612 185.65998399816453 119.05261109955609 15.338920578360556 226.17582426220179 236.52190942689776 3890.3954562917352 159.39183311909437 57.643332188948989 3.6660721264779568 1.9772545974701632 493.06799355521798 19.777679353952408 105.1495483443141 16.848668400198221 17.634388349950314 110.03068000078201 283.01726026274264 39.984469622373581 202.61488948389888 51.787756502628326 80.583881475031376 4167.1705387923867 25643.620915131643
leaf_count=11344 65 44 115 3632 63 136 238 61 738 700 65 35 96 57 390 230 1704 1288 20655 2149 988 41 68 3396 702 34263 487 430 29929 163 15955 1822 4509 1516 6132 559 2136 83 68 1905 1039 94 688 877 13644 5191 1505 72 57 1737 69 318 85 61 387 911 113 607 210 262 14958 104989
internal_value=0.000549 0.000430558 0.0244979 0.000340564 0.00289879 0.0147906 0.0176803 0.00153021 0.024 -0.0119678 -0.0308311 -0.0645797 -0.0610717 -0.00232825 -6.18618e-05 -0.00286522 0.000336952 -0.00155575 -0.00244342 -0.0154834 -0.0293473 -0.0279135 -0.0572215 0.032658 0.0148096 0.000226884 -0.000873324 -0.0203433 0.00128286 0.00413138 0.000183734 -0.00145768 0.0021101 0.00314845 -0.00229295 0.00793101 0.00228509 -0.0893862 -0.117467 0.0303442 0.0151419 -0.0523472 -0.00117914 -0.00386492 0.00153732 0.0374833 0.0129464 -0.0783273 0.0281036 0.0020881 0.00409818 -0.00357094 -0.0246723 -0.0714599 -0.00123451 -0.00764098 -0.00384844 -0.0172886 -0.0458144 0.00703328 0.00666385 -0.000679886
internal_weight=71611.5 71382.6 265.921 71116.7 9666.54 616.925 594.288 261.194 98.0209 163.173 94.2799 43.1676 22.6369 51.1122 61450.2 7653.29 53796.9 6933.73 6441.79 719.56 243.839 35.8244 24.1813 230.096 106.694 53376.5 26140.8 257.159 27235.7 7583.15 19652.5 10611.1 9041.44 8034.63 9744.2 866.905 7470.23 34.2328 23.8247 333.095 147.435 28.3821 8280.17 4163.6 4116.57 228.913 69.5214 9.90085 59.6206 9049.61 5587.67 1400.72 139.633 34.4831 1261.09 768.019 657.988 294.387 91.7722 363.601 4186.95 25883.7
internal_count=296831 289941 4366 285575 36440 5378 5219 2045 799 1246 546 251 159 295 249135 25700 223435 22173 20885 3527 1378 153 112 4213 817 221731 109538 917 112193 30092 82101 39677 42424 37915 37296 2381 36399 216 151 3174 1269 230 31164 16832 14332 6890 1699 137 1562 31062 19718 4691 464 146 4227 2490 2103 930 323 1173 15027 108621
is_linear=0
shrinkage=0.05


end of trees

feature_importances:
background_rate_yr=493
mag_mean_90d=356
magnitude=348
dist_to_plate_boundary_km=250
count_90d=219
elapsed_since_last_s=195
energy_90d=195
count_7d=170
depth_std_90d=163
mag_excess=153
wsm_dist_km=153
count_30d=145
depth=137
depth_mean_90d=134
energy_1d=129
b_value_90d=126
count_1d=116
dist_to_nearest_fault_km=115
energy_30d=114
shmax_sin=114
mag_mean_30d=113
mag_std_90d=113
energy_7d=108
accel_count=104
depth_mean_7d=103
accel_energy=87
shmax_cos=87
depth_mean_1d=82
b_value_trend=81
depth_mean_30d=77
depth_std_7d=72
normalized_rate_30d=72
fault_slip_type_enc=67
depth_error=64
mag_std_30d=64
depth_std_30d=60
mag_max_7d=59
mag_mean_7d=56
stress_regime_enc=51
gap=49
rms=48
mag_max_30d=48
b_value_30d=47
mag_max_90d=47
moment_90d=47
mag_std_7d=40
b_value_7d=40
mag_type_enc=37
rate_30d=37
mag_std_1d=35
rate_90d=33
b_value_1d=29
depth_std_1d=29
rate_7d=29
h_error=27
moment_1d=27
moment_30d=25
moment_7d=24
mag_error=22
mag_max_1d=22
mag_mean_1d=19
rate_1d=15
wsm_quality_enc=11
dmin=6

parameters:
[boosting: gbdt]
[objective: binary]
[metric: auc]
[tree_learner: serial]
[device_type: cpu]
[data_sample_strategy: bagging]
[data: ]
[valid: ]
[num_iterations: 1000]
[learning_rate: 0.05]
[num_leaves: 63]
[num_threads: 8]
[seed: 42]
[deterministic: 0]
[force_col_wise: 0]
[force_row_wise: 0]
[histogram_pool_size: -1]
[max_depth: -1]
[min_data_in_leaf: 50]
[min_sum_hessian_in_leaf: 0.001]
[bagging_fraction: 0.8]
[pos_bagging_fraction: 1]
[neg_bagging_fraction: 1]
[bagging_freq: 0]
[bagging_seed: 400]
[bagging_by_query: 0]
[feature_fraction: 0.8]
[feature_fraction_bynode: 1]
[feature_fraction_seed: 30056]
[extra_trees: 0]
[extra_seed: 12879]
[early_stopping_round: 0]
[early_stopping_min_delta: 0]
[first_metric_only: 0]
[max_delta_step: 0]
[lambda_l1: 0]
[lambda_l2: 0]
[linear_lambda: 0]
[min_gain_to_split: 0]
[drop_rate: 0.1]
[max_drop: 50]
[skip_drop: 0.5]
[xgboost_dart_mode: 0]
[uniform_drop: 0]
[drop_seed: 17869]
[top_rate: 0.2]
[other_rate: 0.1]
[min_data_per_group: 100]
[max_cat_threshold: 32]
[cat_l2: 10]
[cat_smooth: 10]
[max_cat_to_onehot: 4]
[top_k: 20]
[monotone_constraints: ]
[monotone_constraints_method: basic]
[monotone_penalty: 0]
[feature_contri: ]
[forcedsplits_filename: ]
[refit_decay_rate: 0.9]
[cegb_tradeoff: 1]
[cegb_penalty_split: 0]
[cegb_penalty_feature_lazy: ]
[cegb_penalty_feature_coupled: ]
[path_smooth: 0]
[interaction_constraints: ]
[verbosity: -1]
[saved_feature_importance_type: 0]
[use_quantized_grad: 0]
[num_grad_quant_bins: 4]
[quant_train_renew_leaf: 0]
[stochastic_rounding: 1]
[linear_tree: 0]
[max_bin: 255]
[max_bin_by_feature: ]
[min_data_in_bin: 3]
[bin_construct_sample_cnt: 200000]
[data_random_seed: 175]
[is_enable_sparse: 1]
[enable_bundle: 1]
[use_missing: 1]
[zero_as_missing: 0]
[feature_pre_filter: 1]
[pre_partition: 0]
[two_round: 0]
[header: 0]
[label_column: ]
[weight_column: ]
[group_column: ]
[ignore_column: ]
[categorical_feature: ]
[forcedbins_filename: ]
[precise_float_parser: 0]
[parser_config_file: ]
[objective_seed: 16083]
[num_class: 1]
[is_unbalance: 0]
[scale_pos_weight: 3.10572]
[sigmoid: 1]
[boost_from_average: 1]
[reg_sqrt: 0]
[alpha: 0.9]
[fair_c: 1]
[poisson_max_delta_step: 0.7]
[tweedie_variance_power: 1.5]
[lambdarank_truncation_level: 30]
[lambdarank_norm: 1]
[label_gain: ]
[lambdarank_position_bias_regularization: 0]
[eval_at: ]
[multi_error_top_k: 1]
[auc_mu_weights: ]
[num_machines: 1]
[local_listen_port: 12400]
[time_out: 120]
[machine_list_filename: ]
[machines: ]
[gpu_platform_id: -1]
[gpu_device_id: -1]
[gpu_use_dp: 0]
[num_gpu: 1]

end of parameters

pandas_categorical:[]
