tree
version=v4
num_class=1
num_tree_per_iteration=1
label_index=0
max_feature_idx=70
objective=binary sigmoid:1
feature_names=depth magnitude mag_type_enc gap dmin rms h_error depth_error mag_error elapsed_since_last_s count_1d rate_1d mag_max_1d mag_mean_1d mag_std_1d b_value_1d depth_mean_1d depth_std_1d energy_1d moment_1d count_7d rate_7d mag_max_7d mag_mean_7d mag_std_7d b_value_7d depth_mean_7d depth_std_7d energy_7d moment_7d count_30d rate_30d mag_max_30d mag_mean_30d mag_std_30d b_value_30d depth_mean_30d depth_std_30d energy_30d moment_30d count_90d rate_90d mag_max_90d mag_mean_90d mag_std_90d b_value_90d depth_mean_90d depth_std_90d energy_90d moment_90d count_7d_m2 b_value_7d_m2 energy_7d_m2 count_30d_m2 b_value_30d_m2 energy_30d_m2 count_90d_m2 b_value_90d_m2 energy_90d_m2 dist_to_plate_boundary_km accel_count accel_energy mag_excess dist_to_nearest_fault_km fault_slip_type_enc stress_regime_enc shmax_sin shmax_cos wsm_dist_km background_rate_yr normalized_rate_30d
feature_infos=[-3.29:721.79999999999995] [4:9.5] [0:24] [0:360] [0:4.8440000000000003] [-1:69.319999999999993] [0:267] [-1:367558.09999999998] [0:1.8400000000000001] [1:3100601919] [0:295] [0:295] [4:9.5] [4:9] [0:1.8500000000000001] [0.26521800421572628:13.028834457097254] [-3:700] [0:316.39999999999998] [0:178403054996004.31] [0:2.2459613947618291e+23] [0:660] [0:94.285714285714278] [4:9.5] [4:9] [0:2] [0.26162318186942879:488972116717136.88] [-3:695.39999999999998] [0:318.80000000000001] [0:179817587802942.03] [0:2.2637693077265336e+23] [0:860] [0:28.666666666666668] [4:9.5] [4:8.5999999999999996] [0:2.118175315375634] [0.23030767979717881:30.400613733227736] [-3:686] [0:326.05000000000001] [0:179828063735796.75] [0:2.2639011919073641e+23] [0:1140] [0:12.666666666666666] [4:9.5] [4:8.5999999999999996] [0:1.9000000000000004] [0.27143405118953229:30.400613733227736] [-3:679] [0:323.89308249619802] [0:179887371919091.5] [0:2.264647837698136e+23] [0:2006] [0.31086341862548561:26.057668914195201] [0:74488712.541960031] [0:3185] [0.32911937673063579:30.400613733226791] [0:95453563.316243201] [0:4861] [0.2895296546021679:34.74355855225965] [0:118915735.41884203] [0:9353.2746413738241] [0:12.857142856448297] [0:12.857142857142859] [-3.1000000000000001:4.6111111111111098] [0:8345.5104929936078] [0:3] [0:4] [-0.98768834059513799:1] [-1:1] [0:1870.3409608795976] [0.0090923800751786001:54.226954768365239] [0:200]
tree_sizes=6753 6857 6868 6856 6879 6898 6876 6893 6917 6901 6936 6920 6890 6927 6905 6941 6913 6924 6942 6936 6902 6938 6915 6912 6931 6905 6920 6933 6947 6939 6937 6923 6939 6932 6931 6955 6924 6921 6927 6960 6923 6949 6925 6941 6921 6955 6935 6948 6962 6963 6927 6945 6957 6927 6944 6953 6926 6902 6934 6946 6931 6935

Tree=0
num_leaves=63
num_cat=0
split_feature=28 48 38 69 20 69 30 10 40 18 1 33 1 48 48 28 18 69 28 69 1 45 62 1 48 69 18 30 20 18 69 20 10 69 48 69 45 6 7 45 40 45 57 45 69 1 64 1 40 48 23 0 1 33 40 18 36 45 61 1 1 20
split_gain=134021 26748.9 13890.7 4538.04 3357.3 3330.89 2585.71 2312.07 1499.28 1265.86 1210.74 1110.9 873.159 700.706 651.731 617.605 606.151 566.603 566.247 508.223 491.841 418.289 403.741 382.288 421.729 377.254 357.631 355.687 338.174 332.885 318.757 305.118 302.038 330.556 292.989 274.03 266.596 249.327 243.626 235.351 233.935 230.852 226.112 222.279 207.416 195.573 193.866 191.301 186.473 182.473 173.512 165.202 165.122 160.32 158.782 157.645 156.795 156.395 154.576 153.358 149.698 148.169
threshold=135528065.52262321 146832115.69885865 4120975412.130218 14.434153369346047 6.5000000000000009 7.7057921137138736 9.5000000000000018 4.5000000000000009 93.500000000000014 3009975.86020101 6.495000000000001 4.6500542299349252 4.4350000000000014 750621859.10567415 65168305571.740456 22865641.308345836 19172463.36987998 24.708542854297878 12374669.732862985 39.019949092629012 4.9050000000000011 0.90262562678108538 1.2764780673871583 6.785000000000001 36102698.421641447 7.7057921137138736 19172463.36987998 27.500000000000004 4.5000000000000009 5630089.5572161963 15.2615599561873 12.500000000000002 1.5000000000000002 11.933748848671929 33261411691.198246 13.95225722536158 0.64001292069952842 5.0600000000000014 6.2150000000000007 0.81040597101563838 56.500000000000007 1.2408413768664366 0.89270999416077357 0.83518169596779213 22.717311617833762 4.7750000000000012 1.0000000180025095e-35 4.8950000000000005 25.500000000000004 12223183.666937871 4.3337398373983751 10.910000000000002 4.995000000000001 4.7751237623762384 4.5000000000000009 11226529.745928399 39.333809523809528 0.71158549274339267 12.829637568249757 4.995000000000001 5.7950000000000008 33.500000000000007
decision_type=2 2 2 2 2 2 2 2 2 2 2 2 2 2 2 2 2 2 2 2 2 2 2 2 2 2 2 2 2 2 2 2 2 2 2 2 2 2 2 2 2 2 2 2 2 2 2 2 2 2 2 2 2 2 2 2 2 2 2 2 2 2
left_child=1 5 4 6 13 9 18 14 11 10 20 19 30 32 29 43 27 46 22 21 49 40 25 24 -14 -3 39 -6 60 48 -7 53 33 -2 37 55 -17 -9 -12 -15 47 61 -23 -8 -44 -20 -13 -5 -4 -1 -32 -30 -37 -18 -28 -26 -22 -19 -43 -56 -11 -33
right_child=2 3 7 8 16 12 15 34 -10 28 38 17 23 26 -16 36 31 57 45 -21 56 42 -24 -25 35 -27 54 -29 51 -31 50 41 -34 -35 -36 52 -38 -39 -40 -41 -42 58 44 -45 -46 -47 -48 -49 -50 -51 -52 -53 -54 -55 59 -57 -58 -59 -60 -61 -62 -63
leaf_value=-1.1804043522999885 -1.1151488403388226 -1.1470681472520514 -1.0353939728914641 -1.0781986797406098 -1.0433195144339651 -1.1531484436382748 -1.0640780125896383 -1.0598114296625154 -0.99649323354218466 -1.1289922846220084 -1.0400530303752085 -1.060653807037373 -1.1327727253463526 -1.0398725852153714 -0.95673001909263322 -0.99158092745682003 -1.0126038571864941 -1.0312650282264009 -1.1092124431781498 -1.0393213593110808 -1.1280998889112299 -1.1289748520374221 -1.0297770744994881 -1.0428349114340274 -1.1247165818347624 -1.1195122173771306 -1.0517482913305671 -0.98346712417715998 -1.0233947598464896 -0.97877254892721255 -1.1480621938523738 -0.96940181953090376 -1.0449854809901522 -1.064906585978135 -0.93248557980642877 -1.1042304189307814 -1.046025961860078 -0.94852276020991466 -1.132891699245566 -1.0810719110230675 -1.0308216352228723 -1.0088772295741797 -1.1019572525040136 -1.1163182602887454 -1.0795837085049571 -1.0729192783713695 -1.0877218225982797 -1.0548662802024236 -0.99265377288359702 -1.1662308294170189 -1.1147923824302288 -1.1385136883476135 -1.0754941899705333 -0.97496699461566805 -1.0256845228392839 -1.0715182962233303 -1.1574051352635302 -1.0496091897833244 -1.1808627135953396 -0.99337826319370059 -1.0356295331225822 -0.93739810369521592
leaf_weight=5731.1340062618256 562.52955102920532 2052.6269165277481 484.94302868843079 3601.9034708738327 644.93288040161133 2722.8146494626999 458.05394184589386 51.193468928337097 807.62170660495758 1163.2383269071579 215.44349300861359 2982.7770476341248 2327.9652876853943 1084.7623596191406 2879.6008504629135 320.64251160621643 622.00820744037628 2260.7515088319778 876.94728195667267 848.12968075275421 538.36987268924713 344.25090026855469 101.6515656709671 184.54643201828003 1679.2209508419037 3145.3346724510193 351.40265011787415 403.54214119911194 131.50161850452423 2365.4955086708069 587.45085406303406 983.27470815181732 678.0497659444809 783.14446556568146 9255.7617514133453 1417.1301264762878 752.53696954250336 2976.0616748332977 105.15630686283112 509.42688751220703 362.13228690624237 58.70099675655365 1548.2885115146637 366.58606827259064 3130.0899620056152 643.6231415271759 850.00828385353088 1161.8688834905624 538.68066012859344 3761.0353788137436 1177.2500921487808 40.844432353973389 772.35639703273773 519.05701112747192 1081.0854986906052 151.85328269004822 2999.1746248006821 2390.4542877674103 16.804793000221252 556.4082407951355 44.580306768417358 572.06821513175964
leaf_count=29635 2411 9686 1554 13633 2136 13073 1646 181 2162 5204 704 10580 10534 3542 6156 837 1801 7118 3688 2763 2402 1540 318 610 7415 13667 1204 1009 400 5764 2780 2271 2261 2823 16744 5864 2520 6031 476 1948 1138 167 6359 1577 11906 2390 3327 4030 1414 18725 5040 188 2895 1238 3322 561 14573 8121 87 1466 143 1073
internal_value=-1.06365 -1.10914 -0.974626 -1.07621 -1.02405 -1.14623 -1.10638 -0.949512 -1.06325 -1.16178 -1.1665 -1.06602 -1.12544 -1.04868 -0.97422 -1.05476 -0.9879 -1.05242 -1.12075 -1.0765 -1.16886 -1.07961 -1.12846 -1.11377 -1.11584 -1.13039 -1.03539 -1.02028 -1.1162 -0.989081 -1.14242 -0.975651 -1.0722 -1.08591 -0.936902 -1.10603 -1.02976 -0.950405 -1.0705 -1.05304 -1.06956 -0.961775 -1.08987 -1.0873 -1.08699 -1.09385 -1.06666 -1.07251 -1.0129 -1.17479 -1.12587 -1.05068 -1.09409 -0.995483 -1.02125 -1.1203 -1.15295 -1.04069 -1.04715 -1.01471 -1.12555 -0.957631
internal_weight=82736.3 54757.3 27978.9 29006.3 9427.2 25751.1 8718 18551.7 20288.3 14730.5 13350.3 19480.7 11020.6 5606.81 6268.72 1897.82 3820.39 8483.99 6820.18 10996.7 13029.7 10148.5 5299.61 6533.07 6348.53 5197.96 3583.09 1048.48 1380.16 3389.12 4487.52 2771.91 2023.72 1345.67 12283 4020.56 1073.18 3027.26 320.6 1594.19 5125.9 1630.85 5022.63 824.64 4678.38 1520.57 3832.79 4763.77 1023.62 9492.17 1764.7 172.346 2189.49 1141.07 1988.9 1831.07 3537.54 4651.21 75.5058 1637.49 1207.82 1555.34
internal_count=296831 230228 66603 109006 28759 121222 36329 37844 72677 72450 66515 70515 48772 18977 14888 6580 9782 29146 29749 41369 65335 38606 23671 27879 27269 23353 11482 3145 5935 8732 20893 6637 7495 5234 22956 16735 3357 6212 1180 5490 18801 3598 19805 3223 18265 6078 13907 17663 2968 48360 7820 588 8759 3039 5992 7976 16975 15239 254 4788 5347 3344
is_linear=0
shrinkage=1


Tree=1
num_leaves=63
num_cat=0
split_feature=38 48 20 38 18 48 18 62 48 20 1 10 46 1 20 10 1 40 64 48 10 30 18 40 33 33 1 35 48 40 18 45 62 38 62 1 9 9 55 10 45 33 1 27 62 62 40 1 40 45 40 1 44 68 30 56 1 33 18 1 1 61
split_gain=106314 21078 13187.7 2919.24 2703.65 2025.27 1700.11 1511.3 1252.67 956.942 845.094 779.992 733.527 555.993 555.172 548.938 525.596 472.822 472.319 469.297 467.206 466.568 351.686 349.385 379.077 309.979 304.666 284.931 282.344 281.298 270.457 267.512 266.401 253.049 232.601 223.784 219.744 215.729 200.94 208.692 188.318 186.681 186.275 181.693 176.473 169.364 150.083 156.026 141.999 141.442 189.109 140.563 138.951 131.271 129.841 126.046 125.519 123.521 119.136 115.787 114.784 112.032
threshold=548273254.83659637 117127079.70090716 6.5000000000000009 55478682.356264077 2849608823.3497171 27740389.494676415 24886821.341418948 1.976478067387158 260538373.55868104 2.5000000000000004 4.995000000000001 2.5000000000000004 36.288750000000007 4.6950000000000012 19.500000000000004 2.5000000000000004 4.9050000000000011 10.500000000000002 1.0000000180025095e-35 33261411691.198246 3.5000000000000004 39.500000000000007 16846264.859767128 7.5000000000000009 4.8500326797385638 4.7500561797752825 6.3850000000000007 1.042306756567805 6802800.715789956 7.5000000000000009 31623276601.683796 0.73748119568476722 0.66835686777920345 23103098.851879265 1.1861983471074382 4.4350000000000014 40056753.000000007 256872.00000000003 6314447.573596118 7.5000000000000009 0.79687060899679185 4.6647393048128363 6.6950000000000012 1.2106313607869836 -0.29285714285714221 -0.049999999999999344 5.5000000000000009 4.6950000000000012 56.500000000000007 1.1844394960997777 43.500000000000007 5.9050000000000011 0.39246187092088197 47.083960977842231 6.5000000000000009 118.50000000000001 4.8950000000000005 4.7291787090558772 2911409901.0640974 7.0750000000000011 5.1250000000000009 6.1203605651917679
decision_type=2 2 2 2 2 2 2 2 2 2 2 2 2 2 2 2 2 2 2 2 2 2 2 2 2 2 2 2 2 2 2 2 2 2 2 2 2 2 2 2 2 2 2 2 2 2 2 2 2 2 2 2 2 2 2 2 2 2 2 2 2 2
left_child=1 5 4 12 9 7 21 16 20 23 15 13 33 17 25 35 28 -10 32 22 44 41 40 37 48 55 -12 57 -1 -15 -6 54 46 34 60 -7 59 -2 39 -13 -11 -4 -31 -29 -5 -20 -14 -48 -25 50 52 -46 -33 -18 -19 -8 -26 -23 -27 -9 -3 -17
right_child=2 3 6 8 30 10 14 36 11 19 26 38 18 29 -16 61 53 31 45 -21 -22 27 -24 24 56 58 -28 43 -30 42 -32 49 -34 -35 -36 -37 -38 -39 -40 -41 -42 -43 -44 -45 51 -47 47 -49 -50 -51 -52 -53 -54 -55 -56 -57 -58 -59 -60 -61 -62 -63
leaf_value=-0.04540815145703847 0.064734390261024108 -0.018651004111193695 0.090648396043703242 0.012146804721944076 0.12578123114474069 -0.016097844159885803 0.1348119414029964 0.06252333246582123 0.020570047249591047 0.087541931291113873 0.026345149618017427 0.095823775503650177 0.01841016304729744 0.050683630263062829 0.17105604582478048 0.0023566265195975574 -0.011631726902484414 0.058520325271530151 0.0057474448711780351 0.12843220443130254 0.096081910613244073 0.13973297504543561 0.108791819468799 0.049184706893507679 0.075985561189401848 0.14835786581297317 0.1167274851288299 0.13218531437471326 -0.027607604892808019 0.077728705610201482 0.16067631312722017 0.057628781988116322 0.078498404137081507 0.029094846560821022 0.10160018548769284 0.0012890340970828323 0.021142616995082585 0.025143848623287491 -0.040620413504676711 0.14386640996043726 0.05515497582098873 0.12377622479872528 0.16535275988628184 0.0085133452968983118 0.035024784383180942 0.030947703267449413 0.035454404568824413 0.054902733914743963 0.090313471879834656 0.025306409960808674 0.072604337649448195 0.095917816239662723 0.034792143651335913 -0.033798891488388265 0.084573529305109113 0.03077417669647229 0.10002525637050458 0.16572366579705589 0.16761324684019865 0.13000510647501209 0.010109376031099435 0.081579973199752798
leaf_weight=5145.5101268589497 668.224554464221 1192.2070044577122 753.9129932820797 938.95582534372807 1243.7010931670666 3977.4378318041563 1545.0258845239878 177.45286071300507 932.47698770463467 1166.2189784497023 1948.6388554275036 869.40592759847641 738.5859607309103 1073.2302575260401 12174.095431789756 56.573231711983681 3273.71672052145 808.55694784224033 1480.5554291307926 976.25131206214428 296.98144260048866 1336.7573084980249 1306.5613622516394 1376.4488795846701 1146.4157781302929 1354.6153344959021 97.924248933792114 58.102813586592674 3928.4307460039854 5281.9628813415766 1003.1613565683365 1549.7676551043987 472.49759355187416 665.33199727535248 47.774669781327248 3461.046239182353 237.77312870323658 709.34223824739456 23.092142924666405 305.46334220468998 729.66301250457764 975.52054896950722 61.356904417276382 60.750230953097343 2809.0361960828304 1212.963498160243 2741.7347243577242 1653.043598651886 247.61597786843777 454.29426783323288 1072.9185695946217 98.080344378948212 1168.1886693239212 839.03622967004776 1170.5351026952267 29.672004655003548 1031.5960143059492 694.71134978532791 1973.7795286476612 99.045627355575562 489.30907410383224 211.28399530053139
leaf_count=27172 2285 5686 2237 4023 2992 19064 3495 627 3843 3584 8028 2567 3107 3968 20530 253 15479 2860 6485 2373 886 2957 3572 5050 3750 2799 270 139 19567 17208 1878 5537 1557 2695 140 15600 972 2888 112 666 2621 2428 126 248 11051 4853 10780 5993 752 1833 3577 299 4553 4232 3692 110 3006 1273 3430 250 2127 696
internal_value=0.0637464 0.0201018 0.134868 0.0481492 0.0921082 -0.0153054 0.158547 -0.0277018 0.0599544 0.080283 0.00210919 0.0667691 0.0272696 0.0633557 0.165335 -0.00547561 -0.0309812 0.0537737 0.0343036 0.098084 0.0356581 0.128669 0.0888324 0.065922 0.0737386 0.151129 0.0306698 0.144219 -0.0377017 0.074043 0.141361 0.0587481 0.0425717 0.00289081 -0.007191 -0.00800792 0.0563876 0.0443483 0.105444 0.108315 0.0750773 0.109335 0.0787349 0.068972 0.0309924 0.0170958 0.0392648 0.0427697 0.0554555 0.0516705 0.05483 0.0370792 0.0478135 -0.016154 0.0739295 0.132852 0.0873718 0.148621 0.159777 0.0866962 -0.0102819 0.0648475
internal_weight=85624.3 53062.2 32562.1 29608.3 11605.2 23453.9 20956.9 13701 18914.3 9358.34 9752.9 14771.2 10694 13573.3 17077.2 7706.34 13186.7 7156.74 8299.38 4178.69 4143.05 3879.76 3202.44 5179.64 3802.08 4903.09 2046.56 2150.32 9073.94 6416.55 2246.86 6224.26 5605.86 2394.62 1729.29 7438.48 514.272 1377.57 1197.96 1174.87 1895.88 1729.43 5343.32 118.853 3846.07 2693.52 5133.36 4394.78 1624.06 4245.17 3790.87 2907.12 2717.96 4112.75 1979.09 1574.7 2178.01 2031.47 3328.39 276.498 1681.52 267.857
internal_count=296831 222434 74397 110224 34751 112210 39646 68299 66801 29881 43911 50542 43423 47197 30364 35613 66450 25895 32775 12150 16259 9282 9777 17731 12558 9834 8298 4617 46739 21302 4870 22052 21437 10648 7953 34664 1849 5173 3345 3233 6205 4665 17334 387 15373 11338 19880 16773 5802 15500 13667 11350 10090 19711 6552 3605 6756 4230 6229 877 7813 949
is_linear=0
shrinkage=0.05


Tree=2
num_leaves=63
num_cat=0
split_feature=29 69 38 38 48 20 10 1 69 31 45 41 43 48 48 69 14 1 10 1 1 43 31 43 43 43 48 6 10 69 48 1 1 10 69 45 3 5 45 1 56 38 1 31 0 67 69 43 41 69 47 68 68 43 0 18 62 59 10 1 31 18
split_gain=88131.2 19355.4 9593.83 3854.43 2866 2022.73 1642.93 1405.25 1205.51 969.145 772.835 703.686 613.438 609.387 533.342 514.951 459.769 394.491 381.084 404.457 349.729 339.751 339.232 288.195 251.25 250.547 248.476 293.12 221.571 221.426 217.941 279.453 211.23 206.586 250.365 196.3 216.323 194.794 192.063 187.811 187.222 274.759 184.972 168.378 152.358 145.761 145.117 153.01 143.534 136.369 130.895 128.431 127.209 126.925 125.718 123.948 122.542 122.309 121.786 117.354 116.157 115.138
threshold=1.1925991111549221e+17 13.206682059196936 2897321915.5952106 37018159.662583686 226429676.27455905 6.5000000000000009 3.5000000000000004 6.495000000000001 6.3237503422867247 0.58333333333333337 0.90262562678108538 0.62777777777777788 4.2909673659673677 590668769.83615589 12301494904.492456 24.708542854297878 1.0000000180025095e-35 4.4350000000000014 1.0000000180025095e-35 4.9050000000000011 4.8950000000000005 4.7545923149015943 0.91666666666666674 4.6928230765777901 4.5571521577380976 4.36224318658281 63132282318.027382 5.0600000000000014 7.5000000000000009 28.609173906549504 52058041.279764526 5.9250000000000007 4.705000000000001 1.5000000000000002 13.206682059196936 1.2347588210974823 113.45000000000002 0.94500000000000006 0.86858896380650297 4.6950000000000012 83.500000000000014 11269852347.58779 4.7750000000000012 1.5833333333333337 158.45000000000002 0.87032255546191728 11.169988922356927 4.5176759884281594 0.16111111111111107 20.153260436633396 1.0000000180025095e-35 8.1662275453468052 17.30900226761047 4.425137362637364 95.550000000000011 5978702.8630194198 1.5000000000000007 174.61595239280936 1.5000000000000002 6.785000000000001 0.68333333333333346 4819360.1677394193
decision_type=2 2 2 2 2 2 2 2 2 2 2 2 2 2 2 2 2 2 2 2 2 2 2 2 2 2 2 2 2 2 2 2 2 2 2 2 2 2 2 2 2 2 2 2 2 2 2 2 2 2 2 2 2 2 2 2 2 2 2 2 2 2
left_child=1 3 5 7 12 13 14 8 18 16 11 15 -3 33 43 42 20 -10 19 -1 38 22 28 57 -11 -12 27 45 -7 52 59 39 46 34 -2 -24 -37 -9 -5 49 -29 -42 -6 55 53 -8 -15 -48 56 -32 -34 -19 -27 -16 -52 -4 -22 -17 -20 -14 -23 -55
right_child=2 4 6 9 10 21 26 37 17 24 25 -13 30 32 44 23 -18 51 58 -21 48 60 35 -25 -26 29 -28 40 -30 -31 31 -33 50 -35 -36 36 -38 -39 -40 -41 41 -43 -44 -45 -46 -47 47 -49 -50 -51 54 -53 -54 61 -56 -57 -58 -59 -60 -61 -62 -63
leaf_value=-0.042440580148145335 0.015506948719686206 -0.01023980001287491 0.075355213295078577 0.016258891935023629 0.042376753492111348 0.073545464486815246 0.09193071033300787 0.041030400790159099 -0.021631695776566956 0.036442296852664084 0.019504093651969586 0.10101708058546138 0.010108089417973762 0.044903496229235021 0.039071730321988109 0.065996107984792607 0.058472849389082641 0.017967712257538834 -0.014223164536276978 -0.021394382071590307 0.019492156553166343 0.1200503821170142 0.12917404091833343 0.082078364221521788 0.091582013187734457 0.050682955222866082 0.15359773498380092 0.14340930461938783 0.11441359738727784 0.060968575555051779 0.013117391038325625 0.10323999153327446 0.051857211809299468 0.06747847317879134 0.055086837665443547 0.097592839565555492 -0.063468197150100797 0.11038342264284776 -0.0077270179978819412 0.04318456248482077 0.13478790833541204 -0.0062903658464192854 0.062295388224005079 0.1422382641929876 0.072918098594102254 -0.058024195084719045 0.03889933096120237 0.080114618761253448 0.061139919417176405 0.034207621153395561 0.098634886290865156 -0.0029407808176519137 0.030717103061286916 0.11905110780035606 0.063351340613420487 0.10302718154361146 0.10220640798333136 0.041033771855559557 0.026105181448123023 0.064926290062941136 0.1504139010387581 0.1355570432532843
leaf_weight=7935.9012950658798 767.05005154013634 1103.0336919277906 650.48193460702896 1327.0408290475607 2860.3091253340244 1070.4263981431723 46.840066820383072 376.68211081624031 3168.9375846385956 331.19704787433147 809.38777023553848 1349.5760153084993 1516.2538029551506 550.61851604282856 38.264954030513763 2297.0588766187429 540.13877141475677 937.04099629819393 772.03391145169735 3204.5989475250244 1360.7891972959042 764.04992714524269 1025.2165902107954 3399.3940974324942 549.12637411057949 1598.9121227264404 10410.558579027653 5402.2106185555458 480.53804172575474 2340.7108695954084 1420.2570728212595 143.86670707166195 212.95870339870453 781.88550496101379 833.92042662203312 93.419112220406532 26.83697834610939 138.46559286117554 2249.0090647190809 2383.829921156168 103.43190725147724 51.794472545385361 1967.1191149204969 189.41242980957031 120.61936619877815 24.777886793017387 263.03603559732437 1564.9566276669502 284.74104572832584 1665.0292899757624 1628.7253504991531 3397.148099064827 1592.2153908312321 1525.1333203315735 298.77000667154789 1070.8588060885668 46.301540553569794 624.02169716358185 247.13008856773376 104.34985519945621 535.90583251416683 3438.5269282609224
leaf_count=42327 3184 5151 1944 5457 10449 3198 124 1395 15584 1208 3275 3513 6671 1910 129 7503 1877 4002 3708 15743 5597 1677 2060 10128 1518 5697 16018 9323 1098 7871 6064 398 735 2522 2872 243 132 357 10338 8871 194 197 6514 348 341 116 951 4659 962 6521 4374 15508 6130 3379 955 2619 126 2266 1027 334 905 6534
internal_value=0.058819 0.0191498 0.121925 -0.010945 0.0489023 0.0832632 0.140187 -0.0218485 -0.0239843 0.0219497 0.0597039 0.0669177 0.0244932 0.0668721 0.120038 0.0627896 0.0145398 -0.00822368 -0.0337093 -0.0363866 0.0100352 0.111571 0.101449 0.0721812 0.0708372 0.0454868 0.149022 0.140558 0.0862077 0.0492884 0.0297896 0.034453 0.0776604 0.046412 0.0361235 0.122085 0.0616496 0.0596717 0.00117394 0.0326436 0.141854 0.0877142 0.0504934 0.0974937 0.128447 0.0400503 0.0674059 0.074184 0.0287653 0.0244991 0.0890559 0.00157958 0.040721 0.129786 0.0931658 0.0925701 0.0222139 0.0606635 -0.00444422 0.0136378 0.132568 0.130485
internal_weight=88012.8 54041.6 33971.2 26866.3 27175.3 10898.3 23072.9 20177.9 19662.8 6688.34 18838.7 12497.5 8336.62 6901.92 7033.3 11147.9 5808.02 7503.13 12159.7 11140.5 5267.88 3996.39 2696.44 6320.47 880.323 6341.23 16039.6 5629.05 1550.96 5531.84 7233.59 5612.98 4519.07 2382.86 1600.97 1145.47 120.256 515.148 3576.05 5469.12 5557.44 155.226 4827.43 1910.75 5122.54 71.618 2378.61 1827.99 1691.83 3085.29 2140.45 4334.19 3191.13 5001.93 1927.5 1721.34 1407.09 2921.08 1019.16 1620.6 1299.96 4963.66
internal_count=296831 224090 72741 126734 97356 31475 41266 99651 97899 27083 63346 40373 34010 22162 15294 36860 24357 35094 62805 58070 22480 9313 6731 19897 2726 22973 25972 9954 4296 19698 28859 21854 13584 8578 6056 2435 375 1752 15795 21456 9714 391 16963 4911 10383 240 7520 5610 6685 12585 6064 19510 11827 10042 5329 4563 5723 9769 4735 7005 2582 9913
is_linear=0
shrinkage=0.05


Tree=3
num_leaves=63
num_cat=0
split_feature=39 48 20 69 69 11 13 18 1 18 43 39 1 48 69 39 30 69 1 20 1 35 18 69 43 20 57 20 1 48 11 30 1 69 47 69 43 62 43 47 59 1 61 30 27 43 9 47 43 60 69 43 36 48 43 1 1 9 58 1 69 1
split_gain=73346.8 16461.1 8418.73 2897.24 2133.9 2062.39 1602.21 1295.27 879.612 921.201 738.548 614.772 609.682 545.136 532.878 482.261 476.311 465.791 427.496 413.226 332.49 319.12 316.983 315.863 300.85 248.687 248.418 256.931 238.889 216.492 207.417 207.009 197.143 194.112 190.491 187.725 185.427 183.743 158.992 156.386 155.946 155.769 155.484 153.916 153.715 153.529 152.946 152.906 150.73 150.206 149.477 148.424 142.348 139.558 134.543 128.175 127.261 126.612 125.053 124.027 121.194 116.535
threshold=6.9023513312088717e+17 117127079.70090716 5.5000000000000009 16.50721602648677 7.7057921137138736 1.5000000000000002 4.8573214285714306 36625724.721994855 6.495000000000001 2433623.2301538913 4.5833892617449674 58947215737229576 4.4350000000000014 22751352802.89983 13.315790620099078 7.1108018635132221e+18 22.500000000000004 30.15487851932987 4.9050000000000011 23.500000000000004 4.705000000000001 0.97817871105489851 22407325.212547075 7.1511569291279793 4.66670396896449 7.5000000000000009 0.87755135436746345 3.5000000000000004 6.8750000000000009 11218445.981906753 2.5000000000000004 6.5000000000000009 4.995000000000001 15.2615599561873 25.39916542250155 12.061042169724429 4.8480131578947381 1.976478067387158 4.36224318658281 20.000281246045034 239.44153967647517 6.2750000000000012 0.1099884727823361 11.500000000000002 1.2106313607869836 4.7400772200772217 57451204.000000007 1.0000000180025095e-35 4.5600751879699262 12.857142847689078 10.251658534763887 4.2909673659673677 36.211437908496734 8952712.8791563828 4.5501037344398352 5.8350000000000009 6.5050000000000008 34596382.000000007 6548220.5135244783 4.3950000000000005 28.609173906549504 4.995000000000001
decision_type=2 2 2 2 2 2 2 2 2 2 2 2 2 2 2 2 2 2 2 2 2 2 2 2 2 2 2 2 2 2 2 2 2 2 2 2 2 2 2 2 2 2 2 2 2 2 2 2 2 2 2 2 2 2 2 2 2 2 2 2 2 2
left_child=1 4 6 5 8 11 13 16 9 18 26 23 33 14 42 47 36 22 53 24 31 45 34 56 -9 -7 -5 40 29 -14 -11 35 -31 -6 -12 -13 -4 59 -29 -40 60 43 -2 50 -23 -18 -30 -8 -33 58 -22 -35 -20 -1 -16 -36 -3 -10 -27 -25 -28 -49
right_child=2 3 7 10 12 25 15 19 57 30 17 20 28 -15 54 -17 21 -19 52 -21 41 44 -24 37 -26 49 27 38 46 32 -32 48 -34 51 55 -37 -38 -39 39 -41 -42 -43 -44 -45 -46 -47 -48 61 -50 -51 -52 -53 -54 -55 -56 -57 -58 -59 -60 -61 -62 -63
leaf_value=-0.044843631296423228 0.011173952866276891 -0.02151046145231874 0.065763449386678025 0.0050100719500277679 -0.020227244083684433 0.058287124517398904 0.046171350618271205 0.1040404271279034 0.08203665283981626 0.00076380302860314651 0.036907025316737459 -0.0058506730456408876 -0.0054170121232374711 0.08535204637083553 0.04277661101132714 0.11528853829519291 0.11025347430406983 0.077000664050247358 0.006976379689875226 0.13794269834037537 0.017756201981162432 0.11393357013479458 0.085232555956716929 -0.0074402340074354052 0.12852779702656345 0.1081975758216651 0.0347482320014414 0.029443318521283887 0.098835040541863081 0.010012096257653043 0.050286658762517727 0.01489682355550068 0.032563663895268428 -0.019129309751036706 0.054773306507763797 0.025591689850792628 0.10427244633741946 0.1398279489771945 0.10292355124205649 0.059185104775384551 0.01892810138546909 0.10637166777663104 0.043697863420278975 0.082070142952773373 0.045078017306644125 0.13135542175998477 -0.0075229650422259237 0.076361910278518574 0.050023727694646039 -0.0038359650768838983 0.045413064105087747 0.015241085155346643 -0.022374417596218509 -0.032016646989479258 0.06610059150416811 0.095566239796103361 0.092291543971591269 0.022040787458654121 -0.0068192102388751064 0.014118494083420245 0.051611123681686459 0.10243250610965129
leaf_weight=4810.0365914702415 776.20336803793907 1381.4723086059093 885.02098374068737 428.48662868142128 2373.5082360059023 1166.6620279252529 267.6840218603611 1653.575594753027 171.00226786732674 1066.5411598235369 1667.1060834378004 1344.4241419136524 1284.2130666077137 1612.7316031455994 762.21332423388958 2146.1883187294006 2446.9014577418566 3560.8903544098139 482.20211584866047 12286.051913946867 873.33826544880867 122.82002440094948 780.40801025927067 943.74115972220898 5194.8025500625372 563.48317328095436 2458.7645611613989 382.15912333130836 131.73068672418594 2728.7149874866009 263.7123905569315 660.37582562863827 1502.8258959949017 480.90822145342827 4895.2275642156601 733.82881300151348 483.31143954396248 26.569678619503975 235.7047672867775 1537.1429371833801 876.01894170045853 84.584190711379051 697.83588083088398 175.58546932041645 238.35747854411602 1330.726182743907 45.468686372041702 1082.5326457768679 568.12519726157188 34.5922512114048 1108.8357554376125 905.59456223249435 2882.4954803884029 3792.4589932262897 3274.5656541883945 200.44867320358753 25.010898619890213 181.03246133029461 24.66718627512455 2276.0946678519249 1880.3656601309776 709.63167423009872
leaf_count=26759 3184 6812 2546 1795 11813 3756 880 3485 477 4837 5976 6028 5943 4270 2643 4166 5032 10311 2139 18188 3510 258 2156 4307 8721 1242 9086 1457 331 11793 913 2672 5836 2348 16142 2851 1078 53 580 4924 3414 215 2352 499 762 2263 190 2998 1928 136 3887 3871 14420 19830 9914 528 71 710 101 9459 6328 1657
internal_value=0.0545927 0.0177449 0.109905 0.041618 -0.0141797 0.0223936 0.0742319 0.126307 -0.0268257 -0.0288909 0.0538134 0.0137094 0.0040804 0.0597838 0.0523013 0.0987019 0.104939 0.062096 -0.0332786 0.132457 0.0249485 0.113394 0.05506 0.000305347 0.122615 0.0719055 0.0420203 0.044172 0.0144 0.0125642 0.0105813 0.01487 0.0180213 -0.0115443 0.0515782 0.00525159 0.0793653 0.00888015 0.0586947 0.0650002 0.0381709 0.0398112 0.0265713 0.0372021 0.0684927 0.117687 0.071544 0.08142 0.0311414 0.0974184 0.0332276 0.00331972 -0.0181681 -0.0391888 0.0616966 0.056378 -0.0194868 0.051184 0.103374 0.00779958 0.0420558 0.0866849
internal_weight=89967.7 53996.6 35971.2 30894.1 23102.4 11991.4 11329.6 24641.6 13649.5 13297.4 18902.7 10202 9452.96 7123.55 5510.82 4206.04 5507.14 11104.1 11967.2 19134.4 5549.1 4138.81 7543.19 4652.89 6848.38 1789.4 7798.64 7370.16 5692.95 5515.75 1330.25 3306.75 4231.54 3760.01 6762.78 2078.25 1368.33 3246.41 2155.01 1772.85 5215.15 2242.34 1474.04 2157.76 361.178 3777.63 177.199 2059.85 1228.5 622.743 1982.17 1386.5 3364.7 8602.5 4036.78 5095.68 1406.48 352.035 588.15 3219.84 4339.13 1792.16
internal_count=296831 222434 74397 110224 112210 47527 32064 42333 70085 68898 62697 42292 42125 22363 18093 9701 11939 35113 63148 30394 21590 8315 24802 20702 12206 5235 27584 25789 24093 23572 5750 13479 17629 18032 22646 8879 3624 13819 6961 5504 18828 8111 5536 7896 1020 7295 521 5535 4600 1479 7397 6219 16559 46589 12557 16670 6883 1187 1343 13766 15414 4655
is_linear=0
shrinkage=0.05


Tree=4
num_leaves=63
num_cat=0
split_feature=28 69 38 38 45 20 11 1 69 43 40 69 69 43 69 40 31 1 18 11 1 1 11 43 42 43 43 9 45 40 9 43 43 40 9 60 11 47 9 40 1 47 43 69 38 62 68 4 22 37 63 40 11 40 18 62 40 40 27 26 62 28
split_gain=63367.9 14625.6 8053.03 2486.59 1693.18 1642.26 1256.42 1142.16 965.248 686.572 668.895 557.245 474.294 398.474 352.072 344.09 330.653 324.743 315.5 306.036 331.116 289.496 265.295 244.358 236.627 222.064 221.311 219.11 217.866 205.565 260.517 196.606 190.209 184.606 181.444 168.21 187.229 152.418 144.576 144.973 143.997 145.662 142.562 142.114 139.537 130.314 126.56 123.324 120.839 117.798 115.549 114.562 113.833 112.168 109.405 105.546 104.631 104.5 104.028 100.087 99.1954 101.283
threshold=63097256.284170322 13.315790620099078 2897321915.5952106 22388468.962413989 0.90262562678108538 5.5000000000000009 2.5000000000000004 6.495000000000001 6.3237503422867247 4.311200716845879 38.500000000000007 10.378951855816387 24.708542854297878 4.8600373134328372 26.136046526100923 37.500000000000007 1.4833333333333336 4.9050000000000011 9363200.0064165853 1.5000000000000002 5.0450000000000008 4.4850000000000012 8.5000000000000018 4.4222222222222234 6.995000000000001 4.6430384615384623 4.6636389258993551 100187.00000000001 0.86858896380650297 35.500000000000007 34425.000000000007 4.7545923149015943 4.5571521577380976 110.50000000000001 17942721.500000004 12.857142826836737 10.500000000000002 1.0000000180025095e-35 28894.000000000004 52.500000000000007 5.6850000000000014 53.68239516394415 4.5916882556131275 41.656739314430816 112624636.0347411 1.7266528925619837 12.668535916060369 0.73410000000000009 5.6950000000000012 4.1003521171670609 51.673071094775104 89.500000000000014 1.5000000000000002 8.5000000000000018 427301467.89766169 1.5000000000000007 4.5000000000000009 38.500000000000007 2.0089820328749757 293.85000000000008 2.1672619047619057 7952712.8791563809
decision_type=2 2 2 2 2 2 2 2 2 2 2 2 2 2 2 2 2 2 2 2 2 2 2 2 2 2 2 2 2 2 2 2 2 2 2 2 2 2 2 2 2 2 2 2 2 2 2 2 2 2 2 2 2 2 2 2 2 2 2 2 2 2
left_child=1 3 5 7 12 11 16 8 17 57 19 29 15 38 26 40 24 27 33 20 28 -10 23 -8 58 43 60 -1 -5 30 54 35 -12 -7 -9 36 50 -16 -13 -40 41 -3 -39 -14 -34 -22 -23 49 -38 -24 -20 -27 53 -15 -2 56 -28 -6 -4 -52 61 -11
right_child=2 4 6 10 9 18 22 34 21 14 32 13 25 52 37 -17 -18 -19 31 -21 45 46 47 -25 -26 51 55 -29 -30 -31 -32 -33 44 -35 -36 -37 48 42 39 -41 -42 -43 -44 -45 -46 -47 -48 -49 -50 -51 59 -53 -54 -55 -56 -57 -58 -59 -60 -61 -62 -63
leaf_value=-0.011456467563551787 0.03173104877497001 0.029390609858361855 0.064211077306459752 0.013174465729970102 -0.0083036058834992377 0.059839869097358334 0.02589409281665736 0.082501726659653718 -0.021229495121952217 0.013660962495965392 0.025061668798182515 0.066107284687406426 0.04804330962847763 0.057266696377555507 0.0094483447422537004 0.072970531793003543 0.11294800548205559 -0.019392768590608685 0.070038434692785173 0.043665258712387578 0.022955657499675472 0.012607401394609856 0.099067582578969304 0.11502099033949281 0.10216150705833067 0.068046253738999807 0.025197669826703128 -0.040801443556313599 -0.0092546771549231934 0.092397279004028013 0.0080154688932004472 0.1118961061472364 0.0067972816993279147 0.10499939238543486 0.023716151778058983 0.032067712164593795 0.12928276235375599 0.040431847261097748 0.041002905317534033 0.081352357554977772 0.074672843203228811 0.047117204003529221 0.060752899570804014 0.084229328231663028 0.082598228385217826 0.10373537763343497 -0.0064548886076866568 0.12676204426502752 0.080788159242495161 -0.049647650707422372 0.097478332590390612 0.11301844674917649 0.10113063788016081 0.083041072416610517 0.060900406601370097 0.12414256010633568 0.045593187765356084 0.019905661887882481 0.085881552427930621 -0.0015561021326587106 0.070650120822955534 0.030201534086009858
leaf_weight=697.01623839139938 804.66391840577126 2902.7239648252726 841.24384884536266 1590.9803761541843 1270.3881663233042 1109.4967800229788 77.836235448718071 242.33257088065147 2686.7376941293478 3209.3515355437994 357.01932270824909 1228.5356670022011 2639.1340262889862 684.62165306508541 298.1083914488554 839.29627583920956 2067.5107246041298 3204.519638299942 857.19587600231171 521.18344573676586 1258.1289660036564 1334.2171591371298 49.60999296605587 6421.1415019780397 1844.7369701862335 4178.8856409341097 1126.3065566420555 7280.1815456449986 3388.8767443299294 138.75414055585861 851.48430758714676 1386.4531024694443 70.131974667310715 284.2859307974577 286.39020179212093 125.2090555280447 442.29002103209496 2906.0494550317526 2199.7599129378796 247.67881733179092 259.89846195280552 1929.0011412799358 1227.6981936097145 302.41973923146725 452.04094272851944 51.988829731941223 2506.5740818828344 12495.924889162183 181.03836867213249 18.201216042041779 994.58794705569744 146.5771669447422 456.74764364957809 1100.8825581371784 535.31345525383949 34.889161869883537 1423.6676021665335 442.71044880151749 1620.7862315326929 26.183746203780174 92.814715579152107 1300.5391895622015
leaf_count=3375 2916 10487 2238 6472 5886 3214 241 642 13569 13239 1329 3534 8559 2131 1224 2299 3648 16054 2235 1832 4932 5752 103 10640 3612 11865 4331 40714 15823 345 3454 2506 286 573 1081 404 681 10100 7294 649 733 6419 3791 790 1178 120 11593 17770 399 76 2157 292 1031 2854 1584 73 4887 1767 3796 97 264 4891
internal_value=0.0509139 0.0150044 0.0991017 -0.0117012 0.0411039 0.0681283 0.115729 -0.0217559 -0.0239179 0.0285365 0.0121439 0.0540897 0.0537995 0.0622444 0.0328931 0.0433075 0.0965121 -0.0328368 0.0895454 0.00684601 0.00379518 -0.00863983 0.122155 0.113954 0.0886219 0.0623624 0.0260588 -0.0382374 -0.00208894 0.0333785 0.0296417 0.0966636 0.0531874 0.0690509 0.0506597 0.0886227 0.0914538 0.043977 0.0521116 0.0450862 0.0384179 0.0364677 0.0464671 0.0517636 0.0724176 0.0261612 0.000166985 0.126397 0.115198 0.0591509 0.0835726 0.0695702 0.0788563 0.0731583 0.043384 0.0377664 0.0365846 -0.00101358 0.078477 0.094938 0.0194839 0.0184308
internal_weight=91551 52458.8 39092.2 25928.3 26530.5 13655.2 25437 18238 17709.2 13332.5 7690.35 8248.44 13197.9 5918.23 11619.4 5930.92 6374.28 11181.7 5406.74 6811.16 6289.97 6527.53 19062.7 6498.98 4306.77 7267.02 7187.57 7977.2 4979.86 2330.22 2191.46 4012.96 879.192 1393.78 528.723 2626.51 2501.3 4431.86 3675.97 2447.44 5091.62 4831.73 4133.75 2941.55 522.173 1310.12 3840.79 12563.7 623.328 67.8112 1877.97 4325.46 2242.25 1785.5 1339.98 2584.86 2549.97 1713.1 2462.03 1020.77 4602.71 4509.89
internal_count=296831 216649 80182 124752 91897 38058 42124 92780 91057 50453 31972 25792 41444 17493 42800 19938 13294 60143 12266 29179 27347 30914 28830 10881 9646 21506 27685 44089 22295 8299 7954 8479 2793 3787 1723 5973 5569 15115 11477 7943 17639 16906 13891 9349 1464 5052 17345 17949 1080 179 4489 12157 6016 4985 4500 9291 9218 7653 6034 2254 18394 18130
is_linear=0
shrinkage=0.05


Tree=5
num_leaves=63
num_cat=0
split_feature=28 69 38 49 49 20 10 1 30 49 69 1 49 43 1 43 10 69 43 1 30 43 49 9 69 43 69 40 40 69 18 14 59 69 7 18 68 49 6 1 9 1 57 10 45 23 20 3 56 38 67 45 69 9 1 36 28 0 47 49 9 43
split_gain=54862 12356.2 8094.25 1843 1604.64 1571.7 1194.48 845.8 672.135 661.153 612.062 561.057 421.446 390.242 338.821 314.433 292.352 286.089 276.199 275.256 264.025 267.888 230.634 213.629 212.655 202.585 232.194 200.986 200.266 196.131 180.044 162.806 162.356 150.219 149.406 139.348 139.068 138.797 189.652 134.879 165.255 138.253 131.822 124.527 122.608 121.361 163.565 120.512 119.42 251.537 118.081 115.366 114.856 112.346 111.935 110.207 108.408 102.696 101.807 141.434 101.074 99.3594
threshold=44680321.334957771 12.715693535137291 2897321915.5952106 34923081267916088 1.8960668339568426e+17 5.5000000000000009 4.5000000000000009 6.4850000000000012 8.5000000000000018 5.4634175187482381e+17 22.899159219337335 4.995000000000001 5.7789428130764399e+19 4.6113592990978498 4.9050000000000011 4.2751562500000011 7.5000000000000009 7.7057921137138736 4.5154946628926114 6.5450000000000008 26.500000000000004 4.588894934107123 2.62970459485148e+19 38405.500000000007 39.629138557665989 4.5727486128894599 13.95225722536158 36.500000000000007 44.500000000000007 10.378951855816387 5398335.7123591248 0.050927248643506708 424.12239505809316 31.309610788877553 6.2150000000000007 2433623.2301538913 16.117059232262616 7.9478834514727879e+19 5.0600000000000014 4.6950000000000012 5710186.5000000009 5.9250000000000007 0.89270999416077357 2.5000000000000004 1.3571702559476664 4.4137377450980404 35.500000000000007 122.45000000000002 83.500000000000014 11269852347.58779 0.87032255546191728 0.86858896380650297 4.9053390505588617 15092809.000000002 4.9050000000000011 10.119718309859158 24514670.79327156 59.250000000000007 41.034374900227554 6.2349243979636761e+19 28894.000000000004 4.6833333333333353
decision_type=2 2 2 2 2 2 2 2 2 2 2 2 2 2 2 2 2 2 2 2 2 2 2 2 2 2 2 2 2 2 2 2 2 2 2 2 2 2 2 2 2 2 2 2 2 2 2 2 2 2 2 2 2 2 2 2 2 2 2 2 2 2
left_child=1 3 5 7 15 9 12 14 11 29 18 17 30 24 32 -3 20 23 -6 -13 21 -7 56 -5 42 -11 28 36 31 43 -4 -27 35 58 57 52 -20 38 50 -17 41 -41 -12 54 -18 46 -22 -46 -40 -50 -8 -19 -1 -16 -2 -23 -10 -9 59 -15 -28 -14
right_child=2 4 6 8 10 16 37 34 22 25 13 19 61 33 53 39 44 51 27 -21 45 55 -24 -25 -26 26 60 -29 -30 -31 -32 -33 -34 -35 -36 -37 -38 -39 48 40 -42 -43 -44 -45 47 -47 -48 -49 49 -51 -52 -53 -54 -55 -56 -57 -58 -59 -60 -61 -62 -63
leaf_value=-0.039641035987011249 -0.0022007666149462886 -0.013447455958346136 0.068765504731294183 0.010904205293793282 0.013449336177619701 0.047859359340099522 0.071490428748530427 0.073833988174335369 0.0099378209210643081 0.037962481042108025 0.0029742141263850962 0.011799282619227754 0.090674739951378494 0.037919485814714875 -0.0078375065502972897 0.010289214156588808 0.10346358447739597 0.012363941897629254 0.042023912967420557 0.085005487386869749 0.032112674163157655 0.036392339121132031 0.06445032168813003 -0.024377429527971589 0.070255840049968543 0.02874163073691385 0.080332485759145894 0.064734626925544811 0.096809799611473998 0.041602695467383065 0.089132675524031257 0.062581786604993681 -0.049867841825200654 0.067027022386021484 0.0023197977944116126 -0.0048147742800267726 0.026132436304982 0.11809952282151437 0.11071951406180312 0.030148114635037755 0.0053101738219363329 0.085364466576703241 0.038989249069323773 0.047041986004440893 0.076146689892441 0.10026296315148936 0.1139405634559946 -0.071408196681034652 0.10823506016235258 -0.031338223221591403 -0.066275031400467463 -0.0064237544542316873 -0.025013706144549265 -0.026132514986399142 0.03093963158277346 0.08260373242812899 0.050048725434540448 -0.024845451303184773 0.058598702623757659 0.087910090129726559 0.063243979717579474 0.10752039030136247
leaf_weight=3685.6229605078697 730.12160430848598 899.83403503894806 1591.9457169175148 488.04604099690914 1614.6146507114172 1142.5706553757191 48.868638068437576 244.80437743663788 701.94336107373238 1034.4301811307669 267.74839721620083 2654.6314232200384 1155.8846455812454 1544.3307349085808 1672.4842542558908 2576.9002122879028 1506.8412211835384 1107.4603037685156 2649.3272203952074 134.931581184268 164.53093558549881 140.14751054346561 414.65236157178879 3548.9832870513201 534.52632391452789 993.48111030459404 1253.8367481231689 578.90960995852947 178.29686772823334 1837.5510729700327 3407.8959534168243 553.40792199969292 1661.9058702588081 2709.5927372872829 159.23423612117767 430.00629109144211 2865.9955716282129 10974.818608120084 5421.5475409328938 1925.6177444308996 703.74881333112717 120.4566765576601 4974.9147609472275 272.60437861084938 50.136267140507698 1133.8648738861084 97.117705464363098 19.112824007868767 106.39761175215244 46.339292302727699 22.815616011619568 3116.3971754461527 2110.5343280881643 1684.1139942407608 391.37260679900646 1624.6747791022062 221.64151893556118 29.548070698976517 2324.873154103756 155.75711420178413 2792.4854425787926 3606.416072010994
leaf_count=21272 3175 4343 3992 2099 6342 3426 114 676 2831 3356 1089 11145 2226 5043 8094 10906 2637 4621 8886 332 502 418 1160 18223 1458 3436 3039 1592 392 6110 6831 1516 9757 7349 651 2032 10329 14999 8211 7223 3027 316 16641 862 123 2126 164 92 169 172 104 14540 11145 8726 1456 3689 705 121 6757 365 7737 5961
internal_value=0.0476717 0.0124945 0.0896804 -0.0134285 0.0360844 0.0615207 0.106669 -0.0276795 5.33399e-06 0.0494962 0.0429188 -0.00404753 0.0927869 0.049747 -0.0303218 0.0138901 0.0820509 -0.0105945 0.0318363 0.0153403 0.0753028 0.066722 0.0334717 -0.0201121 0.040213 0.0583387 0.0619908 0.0367078 0.0466317 0.0308737 0.0826478 0.0408481 -0.0359835 0.0579256 0.0408457 -0.0322774 0.033766 0.114822 0.108452 0.0185081 0.0262102 0.0333988 0.0371499 0.0167319 0.100474 0.0931799 0.0624852 0.0354214 0.109491 0.0658895 0.0276425 -0.00149778 -0.0343148 -0.0170167 0.00936438 0.078934 0.0195636 0.0632061 0.0517986 0.0424995 0.0685392 0.103432
internal_weight=92813.6 50514.1 42299.5 24066.9 26447.1 15916.6 26382.9 11678.3 12388.7 10037.6 20220.6 11050.4 9762.14 12511.7 11244.7 6226.56 5879 8260.89 7708.85 2789.56 4302.91 2907.39 1338.24 4037.03 5777.19 6805.94 5771.51 6094.23 1725.19 3231.65 4999.84 1546.89 7888.07 6734.55 433.587 6226.16 5515.32 16620.8 5645.97 5326.72 2749.82 2046.07 5242.66 1394.1 1576.09 1395.51 261.649 69.2491 5574.28 152.737 71.6843 4223.86 5796.16 3356.6 1121.49 1764.82 923.585 274.352 4024.96 1700.09 4046.32 4762.3
internal_count=296831 209796 87035 118130 91666 44256 42779 62474 55656 31079 65851 50960 19010 38702 61026 25815 13177 39483 27149 11477 10325 7533 4696 20322 19188 19476 16120 20807 5344 11603 10823 4952 44206 19514 1448 34449 19215 23769 8770 21472 10566 7539 17730 5493 2852 2792 666 215 8552 341 218 19161 32417 16820 4631 4107 3536 797 12165 5408 10776 8187
is_linear=0
shrinkage=0.05


Tree=6
num_leaves=63
num_cat=0
split_feature=28 69 38 21 48 48 62 10 30 48 1 69 10 30 1 69 58 33 33 62 9 48 69 48 33 69 59 1 48 48 69 69 40 1 33 23 48 56 38 0 1 45 68 1 67 7 45 0 45 30 45 13 16 9 63 69 68 28 0 24 62 1
split_gain=47964.3 10997.5 7187.86 1755.08 1704.63 1401.92 834.197 796.069 599.446 576.156 509.378 467.744 445.402 342.712 318.926 294.361 290.539 243.461 230.9 224.052 211.919 211.603 200.463 199.548 195.119 175.017 172.856 170.14 177.409 159.684 159.105 157.917 149.63 147.272 141.303 140.557 137.241 134.8 172.711 133.668 128.034 121.219 120.662 120.599 120.235 118.468 116.964 110.723 107.246 107 120.137 112.169 106.151 104.892 101.68 99.0788 97.7835 94.7107 93.6916 93.5743 93.4075 92.0241
threshold=44680321.334957771 12.715693535137291 4991429223.2918406 0.6428571428571429 27740389.494676415 220674501.05806607 1.976478067387158 3.5000000000000004 8.5000000000000018 433974679.3229 5.1950000000000012 22.899159219337335 6.5000000000000009 26.500000000000004 4.9050000000000011 7.7057921137138736 6969973.9504426131 4.6500542299349252 4.6375114678899099 1.3261744236624622 28894.000000000004 65168305571.740456 13.624931542655151 20888486086.747093 4.3504545454545474 7.5966835528117302 229.9424922571738 4.6950000000000012 15848844.984281095 3954269.4990041857 23.908413407682165 33.19173346443953 37.500000000000007 5.9250000000000007 4.6333939393939412 4.545502141837221 33261411691.198246 84.500000000000014 11269852347.58779 60.050000000000004 4.3950000000000005 1.3571702559476664 56.482001464796788 4.8050000000000006 0.9426055981926128 6.2150000000000007 0.86858896380650297 73.050000000000011 1.3110776812173632 39.500000000000007 0.88833905653204537 4.7972953216374279 11.815037593984966 189548.00000000003 66.546227831668006 20.344200418212147 16.117059232262616 24514670.79327156 54.850000000000001 0.4019721264339588 0.80000000000000038 4.6950000000000012
decision_type=2 2 2 2 2 2 2 2 2 2 2 2 2 2 2 2 2 2 2 2 2 2 2 2 2 2 2 2 2 2 2 2 2 2 2 2 2 2 2 2 2 2 2 2 2 2 2 2 2 2 2 2 2 2 2 2 2 2 2 2 2 2
left_child=1 4 3 9 6 16 14 21 10 25 15 24 13 18 29 20 27 26 48 47 -6 49 39 57 -7 -2 31 30 -29 -1 -3 -13 40 -30 42 54 37 -9 -39 -11 -26 59 -24 -27 -43 58 -17 -12 -5 51 -51 -4 -31 -36 -15 -40 60 -10 -8 -14 -42 -20
right_child=2 5 7 12 8 11 45 36 23 22 19 17 41 35 -16 46 -18 -19 61 -21 -22 -23 34 -25 32 43 -28 28 33 52 -32 -33 -34 -35 53 -37 -38 38 55 -41 56 44 -44 -45 -46 -47 -48 -49 -50 50 -52 -53 -54 -55 -56 -57 -58 -59 -60 -61 -62 -63
leaf_value=-0.042444143667350442 0.0099371291722852254 0.006108847138600302 0.064251917826061919 0.051329963777164658 0.012496635116377403 0.0082676942227677703 0.072960608664107904 0.10081389149582863 0.0093969915588423963 0.043773819230552763 0.018778780988614401 0.038786704973532982 0.10416563398178978 0.048382977947917835 -0.016467319612018232 0.013245552260722659 -0.018142068145471864 0.056288541499045566 0.060425956386677859 0.064344805202882771 -0.02181734346711138 0.0964413926738307 0.049190147265343917 0.05979500596312818 0.016027502169828824 0.026181031544376222 0.024466058866359913 0.0057171300107808562 0.029757390126971307 0.00076272683851786466 0.027189528432484712 0.056118580434103782 0.055885719066177453 0.075917442959566622 0.0685064990405201 0.097514293941711822 0.10949767103571922 0.09371685960645991 0.067819273061138788 -0.0017460801532777237 0.040080568006076761 -0.0061813204423979591 0.00048623567523486499 0.051883472124709763 0.10672588274484313 0.0055897238820060632 -0.0047053820250097904 -0.016749096776393715 0.0088116167137600471 0.10021297374472141 0.045918385586218989 0.083735220934487001 -0.030336316970824381 0.051050915067420738 0.086420837865722869 -0.072425959627528083 0.027599767523774382 0.046586600597747961 -0.018159675465334223 0.084076134321299789 0.080234530235241464 0.079575164893797679
leaf_weight=3692.4704163074493 1011.0158289223909 2913.4327497333288 1366.2760220617056 1636.3105431497097 507.63845458626747 825.47437129914761 240.74857249855995 4074.5586939007044 705.14089393615723 1692.6978666335344 1379.5995524376631 3499.11568595469 1440.0251929908991 320.11125446856022 3353.948508232832 1233.1956916451454 546.31767380237579 4807.4311448931694 1146.7820569723845 245.52517229318619 3959.6406604498625 3458.3931991904974 703.77985861897469 424.32517147064209 1084.4055666476488 1255.8491527885199 1211.1815771907568 772.75283432006836 2891.6706122905016 296.14722020924091 1291.9865623265505 2104.7956565022469 702.33580964803696 183.77582901716232 2626.825056925416 1159.4060586839914 13142.335487693548 90.582311525940895 20.222877323627472 178.25858142971992 1830.5024418830872 58.474180489778519 155.21565598249435 716.92976860702038 39.511736273765564 139.17024470865726 3435.263119712472 260.74881425499916 163.09185507893562 865.99064002931118 115.46788203716278 1608.3567377775908 3735.2501743733883 1279.991565361619 389.4128188341856 33.380666106939316 2000.6895349770784 226.08730231225491 31.954884931445122 970.14173571765423 157.27613897621632 1385.2512156963348
leaf_count=22043 4067 12455 3304 4650 2146 3262 641 6270 2831 5120 5614 11278 2283 841 16940 5070 2616 13359 2891 706 20332 5811 2064 1160 4039 4460 4206 3325 10431 1390 4831 6029 1969 476 6564 2031 17891 152 48 672 5991 214 573 2185 74 557 15904 1188 594 1457 296 3118 20773 3629 767 145 6992 705 130 1831 407 3033
internal_value=0.0447863 0.0118146 0.0835601 0.0598218 -0.012875 0.033783 -0.0267439 0.101122 -4.3685e-07 0.0451014 -0.0038594 0.0416356 0.0760839 0.068892 -0.0293417 -0.00874313 0.0171435 0.0476724 0.0611704 0.0197989 -0.0179181 0.0874073 0.0533058 0.0313757 0.031006 0.0268527 0.0415945 0.0195371 0.0271343 -0.0349322 0.0125852 0.0452965 0.0342561 0.0325157 0.0587505 0.0867876 0.106979 0.0991326 0.0516206 0.0394368 0.0312615 0.0938629 0.0403896 0.0355216 0.0393473 0.0431268 3.6443e-05 0.0131313 0.0474762 0.0795097 0.0938253 0.0747864 -0.0280518 0.0627875 0.0692595 -0.019516 0.0354033 0.018426 0.0622833 0.0960792 0.0432576 0.0709023
internal_weight=93794.6 50690 43104.6 18329.1 23866.9 26823.1 11489.7 24775.6 12377.2 9620.56 11021.6 18223.2 8708.52 6200.37 11077.8 9135.74 8599.94 11622.5 4331.44 1885.87 4467.28 7414.48 6636.77 1355.55 6600.68 2983.79 6815.09 8053.62 3848.2 7723.87 4205.42 5603.91 5775.21 3075.45 4765.81 1868.93 17361.1 4218.74 144.186 1870.96 5072.87 2508.15 858.996 1972.78 97.9859 411.874 4668.46 1640.35 1799.4 3956.09 981.459 2974.63 4031.4 3906.82 709.524 53.6035 3988.47 931.228 272.703 2410.17 1987.78 2532.03
internal_count=296831 209796 87035 48543 118130 91666 62474 38492 55656 29334 50960 57532 19209 14807 61146 43452 34134 34872 11168 7508 22478 13986 18622 4696 22660 10712 21513 31518 14232 44206 17286 17307 19398 10907 12830 3639 24506 6615 345 5792 17429 4402 2637 6645 288 1328 20974 6802 5244 8175 1753 6422 22163 10193 1608 193 13390 3536 771 4114 6398 5924
is_linear=0
shrinkage=0.05


Tree=7
num_leaves=63
num_cat=0
split_feature=29 69 38 38 48 30 1 69 11 11 20 69 45 41 43 45 43 1 1 69 1 12 43 48 43 26 45 57 45 7 56 27 44 43 30 18 41 69 62 16 69 18 25 47 37 29 43 30 33 68 36 20 41 43 29 30 1 48 56 38 14 69
split_gain=42347.8 10554.3 4739.93 2430.44 1403.89 1241.43 876.934 853.192 663.989 653.12 566.711 436.148 412.002 387.993 386.249 298.962 284.73 270.023 269.631 269.203 241.534 234.145 233.662 218.163 199.221 175.686 167.25 159.886 151.016 149.532 138.794 135.116 197.68 132.108 145.196 131.599 129.103 123.944 123.716 122.826 121.581 120.115 115.935 115.032 114.391 112.053 111.651 109.509 108.412 107.834 105.597 102.289 96.379 95.8272 94.3525 87.0128 83.697 82.1787 102.366 193.125 81.8249 81.7306
threshold=1.1575419178640243e+17 13.315790620099078 4991429223.2918406 28045673.949633028 226429676.27455905 17.500000000000004 6.495000000000001 6.3237503422867247 5.5000000000000009 2.5000000000000004 2.5000000000000004 10.833570859575319 0.90262562678108538 0.62777777777777788 4.2751562500000011 0.86858896380650297 4.8667288557213935 4.4350000000000014 4.9050000000000011 31.964262154290413 4.9050000000000011 4.9050000000000011 4.7501111111111127 63132282318.027382 4.9200946372239764 113.36500000000001 0.64001292069952842 0.89270999416077357 1.2347588210974823 6.2150000000000007 1.5000000000000002 1.1472315808458509 0.34817307448439849 4.4600420168067236 39.500000000000007 10369976.88598053 0.22777777777777777 19.58953287197232 1.5663498622589531 10.039077412513256 29.091070050533968 2433623.2301538913 1.042306756567805 69.626560648161544 67.41089894026905 28201012138273380 4.5154946628926114 71.500000000000014 4.6165199039371227 12.668535916060369 34.900561797752815 5.5000000000000009 0.68333333333333346 4.8334733893557438 19953041187295480 9.5000000000000018 4.6950000000000012 22751352802.89983 83.500000000000014 11269852347.58779 0.3058486360024098 0.58645851484902056
decision_type=2 2 2 2 2 2 2 2 2 2 2 2 2 2 2 2 2 2 2 2 2 2 2 2 2 2 2 2 2 2 2 2 2 2 2 2 2 2 2 2 2 2 2 2 2 2 2 2 2 2 2 2 2 2 2 2 2 2 2 2 2 2
left_child=1 3 5 6 14 9 7 18 23 11 15 41 13 19 -3 36 46 -9 21 24 -17 -1 25 33 38 28 -12 -14 47 -8 31 -30 -33 -4 35 -35 -5 51 44 -11 48 -2 -28 -39 54 -44 -13 -7 60 -19 -20 56 -41 -38 -6 -48 -16 58 -10 -60 -29 -23
right_child=2 4 8 10 12 22 29 17 57 39 26 16 27 -15 37 20 -18 49 50 -21 -22 61 -24 -25 -26 -27 42 40 30 -31 -32 32 -34 34 -36 -37 53 43 -40 52 -42 -43 45 -45 -46 -47 55 -49 -50 -51 -52 -53 -54 -55 -56 -57 -58 -59 59 -61 -62 -63
leaf_value=-0.0075894921955354027 0.0063973356425311937 -0.012523040778518261 0.033675066530862212 0.014054294019200872 0.026950652781763854 0.0750031588596895 0.059925348202309305 -0.019003531182152079 0.095896240108122505 0.051209740078653858 0.075100045490160597 0.020848280151141152 -0.0031347570461709266 0.070798266400204063 0.0060383256634770361 -0.0092150688044592682 0.063791909824095383 0.01221945816943585 0.0051196049606580616 0.056171234989517628 0.017798296353301674 -0.051663839118840572 0.099544349816959629 0.092599447543699642 0.054111608843351457 0.021490828096937756 0.020909527721675272 0.019581095659034691 0.11417881975442633 0.0043917595461933166 -0.038266629267550568 -0.046964559377729961 0.10312827679048234 0.058047854927838698 0.094719107916710246 0.079981119441318804 0.029394926541854629 0.023213226175234244 0.094425895181020292 0.076758414255857749 0.041538108086763711 0.031607044861025016 -0.011253397774709101 0.044112257756329105 0.04659440336796547 0.056664626947403242 0.037489188541968879 0.10019756236782638 0.037856440405804923 -0.0048667032537446017 -0.021082079533306965 0.10498248962996255 -0.01353569397260829 0.073795801419943657 0.040972469515408089 0.05651113478520086 0.021667585058784553 0.10355889414732 0.093928912170934187 -0.041756147725805368 0.099629092948159956 -0.035454048145433646
leaf_weight=720.4330218732357 753.70267067849636 935.50221563875675 167.27841773629189 1558.6744824647903 3708.9948867708445 2058.2408409118652 386.08010250329971 2827.1124443113804 2397.8255434334278 673.42462819814682 273.01516997814178 610.38943073153496 312.38029238581657 1501.2289316058159 1755.9947978407145 2783.6756179183722 2102.5571444779634 1422.518458083272 448.05408470332623 3267.6614046394825 1177.5184805691242 892.18299835920334 1319.2321175187826 4678.5260919779539 1838.854238897562 149.86276996135712 881.34039491415024 2229.1679846793413 63.965322867035866 176.69303706288338 48.578986719250679 49.971014723181725 39.104065656661987 952.54835186898708 1098.8416714072227 2424.7634127140045 475.25652581453323 3421.67952516675 88.490576311945915 2216.4779890477657 2730.2200025618076 1266.4219578951597 68.273732885718346 815.31209656596184 1624.0070952624083 549.51109094917774 1598.3014944493771 545.64129358530045 1561.5913529098034 2632.0208655148745 2712.3780589997768 30.941190347075462 29.952497094869614 163.26510573923588 1773.3522800654173 963.67269349098206 1672.4037403613329 12705.001791134477 77.526883363723755 39.630739763379097 32.388389885425568 6056.1204491108656
leaf_count=3497 2840 4470 450 6164 12263 4173 1029 14612 3578 1717 610 2047 1284 3439 7385 13096 5213 6116 2049 8727 4577 5614 2051 7445 5156 473 3239 8085 98 706 204 199 72 2298 1758 4492 1634 12632 191 4647 8344 4104 282 2683 4817 1526 4729 808 4973 12271 14145 77 100 433 5342 2489 6215 16986 121 156 75 35825
internal_value=0.0421932 0.0141304 0.0820997 -0.00892501 0.0347496 0.0594232 -0.0189565 -0.020909 0.0954879 0.0499557 0.0141897 0.041957 0.0418225 0.0468014 0.0178139 0.00701978 0.0495228 -0.00714247 -0.0296573 0.0438729 -0.00118498 -0.0347222 0.0820474 0.0849791 0.0394243 0.0742371 0.039106 0.0318132 0.0770546 0.0424896 0.0353656 0.0587384 0.0189264 0.0773013 0.0789316 0.073795 0.0218117 0.0215014 0.0356705 0.0699397 0.0334791 0.0222014 0.0325509 0.0272348 0.0349389 0.0491587 0.0400657 0.0802826 0.0277239 0.00112791 -0.0173675 0.0144792 0.0755545 0.0407479 0.0314862 0.0446442 0.0136624 0.101924 0.0936665 0.0480309 0.0207275 -0.0375354
internal_weight=94535.7 55504.3 39031.4 26204.1 29300.2 14489.5 18273.6 17710.8 24541.9 10214.9 7930.53 7295.05 20668.3 13802.6 8631.83 6158.39 5274.92 6881.65 10829.2 12301.4 3961.19 7668.74 4274.6 9321.96 9033.7 2955.36 1772.14 6865.75 2805.5 562.773 201.619 153.04 89.0751 4643.43 4476.15 3377.31 2197.2 7696.33 7194.84 2919.86 6553.37 2020.12 1499.13 4236.99 7106.35 617.785 3172.36 2603.88 3823.15 4054.54 3160.43 3459.34 2246.43 638.522 5482.35 2561.97 3428.4 15220 2514.98 117.158 2261.56 6948.3
internal_count=296831 223583 73248 127425 96158 35964 95864 94129 37284 27886 31561 21422 62696 39935 33462 25904 14478 32999 61130 36496 17673 44936 8078 16443 27769 6027 5657 22761 5554 1735 573 369 271 8998 8548 6790 8231 28992 22613 6464 21477 6944 5047 15315 22422 1808 9265 4981 13133 18387 16194 13677 4747 2067 17605 7218 13600 20841 3855 277 8160 41439
is_linear=0
shrinkage=0.05


Tree=8
num_leaves=63
num_cat=0
split_feature=39 48 20 69 69 10 13 62 19 43 19 40 1 1 39 59 1 69 30 45 20 40 45 62 62 30 1 39 20 43 43 40 39 43 10 69 30 69 9 43 40 59 44 68 10 37 54 43 34 61 62 14 7 48 69 69 43 50 9 1 57 68
split_gain=37735.6 9621.39 4335.01 1564.97 1319.81 1316.72 1085.28 568.772 584.77 473.34 473.213 426.086 417.857 399.425 360.003 321.054 310.453 302.876 243.469 217.446 216.972 196.583 185.52 177.191 171.935 194.876 162.466 161.058 152.131 222.25 150.807 149.109 148.948 146.89 142.779 135.116 124.668 120.766 119.511 114.479 115.8 113.75 110.846 110.545 108.791 108.789 107.424 95.7118 93.7747 108.924 93.7571 92.5321 92.0659 90.1602 89.6514 89.1985 92.2579 88.4426 88.3781 86.9168 88.9755 82.2507
threshold=7.9225490477422246e+17 102159417.93688719 8.5000000000000018 16.50721602648677 7.3693740509322661 1.5000000000000002 4.7119523809523818 1.976478067387158 1809525705753940.8 4.6750494071146269 46083747898835624 52.500000000000007 4.995000000000001 4.4350000000000014 2.8240417097791705e+19 119.78731783968537 4.9050000000000011 7.7057921137138736 4.5000000000000009 0.84446149258965575 2.5000000000000004 11.500000000000002 0.68124624612274831 0.66835686777920345 1.3261744236624622 1.5000000000000002 6.8750000000000009 83040552924574704 33.500000000000007 4.66670396896449 4.9200946372239764 43.500000000000007 9305020373860598 5.4573214285714293 3.5000000000000004 15.097897114834087 66.500000000000014 21.580764108436437 57451204.000000007 4.36224318658281 42.500000000000007 229.9424922571738 0.3500000000000002 41.069178346211743 2.5000000000000004 39.162411673601191 0.98321821436898305 4.2751562500000011 0.3344772040064915 12.659731359303448 0.70000000000000073 1.0000000180025095e-35 6.1200000000000001 32072638573.705318 3.3869115780040331 30.15487851932987 4.8111487758945399 1.5000000000000002 183581.50000000003 6.495000000000001 0.87755135436746345 47.083960977842231
decision_type=2 2 2 2 2 2 2 2 2 2 2 2 2 2 2 2 2 2 2 2 2 2 2 2 2 2 2 2 2 2 2 2 2 2 2 2 2 2 2 2 2 2 2 2 2 2 2 2 2 2 2 2 2 2 2 2 2 2 2 2 2 2
left_child=1 4 6 5 7 12 11 8 16 15 22 19 17 35 44 20 41 21 23 30 45 58 -4 33 25 -14 32 -19 29 42 37 -29 -15 55 -7 -6 -24 -2 -28 -22 -41 -1 -12 -27 -8 -5 -13 -37 49 -36 53 -10 -9 54 -21 56 -11 -51 -3 60 -17 -18
right_child=2 3 10 9 13 34 14 52 51 18 28 46 24 26 -16 59 61 27 -20 50 39 -23 36 -25 -26 43 38 31 -30 -31 -32 -33 -34 -35 48 47 -38 -39 -40 40 -42 -43 -44 -45 -46 -47 -48 -49 -50 57 -52 -53 -54 -55 -56 -57 -58 -59 -60 -61 -62 -63
leaf_value=-0.030587360476641991 0.027812128001990139 -0.001502217721586746 0.086901580171960563 0.02286620232646526 -0.019083558789057223 0.038964981491188683 0.057292155190796015 0.056230463925074171 -0.003527898408653864 0.023149374170042088 -0.024818579602983601 -0.00018250907535500373 0.0070884793162035902 -3.6952957425738213e-05 0.088226281076619922 -0.0078919028723224757 -0.011830497555931855 0.0017450930370881334 0.055589764981087642 -0.012196502030474206 0.022647292373680714 0.010208623861132795 0.056693319636388032 0.068724450739679602 0.067520340607239021 0.039141543770645722 0.078206402850932832 0.014393992970056977 0.098368237554744942 0.094134245986008891 0.057795492396224585 0.051574527449085562 0.016781044423049705 0.0055019535352702001 0.085995725000803519 -0.019300080374463374 0.080266679115409759 0.04786815128271648 -0.012765452023442043 0.045076084648923688 0.067852980307935518 -0.043631285281500794 0.075676687163928322 0.0047534195730602261 0.073176820120101529 0.038875258475927821 0.069026977013773805 0.011103458325313542 0.047526320247446449 0.052749997018680508 0.066818554243018191 0.024617777324223534 -0.001047650334036597 0.051992138300163415 0.023287935917132466 0.050718135137519049 0.040536920751186645 -0.064816331861307142 -0.027456170533925524 0.10699229565797208 0.022630359778522069 -0.030868080152794748
leaf_weight=4807.0235222578049 1368.8026541471481 444.15185771882534 2291.0063639134169 2109.5331000834703 2222.0715638995171 1118.3825263530016 2644.0782577246428 244.09845319390297 870.51618772745132 1115.843076556921 27.858839362859726 57.94121889770031 1275.801197513938 2636.0724267810583 2269.332624733448 251.70868973433971 2393.870081230998 3002.8882556706667 4052.3892090171576 201.96924251317978 371.47791832685471 740.07093457877636 1310.7700769305229 473.99485132098198 220.50900717079639 1347.6988391727209 143.11666207015514 2429.9216326326132 11460.566927835345 5646.5535393506289 1597.1485590487719 303.31850661337376 2629.9925137013197 349.95099167525768 528.75036562979221 375.12640359997749 980.31307193636894 1661.843948200345 48.281349152326584 1748.9947687387466 819.50554287433624 2562.2621935456991 1821.3785134702921 282.7289262264967 1819.7396164089441 2135.4079453349113 1733.6893206685781 835.14806897938251 472.85430079698563 77.965306416153908 130.91847142577171 439.42403005063534 98.450870305299759 237.02040676772594 1499.8970137685537 1220.691202878952 2411.9257849156857 20.126410230994225 1254.2759136110544 29.604747533798218 4644.4319874793291 743.59021146595478
leaf_count=28552 4275 1932 3757 7241 11564 3394 6221 648 4098 3720 92 196 5238 11747 3560 1045 12095 12857 10492 827 1364 3051 2959 1171 561 4433 332 9191 15280 8088 4031 832 10544 1256 1004 1895 1707 4434 196 5074 1951 15886 3213 1096 3523 6635 3785 3459 1193 187 340 1644 406 598 4985 3257 7258 95 6626 58 15655 4027
internal_value=0.0398462 0.0137087 0.0778134 0.0296795 -0.0130406 0.0163222 0.0570205 -0.023746 -0.0255872 0.0379877 0.0912603 0.0451307 0.00940928 0.00160194 0.0720112 0.0314099 -0.0295146 0.0034632 0.0462645 0.0393371 0.0381505 -0.0112978 0.0768406 0.0394829 0.0249548 0.0217252 0.010007 0.00973829 0.0947457 0.0892072 0.0453621 0.0185201 0.00836234 0.0367643 0.0515442 -0.0117622 0.0667799 0.0388098 0.0552582 0.0485911 0.0523433 -0.0351227 0.0741627 0.0331784 0.0637678 0.0309195 0.0667887 0.00167984 0.0643373 0.0770185 0.0258658 0.00591367 0.0397684 0.0231006 0.0190768 0.0390683 0.0350372 0.0286278 -0.020669 0.0215777 0.0210612 -0.0163425
internal_weight=95064.8 56303.9 38760.8 35254.9 21049 13519.4 15222.4 12159.2 11816.7 21735.5 23538.4 8489.23 11301.4 8889.81 6733.15 12110.7 10506.7 8174.63 9624.8 6697.6 7184.92 2438.5 4582.09 5572.41 3126.74 2906.23 5457.46 5736.13 18956.4 7495.79 4627.8 2733.24 5266.06 5098.41 2218.08 3432.35 2291.08 3030.65 191.398 2939.98 2568.5 7369.29 1849.24 1630.43 4463.82 4244.94 1791.63 1210.27 1099.7 626.842 2069.81 1309.94 342.549 1938.89 1701.87 4748.46 3527.77 98.0917 1698.43 4925.75 4896.14 3137.46
internal_count=296831 224960 71871 117867 107093 51690 36775 67356 66302 66177 35096 23471 45817 39737 13304 39023 60560 34489 27154 19490 22265 11609 8423 16662 11328 10767 22819 22880 26673 11393 12740 10023 22291 15491 5873 16918 4666 8709 528 8389 7025 44438 3305 5529 9744 13876 3981 5354 2479 1286 6750 5742 1054 6410 5812 14235 10978 282 8558 16758 16700 16122
is_linear=0
shrinkage=0.05


Tree=9
num_leaves=63
num_cat=0
split_feature=28 49 38 69 69 30 28 10 1 18 10 45 1 69 43 1 49 57 69 43 69 49 30 30 8 1 1 40 26 1 38 1 40 45 43 69 56 10 27 44 69 43 30 13 0 49 16 9 43 43 23 9 1 43 30 10 1 9 1 40 14 1
split_gain=33926.9 8502.21 3998.2 1665.11 1355.48 1016.92 620.751 612.381 530.899 546.713 512.544 409.118 400.254 345.716 238.091 235.064 234.787 201.803 199.603 197.725 192.997 189.557 188.626 179.528 156.441 155.56 149.935 148.593 145.436 141.492 145.887 139.08 153.079 130.981 126.059 122.484 117.359 115.954 114.619 174.182 114.088 111.538 123.113 111.294 109.731 109.025 108.95 107.33 105.766 105.389 103.97 102.857 101.613 98.543 96.4254 93.4019 97.9101 91.3806 89.6333 89.1775 87.4658 85.9652
threshold=94731514.669743717 1.4745425704471254e+17 4991429223.2918406 14.916049513330515 7.3693740509322661 17.500000000000004 12374669.732862985 5.5000000000000009 6.0950000000000006 1437357.3595397372 2.5000000000000004 0.79932019211024752 4.4350000000000014 10.833570859575319 4.8600373134328372 4.9050000000000011 6.2349243979636761e+19 0.90564443104868986 31.964262154290413 4.7571605374823216 9.3333281471708478 7.9478834514727879e+19 22.500000000000004 15.500000000000002 0.19950000000000004 5.9450000000000012 6.6350000000000007 13.500000000000002 113.36500000000001 6.9450000000000012 7391240.4076421726 4.6950000000000012 3.5000000000000004 1.2347588210974823 4.7885895117540693 12.842986856189791 1.5000000000000002 3.5000000000000004 1.1472315808458509 0.34817307448439849 21.789888850165543 4.4600420168067236 39.500000000000007 4.7197882438846301 56.250000000000007 4978130357378951 10.039077412513256 129097.00000000001 4.4600420168067236 4.5571521577380976 4.3337398373983751 57451204.000000007 6.4050000000000011 4.5154946628926114 71.500000000000014 3.5000000000000004 5.0850000000000009 1485.5000000000002 6.9050000000000011 39.500000000000007 1.0000000180025095e-35 4.995000000000001
decision_type=2 2 2 2 2 2 2 2 2 2 2 2 2 2 2 2 2 2 2 2 2 2 2 2 2 2 2 2 2 2 2 2 2 2 2 2 2 2 2 2 2 2 2 2 2 2 2 2 2 2 2 2 2 2 2 2 2 2 2 2 2 2
left_child=1 4 5 6 8 10 20 21 9 15 13 16 35 47 53 45 18 -13 25 28 26 41 31 37 44 -5 27 -3 33 30 -14 40 58 54 -29 -6 38 -8 -35 -40 57 -4 43 -43 -10 -1 -12 -2 -22 -25 -37 -31 -34 -15 -7 56 -32 -19 -33 -50 -11 -48
right_child=2 3 7 11 12 19 23 -9 24 60 46 17 29 14 -16 -17 -18 22 -20 -21 48 -23 -24 49 -26 -27 -28 34 -30 51 55 32 52 36 -36 50 -38 -39 39 -41 -42 42 -44 -45 -46 -47 61 -49 59 -51 -52 -53 -54 -55 -56 -57 -58 -59 -60 -61 -62 -63
leaf_value=-0.040894389746905346 0.026374887683370499 -0.012437265128786601 0.028663678440850882 0.034999143592945856 -0.019447397069757889 0.066471449673983093 0.019784197987216087 0.091722589234577726 0.056650514111472795 -0.0043633311248942952 0.044019284686376108 0.00054907819403347878 0.00060417875288115317 0.016717133840435411 0.056324963113936824 -0.016904473406075243 0.0674327534650878 0.075318655857218378 0.052427191447122136 0.089341543927071901 -0.0089379345882869676 0.082603004803758415 0.056947030209074073 0.025805655004208533 -0.002576486015035372 0.079987612072110262 0.072933347047473673 0.0028675503872191491 0.017868749966672291 0.077003467695833883 0.0098419791249238081 0.0054679655308975603 0.037651227578762464 0.1016562935221923 0.054071519104636381 -0.018679152958723782 -0.03978884666162575 0.073830647674424571 -0.047844621212201399 0.091510464256257862 0.029007030399996012 0.053406004298388876 0.084392552876457305 0.072082258106233865 -0.023731479292262062 -0.028589234504107382 0.060503652336760416 0.00039969836768553781 0.012793978681141514 0.061205167339253713 0.0063686926516739227 -0.012343247360129655 0.090140215009906002 0.039177565383590095 0.089669269971001067 0.094262636570389635 0.029688587995404775 0.012630324827725315 0.088018475981807065 0.050192082926769035 0.022677584377814638 0.081690471319250058
leaf_weight=3187.8225634694099 1490.9026329219341 2541.1018174439669 169.9209980070591 6745.3439379632473 1889.992952182889 2117.0739095360041 2012.8908554166555 15274.555305674672 279.9391566067934 878.88030816614628 681.52045406401157 564.11637233197689 2761.2839524745941 604.95269547402859 2191.6047985106707 2796.2100194245577 900.66806194186211 60.016665935516357 2642.5126206576824 1289.3611222654581 552.3365190923214 4727.6526970267296 669.26160983741283 322.98457132279873 380.76327070593834 197.7822141200304 60.480667009949684 660.7273982167244 149.40468423068523 130.02151724696159 2206.6390677988529 512.35535910725594 4607.3349253684282 64.255549117922783 146.92992858588696 604.69014318287373 46.792506188154221 104.38747984170914 50.220413759350777 40.511542737483978 4880.6031614542007 1258.1997521370649 1110.9956293106079 2179.4276945888996 50.047863453626633 4135.0351607352495 1614.6160303503275 542.36150872707367 3083.8855107277632 602.38396255671978 1315.7706872522831 42.820569902658463 94.08748097717762 2533.5837947875261 568.18050967156887 38.040149033069611 865.04946608841419 1851.9319873154163 35.138017937541008 168.09136538207531 453.27328400313854 680.58616402745247
leaf_count=20629 4777 12272 447 19969 10040 4188 7311 20840 867 4162 1697 2250 12223 1997 5278 14561 1962 164 6652 1962 2465 7427 1728 996 1711 423 141 2788 462 285 9098 1850 13809 95 464 2990 201 243 199 72 15587 2852 1748 3920 224 24422 3492 2079 12114 1362 5698 175 195 6956 829 92 3072 6844 80 490 1682 1223
internal_value=0.037703 0.0127069 0.0732638 0.0283756 -0.0115028 0.0525812 0.011538 0.085534 -0.0226703 -0.0252729 0.0440654 0.0356434 0.00227988 0.0369875 0.0436789 -0.0292369 0.0430252 0.0298122 0.0407319 0.072937 0.00354906 0.0755269 0.0311109 0.0304782 0.0192613 0.0362807 -0.00509026 -0.00649941 0.0659712 0.0102811 0.00896845 0.0296749 0.0357878 0.0684605 0.0121826 -0.010411 0.0296095 0.0224488 0.0505617 0.014377 0.0249513 0.0684372 0.069923 0.0652466 0.0444593 -0.033946 0.0615736 0.0194462 0.0112912 0.0488496 -0.00151805 0.0548684 0.0387017 0.0348483 0.0713799 0.0163955 0.0154312 0.0145981 0.010766 0.014727 0.0048375 0.0667861
internal_weight=95420.3 56033.6 39386.7 34017.4 22016.3 14665.9 10256.2 24720.8 12162 11451.2 10340.1 23761.2 9854.31 7363.41 5330.14 10119.1 10486.3 13274.8 9585.64 4325.8 7213.55 9446.2 12710.7 3042.65 710.75 6943.13 3409.24 3348.76 3036.44 6043.85 5871.01 12041.5 5248.92 2887.03 807.657 3810.45 201.78 2117.28 154.988 90.732 6792.55 4718.54 4548.62 3437.63 329.987 7322.86 2976.72 2033.26 3804.31 925.369 1920.46 172.842 4701.42 3138.54 2685.25 3109.73 3071.69 1911.95 547.493 3251.98 1332.15 2295.2
internal_count=296831 224090 72741 112159 111931 35507 40646 37234 68258 65456 27499 71513 43673 21087 14231 59612 29006 42507 27044 8008 30734 16394 40257 9912 2802 20392 15665 15524 6046 24945 24485 38529 15934 5584 3252 18728 567 7554 366 271 22595 8967 8520 6772 1091 45051 6412 6856 15069 2358 8688 460 14004 8953 5017 12262 12170 7008 1930 12604 5844 4715
is_linear=0
shrinkage=0.05


Tree=10
num_leaves=63
num_cat=0
split_feature=38 49 10 38 49 49 62 49 34 49 62 46 9 62 62 28 14 10 64 59 49 40 43 46 0 38 40 43 26 18 10 49 18 62 62 43 10 56 49 30 43 0 27 33 37 40 43 62 62 45 45 43 0 37 32 40 63 9 30 59 62 55
split_gain=30584.5 7695.15 3833.05 1171.79 996.628 740.077 708.39 508.057 406.357 377.979 332.624 350.625 306.021 292.242 291.812 267.205 254.423 204.353 199.029 194.895 180.079 166.375 147.809 146.841 144.815 142.055 138.43 155.072 139.216 137.911 133.708 129.493 124.329 114.989 114.251 114.177 112.211 109.399 109.342 104.891 103.555 100.22 100.13 193.339 101.452 99.5405 112.633 98.0063 96.5441 93.092 88.5348 88.4203 86.3627 85.1683 84.5844 83.9953 81.7068 80.7253 79.6249 75.3045 75.1444 74.2734
threshold=629310439.96096146 1.1220445931043005e+17 2.5000000000000004 55478682.356264077 1.5486664538322055e+19 34923081267916088 1.976478067387158 3.2799837922054483e+17 0.45552167895721501 2.3171654519714066e+19 0.66835686777920345 37.000117370892021 173043.00000000003 0.32605697522966454 0.3666666666666667 16177515.286801601 0.047140452079103203 4.5000000000000009 1.0000000180025095e-35 263.96902072500785 9989120773953162 6.5000000000000009 4.3667865707434066 189.19722222222228 93.050000000000011 23103098.851879265 51.500000000000007 4.5700467289719642 10.001271186440681 7309896.0205069082 11.500000000000002 6.0941682348611902e+20 7635374.2564883111 1.3261744236624622 2.4743801652892565 4.6500950570342221 10.500000000000002 16.500000000000004 2.0409541612090159e+19 2.5000000000000004 4.5785853251806579 74.050000000000011 1.2106313607869836 4.4101724137931049 24.500374143946249 4.5000000000000009 4.7856282271944925 1.065821566110398 -0.092307692307692327 0.68124624612274831 0.56297432839310402 4.9200946372239764 119.15000000000002 14.697848081244837 5.3350000000000009 20.500000000000004 3.8758508564433209 30708.500000000004 19.500000000000004 393.88566249663955 1.2260600071864889 6253264.137855419
decision_type=2 2 2 2 2 2 2 2 2 2 2 2 2 2 2 2 2 2 2 2 2 2 2 2 2 2 2 2 2 2 2 2 2 2 2 2 2 2 2 2 2 2 2 2 2 2 2 2 2 2 2 2 2 2 2 2 2 2 2 2 2 2
left_child=1 5 4 10 12 6 13 17 16 30 11 25 26 20 32 -6 18 47 22 37 59 -14 -9 31 34 -3 27 -2 -29 49 35 -17 48 -16 -8 42 -11 45 -32 -24 58 60 -4 44 -44 -13 57 54 -7 -10 -28 55 61 -40 -5 -23 -19 -47 -41 -1 -12 -18
right_child=2 3 9 7 15 14 24 8 29 36 41 19 21 -15 33 23 52 56 -20 -21 -22 51 39 -25 -26 -27 50 28 -30 -31 38 -33 -34 -35 -36 -37 -38 -39 53 40 -42 -43 43 -45 -46 46 -48 -49 -50 -51 -52 -53 -54 -55 -56 -57 -58 -59 -60 -61 -62 -63
leaf_value=-0.03280121940541339 0.023010615340253508 -0.012390129176057947 0.076180352224442804 0.018754060299125259 0.038362667942088188 -0.015354628546111707 0.021191528362991898 0.0019488288748773339 0.027177981990682384 0.081546523902814111 0.03811958589070432 0.0037380655989594121 0.0046993751843475767 -0.013628575532289196 0.013434074274463588 0.065287215362557327 0.059419332084751988 -0.014545558876214452 0.025220592795671723 -0.0016863624205672172 -0.020775133337873355 0.016132211619293433 0.026454003879427059 0.013107774484536958 -0.044098706400643423 0.012709371501508807 0.093383563442346759 0.01563235818487875 0.050748376560193403 0.036370988399960391 0.085778886856429593 0.082010159261244109 0.013779862522398503 0.053705104046946721 0.068128558104245854 0.073571846619668493 0.090111059816859629 -0.011076639689835226 0.055310211696678095 0.030882801580566478 0.046523109483543865 0.015410069260314572 -0.058831709945165414 0.05482009644983106 0.050035691738951053 0.037578293354922437 0.033073745524887788 0.052973627902077783 -0.0015747630002942003 0.00535003620094077 0.056486656111825323 0.047882519683721814 0.024895400707869622 -0.058418336067868171 0.0035074617367013118 0.036512976129858078 0.06577914136426144 0.016286993489097477 0.052651980005690491 -0.048520647879012981 0.070237080509302482 -0.015326920209925383
leaf_weight=2895.3396386653185 758.79874339699745 1845.1882968246937 455.63904392719269 3679.9231374710798 841.74607534706593 2544.4341902136803 309.79523655772209 247.38721872866154 741.62443493306637 6059.8507718145847 537.07714441418648 851.22863411903381 618.02246990799904 4603.4328937977552 1327.3402465134859 4738.3674716055393 2014.0985641628504 35.511386066675186 2866.9069034457207 1361.1341312527657 3069.8356418907642 869.73089231550694 1092.644518122077 118.14570237696171 55.407425537705421 811.71315722167492 209.7016986310482 307.87197069823742 3390.1701370477676 868.84494434297085 2007.8053626418114 1531.8421987891197 716.24826735258102 204.58127993345261 222.95529325306416 2883.0706630796194 10367.380568668246 296.14526988565922 100.01540130376816 2277.8752354979515 6096.0233171284199 305.30195164680481 60.651411354541779 959.7570184469223 33.066420361399651 490.63444790244102 1693.0600799322128 175.89023414254189 2539.9238749444485 1430.8808187246323 723.56819552183151 762.94198973476887 215.29730880260468 19.70521092414856 1208.3808955103159 1207.2780285775661 291.852309897542 4806.4393513351679 515.02757354080677 1033.9585015773773 275.55724708735943 33.792511180043221
leaf_count=18344 2287 8754 776 13342 2362 13145 1060 911 2259 9044 1727 3604 2294 23848 5322 9042 4534 123 9037 5628 17222 2860 3495 325 244 3187 300 926 8087 2431 2893 2435 2889 587 545 4947 13766 1326 188 6970 16235 1031 241 1972 77 1619 5413 474 11809 5118 1618 1975 647 70 4720 3386 631 17600 1302 7036 662 129
internal_value=0.0357394 0.0122556 0.0697922 0.0256371 0.0510719 -0.0131496 -0.0206995 0.0322774 0.0362325 0.082909 0.0137348 0.0113344 0.0398189 -0.0234132 -0.000597362 0.064843 0.0395389 0.0187795 0.0368637 0.0158256 -0.0298487 0.0282096 0.040127 0.0683322 0.0328335 -0.00472195 0.0472668 0.0436001 0.0478249 0.0195347 0.0727228 0.0693727 -0.00572334 0.0188121 0.0408346 0.0677394 0.0869517 0.0187548 0.083011 0.0410732 0.0428702 0.0398343 0.0565968 0.0481267 -0.0204201 0.0198814 0.0218473 0.0163045 -0.00847081 0.0128014 0.0647772 0.0333258 0.055019 0.0365913 0.0149851 0.0279787 0.0570658 0.0182591 0.0348972 -0.0369376 0.0490103 0.0581859
internal_weight=95613.8 56588.7 39025.1 37065.4 16078.2 19523.3 12190.7 23792 18400.4 22946.9 13273.5 12155.5 8848.08 11602.6 7332.53 7230.1 15359.1 5391.56 13095.9 9498.64 6999.13 3457.97 10229 6388.36 588.158 2656.9 5390.11 4456.84 3698.04 3041.35 6519.71 6270.21 5800.61 1531.92 532.751 4392.18 16427.2 8137.51 2127.53 9981.57 8888.93 1117.94 1509.11 1053.47 93.7178 7841.36 6990.13 5064.19 5084.36 2172.51 933.27 2839.95 2263.19 119.721 4888.3 2077.01 327.364 5297.07 2792.9 3929.3 812.634 2047.89
internal_count=296831 224960 71871 122909 37897 102051 68299 72358 53068 33974 50551 47131 23733 66450 33752 14164 43260 19290 37950 35190 42602 10515 28913 11802 1849 11941 13218 11300 9013 9808 11164 11477 27843 5909 1605 8013 22810 29562 3151 28002 24507 3420 3066 2290 318 28236 24632 18536 24954 7377 1918 8221 5310 258 18062 6246 754 19219 8272 25380 2389 4663
is_linear=0
shrinkage=0.05


Tree=11
num_leaves=63
num_cat=0
split_feature=28 69 20 49 49 49 30 62 18 18 1 49 43 69 1 61 30 28 62 49 1 43 69 18 43 30 59 49 43 9 43 40 18 62 47 9 9 47 36 30 1 49 1 23 68 43 43 24 60 69 62 63 69 69 36 68 43 0 59 9 68 59
split_gain=27786.1 7004.32 3608.44 1513.73 1046.45 915.95 583.682 536.052 443.121 344.756 335.853 297.539 296.795 288.55 266.656 262.85 250.311 205.715 196.728 196.655 176.357 170.079 168.971 165.082 152.977 147.288 138.077 135.608 133.19 130.366 130.117 127.691 116.958 116.734 124.647 116.36 109.487 96.1092 95.6531 93.3854 93.233 109.094 105.287 92.7042 91.2115 89.9835 89.6913 107.178 113.914 88.5099 86.5251 85.414 83.7991 83.2383 82.5658 79.1545 78.0732 76.9111 76.8688 76.1719 75.4721 74.3601
threshold=94731514.669743717 12.588400214084791 9.5000000000000018 49648010067027640 1.6667298969300785e+19 3.2799837922054483e+17 6.5000000000000009 1.976478067387158 81753272.656293467 498370625.75599509 4.5550000000000006 4.0377059723727593e+19 4.2909673659673677 22.899159219337335 4.9050000000000011 10.788876157592751 44.500000000000007 22384753.352006499 1.2764780673871583 8564218692479511 4.6950000000000012 4.5154946628926114 41.656739314430816 31623276601.683796 4.6322748655913992 1.5000000000000002 138.22010288437224 2.8642256196265021e+19 4.6200467289719649 142875.00000000003 4.4072949002217312 3.5000000000000004 7309896.0205069082 0.61666666666666681 12.865644252351197 15092809.000000002 129097.00000000001 17.760209713502977 100.39615384615387 5.5000000000000009 4.6950000000000012 45450604477345424 5.6950000000000012 4.4008620689655187 42.964017306369335 4.5105457131772928 4.6999340369393154 0.40620192023179819 12.85714283969388 7.7057921137138736 2.4743801652892565 5.8222561816189762 4.0506553234920721 6.851108386647085 532.87142857142862 14.794196347255502 4.6174306076519143 54.850000000000001 207.4341324427983 112118.50000000001 47.82091111242287 393.88566249663955
decision_type=2 2 2 2 2 2 2 2 2 2 2 2 2 2 2 2 2 2 2 2 2 2 2 2 2 2 2 2 2 2 2 2 2 2 2 2 2 2 2 2 2 2 2 2 2 2 2 2 2 2 2 2 2 2 2 2 2 2 2 2 2 2
left_child=1 3 4 7 9 12 10 14 16 15 49 13 -3 21 19 20 28 30 25 61 39 -7 24 38 58 52 40 46 -4 -23 -8 -11 53 34 -26 -16 37 -17 -6 -2 -14 -42 -43 -18 50 -41 47 48 -10 59 -9 -19 -12 -21 -28 -31 -33 -20 -15 -5 -27 -1
right_child=2 5 8 6 23 11 17 44 27 31 18 -13 26 22 35 36 43 51 57 32 -22 29 -24 -25 33 60 54 -29 -30 55 -32 56 -34 -35 -36 -37 -38 -39 -40 45 41 42 -44 -45 -46 -47 -48 -49 -50 -51 -52 -53 -54 -55 -56 -57 -58 -59 -60 -61 -62 -63
leaf_value=-0.03234129014248284 0.013148534567987672 -0.0080470848875127364 0.039849610355702558 -0.0011158342989451473 0.062561774634373665 0.005682071359185966 -0.016282707759473009 0.02289114287652895 0.084123320824770004 0.031830588983693966 -0.017742665755912351 0.053429483147160797 0.015716142245697996 0.031225984195807379 -0.0035447665403580252 0.016685591863381425 0.048883780204341656 0.0059522148808009503 0.061839623572951502 -0.029539697354553463 0.04749850382862434 0.039347590291863549 0.054392384528865169 0.079587462895249123 0.0072822587685371105 0.016141306690996293 0.0070122554181546353 0.085508955383329616 0.064262646257089981 0.029353563298206844 0.019811172660095657 0.040378042792918678 0.0049679055109969573 0.060707326289062793 0.038852377075046435 -0.021829398742224611 0.001645310137173733 0.044076398929058527 0.025363996894719062 0.016305864213546198 0.011153191668817369 0.029070398339723677 0.060201119505083944 0.077476367360698822 -0.0081420263655407506 0.040781660680957683 0.082660751348167971 0.05917715581979946 0.0030284311754047236 -0.0057927978054400468 0.073914275483367015 0.044495917251206892 0.0015933375941362339 -0.013948289701138185 0.037965569415796575 0.015684420768758821 0.061502879925115189 -0.01290687339864271 0.017724888755920244 -0.02513732720002217 -0.0044196953328028239 -0.047809174264864057
leaf_weight=2968.8425583839417 630.19527885317802 1251.1952457129955 957.46882992982864 414.16417686641216 3048.0287052541971 1191.9907196313143 328.56530866026878 190.56949949264526 1001.8471195101738 592.53254437446594 835.4025920778513 1612.7392961084843 2972.999358728528 4017.6422888785601 1874.0424945503473 905.69438333809376 309.27149721980095 166.11190487444401 207.27680195868015 2239.4298030138016 3065.9289740175009 1458.280280649662 1088.6884475052357 1731.0117736309767 332.33586801588535 2183.573242276907 2906.7073004543781 12614.672127902508 1341.3883418142796 1975.7623320072889 1040.1858331859112 543.16094151139259 398.1887039989233 571.27970558404922 5280.371368676424 1624.2193074375391 657.96768954396248 495.4438394010067 183.21263143420219 489.30467911064625 751.25140187144279 2255.9506561160088 308.77871899306774 3400.2083242237568 105.37998889386654 1614.7771134525537 2232.75423617661 1314.6196577847004 45.260623395442963 2198.3426472991705 147.32452392578125 1066.9890636056662 1701.758476510644 1385.7490045130253 232.68589399755001 2282.727068156004 2245.7513227462769 41.266617402434349 1429.34458373487 1624.2886963784695 560.97075253725052 1052.4334499835968
leaf_count=19286 2046 5907 2258 1828 5722 4406 1540 616 1459 1580 4253 3752 11256 11904 9213 2891 646 535 519 13758 7542 4113 2573 2576 1117 8649 11151 17129 2477 6085 3623 1305 1807 1309 14032 8857 2308 1268 461 1547 3074 7406 787 5213 408 4098 3232 2416 140 10251 327 2824 7571 7320 727 7645 4427 151 4656 8994 2473 7387
internal_value=0.0339203 0.0113708 0.0661114 -0.00882376 0.048003 0.0267789 0.00344709 -0.0214864 0.0787488 0.0395605 -0.0021589 0.0327845 0.0148341 0.0310883 -0.0235585 0.0338168 0.0670585 0.0244913 0.0059565 -0.0285699 0.039265 0.0228625 0.0355561 0.0671276 0.033793 0.00391078 0.0178705 0.0828303 0.0540947 0.0264448 0.0111469 0.0529101 -0.0207544 0.0391747 0.0369831 -0.0120342 0.0184701 0.026371 0.0604526 0.0300328 0.0221456 0.02791 0.0328184 0.0750925 0.0324714 0.0350898 0.0754758 0.0686833 0.080618 -0.0127518 0.0451376 0.0393037 -0.00477336 -0.0235798 0.00930646 0.0220263 0.0573887 0.0494292 0.0276832 -0.0202567 0.0119387 -0.0363895
internal_weight=95696.3 56275.8 39420.5 24355.1 16203 31920.7 12368.9 11986.2 23217.5 11240.8 9767.04 21241.2 10679.6 19628.4 11542.9 7859.31 6008.34 2601.85 5530.25 8044.64 5800.21 6908.76 12719.7 4962.25 11631 5281.71 9428.37 17209.2 2298.86 5716.77 1368.75 3381.44 4023.37 6183.99 5612.71 3498.26 2059.11 1401.14 3231.24 2734.28 6288.98 3315.98 2564.73 3709.48 443.274 2104.08 4594.48 2361.73 1047.11 4236.8 337.894 1233.1 2537.16 3625.18 3139.39 4258.49 2788.91 248.543 5446.99 2038.45 2744.54 4021.28
internal_count=296831 224090 72741 122190 37771 101900 53211 68979 34970 29012 44689 61592 40308 57840 67628 21700 10594 8522 23616 49558 15233 22249 35591 8759 33018 22946 34401 24376 4735 17843 5163 7312 22885 16458 15149 18070 6467 4159 6183 7691 22523 11267 8193 5859 1351 5645 7247 4015 1599 21073 943 3359 11824 21078 11878 13730 5732 670 16560 10822 11122 26673
is_linear=0
shrinkage=0.05


Tree=12
num_leaves=63
num_cat=0
split_feature=38 48 10 28 48 48 1 47 38 1 1 10 48 1 9 28 1 1 55 20 40 1 1 59 40 30 1 36 59 45 0 48 56 9 61 14 48 68 46 1 48 23 38 46 1 45 40 1 44 58 9 60 10 59 36 1 58 46 61 44 48 46
split_gain=25285.6 6198.68 3483.7 945.031 837.4 639.282 568.156 429.382 370.968 324.948 293.862 293.211 299.806 278.676 249.151 229.159 217.998 212.586 206.503 178.523 176.616 159.972 156.019 148 142.546 126.824 129.166 125.331 123.556 117.762 115.002 109.578 108.77 107.123 106.441 105.275 103.814 102.477 99.2897 95.6496 95.1929 94.1997 93.985 99.0258 89.3478 88.8906 88.3629 84.327 83.7247 80.863 74.7601 74.6893 111.952 73.9724 82.1025 72.9815 71.842 68.9732 68.8333 67.8481 67.955 67.0499
threshold=629310439.96096146 89127170.092246622 2.5000000000000004 14745244.425149115 12301494904.492456 15848844.984281095 4.9050000000000011 29.668047302589681 17253870753.113544 4.4850000000000012 6.9450000000000012 2.5000000000000004 639437024.70506656 4.5950000000000006 189548.00000000003 32481542.102725748 6.1050000000000013 6.2950000000000008 6712091.3834202606 43.500000000000007 3.5000000000000004 4.6950000000000012 4.995000000000001 135.21545015949479 7.5000000000000009 21.500000000000004 4.7750000000000012 102.98090909090911 441.9246103158444 0.65144172285487711 65.450000000000017 226429676.27455905 121.50000000000001 230766.00000000003 9.3458771018887976 0.050927248643506708 367065762881.72784 12.513726330279503 506.87857142857143 4.6950000000000012 484076989611.0094 4.4403125000000019 21473235.472659554 36.288750000000007 5.8050000000000006 0.64001292069952842 22.500000000000004 4.7750000000000012 0.57228853927217804 7595245.8606462674 1011552483.0999991 12.857142847689078 10.500000000000002 779.82269281538936 13.85857142857143 4.705000000000001 39298645.295996703 29.800173010380625 12.829637568249757 0.43472115803056183 210656991.03616938 29.361541877305648
decision_type=2 2 2 2 2 2 2 2 2 2 2 2 2 2 2 2 2 2 2 2 2 2 2 2 2 2 2 2 2 2 2 2 2 2 2 2 2 2 2 2 2 2 2 2 2 2 2 2 2 2 2 2 2 2 2 2 2 2 2 2 2 2
left_child=1 5 4 7 14 6 28 17 19 35 37 12 21 23 25 -6 33 20 51 29 -3 34 42 -9 -16 26 57 40 -1 -4 50 -15 55 -11 49 -7 39 -8 -25 48 -17 -10 43 -22 -23 -27 -44 61 -14 59 -12 52 -13 -43 -55 -31 -21 -2 -28 60 -5 -26
right_child=2 3 8 11 15 9 10 13 41 16 30 18 36 31 24 27 -18 -19 -20 56 22 44 -24 38 47 45 58 -29 -30 32 -32 -33 -34 -35 -36 -37 -38 -39 -40 -41 -42 53 46 -45 -46 -47 -48 -49 -50 -51 -52 -53 -54 54 -56 -57 -58 -59 -60 -61 -62 -63
leaf_value=-0.027621853570578909 0.011172839325518514 -0.011087497305372934 0.071119955137758512 0.011926236313754232 0.038252801650698082 -0.016013116159805274 6.2765014525284959e-05 0.019974823776720468 0.048529316918790817 0.01454076221326705 0.062291314300673528 0.046770594359615857 0.032743047159746762 0.017705991124878518 0.0044097952403190635 0.060065415596645036 0.058720792671215084 0.051531330842871773 -0.061405766913608287 0.081966499871626547 -0.017325951515251382 0.028024758136392082 0.023266517378452652 -0.0011117553292082274 -0.0079221520472592365 0.07534645627119263 0.051139906763442412 0.028916284323229697 -0.0458479342925244 0.052704117054599944 -0.0481447628712149 0.031876808241592301 0.0027243982434545606 -0.001306054022748822 -0.0030268711303565055 0.020924866387210389 0.072929378733395098 -0.017122270357325005 0.022538301161248536 0.043119450355059874 0.074869686016812764 0.081428364737073974 0.0033768062532144628 0.0064335852735582085 0.057168350457145203 0.046778137856254162 0.021157968814550385 0.040820546930649598 0.0029251664061955211 -0.010910171951029439 -0.021308046622147993 -0.019837663237218681 0.079094689427283593 0.065099947117744514 -0.022270380006443088 0.068468802845706542 0.0098270716543954265 0.033783689477888366 0.02599869032182138 -0.00093241058592324986 0.028100221760050788 0.026052557158837687
leaf_weight=4493.3444548398256 407.21828427910805 1390.9537246972322 2391.4840595424175 914.01185888051987 1195.0635169148445 3699.893776640296 1404.1495081186295 3664.4789066314697 226.29101045429707 1449.5069824457169 229.7084694057703 1982.8868300169706 2707.963213339448 1857.2717492580414 693.44479195773602 4357.0967770218849 180.54370594024658 253.87268914282322 42.359993666410446 1794.283957734704 836.55836406350136 3663.9104267954826 1407.1744326651096 1956.5199580043554 161.8434521406889 398.3392972946167 1696.3500864356756 270.17071501910686 1172.5025897026062 2144.0860991328955 31.820176035165787 5138.3867943286896 91.149459227919579 4035.4960179179907 617.95249731838703 203.50434510409832 201.0056543648243 2269.7965057492256 573.98882551491261 2731.0234305858612 1446.2876312732697 14637.420675069094 1986.2982487827539 921.74207882583141 283.32560661435127 860.45618396997452 1077.8366238772869 1056.4796129316092 257.83315780758858 207.63745151460171 30.266200825572014 37.676258340477943 309.7053138166666 149.20923693478107 32.799317568540573 1116.4107196778059 35.189100936055183 1963.7245889902115 324.29512929916382 314.56087797880173 2243.4011275172234 1413.8539460748434
leaf_count=28511 1224 6435 3861 3472 3142 19783 6782 12646 432 5930 544 4715 7557 6618 2547 8096 464 669 186 2509 4155 11209 4726 7817 584 653 3832 643 8330 4205 141 15150 261 18854 2356 778 391 11812 1820 6930 2283 20378 7695 3674 698 1960 3672 2739 865 849 122 137 487 242 93 1902 91 5172 868 1163 6817 4154
internal_value=0.0322411 0.0109722 0.0633161 0.0227807 0.0456517 -0.0121401 -0.0212338 0.0157601 0.0760028 -0.0029868 -0.00671854 0.0317354 0.0290066 0.0212756 0.0354361 0.058267 0.00466116 0.00652089 0.0480009 0.0669768 0.00502141 0.0228494 0.00861822 0.0135527 0.0245778 0.0418269 0.0378164 0.0622051 -0.0313936 0.0626439 0.041577 0.0281146 0.056596 0.00288174 0.0161747 -0.0140873 0.037614 -0.0105543 0.00425273 0.0363679 0.0637549 0.0805456 0.00434389 -0.00487065 0.0301166 0.0558184 0.00963149 0.029891 0.0301508 0.0193994 0.0525587 0.0499897 0.0511372 0.0810344 0.0493552 0.058102 0.0805789 0.0299002 0.047105 0.021212 0.0234182 0.0225629
internal_weight=95643.8 56780.9 38862.9 37580.3 16244.6 19200.5 9631.59 21065.1 22618.3 9568.94 3965.74 16515.3 14142.6 13190.6 8976.01 7268.62 5665.55 7874.44 2372.63 7572.6 7620.56 8244.8 6229.61 6194.99 3325.62 5650.38 4391.59 6073.56 5665.85 5743.13 291.795 6995.66 3351.65 5485 4297.56 3903.4 5897.83 3673.95 2530.51 5696.82 5803.38 15045.7 4822.44 1758.3 3947.24 1258.8 3064.13 2632.18 2965.8 3679.61 259.975 2330.27 2292.59 14819.4 182.009 3260.5 1829.47 2370.94 2020.65 3471.97 3157.41 1575.7
internal_count=296831 224960 71871 122909 37897 102051 56242 75077 33974 45809 19401 47832 42307 44051 23733 14164 25248 31026 5525 12829 30357 26564 23922 22283 10024 13709 11096 11022 36841 10229 807 21768 6368 24784 14657 20561 15743 18594 9637 15352 10379 21145 19196 7829 11907 2613 11367 7477 8422 12301 666 5339 5202 20713 335 6107 2600 6396 4700 11452 10289 4738
is_linear=0
shrinkage=0.05


Tree=13
num_leaves=63
num_cat=0
split_feature=20 48 38 69 18 69 43 1 43 10 20 18 1 30 1 1 69 43 59 68 43 1 43 40 40 45 69 69 69 18 68 26 40 40 69 47 46 33 10 62 40 48 56 38 33 59 62 47 69 43 10 69 1 43 25 7 59 47 69 61 59 18
split_gain=23186.5 6901.6 1829.13 1300.91 1063.71 1181.09 481.873 445.002 421.789 414.622 334.43 316.191 308.499 278.62 206.667 201.802 200.98 195.407 190.574 186.095 173.423 167.686 156.786 141.917 141.704 138.501 136.752 134.453 131.335 130.921 128.251 120.694 113.99 105.131 99.6658 95.4909 93.5598 90.1956 88.8695 87.6893 90.9712 86.3831 95.8418 153.807 84.1443 83.335 80.6311 77.4606 75.3294 74.8821 74.2523 91.43 74.043 73.5639 92.0141 71.5035 70.9952 69.1727 68.9945 68.4959 73.457 73.5891
threshold=4.5000000000000009 146832115.69885865 4991429223.2918406 7.7057921137138736 1015884274.1461791 13.95225722536158 4.66670396896449 5.1050000000000013 4.4636602870813418 5.5000000000000009 1.5000000000000002 1437357.3595397372 4.5550000000000006 26.500000000000004 4.995000000000001 6.5850000000000009 25.463210400537704 4.6750494071146269 194.22821351962406 4.7117087004359108 4.7250274725274739 4.705000000000001 4.2601136363636387 1.0000000180025095e-35 121.50000000000001 1.504276122851085 15.097897114834087 3.8960848622140354 26.363356027980387 31623276601.683796 8.5221590903992581 34.318099415204685 12.500000000000002 3.5000000000000004 4.1961334046949306 59.173820872359933 47.815833333333337 4.3504545454545474 6.5000000000000009 0.61666666666666681 4.5000000000000009 63132282318.027382 83.500000000000014 11269852347.58779 4.7172441073766924 69.375668819179069 1.3861983471074379 11.747875536649369 21.789888850165543 5.0769672855879762 5.5000000000000009 39.019949092629012 6.5850000000000009 4.7545923149015943 0.92838248877384721 6.1200000000000001 174.61595239280936 1.0253942301229526 3.0868630355231388 12.28732744133352 462.29718982610228 29881034.375580918
decision_type=2 2 2 2 2 2 2 2 2 2 2 2 2 2 2 2 2 2 2 2 2 2 2 2 2 2 2 2 2 2 2 2 2 2 2 2 2 2 2 2 2 2 2 2 2 2 2 2 2 2 2 2 2 2 2 2 2 2 2 2 2 2
left_child=1 3 8 7 5 10 18 11 19 17 14 27 22 20 32 23 31 24 28 57 50 -12 -5 -9 37 38 -24 45 35 47 -14 -8 34 -16 -3 46 -32 -4 -21 40 -18 42 -11 -44 -34 -1 -7 -6 -38 52 51 59 -35 54 -15 -17 -33 -2 -19 -10 61 -61
right_child=2 4 9 12 29 6 16 15 13 41 21 -13 30 53 33 55 39 58 -20 25 -22 -23 26 -25 -26 -27 -28 -29 -30 -31 36 56 44 49 -36 -37 48 -39 -40 -41 -42 -43 43 -45 -46 -47 -48 -49 -50 -51 -52 -53 -54 -55 -56 -57 -58 -59 -60 60 -62 -63
leaf_value=-0.026488446840480018 0.077791225184069016 -0.026363201896831959 -0.049620312035325791 -0.022793543245675965 0.037435244174411124 0.012944003487418919 0.04023290389430359 -0.017767368990450741 0.034690585813055695 0.073331762801033346 0.012926187139499435 -0.001158305293567708 0.023385813239116107 0.06912755373981197 0.00097098550088312767 0.047086884900812448 0.013488001435487677 0.048403226654111113 0.0092704361862615305 0.021990520020881192 0.056903048632854107 0.035702185033280674 -0.0089164142230042931 0.0057069381583580844 0.066922416698358148 -0.0069842727735730734 0.0096680837973847373 -0.020305601368135737 0.030856027206694926 0.072136727930492348 -0.0018016161800227352 0.028093085371787216 0.00045096302444793887 0.013150309287991234 -0.0043659804983686946 0.029286821318021579 0.0085941402630220487 0.043867046648742504 0.055861059951512693 0.058192449971008288 0.040486351986865038 0.080447682371343865 0.070610279022745845 -0.046881722025552741 0.026985617640825788 -0.039316589644255828 0.069257384267400454 0.057896071267667076 0.029420226023361296 0.041638952033583511 0.052200839532238578 0.062424960741450278 0.077545928788555374 0.078911026489780878 0.045868024259200391 -0.0037502355971009275 0.013063823218203744 0.040704195815651392 0.070862620337979784 -0.041353387209612708 0.063317566740303075 0.021057825812370441
leaf_weight=2250.1385967582464 196.51835481822491 654.94576793909073 26.260865807533264 1025.3391648828983 859.86773499846458 3162.1420522779226 1870.6561682224274 1514.4290224462748 1970.3311566263437 4337.6764798611403 2077.4988156110048 1183.3330315351486 1632.0914045423269 1197.3475628644228 848.06692320108414 248.27716618776321 328.28103578090668 370.21645432710648 2533.3167526423931 1111.0628156512976 2452.1163893193007 1322.6225161850452 2294.218341037631 1120.0342331379652 949.37088130414486 360.98236930370331 1741.0362543165684 2942.3843468427658 4510.8277217298746 848.91103693842888 1795.2518882900476 4689.3229148089886 1083.1085138767958 981.30547644197941 2408.7313703745604 1516.7786700874567 2019.8756559342146 1470.1307699680328 234.54651148617268 665.15095360577106 6295.3432461023331 10235.938283219934 77.101463735103607 43.609900489449501 412.5784610658884 2894.6804339289665 64.869220435619354 1001.1209701448679 553.09461452066898 397.30572956800461 841.43677087128162 270.85218851268291 46.766012743115425 811.9282458126545 659.34366488456726 95.879257664084435 943.93849928677082 349.02570758759975 4478.0725869089365 86.970498830080032 45.40445975959301 103.3662074059248
leaf_count=14484 338 3363 104 5553 1963 10578 4824 8368 5091 6478 7054 5395 6045 1963 3382 606 1040 717 8551 3335 4796 3613 11551 5086 1563 1459 6987 17635 12753 1312 7740 13556 4513 3548 10542 4568 8123 3079 471 1442 15573 14102 121 158 1357 19805 144 1939 1830 1215 1685 568 86 1178 1390 387 3033 899 7096 331 96 269
internal_value=0.0306721 0.0129057 0.0648318 -0.00867195 0.0256318 0.0234063 0.0289631 -0.0198964 0.0478674 0.0730802 0.00897218 -0.0252983 0.00375827 0.0529979 0.00259586 -0.00308345 0.0349727 0.063335 0.0214216 0.028643 0.0468196 0.0217859 -0.00533432 -0.00778734 0.0518126 0.0205167 -0.000898014 -0.0288306 0.0247478 0.0558648 0.0114269 0.0292289 -0.00354453 0.0149103 -0.0090685 0.0189395 0.00695865 0.0422264 0.0278943 0.0408862 0.0391483 0.0779176 0.0721088 0.0281635 0.00777043 -0.0337061 0.014076 0.0484422 0.013071 0.0232039 0.0393684 0.0350091 0.0160796 0.0663574 0.0608677 0.0329241 0.0255747 0.0540639 0.0691476 0.0316431 0.0061722 -0.00745971
internal_weight=95513.1 62833.5 32679.6 23310.1 39523.5 36813.6 26580.6 12249.2 10691.2 21988.4 10232.9 9270.54 11060.9 8439.1 6832.81 2978.62 14792.7 7294.05 11787.9 2252.14 5770.48 3400.12 5060.59 2634.46 2445.76 1706.59 4035.25 8087.2 9254.62 2709.9 6000.31 7503.92 4559.36 2273.44 3063.68 4743.79 4368.22 1496.39 1345.61 7288.78 6623.62 14694.3 4458.39 120.711 1495.69 5144.82 3227.01 1860.99 2572.97 1425.38 3318.36 2476.92 1028.07 2668.62 1856.69 344.156 5633.26 545.544 4848.29 2206.07 235.741 190.337
internal_count=296831 239544 57287 119595 119949 114735 76062 71766 23869 33418 38673 57319 47829 17367 28006 14447 39468 12559 36594 6502 12836 10667 24091 13454 4746 5265 18538 51924 28043 5214 23738 21413 19775 8231 13905 15290 17693 3183 3806 18055 16613 20859 6757 279 5870 34289 10722 3902 9953 4849 8040 6355 3634 4531 3353 993 16589 1237 7813 5787 696 600
is_linear=0
shrinkage=0.05


Tree=14
num_leaves=63
num_cat=0
split_feature=20 48 20 69 18 69 43 1 43 1 9 43 30 43 43 30 69 59 62 24 10 43 9 69 68 18 30 45 43 59 0 1 62 36 45 40 22 1 18 40 55 68 69 18 18 40 26 0 43 59 47 47 28 58 69 69 45 47 40 1 43 46
split_gain=21294.5 6190.59 1790.47 1194.08 974.395 1060.15 772.502 414.053 353.229 332.232 323.832 293.442 311.907 283.766 249.925 215.141 200.602 198.872 185.761 171.08 162.638 155.848 154.6 154.293 151.649 144.493 133.871 132.753 126.267 123.087 122.585 116.546 112.204 111.76 110.81 113.58 105.877 99.3759 96.611 96.426 96.1435 91.3564 91.0261 90.9382 89.8524 133.677 88.6179 120.742 88.5239 85.5712 85.061 84.283 81.3925 81.1387 80.5706 83.1168 80.3134 78.6405 75.9732 74.7308 74.3898 74.3135
threshold=4.5000000000000009 146832115.69885865 14.500000000000002 7.7057921137138736 718553651.35045826 18.807588185506962 4.6786880122950825 5.1050000000000013 4.6928230765777901 4.5550000000000006 189548.00000000003 4.6375216262975796 72.500000000000014 4.2751562500000011 4.4636602870813418 8.5000000000000018 15.097897114834087 210.83786226944562 2.4743801652892565 0.10000000000000012 10.500000000000002 5.0600746268656724 13895702.500000002 6.5328750840158332 15.912419122289814 31623276601.683796 3.5000000000000004 1.2347588210974823 4.7885895117540693 560.78595961157146 90.450000000000017 4.995000000000001 0.66835686777920345 34.455447680690405 0.92554561717086359 19.500000000000004 4.8900000000000015 6.035000000000001 1081907557.2760799 44.500000000000007 12828652.310448965 8.8922506644007857 3.8960848622140354 6802800.715789956 3319135619.9656978 49.500000000000007 33.406929510155322 12.008500000000002 4.9400354609929087 71.725868658268851 26.383384817667991 49.598729659827058 298974101.87215501 47680559.875109091 10.606261357695852 2.3958421498095643 1.1844394960997777 12.865644252351197 84.500000000000014 5.995000000000001 4.763678646934463 23.020937500000006
decision_type=2 2 2 2 2 2 2 2 2 2 2 2 2 2 2 2 2 2 2 2 2 2 2 2 2 2 2 2 2 2 2 2 2 2 2 2 2 2 2 2 2 2 2 2 2 2 2 2 2 2 2 2 2 2 2 2 2 2 2 2 2 2
left_child=1 3 6 7 5 9 14 10 17 19 -1 12 20 -5 40 23 31 39 22 34 46 44 30 33 -25 57 32 52 -17 42 37 43 50 49 35 -3 -29 -9 54 51 53 -33 -12 61 45 -8 47 -4 -28 -11 -10 59 -14 -2 55 -16 -41 -6 -56 -7 -51 -15
right_child=2 4 11 13 25 8 21 18 26 15 29 -13 27 16 38 28 -18 -19 -20 -21 -22 -23 -24 24 -26 -27 48 36 -30 -31 -32 41 -34 -35 -36 -37 -38 -39 -40 56 -42 -43 -44 -45 -46 -47 -48 -49 -50 60 -52 -53 -54 -55 58 -57 -58 -59 -60 -61 -62 -63
leaf_value=-0.0039408462231592806 0.021164897669414789 -0.0018256439130795736 0.041858117871415162 -0.01663258194293037 0.034788916774312083 0.016237536578811582 0.044551585182190837 0.0043792120563044675 0.0147739839817288 -0.0012798092858306953 -0.030714622792101465 0.076306525495313582 0.0459048724985903 -0.042822413206739754 0.048296713381128037 0.023821311629384209 0.014689493851302955 0.0085758399258721186 0.052339570251078507 0.016210766245977618 0.061825502679931046 0.071928233332677366 -0.018080479109998746 0.026935718874076003 0.010959022195110787 0.069201283704807104 0.036113371464029119 0.081694866495199442 0.054843498512817501 -0.04327432311465032 -0.03700870587211922 0.030383262552385312 0.055098873739064552 -0.015104636708928618 -0.010759048964448905 0.021079595273126736 -0.061873177764353526 0.042169819339525558 0.058573952931527055 0.043216331469613581 -0.031478032878027765 0.0038583078239858566 -0.018371675982045439 0.023454930540888565 0.066537769402507663 0.063606307365669121 0.056280353715306722 0.00246192710719804 0.048570366731201478 -0.016525975485056531 0.03103503797610585 0.028476747084151099 0.076090535716926644 0.097691247608004739 0.037992244310472982 0.015544448067503545 0.0093718217495631709 0.053884887673620555 0.056509176675794096 0.066513755166802316 0.035083439240795745 -0.0054576221210026685
leaf_weight=1590.202537432313 1741.5954836457968 1832.5307624489069 518.86703333258629 1503.0754299610853 1031.1950491517782 3000.659325376153 2553.0047130137682 1124.2448612600565 1188.2762403935194 609.58388118445873 3873.3050155937672 12969.209117859602 240.57508634030819 138.76987178623676 281.05944810807705 798.18438109755516 4336.0874966830015 2014.5313683748245 144.55537460744381 1838.021723151207 1276.993929117918 1871.6656096428633 1340.3879514336586 2914.19055993855 3029.0969586968422 840.87526720762253 4697.4640771448612 21.201438531279564 556.83886383473873 1225.170870706439 153.17179930210114 454.57723380625248 358.09529219567776 623.04095289111137 1980.0257216989994 768.05041928589344 32.569351881742477 205.80751296877861 733.02134199440479 1172.2372534871101 85.886234924197197 1135.4355696439743 2431.3518044054508 264.4345688521862 1304.1653392612934 1439.3583733141422 378.66392639279366 311.094182908535 2047.9498268812895 83.669142633676529 2488.2410082966089 4011.4046774953604 3113.1276719868183 35.340343073010445 2115.0876285880804 623.26262700557709 206.10754001140594 1129.8773077130318 750.49248416721821 75.778429314494133 421.90647512674332 3240.1409536153078
leaf_count=7764 5346 7412 1091 7885 2383 9406 5401 5286 3690 2335 26018 18646 463 779 642 2354 16203 6704 352 5975 2156 2902 7316 9112 10575 1312 11760 33 1221 8827 818 1626 801 2940 8903 2557 130 675 1290 2893 354 4696 14710 1052 2061 2449 705 835 4587 364 6765 11466 4492 62 5128 1673 711 2227 1428 160 1336 15588
internal_value=0.0292138 0.0122466 0.0621458 -0.00829819 0.0242269 0.0219876 0.048269 -0.0191638 0.0292315 0.0120225 -0.0244429 0.0721027 0.062851 0.00356411 0.0355928 0.0182009 0.00673641 0.0226953 -0.00294303 0.00332426 0.0493828 0.0595261 -0.00577323 0.0149606 0.0187929 0.0516155 0.0355862 0.0726755 0.0365697 -0.0287727 0.00534881 0.000146898 0.0283816 0.00185724 -0.0018466 0.00493914 -0.00526532 0.0102268 0.041965 0.026055 0.0201896 0.0114417 -0.0259546 -0.00478232 0.0551435 0.0514213 0.0362362 0.0270913 0.0398954 0.0113339 0.0257794 0.0237019 0.0739252 0.0226869 0.0387355 0.0257237 0.0381555 0.0447729 0.0428418 0.0174759 0.0265425 -0.00699217
internal_weight=95274.8 62878.6 32396.2 23160.7 39717.8 36715.9 13533.9 12088.2 21260.7 15455.1 9120.03 18862.3 5893.09 11072.5 6365.75 9036.51 9569.45 10480.7 2968.17 6418.63 2485.62 7168.19 2823.61 7681.49 5943.29 3001.95 10780 3407.47 1355.02 7529.83 1483.22 5233.36 4034.61 1738.2 4580.61 2600.58 53.7708 1330.05 4502.92 8466.19 1862.82 1590.01 6304.66 3643.35 5296.53 3992.36 1208.63 829.961 6745.41 1115.16 3676.52 7087.84 3353.7 1776.94 3769.9 904.322 1378.34 2161.07 2865.58 3076.44 505.576 3378.91
internal_count=296831 239544 57287 119595 119949 114027 28736 71766 58943 55084 57319 28551 9905 47829 15923 30237 39944 31340 14447 24847 4787 12813 14095 26662 19687 5922 27603 5118 3575 49555 6779 23741 11256 6975 18872 9969 163 5961 10161 24636 5762 6322 40728 17419 9911 7850 2631 1926 16347 4035 10455 21032 4955 5408 8871 2315 3604 4610 6556 9566 1700 16367
is_linear=0
shrinkage=0.05


Tree=15
num_leaves=63
num_cat=0
split_feature=28 49 20 28 69 69 49 9 41 1 1 18 9 64 43 45 62 69 62 9 1 41 69 26 45 69 64 30 43 69 41 20 33 62 18 11 41 43 60 70 0 20 62 69 43 9 59 23 43 43 69 43 1 46 49 68 56 43 69 11 11 43
split_gain=19608.6 5396.03 1960.37 927.354 873.656 863.515 623.679 435.021 420.887 351.747 322.612 274.918 244.388 233.837 209.614 193.303 185.236 164.516 155.257 141.065 128.123 126.38 126.673 119.121 118.871 112.153 110.217 109.656 126.312 108.261 109.317 107.95 208.667 107.144 102.026 98.2239 96.3592 101.671 92.6956 114.506 92.6657 91.2311 90.9662 85.8351 84.0221 82.403 82.3849 80.6804 78.6858 77.4355 77.0093 76.016 75.141 73.0316 72.3734 72.1949 71.1389 69.3851 69.0855 68.6822 67.3171 66.0754
threshold=273582827.60821819 1.4745425704471254e+17 11.500000000000002 15849263.983685344 14.434153369346047 6.3237503422867247 1.6667298969300785e+19 92967.500000000015 0.82777777777777783 4.9050000000000011 4.4350000000000014 28017300.942899626 38405.500000000007 1.0000000180025095e-35 4.5785853251806579 0.88833905653204537 2.4743801652892565 24.708542854297878 1.3861983471074379 13935.500000000002 4.8950000000000005 0.2166666666666667 8.333166338901199 10.001271186440681 0.93063103264982605 12.715693535137291 2.5000000000000004 93.500000000000014 4.6400304878048795 10.833570859575319 0.27222222222222225 69.500000000000014 4.7250231910946212 2.1672619047619057 7952712.8791563809 4.5000000000000009 0.07222222222222216 4.350125628140705 12.85714283969388 143.36538072873091 204.05000000000004 2.5000000000000004 0.65000000000000002 12.588400214084791 5.5629166666666672 40056753.000000007 70.93973198982836 4.3337398373983751 4.6200467289719649 4.5916882556131275 41.656739314430816 4.4923419649657284 5.7950000000000008 14.600854700854702 9.6841126001317709e+17 141.95715060983898 17.500000000000004 4.8500871080139385 23.762935326479305 2.5000000000000004 6.5000000000000009 4.5739834710743805
decision_type=2 2 2 2 2 2 2 2 2 2 2 2 2 2 2 2 2 2 2 2 2 2 2 2 2 2 2 2 2 2 2 2 2 2 2 2 2 2 2 2 2 2 2 2 2 2 2 2 2 2 2 2 2 2 2 2 2 2 2 2 2 2
left_child=1 5 6 4 18 7 12 41 13 46 25 27 23 20 56 -10 55 -16 21 51 36 22 -3 -2 -23 -7 54 28 58 30 -14 32 -13 34 43 -28 -5 -38 39 50 -21 52 44 -12 -19 -35 -9 -27 -25 -31 60 -8 -1 -43 -15 -11 -6 -24 -4 -50 -39 -45
right_child=2 3 11 8 14 10 19 9 15 16 33 31 29 26 17 -17 -18 42 -20 40 -22 24 57 48 -26 47 35 -29 -30 49 -32 -33 -34 45 -36 -37 37 38 -40 -41 -42 53 -44 61 -46 -47 -48 -49 59 -51 -52 -53 -54 -55 -56 -57 -58 -59 -60 -61 -62 -63
leaf_value=-0.0040654792296179144 0.02228431347206903 -0.011654030112690641 0.02397955354535361 0.0060361843874367866 0.016278198859190747 -0.017790939380051531 -0.010788539285162229 -0.023762418200640928 0.054355787537722203 -0.0105317119949737 -0.0011260153834792392 0.058851042914579182 0.0011957822473244008 0.0020624897442423746 0.019825472987396231 0.015125164985601489 0.049155722267796811 0.031737292614786021 0.052559205681646175 0.049880849747841148 0.038640359214157177 0.024205464086414299 -0.0020697481983133598 0.031605812954552552 -0.0063308650396122976 -0.016565249440564249 0.023800479124053635 0.069449503759739892 0.059583257515514826 0.011417465571204002 0.068155775410015412 0.077015442518694188 0.07393605453445122 0.057522339791171356 0.031924918221820496 0.077915042336672499 -0.00062320159978789848 0.027021773409684521 -0.075866986320322585 0.074561847107641799 -0.017499493909542117 0.041751252681812984 0.052928460587030428 0.0055028355318274148 0.00022145347040261254 -0.0018496790314192308 -0.03585814088849925 0.0054762903316949111 0.04161001946789674 0.034513614075430875 0.048394614458771024 0.066412334651533247 0.061067968912456 -0.0072065655972051931 0.020608121858278591 -0.046735729292708424 -0.0030051707603884429 0.012925470650368781 0.056370456712344835 0.055992922508534174 0.057640263718095053 0.021026207411353207
leaf_weight=994.56456699967384 640.26671020686626 2444.6099278777838 580.59924890100956 496.41645088791847 5540.3585399389267 2216.3608210384846 32.252880975604057 2444.8008375763893 2303.9503673315048 2786.7549822181463 3081.4669019579887 3474.2421790957451 665.26720355451107 1329.8189484775066 5070.9098679870367 363.54608227312565 127.87688617408276 4694.4782326221466 144.80088649690151 1900.6313215792179 3699.7389662712812 925.1223232448101 2149.2021079957485 821.80335366725922 486.1920999288559 600.91715463995934 1376.308979600668 871.97499556839466 1024.1727941036224 461.56848920881748 67.101488530635834 6583.616234049201 6739.4475909173489 182.63158944249153 366.660758420825 89.29554109275341 282.46497155725956 6251.5317032784224 20.629758596420288 143.0002583116293 52.433805480599403 265.09252358973026 489.07261475920677 2059.2357966601849 221.45972689986229 85.942452311515808 3318.6762184649706 1343.1124780327082 1640.7264832258224 1697.8936293423176 493.55218769609928 2803.4448506981134 46.343413770198822 106.88826625049114 870.36676631867886 144.85753133893013 523.46788954734802 1203.37992413342 229.76554009318352 1679.8351352363825 184.82093454897404 1027.5691068172455
leaf_count=4817 1651 11920 1378 1787 17868 12576 90 16548 4376 14717 14416 5888 2167 4549 15535 1014 310 12261 334 3605 9253 3063 8910 1973 2096 3043 3998 1345 1771 1358 121 9315 9846 414 1233 148 1032 17409 88 264 157 809 1076 8336 745 314 23754 5829 3694 4098 1103 4462 130 435 2427 880 2046 4561 434 3060 345 3649
internal_value=0.0278471 0.0116627 0.0597422 0.0220841 0.0156369 -0.00888479 0.0442529 -0.0193286 0.0306872 -0.0234535 0.000865529 0.0696401 0.0354175 0.0274798 0.0220119 0.0490091 -0.00975112 0.0262944 0.00129765 0.0584124 0.030966 0.000267931 -0.00299863 0.0423556 0.0136858 -0.0101025 0.0164749 0.0548515 0.0479129 0.0239431 0.00733083 0.0720229 0.0688048 0.00757253 0.0063005 0.0270975 0.0273593 0.0287943 0.0299658 0.0302744 0.0480719 0.00642964 0.0323635 0.00477731 0.0303175 0.0385236 -0.0307273 -0.00133695 0.0454579 0.029577 0.0293606 0.0655343 -0.0011656 0.0276833 0.00939892 -0.0123206 0.0146135 0.00331265 0.0331635 0.0488862 0.027901 0.0106704
internal_weight=94965.3 62998.2 31967 41798.5 23893.1 21199.8 12463.2 10235.9 17905.4 8822.97 10963.9 19503.8 7674.46 15237.9 16539.7 2667.5 3059.49 10475.9 7353.31 4788.76 11572.2 7208.51 5797.19 4782.63 1411.31 4160.39 3665.79 2706.51 1834.54 2891.83 732.369 16797.3 10213.7 6803.51 6534.93 1465.6 7872.42 7376 7093.53 7072.91 1953.07 1412.89 5405.01 6168.27 4915.94 268.574 5763.48 1944.03 4142.36 2159.46 6929.9 2835.7 1040.91 371.981 2200.19 2931.61 6063.83 3352.58 810.365 3320.56 6436.35 3086.8
internal_count=296831 240418 56413 128208 80415 112210 26436 62400 47793 56209 49810 29977 18122 42403 49531 5390 15907 29617 30884 8314 31281 30550 25391 10378 5159 21448 11122 4928 3583 7744 2288 25049 15734 28362 27634 4146 22028 20241 19209 19121 3762 6191 14082 26401 13006 728 40302 8872 8727 5456 18857 4552 4947 1244 6976 15597 19914 13471 1812 6754 17754 11985
is_linear=0
shrinkage=0.05


Tree=16
num_leaves=63
num_cat=0
split_feature=20 48 38 18 69 69 10 43 10 43 20 9 43 69 43 68 45 69 40 64 30 68 18 30 36 69 59 56 48 6 40 50 48 9 59 14 34 43 40 40 48 45 2 2 7 16 13 61 69 63 40 47 42 2 3 30 23 9 2 63 37 16
split_gain=18183.1 4994.65 1717.48 871.027 1017.75 830.056 438.797 388.378 370.603 300.849 275.669 274.868 222.976 204.955 169.125 147.218 144.391 141.797 133.929 133.057 123.071 120.378 117.852 115.301 100.852 100.313 94.6259 99.0371 92.5275 95.6394 92.011 90.4378 94.3725 90.2011 88.5993 87.5808 86.9262 86.4545 93.6687 86.2948 85.7909 81.5247 81.16 92.1471 78.2147 73.347 87.632 69.788 69.6622 68.862 67.1402 67.0098 81.168 66.5183 66.4937 65.9959 96.0505 65.6084 61.3682 80.2262 60.2395 59.9744
threshold=4.5000000000000009 117127079.70090716 4991429223.2918406 1015884274.1461791 13.95225722536158 6.3237503422867247 5.5000000000000009 4.5785853251806579 6.5000000000000009 4.6400304878048795 1.5000000000000002 183581.50000000003 4.36224318658281 30.15487851932987 4.7160139372822316 59.585640920802327 1.4476482730108382 13.95225722536158 121.50000000000001 1.0000000180025095e-35 22.500000000000004 27.931657568970003 31623276601.683796 19.500000000000004 94.670833333333363 1.6957288840208113 225.90149813208021 20.500000000000004 63132282318.027382 5.0600000000000014 44.500000000000007 22.500000000000004 16771531282.1355 178220.50000000003 72.551374740322203 0.71302684698990837 0.44369423012888182 4.6833333333333353 18.500000000000004 60.500000000000007 65168305571.740456 1.3511383881434533 2.5000000000000004 14.500000000000002 31.550000000000004 2.0100000000000002 4.5559837092731845 12.639634480727777 2.3958421498095643 517.52033979330156 86.500000000000014 25.39916542250155 6.6650000000000009 7.5000000000000009 40.750000000000007 37.500000000000007 5.0830018761726086 8150.0000000000009 2.5000000000000004 13.978977794713476 2.1652380213986135 8.6055555555555578
decision_type=2 2 2 2 2 2 2 2 2 2 2 2 2 2 2 2 2 2 2 2 2 2 2 2 2 2 2 2 2 2 2 2 2 2 2 2 2 2 2 2 2 2 2 2 2 2 2 2 2 2 2 2 2 2 2 2 2 2 2 2 2 2
left_child=1 5 8 4 10 11 14 26 9 16 21 -1 -7 19 18 42 20 34 36 33 61 25 57 47 40 -3 27 30 29 -8 -6 -31 -33 53 -14 -34 50 -27 -39 -15 49 44 -13 -44 -10 -43 -47 -11 -17 58 -4 52 -35 -9 -45 56 -16 -5 -12 -60 -18 -2
right_child=2 3 6 22 7 12 28 13 41 23 24 15 17 39 55 48 60 -19 -20 -21 -22 -23 -24 -25 -26 37 -28 -29 -30 31 -32 32 35 51 -36 -37 -38 38 -40 -41 -42 45 43 54 -46 46 -48 -49 -50 -51 -52 -53 -54 -55 -56 -57 -58 -59 59 -61 -62 -63
leaf_value=0.00042797405138687687 -0.03699501760033614 -0.015983455506732778 0.026610763008423344 0.0486022782588338 0.016824177137968833 -0.011134576320037046 -0.00548517738664528 0.050945733211762004 0.060960583250859679 0.043634211754565277 0.039977146999914608 -0.0084753786871097081 0.0076058350599442302 0.034795929750152561 0.043280460386566369 -0.043044975336555102 0.042355359340381267 0.012874343138927342 0.059706531504702211 0.015000364540788853 0.041829905342399047 -0.0073243500201727362 0.064208125785696207 0.059149606140627559 -0.0057182692329656483 -0.0014669280323823287 0.0047847642276153584 -0.0051063819345505473 0.073632096019149967 0.066956638638564991 0.032534675293306101 0.054139686096136376 -0.087703508101788064 0.011185427679595289 -0.0066396919723709577 0.055317811431150388 0.040415202115692078 0.010190345728733351 0.040247869057031926 0.063713866173718214 0.043361682096100376 0.090195534149462964 -0.024992671072218163 0.028810963396996087 -0.01224539853664121 -0.039613284416513239 0.057493502450087254 0.017346784536541648 -0.023623781994500697 0.06740154770986917 -0.067111080440325141 0.026914028354954597 0.037366964711244587 0.031005664984457837 -0.01240372668242669 0.068513878123173416 0.065221677782703907 0.02912988237676294 -0.00061821754405873893 0.019391414403628821 -0.0067326312605967267 0.024964456533963945
leaf_weight=1465.1416625529528 39.646542251110077 480.89898289740086 44.62245711684227 1181.1677387207747 5623.648775190115 2983.5331133455038 47.883019164204597 478.98447489738464 2377.6859084814787 1932.2433416843414 252.77305263280869 1338.3257968872786 1849.4449372589588 5231.8997613489628 870.91036520898342 1144.3610518872738 74.442131653428078 3268.1391436457634 1184.6859357655048 2764.2753048688173 1531.7744219303131 2794.3395786881447 820.95368427038193 1256.4169745445251 412.84455029666424 1541.1456062048674 1691.4315999299288 438.06740269064903 9638.1590658426285 4064.1674723625183 1117.0937350839376 98.050839632749557 28.031311824917793 1584.5336387753487 2663.1882225424051 17.316524356603622 1738.6640435159206 2557.9519846588373 288.42149451375008 271.36301222443581 364.82713630795479 27.788210317492485 4456.4595124721527 116.16730601340532 37.055378377437592 59.758714571595192 38.010626584291458 290.42785620689392 774.03582321107388 67.917072430253029 33.421622663736343 5322.7660426199436 364.0407523214817 3298.0453355610371 621.06290531903505 2075.0316351205111 1167.36970461905 682.53735049068928 677.80513790249825 1919.6356147229671 389.54505479335785 2623.102069273591
leaf_count=7009 142 2232 110 2350 17701 15317 127 1030 4035 4110 642 7028 8516 12768 1696 8265 221 12367 1991 8455 3325 12241 1312 2171 1590 6474 5867 1687 14102 6312 2988 177 111 5003 12885 30 3564 9980 811 500 814 42 30601 512 103 240 72 739 5032 147 126 14666 876 8469 3415 3192 1880 1552 2348 6094 1551 7118
internal_value=0.0265627 0.011005 0.0574507 0.0208639 0.0189929 -0.00912759 0.0657498 0.0240849 0.0411227 0.0359183 0.00635714 -0.0195648 0.000486663 0.0280622 0.0556518 -0.0230312 0.0276101 0.00494282 0.0466271 0.0248113 0.0305378 0.000947553 0.0484239 0.0470429 0.0175732 0.0056954 0.0154239 0.0179306 0.0709208 0.0647801 0.0194278 0.0655797 0.0265547 0.0272659 -0.000801345 -0.0330894 0.038098 0.00807154 0.0132361 0.0362219 0.0205022 0.0577947 -0.0194547 -0.0222839 0.0598372 0.0185134 -0.00186024 0.0401993 -0.0352089 0.0176443 -0.0135247 0.0240099 0.0160768 0.0335344 -0.00590942 0.0622369 0.0558467 0.041471 0.0164586 0.0141699 0.00114305 0.0240419
internal_weight=94595.4 62909.2 31686.2 42229.4 39544.7 20679.9 21008.3 28186.1 10677.9 8137.6 11358.6 9915.55 10764.3 19315.9 7114.71 8450.41 4658.51 7780.77 3001.39 13812.6 4194.52 7662.76 2684.66 3479.09 3695.8 4868.42 8870.24 7178.81 13893.6 4255.45 6740.74 4207.57 143.399 11048.4 4512.63 45.3478 1816.71 4387.52 2846.37 5503.26 3282.96 2540.3 6532.02 5193.69 2414.74 125.558 97.7693 2222.67 1918.4 2918.13 78.0441 7271.34 1948.57 3777.03 737.23 4113.31 2038.28 1863.71 2850.21 2597.44 463.987 2662.75
internal_count=296831 239544 57287 128597 123383 110947 33418 80010 23869 19377 43373 61862 49085 51767 12559 54853 12357 33768 5791 38499 10585 31738 5214 7020 11635 19497 28243 22376 20859 6757 20689 6630 318 30044 21401 141 3800 17265 10791 13268 10045 4492 41556 34528 4138 354 312 4849 13297 9231 236 20545 5879 9499 3927 6768 3576 3902 9084 8442 1772 7260
is_linear=0
shrinkage=0.05


Tree=17
num_leaves=63
num_cat=0
split_feature=28 48 10 28 69 48 69 48 48 1 16 43 1 1 1 1 30 69 61 69 0 47 45 7 24 43 41 68 1 58 30 59 69 1 30 69 52 0 47 41 58 69 30 10 34 62 17 22 63 9 36 69 50 10 0 45 59 43 43 3 1 69
split_gain=16812.7 4353.04 1835.01 886.66 740.119 633.142 598.796 388.457 338.011 331.156 322.638 242.224 200.203 170.964 163.89 160.482 154.045 144.171 140.191 134.366 132.741 130.08 130.003 123.158 118.249 127.594 115.763 115.423 112.696 108.228 129.873 105.681 102.702 92.2133 106.147 89.6648 86.8074 86.5622 97.0943 86.3135 85.1074 83.2644 83.1974 82.796 81.2593 77.0396 76.8654 130.929 75.7841 75.5858 74.1274 73.5323 73.4253 72.7057 72.5173 69.8964 91.4876 69.5653 66.6518 83.9245 65.6429 63.8005
threshold=273582827.60821819 84872516.669353202 3.5000000000000004 14745244.425149115 13.315790620099078 5152010260.7568655 7.3693740509322661 29461618077.40765 22751352802.89983 6.0950000000000006 22.510000000000002 4.5501037344398352 4.6950000000000012 4.4850000000000012 5.1950000000000012 4.9050000000000011 39.500000000000007 24.708542854297878 12.28732744133352 40.574746085484556 147.75000000000003 1.0000000180025095e-35 0.93901509600703126 21.325000000000006 0.40303817119857505 4.66670396896449 1.9722222222222221 8.8922506644007857 4.6050000000000013 7495286.7758558532 4.5000000000000009 222.04092397882437 22.899159219337335 5.8150000000000004 5.5000000000000009 15.2615599561873 1793813.2501401571 73.050000000000011 1.0253942301229526 0.2166666666666667 39298645.295996703 7.5966835528117302 2.5000000000000004 5.5000000000000009 0.52201892948638662 0.66835686777920345 1.6500000000000015 6.7950000000000008 19.105236921714152 195454.50000000003 36.211437908496734 4.3507038659729664 2.5000000000000004 10.500000000000002 63.350000000000001 0.88833905653204537 511.3473367788601 5.5629166666666672 4.7326566968830308 120.05000000000001 4.4850000000000012 17.434638794154989
decision_type=2 2 2 2 2 2 2 2 2 2 2 2 2 2 2 2 2 2 2 2 2 2 2 2 2 2 2 2 2 2 2 2 2 2 2 2 2 2 2 2 2 2 2 2 2 2 2 2 2 2 2 2 2 2 2 2 2 2 2 2 2 2
left_child=1 6 5 4 14 18 9 12 21 10 42 32 19 35 22 31 28 -13 20 29 44 55 39 -11 -23 40 -9 -15 -7 30 41 -12 60 34 61 48 -28 38 -16 -3 46 -5 -1 58 -2 57 -26 -48 -8 -30 -17 -24 -44 -10 -35 -4 -57 -19 59 -32 -6 -14
right_child=2 3 8 7 11 16 13 26 53 23 15 17 33 27 37 50 -18 45 -20 -21 -22 24 51 -25 25 -27 36 -29 49 -31 43 -33 -34 54 -36 -37 -38 -39 -40 -41 -42 -43 52 -45 -46 -47 47 -49 -50 -51 -52 -53 -54 -55 -56 56 -58 -59 -60 -61 -62 -63
leaf_value=-0.0024158181081137937 0.04162237923283333 -0.0017579777878290728 0.042177015311228055 -0.013211965362438722 -0.0054089771182241776 0.034515570419676102 -0.02943774592916807 0.037043944786260462 0.064058875366583709 0.026700584687061581 -0.022813104336492137 0.016938141663645108 0.01458370863929128 0.018415495496395248 0.00046456643624372997 0.006450366924674442 0.060768605215061368 0.027483585646767061 0.013473341008471158 0.043738392042456921 0.0042726554041341699 0.06841436571520608 -0.025980025717498575 -0.023240170377584891 0.056740503032980699 0.05986000483682228 0.062936171863341731 0.0012341291350640726 0.053442968479288755 -0.0050477613989904071 0.012881099047982689 -0.036451295265888382 0.01506783431239387 0.061401683979107474 0.033679936732541479 0.003446242834286187 -0.0067279602229599333 -0.015500694046406452 0.029985217576814899 0.018542200242356942 -0.039711066203482553 0.01274505772793743 0.023709662315386178 0.045540233403475558 0.025568992720453283 0.047033642522072101 0.038614691026317434 -0.045116947937438923 -0.0083736779137048422 0.029700346218246361 -0.016437362680396934 -0.0074209664968456022 0.11496548404654459 0.072177656560295747 0.015358580713538912 -0.027914112043476644 0.069394646975949228 -0.0010717420187787785 0.031231106818295468 0.026148967972697154 0.011745633897030733 0.028315603646153958
leaf_weight=493.60588037967682 1974.2223299741745 2035.8571815937757 261.18527084589005 403.92574656009674 1359.4433107972145 1697.4396695792675 653.89092242717743 1688.9343839138746 3991.2991650253534 536.98245371878147 4152.8913876414299 6090.9487321525812 1609.9714382737875 1361.4535802453756 432.16001652181149 422.07249104976654 2233.7730610668659 4896.6322694122791 1424.9864542633295 517.03032793104649 387.54468688368797 1686.1371510177851 680.3527622371912 160.30422766506672 635.24688243865967 2433.8931554406881 849.76754443347454 3466.0768796950579 2731.9526072144508 501.39301663637161 2988.1721465885639 2158.8316931799054 3708.3735409677029 373.95179969072342 4215.9203146994114 907.69219490885735 47.201460599899292 206.80362825095654 783.55289161205292 704.93250317871571 31.481022506952286 1313.9642853140831 272.83473497629166 355.90658330917358 1312.2364618480206 487.88352943956852 885.57167091965675 49.285211190581322 1230.6427717059851 382.09872700273991 2185.8651698678732 2476.1867766678333 23.980083018541336 8921.1619345545769 110.87171070277691 94.523225858807564 32.445737808942795 222.99718683958054 1216.3653308898211 1982.670988842845 945.51387041807175 1782.2537164986134
leaf_count=2404 4391 8839 518 1761 5417 3622 3837 3719 6370 1915 28387 18891 5306 5233 1821 1964 3679 12857 4044 1163 1125 2612 3875 850 1118 4073 1435 14887 4930 1801 9060 16222 11853 772 10383 4071 128 877 2595 2410 107 4357 998 745 3315 1083 1800 161 6751 876 12447 11682 56 13321 300 297 54 745 3054 5540 3254 4673
internal_value=0.0253504 0.010494 0.0553894 0.0188124 0.0125447 0.0402053 -0.0102662 0.0266733 0.0650834 -0.0180636 -0.0204537 0.0180718 0.0239821 0.00038367 -0.00082913 -0.0231668 0.0499177 0.022264 0.0267856 0.0189694 0.0319489 0.055394 -0.00450361 0.0152193 0.0572942 0.0526479 0.0447535 0.00607959 0.0448801 0.0175079 0.0188769 -0.0274778 0.00991624 0.0297296 0.0283823 -0.00946412 0.0592702 0.0144042 0.0194913 0.00346324 0.0416878 0.00664181 0.0101632 0.0220892 0.0352125 0.028049 0.0433199 0.0342004 -0.0156824 0.0505297 -0.0127332 -0.0114211 0.0310823 0.0696681 0.0508723 0.0273836 -0.00304776 0.0262398 0.0207402 0.0181731 0.001628 0.0217984
internal_weight=94183.5 63017.1 31166.5 44989.9 25031.6 12144.3 18027.1 19958.3 19022.2 10407.4 9710.08 17711.8 17372.4 7619.76 7319.85 8919.66 7045.26 11698.5 5098.99 9279.43 3674 6109.77 5897.33 697.287 5721.62 4035.48 2585.9 4827.53 4811.49 8762.4 8261.01 6311.72 6013.33 8092.97 7608.15 2792.23 896.969 1422.52 1215.71 2740.79 1601.58 1717.89 790.421 6543.12 3286.46 5607.51 1570.1 934.857 1884.53 3114.05 2607.94 3156.54 296.815 12912.5 484.824 388.154 126.969 5119.63 6187.21 4970.84 2304.96 3392.23
internal_count=296831 240418 56413 140396 86199 25982 100022 54197 30431 65243 62478 54100 48915 34779 32099 59020 13107 33576 12875 27481 8831 10740 26806 2765 9871 7259 5282 20120 9428 26318 24517 44609 20524 21434 20362 14659 1563 5293 4416 11249 3186 6118 3458 18399 7706 14685 3079 1961 10588 5806 14411 15557 1054 19691 1072 869 351 13602 17654 14600 8671 9979
is_linear=0
shrinkage=0.05


Tree=18
num_leaves=63
num_cat=0
split_feature=20 48 20 19 48 43 64 62 1 41 43 35 1 30 43 59 48 29 10 43 19 1 44 41 19 0 0 64 1 43 48 43 30 38 1 30 43 1 5 59 47 47 62 7 1 47 26 26 30 41 19 59 64 30 63 41 66 54 53 1 43 62
split_gain=15676.2 4422.68 1222.83 879.032 696.822 574.443 474.312 424.314 317.846 277.335 369.847 233.286 196.653 187.676 173.007 165.216 159.453 149.024 140.672 130.733 125.079 124.064 123.715 123.325 116.383 116.344 111.143 110.666 109.734 102.158 99.0449 94.5665 92.2283 92.147 89.5104 86.3668 83.4017 80.8637 80.7713 78.2728 77.996 77.523 74.2021 73.5462 73.5121 70.4685 72.9381 70.2373 79.6564 68.9984 67.5905 67.3979 66.4775 64.987 64.8427 62.6756 62.2645 60.7601 60.0482 59.9527 59.8092 59.2614
threshold=5.5000000000000009 146832115.69885865 17.500000000000004 9.046054514225801e+17 27740389.494676415 4.6928230765777901 1.0000000180025095e-35 1.976478067387158 5.1950000000000012 0.049999999999999954 4.8600373134328372 0.94097137745704629 4.9050000000000011 8.5000000000000018 4.311200716845879 393.88566249663955 13239306167.9065 3.9853777227744748e+19 7.5000000000000009 4.6400304878048795 3.8760265555268224e+18 4.4350000000000014 0.58943240117553408 0.10555555555555557 1.3620409170670141e+18 56.95000000000001 93.050000000000011 2.5000000000000004 6.9050000000000011 4.4789736842105272 6802800.715789956 4.7434035395641372 79.500000000000014 11865317.495900543 5.8950000000000005 25.500000000000004 5.0002732240437178 6.2650000000000006 0.11010000000000002 222.04092397882437 27.642604618255067 51.411471722129484 1.2260600071864889 6.5500000000000007 5.285000000000001 0.74579828516494751 75.216666666666683 8.7575000000000021 24.500000000000004 0.41666666666666669 5348365633038602 535.17466620435641 1.0000000180025095e-35 5.5000000000000009 20.263068783908533 0.5722222222222223 0.37460659341591213 1.0592548339103709 61.500000000000007 5.8950000000000005 4.7213059619201649 -0.79999999999999927
decision_type=2 2 2 2 2 2 2 2 2 2 2 2 2 2 2 2 2 2 2 2 2 2 2 2 2 2 2 2 2 2 2 2 2 2 2 2 2 2 2 2 2 2 2 2 2 2 2 2 2 2 2 2 2 2 2 2 2 2 2 2 2 2
left_child=1 4 5 6 7 14 9 12 21 28 13 18 15 19 -2 30 22 45 31 39 35 51 27 59 47 37 43 42 61 58 -1 32 -4 -29 40 36 -7 -10 -13 41 -21 44 -8 -9 57 -5 -47 48 -16 -25 54 -6 -32 -18 -23 -35 -49 -11 -15 -12 -55 -3
right_child=2 3 11 17 8 20 16 26 25 10 23 38 -14 29 24 -17 53 -19 -20 34 -22 50 -24 49 -26 -27 -28 33 -30 -31 52 -33 -34 55 -36 -37 -38 -39 -40 -41 -42 -43 -44 -45 -46 46 -48 56 -50 -51 -52 -53 -54 60 -56 -57 -58 -59 -60 -61 -62 -63
leaf_value=-0.026222204353065177 -0.0027204697678843252 -0.015233245704611716 0.039946268344424475 0.020092068307633097 -0.0065944934838881837 0.037980764863513761 0.0033551725370043724 0.046168511589362263 0.024582279344890476 0.0042420196959732414 0.022267652992160519 -0.041796405879071102 -0.0089669154978478157 0.017350779279516369 -0.062630639127719809 -0.039240806169789116 0.0084873087928793393 0.060578252229756949 0.069251463706817645 0.0092490388196822294 0.063499616080327378 -0.0094446528453752659 -0.011517960305920654 0.035467480827165242 0.05031929319503501 0.00058188819908598578 -0.043264306609770112 -0.008816495706947992 0.067393818382925116 0.028960689952396076 -0.0061901339907158561 0.066432352206231851 0.060294406942287548 0.017244754944412077 0.050184518100342371 0.058782978698143654 0.057745850387514112 0.064176756894817596 0.043465877168697757 -0.0095187760688415744 0.02221209133186907 0.018624896710032156 0.043646211530478131 0.0087531673715802744 0.032319959227084298 0.044599936681835546 0.011689251128556075 0.020852360071078095 0.039215598787216505 0.054897262242821813 0.016397528494928627 -0.035496159627510411 -0.021870661279506421 0.019140069870537266 0.0043596863561163254 0.048343350735947095 0.034949544633695442 -0.04852384031102154 -0.04910276238131462 0.051683034817396938 0.04590900997501085 0.0069990567110175816
leaf_weight=2724.3407709300518 339.29793538153172 349.89068356156349 977.06354968249798 461.45638725161552 4326.33558575809 1934.1262654364109 5176.723675146699 336.2913962751627 1133.990365177393 2308.8351673334837 2563.5930952727795 28.616058811545372 3733.0435971468687 2210.7917315512896 42.357335388660431 1305.1763313338161 365.03441521525383 996.63963387906551 10734.046792328358 1554.7847388535738 2200.6250942349434 1136.7020708620548 839.8321672976017 3981.9364804923534 915.70939786732197 497.12019276618958 54.540704131126404 328.38957530260086 69.801283597946167 5574.5491858124733 1603.9624294489622 2010.0511202067137 1294.8808619230986 2547.8662959039211 237.87487287819386 1395.4256272763014 737.1401384472847 145.49587172269821 947.17553851008415 495.17098145186901 4574.2318324446678 2063.632849380374 116.8512275069952 215.51053023338318 234.94532141089439 1900.6963257491589 184.71380583941936 1030.5247359722853 35.114405542612076 516.15099266171455 831.59635755419731 211.58126775920391 1168.2035428509116 382.37483365833759 3380.8679718822241 173.01771223545074 3264.7056544274092 55.877581030130386 34.524963915348053 185.77323772013187 459.31074939668179 2091.1575468629599
leaf_count=19776 1262 1542 1918 1136 21542 3976 18104 830 4019 8094 7489 100 19709 6846 163 10399 1204 1633 16604 5173 3543 5529 3335 9516 1661 1881 244 1407 142 14238 9296 3149 2134 8009 515 2336 1270 303 1888 1867 12827 6378 285 775 641 3778 457 2608 76 990 3061 1258 7231 1067 14398 415 7376 262 156 410 988 7612
internal_value=0.0242055 0.0108977 0.0556254 0.0203309 -0.00690431 0.0434854 0.0181904 -0.0158471 0.00163776 0.0214643 0.0229641 0.0646554 -0.0181881 0.0193549 0.03189 -0.023249 0.00901933 0.0441869 0.0661949 0.0152983 0.0538975 -0.00186106 0.00677385 0.0325978 0.0341106 0.0211092 0.0248256 0.00861519 0.00557992 0.0253337 -0.0194517 0.0585326 0.0515436 0.0162027 0.0200916 0.0487014 0.043435 0.0290847 0.0409655 0.00938219 0.0189237 0.0113892 0.00424456 0.0315557 0.00564542 0.0377726 0.0416849 0.0307163 -0.0164684 0.037697 0.00329769 -0.00794204 -0.012798 0.0261066 0.000886266 0.0192223 0.0315673 0.00299518 0.016329 0.0242552 0.033748 0.00381236
internal_weight=93728 65841.2 27886.9 43036.4 22804.8 11895 39492.9 11141.1 11663.7 29103.5 26592.7 15991.8 10534.7 19345.2 5627.71 6801.68 10389.4 3543.51 15016 11525.4 6267.32 9887.08 9182.68 7247.45 5288.41 1776.61 606.343 8342.85 2510.85 7819.87 5496.51 4282 2271.94 3049.27 6366.89 4066.69 2671.27 1279.49 975.792 5158.46 6129.02 4663.29 5293.57 551.802 2599.66 2546.87 2085.41 4372.7 77.4717 4498.09 5349.17 4537.92 2772.17 1206.72 4517.57 2720.88 4295.23 2364.71 2245.32 2749.37 841.686 2441.05
internal_count=296831 246767 50064 126516 120251 24271 119512 68260 51991 84698 75402 25793 66411 56997 13146 46702 34814 7004 23805 35757 11125 45788 31555 18405 11884 6203 1849 28220 9296 21240 36303 7201 4052 9831 18515 7582 5246 4322 1988 17242 18000 15375 18389 1605 8997 5371 4235 10223 239 10506 22988 22800 16527 3259 19927 8424 9984 8356 7002 7899 2055 9154
is_linear=0
shrinkage=0.05


Tree=19
num_leaves=63
num_cat=0
split_feature=20 48 10 18 69 69 43 28 9 62 48 43 43 30 69 30 30 69 43 43 35 59 68 27 69 43 30 62 62 45 24 59 62 47 68 9 62 43 62 34 43 3 60 58 43 47 55 69 56 5 44 70 66 65 69 48 59 45 46 9 66 28
split_gain=14580.8 3979.25 1213.64 827.852 804.279 709.835 560.484 317.206 295.802 253.096 227.602 220.274 206.278 205.238 192.923 191.301 176.174 170.517 149.979 145.262 133.145 118.463 117.248 113.969 111.771 110.135 99.267 98.5115 98.0295 94.5836 96.8804 90.7195 88.4096 89.039 86.9895 85.2225 84.5755 83.2652 81.6968 81.4213 88.874 81.3091 76.8531 75.8376 72.5308 71.6493 80.6857 71.1348 70.7299 70.7143 70.166 69.8127 69.3859 68.034 66.4493 65.4222 62.9341 62.6482 62.2818 61.5061 61.4036 60.9991
threshold=5.5000000000000009 146832115.69885865 6.5000000000000009 11226529.745928399 6.3237503422867247 18.807588185506962 4.6375216262975796 10437769660.506359 100187.00000000001 1.976478067387158 22751352802.89983 4.2751562500000011 4.7213059619201649 9.5000000000000018 10.833570859575319 22.500000000000004 24.500000000000004 15.097897114834087 4.6960830341526298 5.0002732240437178 0.96509884867389351 162.87352571587158 59.585640920802327 1.1472315808458509 9.6060995494262045 4.6400304878048795 4.5000000000000009 0.52606000718648904 1.1861983471074382 0.61367698529807357 0.40620192023179819 326.37629440846257 0.96666666666666645 28.983283017013459 14.976542208875104 9603.5000000000018 0.12188640510948941 4.9400354609929087 1.3861983471074379 1.0000000180025095e-35 4.8298574998311627 40.750000000000007 12.857142826836737 7495286.7758558532 4.8480131578947381 0.74579828516494751 1001721.0114113278 2.3958421498095643 3.5000000000000004 0.28100000000000008 0.51946367526441184 11.726219551040138 0.98897820466835418 1.0000000180025095e-35 41.656739314430816 79845990406.063477 779.82269281538936 1.1581186184086731 52.530602006688966 147606.50000000003 0.89490028524376763 239697715.45601347
decision_type=2 2 2 2 2 2 2 2 2 2 2 2 2 2 2 2 2 2 2 2 2 2 2 2 2 2 2 2 2 2 2 2 2 2 2 2 2 2 2 2 2 2 2 2 2 2 2 2 2 2 2 2 2 2 2 2 2 2 2 2 2 2
left_child=1 4 6 5 8 13 15 24 -1 22 29 38 21 14 28 43 19 31 57 42 50 52 27 48 53 -16 32 -10 39 -4 45 35 33 -14 -27 -13 -37 -26 -6 -3 -41 -29 59 51 -18 46 -31 -24 -22 -25 -17 -2 54 -5 -7 -28 -55 -15 -19 -8 -23 -12
right_child=2 3 10 7 11 12 16 -9 9 -11 61 17 26 18 25 20 44 58 -20 -21 23 60 47 49 37 34 55 41 -30 30 -32 -33 -34 -35 -36 36 -38 -39 -40 40 -42 -43 -44 -45 -46 -47 -48 -49 -50 -51 -52 -53 -54 56 -56 -57 -58 -59 -60 -61 -62 -63
leaf_value=0.0037328486581887314 0.028078084206742328 -0.013339146304443137 0.066309007534891537 0.032488628147925795 -0.016804330558831376 0.020806414764890493 0.041091189595778989 0.052507232464055711 -0.02300400999325293 0.023350434378715482 -0.0035870262590309144 0.026789228977379925 0.010519237439925631 0.014938839919850139 0.00053807130930316825 0.048233201129825057 0.053129286552485569 0.0048268861205315212 0.036134203964599147 0.058437464399089749 0.062693662450381382 0.0035864718975205678 -0.04195383683572862 -0.06530033171302517 0.028113768799283706 0.021900071267731934 0.03086696983778825 0.037357355536680285 0.039835699509368515 0.046164526429274919 0.041114581527201974 -0.01890848350752046 0.05364651035722709 0.025609028824757366 0.0078041018013642995 -0.0061406064637243617 0.0061823277501404468 0.041900768342456651 0.044904185303337257 -0.0068264815530357558 0.011119287680129139 -0.01156724994672007 0.00050570116245260844 -0.0092376686525105101 0.066768413571070759 0.062730053766950983 -0.033156174624025155 -0.022065619749942322 -0.017377310387419034 0.013346133141136222 0.026377005960540059 0.0074246013615061794 0.0086076187883797166 0.0092477559236679007 0.038632396726515195 0.052353017669295204 0.044507368877525141 -0.012879436733190548 0.016855597142366129 0.01402443820914296 0.017436932737752188 0.067895688283020617
leaf_weight=1442.4305015727878 1341.1328557580709 1732.309271171689 1156.2997741103172 610.05807779729366 1674.3369167000055 6407.635376483202 1917.6710739433765 1657.0877556949854 4661.5260857492685 313.47374565899372 29.931894168257713 306.95160239934921 1432.5214979499578 1239.1569948941469 2216.5630488544703 1895.2070868611336 2649.8060435056686 1825.2313175797462 916.00806999206543 1019.0149413496256 191.80700062215328 1970.053792193532 1062.6172671169043 30.073701977729797 3737.3887664228678 2002.8488824367523 3871.5033965408802 89.555839754641056 126.50734634697437 174.37905712425709 1636.4836577028036 624.10813160985708 214.83913516998291 3078.2388040572405 2413.3151396661997 2923.3649888783693 2658.6845159083605 1549.017423003912 55.410826444625854 1716.1413432508707 1153.7115709334612 1641.5427278801799 144.86695277690887 219.51995861530304 1541.9551423192024 1358.0510904341936 39.282109782099724 779.3595580086112 32.211621776223183 576.13354608416557 455.4626922160387 588.78191161155701 1073.7761671990156 1324.7959030419588 569.22741620242596 389.97103461623192 139.91836488246918 241.89833274483681 2622.0304677337408 235.68227402865887 1347.5873185247183 10199.831504449248
leaf_count=6482 3381 8418 1825 1588 9280 18052 3830 2919 33184 936 76 1158 4300 3735 8211 3554 4649 7060 2162 1728 327 6385 8271 116 9326 6042 9240 401 317 347 3173 3292 432 7979 8073 14900 11307 3312 197 7341 4139 9232 384 778 2413 2270 141 5292 99 1576 982 1659 3287 3858 1310 743 323 997 9259 585 4027 16171
internal_value=0.0231203 0.010355 0.053744 0.0192704 -0.00659966 0.0157089 0.0425318 0.032743 -0.0172114 -0.0207456 0.063608 0.00175458 0.0216385 0.00693606 0.00413102 0.0301325 0.0513335 0.00437155 0.0202311 0.0427243 0.037919 0.0171632 -0.0224242 0.020706 0.0282938 0.00963238 0.0272995 -0.0192216 -0.00358553 0.0540486 0.0496297 -0.000781856 0.0223094 0.0208168 0.014197 0.00113918 -0.000271294 0.0321536 -0.0148276 -0.00477912 0.00038791 -0.00903621 0.0357572 0.0186096 0.0581465 0.0584956 0.0315812 -0.0335389 0.0511803 0.00944451 0.0439984 0.0217771 0.0204398 0.0184592 0.0222608 0.0328332 0.012616 0.0103953 0.0119188 0.0381288 0.00921237 0.0676865
internal_weight=93246.3 65812.7 27433.6 43132.1 22680.6 34113.8 12839.3 9018.27 9990.51 8548.08 14594.3 12690.1 20355.4 13758.5 11361.4 5330.33 7509 10960.4 2397.06 3317.24 3180.9 11368.3 8234.6 830.226 7361.18 6632.73 8987.07 6392.62 4728.67 4364.5 3208.2 6513.11 4725.6 4510.76 4416.16 5889 5582.05 5286.41 1729.75 4602.16 2869.85 1731.1 2298.22 2149.43 4191.76 1571.71 213.661 1841.98 224.019 606.207 2350.67 1929.91 8050.64 2074.77 6976.86 4261.47 1464.71 1481.06 4447.26 2153.35 3317.64 10229.8
internal_count=296831 246767 50064 126516 120251 105190 26061 21326 63798 57316 24003 56453 55755 49435 42541 12472 13589 46976 6894 6527 6654 33061 56380 2118 18407 22326 22694 42817 20215 7756 5931 30657 12711 12279 14115 27365 26207 12638 9477 19898 11480 9633 4799 5818 7062 2758 488 13563 426 1692 4536 5040 22649 5769 19362 9983 4181 4732 16319 4415 10412 16247
is_linear=0
shrinkage=0.05


Tree=20
num_leaves=63
num_cat=0
split_feature=21 48 21 18 69 69 43 1 9 9 18 43 43 1 43 8 28 59 1 18 59 30 68 69 62 69 18 0 25 18 60 41 4 27 45 43 55 47 30 0 69 30 64 47 1 8 0 41 17 55 27 43 26 62 47 9 30 46 18 64 48 47
split_gain=13577.7 3583.21 1220.6 759.173 738.118 607.25 529.691 291.2 281.448 267.701 242.384 216.541 201.262 188.243 175.12 148.145 141.061 130.407 125.545 121.731 121.024 112.669 110.265 109.178 108.953 107.519 101.812 99.2468 98.3936 92.4291 96.5029 89.6276 88.3867 88.243 128.794 97.5796 87.7813 86.7316 82.9191 80.2924 79.5456 79.2494 78.6562 78.3761 76.6568 77.3679 76.4799 76.0114 75.8946 75.855 73.569 73.5036 93.9101 73.1561 73.2173 70.8511 70.3356 70.1605 67.8854 66.8374 63.7115 62.818
threshold=0.78571428571428581 146832115.69885865 2.5000000000000004 718553651.35045826 7.7057921137138736 18.807588185506962 4.7375247035573134 5.5950000000000006 189548.00000000003 189548.00000000003 81753272.656293467 4.7213059619201649 4.2751562500000011 4.705000000000001 4.4636602870813418 0.19950000000000004 31656980512.409153 162.87352571587158 4.4850000000000012 10785252.804535801 560.78595961157146 5.5000000000000009 15.33701167815971 7.7057921137138736 0.96666666666666645 15.097897114834087 708000630.8586787 68.250000000000014 1.1088369750721339 4086646767.2006803 0.72776280310209163 0.5277777777777779 0.7521500000000001 1.1472315808458509 0.97494679610934232 4.3850531914893631 7463832.6792456573 36.524634394714219 25.500000000000004 106.45000000000002 3.8960848622140354 71.500000000000014 1.0000000180025095e-35 2.6466787174673585 4.995000000000001 0.19450000000000003 41.050000000000004 0.1277777777777778 4.1455967228215282 885893.59252196224 47.489645706886982 4.6200467289719649 35.968407960199016 1.4361415289256196 59.173820872359933 8150.0000000000009 7.5000000000000009 10.004687500000001 7309896.0205069082 1.0000000180025095e-35 49525764906.738258 1.0253942301229526
decision_type=2 2 2 2 2 2 2 2 2 2 2 2 2 2 2 2 2 2 2 2 2 2 2 2 2 2 2 2 2 2 2 2 2 2 2 2 2 2 2 2 2 2 2 2 2 2 2 2 2 2 2 2 2 2 2 2 2 2 2 2 2 2
left_child=1 4 6 5 7 8 14 9 18 43 28 17 -6 23 36 27 55 31 -3 25 40 24 57 47 37 44 38 59 41 30 -16 53 48 35 -35 -30 50 -13 -8 56 -11 51 -17 49 -14 46 -46 -10 -12 -1 58 52 -4 54 -7 -5 -20 -15 -2 -9 -23 -34
right_child=2 3 10 16 12 11 26 15 13 20 32 21 19 22 29 42 -18 -19 39 -21 -22 60 -24 -25 -26 -27 -28 -29 33 -31 -32 -33 61 34 -36 -37 -38 -39 -40 -41 -42 -43 -44 -45 45 -47 -48 -49 -50 -51 -52 -53 -54 -55 -56 -57 -58 -59 -60 -61 -62 -63
leaf_value=0.0050277444921795478 0.011262845518955169 0.0076836294834899226 0.017424856721772852 0.04063603397203662 -0.014305181001388258 0.013345422837527394 0.038737692612599378 0.014886684730822344 -0.023013685727917736 -0.024101086990493348 0.04103900769577852 0.013854981724729602 -0.0052030964317608874 -0.013265816771384234 0.048081489948561679 -0.024859728674204686 0.056898218216642329 0.009046020849727528 0.020117280616837124 0.027300955020613429 -0.03686418191748362 0.030771461008512642 0.0041012027821781677 0.0017843721399198695 0.052741851948694254 0.009884331689686561 0.059052097822488873 -0.02706721603887783 0.072230105217245766 0.051425801101275863 0.028452761680387375 0.032448757188650465 0.044443859509401565 0.043488243918826414 -0.029657277902038509 -0.024097478828711189 -0.018568194638786797 0.026093339447820198 0.056875019641496972 0.00063190773430675442 -0.012906380531676956 0.059816106853839049 0.0078589992359085394 -0.014071062684836742 0.02705956505529904 -0.0099756564788635663 0.00064399131358986339 0.001221730770365006 -0.08073712864409438 0.086995569218013588 -0.0036843260830570638 0.053288020536066287 0.064186059823987951 0.052349648329197564 0.023224429831519521 0.023162897808363406 0.035006713580953953 0.02230711098629401 0.037599645656762423 0.046986200510045623 0.048786017823313238 0.065772351097674722
leaf_weight=1071.0080289170146 445.31251920759678 2210.9933169782162 405.90595051646233 1630.8393627405167 1490.3050674796104 4356.6303474605083 1803.2403486520052 486.7231088578701 896.39882837235928 4156.1754629090428 43.164808139204979 2409.590387314558 3393.1325709223747 149.08612532913685 759.55240948498249 447.26719497144222 963.65926991403103 3576.2014490962029 2573.9462114721537 597.05065298080444 1233.6120397672057 3601.3286802619696 2361.1311923712492 4329.752017557621 286.93685057759285 4188.2127832323313 2459.031048566103 102.02270483970642 140.96592031419277 704.80598512291908 3565.9254833608866 1303.75639359653 356.17956611514091 122.2311802059412 118.54964834451675 32.317753702402115 173.08548301458359 3626.4111131429672 968.66192403435707 381.92307455837727 2566.8587390184402 1821.3280445486307 311.69909311830997 715.59043603390455 611.04096513986588 420.54820220172405 496.78491447865963 506.25022585690022 18.184797406196594 28.989219158887863 270.74396069347858 839.06562232971191 145.98534262180328 154.50143921375275 3293.3370291590691 900.500742867589 1146.4255736619234 1972.4873806387186 543.05543951690197 243.19536577165127 568.25077582895756 11226.159291535616
leaf_count=4948 1378 7423 937 3306 8092 12826 3618 2098 4780 29773 84 6844 16644 670 1405 2491 1633 11127 7593 2000 9813 8390 8463 16035 566 15453 4160 536 220 1257 8045 3191 695 231 387 102 643 9142 1643 1284 16195 3044 1506 3673 2160 1904 2010 2005 67 97 855 1470 238 325 8881 2065 2757 6121 1267 858 1089 18318
internal_value=0.0220944 0.0098428 0.0519745 0.0182771 -0.00630805 0.0163106 0.0398178 -0.0152857 0.00898843 -0.0185153 0.0612839 0.0215324 0.00280279 0.00385911 0.0302436 0.00455196 0.0406179 0.0171368 0.0172879 0.00542942 -0.0224684 0.0268462 0.0115346 -0.00214309 0.0226388 0.00399596 0.051646 0.0191252 0.049996 0.0346354 0.0318996 0.0203135 0.0647994 0.0270561 0.00747468 0.0542648 0.0148183 0.0212077 0.0450759 0.0224642 -0.0198269 0.052953 -0.0114225 -0.00119104 -0.00101506 0.00828278 0.015214 -0.0142665 0.00494302 0.00718792 0.0194079 0.0439663 0.0297941 0.0182863 0.0175984 0.0344201 0.0247054 0.0198073 0.0257335 0.0255817 0.0332266 0.0651165
internal_weight=92724 65760.6 26963.5 43200.3 22560.2 39705.3 11693.4 11363.1 16528.4 9772.23 15270 23176.9 11197.1 10215.1 6462.48 1590.91 3495 12684.4 6313.29 9706.77 7956.65 10492.5 4482.7 5732.4 6322.94 9109.72 5230.93 831.941 3626.35 5030.28 4325.48 9108.23 11643.7 414.065 240.781 173.284 1432.2 6036 2771.9 4102.29 6723.03 3212.28 758.966 1815.59 4921.51 1528.37 1107.83 1402.65 61.3496 1100 1259.11 1390.96 551.891 7804.47 7649.97 2531.34 3720.37 2121.57 988.368 729.918 4169.58 11582.3
internal_count=296831 246767 50064 126516 120251 119512 24271 71988 57131 64499 25793 62381 48263 38074 14850 7489 7004 36350 19057 40171 55781 26031 15254 22820 16552 38171 9421 3492 6629 10707 9450 25223 19164 940 618 322 4143 15986 5261 11634 45968 5689 3997 8718 22718 6074 4170 6785 151 5045 3500 2645 1175 22032 21707 5371 10350 6791 2645 2956 9479 19013
is_linear=0
shrinkage=0.05


Tree=21
num_leaves=63
num_cat=0
split_feature=20 48 20 12 43 48 1 1 41 1 41 43 1 18 62 28 41 1 18 38 45 47 41 45 59 62 0 31 31 31 59 41 43 9 64 45 9 18 46 37 37 47 41 51 41 58 67 68 51 47 62 27 47 43 37 61 16 16 31 54 27 70
split_gain=12660.5 3456.25 912.445 839.965 671.279 567.46 405.578 350.321 341.312 292.614 292.57 230.568 189.449 186.407 183.06 177.127 171.228 159.835 137.237 137.125 126.666 118.755 109.891 106.735 104.833 99.7607 93.8045 93.3803 92.5926 90.8352 90.3806 89.2453 108.182 85.5882 83.2482 82.8519 78.9653 78.7707 127.668 76.6536 143.356 86.3207 121.123 75.2486 79.4357 74.2026 74.7113 73.192 71.0134 66.5707 66.5408 64.9404 63.5598 63.3172 63.228 61.5534 72.3171 70.2062 67.8282 65.9971 66.7977 61.2291
threshold=6.5000000000000009 146832115.69885865 33.500000000000007 5.7550000000000008 4.7160139372822316 15848844.984281095 4.8950000000000005 4.9050000000000011 0.094444444444444414 4.6550000000000011 0.038888888888888855 4.7213059619201649 6.6250000000000009 2165676702.9050369 2.4743801652892565 31656980512.409153 0.39444444444444454 5.9250000000000007 1132370764.4532464 160477307.61689153 1.3985754501969134 59.173820872359933 0.26111111111111113 0.81942355076085283 441.9246103158444 0.33558599695585972 65.450000000000017 2.8166666666666669 0.35000000000000003 0.81666666666666676 373.14419493819605 0.049999999999999954 4.7856282271944925 9603.5000000000018 1.0000000180025095e-35 1.1980537431813867 15092809.000000002 7635374.2564883111 23.802083333333339 20.669005663556323 3.535678207549481 7.2976793334115682 0.75000000000000011 2.0920164802077701 3.8388888888888899 9667520.4231357779 -0.44618082326431202 11.778358584938967 3.2572086142743841 1.0000000180025095e-35 1.7266528925619837 8.8640095237618439 1.0000000180025095e-35 4.9250850340136072 4.4969125210773484 12.857142857142852 30.703030303030307 9.2059285714285704 0.61666666666666681 2.2286560211320734 12.737520884197538 25.928144495726748
decision_type=2 2 2 2 2 2 2 2 2 2 2 2 2 2 2 2 2 2 2 2 2 2 2 2 2 2 2 2 2 2 2 2 2 2 2 2 2 2 2 2 2 2 2 2 2 2 2 2 2 2 2 2 2 2 2 2 2 2 2 2 2 2
left_child=1 5 4 6 13 7 8 24 31 30 25 16 19 20 36 33 21 -11 29 -12 43 47 -13 -4 -1 -8 -16 39 53 -6 37 -3 -33 52 -23 -18 50 38 -7 40 49 -42 -43 44 55 46 -22 -10 -45 -25 -9 -37 -5 -21 -48 56 57 58 -2 -59 -61 -24
right_child=2 3 23 15 18 9 10 14 11 17 12 22 -14 -15 26 -17 35 -19 -20 28 45 34 61 27 -26 -27 -28 -29 -30 -31 -32 32 -34 -35 -36 51 -38 -39 -40 -41 41 42 -44 48 -46 -47 54 -49 -50 -51 -52 -53 -54 -55 -56 -57 -58 59 -60 60 -62 -63
leaf_value=-0.02126631348207839 -0.070690985594429226 -0.011764340965685018 0.065381357404428464 0.017981865947147523 0.040241853510652688 -0.025819673055752907 -0.0024210558597062976 -0.002508407718295838 0.010199956711505361 0.0064766287251616546 0.018693969607639492 0.018187728029251886 0.068382240069825004 0.0495078199656874 0.047176743780268898 0.055683946541925003 0.021544009384103387 0.039542717152366826 0.061811295323036475 0.019625314449454451 -0.048971963823517865 0.018319517370134038 0.028049961796145852 -0.023173392835106027 -0.039847227562824321 0.026926356072523083 -0.050441495849715891 0.060916630037315435 0.039067393415165741 0.055705424650140473 -0.02298758692129417 -0.007535335170183676 0.011647743486325893 0.021525394776135156 0.0011590986073021464 -0.018875345934835544 -0.013907498924755696 0.010457225168329715 -0.0036339979238458444 0.068522158909233993 -0.049718572022094905 0.053408196720266712 -0.059055986173344788 -0.086386744933453469 0.04903560337132825 -0.039821093420178692 0.071253510510304402 -0.00041036452551869511 0.025490998475317096 0.05874939672006764 0.031303457014137587 0.013568809613574873 0.041801678067675332 0.031397971097856747 0.0075234278618021263 -0.0032779336128542489 0.02480922461247935 0.042633382923139868 0.020462228077687307 -0.067291674477539878 0.048670510139295839 0.050660188491520035
leaf_weight=3945.0320566669106 25.510095775127411 1281.2769103199244 8895.2090186625719 327.31025490164757 1910.8508013337851 733.61582913249731 1396.5422182679176 1345.6472069919109 2684.0997846275568 5610.4397649466991 5397.2386397570372 4680.7708202153444 251.92425635457039 1300.8719915002584 225.00018325448036 1120.1480872631073 4343.8876233845949 390.9296161532402 3348.6988775879145 2204.3141006678343 39.634820640087128 3206.1354294121265 1660.1531354337931 27.880178600549698 939.98166116327047 365.32478116452694 27.631661832332611 893.92790229618549 1816.7580407112837 1887.9828695803881 715.04453076422215 1227.1353914439678 1832.4084544181824 1131.3895550072193 906.57967187464237 228.1803824454546 2060.2496861815453 798.50933720171452 5585.8271370306611 131.67123208940029 74.687784880399704 79.356886237859726 34.283573985099792 26.632906064391136 544.16171100735664 92.746202990412712 55.626857295632362 4120.5155346989632 30.344086721539497 224.30040980875492 163.15113331377506 475.93434916436672 1939.8679987192154 2370.1926840096712 129.57527503371239 144.56468363106251 2721.8677233308554 1536.3858567625284 102.04522615671158 27.853487327694893 22.410012096166611 365.31240873038769
leaf_count=28510 97 5795 14808 819 3741 4546 5142 6966 8645 23547 15638 12892 441 2380 521 1931 11716 1053 5660 5846 159 9435 3975 90 8330 1103 123 1530 3963 3265 4300 4935 6035 2648 3036 895 11232 3158 27751 208 247 143 113 104 990 404 114 14436 71 385 559 1575 3891 5716 421 402 6251 3054 242 96 42 710
internal_value=0.0211193 0.0100301 0.0520819 0.0179862 0.0437328 -0.00597064 0.0157216 -0.0159707 0.0121588 0.000322934 0.0226944 0.0146181 0.025479 0.0324871 -0.00463151 0.0384408 0.0113501 0.00863056 0.054432 0.0245622 0.0284608 0.00782906 0.022398 0.0633211 -0.0248417 0.00366416 0.0364997 0.0508211 0.0295177 0.0479271 -0.00604208 -0.000685776 0.00395371 0.0327576 0.0145368 0.0189651 -0.00754295 -0.00433979 -0.0062095 0.0350486 0.0250431 -0.00796329 0.0194795 0.0303394 0.0309747 -0.00219089 0.0133317 0.00377491 -0.0268043 0.0496923 0.00114778 0.00305473 0.0383628 0.0257251 0.0266652 0.0288292 0.0298755 0.0379199 0.00223228 0.0407889 -0.0155899 0.0321279
internal_weight=92183.5 67874.5 24309.1 45333.4 13947.8 22541.1 40814.7 8706.69 27012.4 13834.4 13802.3 22671.6 12040.4 6800.23 3821.68 4518.72 15965.3 6001.37 7147.53 11788.5 5499.36 10917.3 6706.24 10361.3 4885.01 1761.87 252.632 1466.11 6391.26 3798.83 7833 4340.82 3059.54 3398.57 4112.72 5048 3569.05 7117.95 6319.44 572.18 440.509 188.328 113.64 5181.78 5124.8 317.583 224.837 6804.62 56.977 252.181 1508.8 704.115 2267.18 4574.51 185.202 4580.64 4436.07 1714.2 127.555 1586.65 50.2635 2025.47
internal_count=296831 251814 45017 131218 27493 120596 121929 56241 84080 64355 37849 67315 31604 14827 19401 9289 49738 24600 12666 31163 12447 35552 17577 17524 36840 6245 644 2716 15525 7006 39755 16765 10970 7358 12471 14186 18757 35455 32297 1186 978 503 256 11349 11174 1098 694 23081 175 475 7525 2470 4710 11562 535 10184 9782 3531 339 3192 138 4685
is_linear=0
shrinkage=0.05


Tree=22
num_leaves=63
num_cat=0
split_feature=20 39 10 69 48 69 43 43 14 40 1 12 43 1 48 69 9 1 30 48 59 40 1 16 23 69 46 20 56 69 53 1 69 59 18 9 59 46 24 0 1 59 45 24 60 23 39 61 9 69 45 28 1 35 14 69 30 58 1 59 55 63
split_gain=11838.9 3145.53 961.946 870.972 809.947 474.382 456.99 327.878 326.875 272.353 251.203 222.847 203.492 182.703 155.65 146.943 144.325 132.014 125.324 119.102 111.269 108.816 105.685 104.822 103.374 101.816 97.1949 89.6326 87.1265 102.879 82.8414 82.5342 81.2254 80.2803 78.0428 77.5807 76.0628 75.249 74.7912 70.7719 69.5009 81.2217 69.2256 74.7694 71.0388 82.3786 68.9436 67.2049 66.8981 68.2237 67.3627 64.9899 64.1119 63.7908 63.5153 60.4944 59.8228 58.9294 57.9228 57.6273 56.7714 55.5421
threshold=6.5000000000000009 28185412507947896 8.5000000000000018 6.3237503422867247 13239306167.9065 13.95225722536158 4.7213059619201649 4.6400304878048795 1.0000000180025095e-35 117.50000000000001 6.495000000000001 5.3050000000000006 4.300625000000001 4.4850000000000012 22751352802.89983 18.807588185506962 28894.000000000004 4.9050000000000011 24.500000000000004 367065762881.72784 117.27520445318387 26.500000000000004 6.8750000000000009 11.059821428571432 5.0910427807486647 24.535787632869489 45.968333333333341 34.500000000000007 28.500000000000004 9.6060995494262045 180.50000000000003 6.5450000000000008 41.656739314430816 441.9246103158444 6802800.715789956 8150.0000000000009 225.90149813208021 143.54423076923081 0.36400549446402602 9.9975000000000005 4.5550000000000006 104.6548236245353 0.61367698529807357 0.40620192023179819 12.857142835003646 4.325454545454547 7.8662858610716641e+18 9.5098666610447733 189548.00000000003 5.6145446964227927 2.0846135131356167 1997631.1574844418 5.5950000000000006 0.85853068962886625 0.082707262193614559 2.3412878693584926 2.5000000000000004 33545590.84202354 6.0850000000000009 59.070544916129556 2272313.438016227 120.90048261334711
decision_type=2 2 2 2 2 2 2 2 2 2 2 2 2 2 2 2 2 2 2 2 2 2 2 2 2 2 2 2 2 2 2 2 2 2 2 2 2 2 2 2 2 2 2 2 2 2 2 2 2 2 2 2 2 2 2 2 2 2 2 2 2 2
left_child=1 3 6 10 5 8 9 20 13 28 17 19 52 -3 42 22 47 23 24 53 32 31 40 56 -8 58 -17 36 34 -30 -31 48 51 -25 39 -10 -11 -13 -38 -2 54 -42 -4 44 45 -44 -22 -9 -15 50 61 -7 -5 -6 -14 -23 -1 -45 -18 -46 -53 -50
right_child=2 4 14 12 11 7 18 16 35 27 -12 37 15 21 -16 26 25 -19 -20 -21 46 55 -24 33 -26 -27 -28 -29 29 30 -32 -33 -34 -35 -36 -37 38 -39 -40 -41 41 -43 43 57 59 -47 -48 -49 49 -51 -52 60 -54 -55 -56 -57 -58 -59 -60 -61 -62 -63
leaf_value=-0.0084448485370939956 -0.041129750048997986 -0.0078004568994893891 0.06371381518567508 -0.015049828318807452 0.029763424604224337 0.0050740501987767521 0.034465719863688425 0.02932490143924886 0.028945423449563929 0.041899627282505486 0.022566682967431653 0.049377480650488546 -0.0065739210021620795 0.010742290356084573 0.064354445221248974 0.0012125872638647822 0.014865274029233625 -0.010682640734035517 0.058040546477873628 0.045534073909711412 0.006087591875683529 0.065179643243034213 0.040102554457295075 -0.022475832422224826 0.055273007607965108 0.025059329383509684 0.018528709386587235 0.059924416831171917 0.037111668836995959 -0.043749116832102496 0.027346402600921263 0.048389022154754414 0.035264889462536912 -0.037497260263581592 0.031848602797072793 0.010321587863550395 -0.036602822068581363 -0.007441511172922001 0.064661147873394817 0.019655549056175219 0.0097129070741645198 -0.0038315448301051349 -0.021698873078440793 0.03972447615684821 -0.019357477922818448 0.06213337091324464 0.049791616472161994 0.048152664470927392 -0.019963090942452036 0.0037370293258791273 0.090557802150148747 0.01866072690932212 0.032485391634169095 0.016232113642318691 0.066573771101598081 0.020835955208900622 0.041137040197096846 -0.032879246314458814 0.04346843850211124 0.05774569925133527 -0.0017398705416055379 0.016862973411487448
leaf_weight=267.6768091917038 49.542777925729752 3209.5037121400237 828.93321892619133 1764.888383038342 1882.6988548487425 1372.154234290123 1466.9958733916283 1872.0497546643019 1587.8310932964087 1234.6057295650244 369.11725862324238 1924.2900876551867 3015.4161294475198 2283.1497636735439 8457.0554596483707 1194.9087811559439 5248.3383818566799 2825.9783997088671 3084.0154170691967 743.71086193621159 5391.8862050175667 95.352410852909088 167.80484390258789 4365.8193963617086 1006.4526976794004 6642.6395224779844 2518.1054103076458 799.12084113061428 114.38687942922115 137.52091385424137 58.362093046307564 107.28635306656361 521.59467716515064 1117.0380995348096 2761.5140167176723 863.1648785918951 61.191980510950089 60.090804383158684 25.97351236641407 1431.4572634845972 2586.8181791305542 1934.652920499444 30.171468243002892 1134.2385751903057 54.05720129609108 1019.6774739027023 91.774199649691582 634.63871346414089 705.5837355107069 2558.8758910447359 15.509706452488897 4997.0018429756165 73.903162881731987 1620.8698657602072 29.971788257360458 397.68631908297539 78.729018792510033 28.654298409819603 183.17243200540543 43.925957694649696 366.00109829008579 119.76843329519033
leaf_count=1418 170 14273 1389 9911 4290 4537 2991 4370 3979 2368 1102 3503 15009 7654 14588 4404 14984 16053 5330 1489 17469 193 412 32538 1765 16237 7732 1364 258 538 141 232 1190 9813 5933 2478 201 156 42 3561 10403 8336 100 2222 173 1715 202 1220 3473 9827 49 14376 261 4426 103 1157 304 90 405 78 1337 509
internal_value=0.0201903 0.0095367 0.0505076 -0.00584165 0.017078 0.0144203 0.0407254 0.018054 0.00610817 0.0319059 -0.0178287 0.0338239 0.00230009 0.00190509 0.060825 0.00478006 0.0231741 -0.0195514 0.0513163 0.027361 0.0121943 0.00686275 0.000855169 -0.0238509 0.0429323 0.0209075 0.0129561 0.0467049 0.0250118 -0.000565112 -0.0225667 0.00494266 0.0162562 -0.0255362 0.0268824 0.0223867 0.0387126 0.0476569 -0.00642826 0.0176221 -1.51922e-05 0.00391749 0.051318 0.0468712 0.0559241 0.0597241 0.00681902 0.0340917 0.00412245 -0.000323219 -0.0126792 0.0147841 -0.0131393 0.0235034 -0.00585402 0.0294119 0.00282382 0.0379355 0.0158299 0.015208 0.0172685 -0.0146192
internal_weight=91635.3 67807.5 23827.9 22310.8 45496.6 39265 12231.1 27321.3 11943.7 6673.68 9024.36 6231.66 13286.5 9492.72 11596.7 11447.7 14580.8 8655.24 5557.46 4247.28 12740.4 6283.21 7734.66 5829.26 2473.45 12074.2 3713.01 2120.89 4552.78 310.27 195.883 5790.17 7256.75 5482.86 4242.51 2451 1321.77 1984.38 87.1655 1481 7566.86 4521.47 3139.66 2310.72 1147.83 1049.85 5483.66 2506.69 5682.89 3399.74 840.862 6735.16 1838.79 3503.57 3045.39 493.039 346.406 1162.89 5431.51 97.9832 5363 825.352
internal_count=296831 251814 45017 117799 134015 120151 24662 76327 43824 14576 61228 13864 56571 37367 20355 46399 37216 60126 10086 10205 39111 23094 34263 44073 4756 31626 12136 3975 10601 937 679 21744 21440 42351 9664 6457 2611 3659 243 3731 33851 18739 5767 4378 2066 1815 17671 5590 21512 13858 4031 20250 10172 8716 15112 1350 1722 2312 15389 251 15713 3982
is_linear=0
shrinkage=0.05


Tree=23
num_leaves=63
num_cat=0
split_feature=21 39 18 69 10 69 43 43 40 40 62 18 43 28 68 48 45 62 40 2 48 59 21 30 69 6 33 36 68 9 18 54 21 34 59 47 62 62 69 18 59 59 43 9 36 68 69 24 40 58 69 43 55 43 22 26 33 66 47 9 23 59
split_gain=11077.2 2995.55 831.48 800.485 763.217 450.306 426.896 302.834 258.147 251.382 245.847 197.349 170.933 145.693 145.107 137.293 127.552 127.318 125.153 109.182 108.446 107.068 104.686 104.483 104.014 98.4336 93.1432 92.3333 88.7156 87.9661 85.9823 85.7112 83.1978 83.0544 82.7573 79.6283 78.3524 77.6639 77.0188 89.5 74.3778 72.6412 72.0454 69.1149 69.0986 70.3919 67.42 66.2714 65.64 64.3672 63.5942 63.5296 61.7398 59.4402 59.3801 70.4644 64.7444 70.0429 59.3329 59.1696 57.9239 55.1152
threshold=1.0714285714285716 28185412507947896 1015884274.1461791 7.7057921137138736 10.500000000000002 13.95225722536158 4.728601953601955 4.5833892617449674 43.500000000000007 117.50000000000001 1.5000000000000007 3946874.7278308398 4.300625000000001 31656980512.409153 59.585640920802327 49525764906.738258 0.60538018689544237 1.4361415289256196 47.500000000000007 2.5000000000000004 22751352802.89983 116.04544532156042 4.9285714285714297 25.500000000000004 21.380731746782509 3.2550000000000003 5.025352164343361 526.01333333333343 11.211878012679465 34596382.000000007 6802800.715789956 0.98906394552047716 0.21428571428571427 0.20463381929681126 225.90149813208021 20.588545224084196 2.1672619047619057 0.4000000000000008 35.583029424211503 15846476.141765537 259.04776050508173 373.14419493819605 4.4154509283819641 8150.0000000000009 6.003000000000001 61.882080010396727 2.3958421498095643 0.36400549446402602 50.500000000000007 1459878.8435985062 3.8960848622140354 4.763678646934463 29831852.690225221 4.2751562500000011 6.495000000000001 1.0000000180025095e-35 4.3201226993865047 0.44618082326431213 4.0259093893013418 6384.5000000000009 4.4008620689655187 110.19891948630168
decision_type=2 2 2 2 2 2 2 2 2 2 2 2 2 2 2 2 2 2 2 2 2 2 2 2 2 2 2 2 2 2 2 2 2 2 2 2 2 2 2 2 2 2 2 2 2 2 2 2 2 2 2 2 2 2 2 2 2 2 2 2 2 2
left_child=1 3 5 10 6 8 9 18 11 30 14 19 -5 43 32 17 -10 21 28 -3 25 38 34 26 36 58 -8 40 53 -12 -2 -20 37 -27 -11 -26 59 41 39 -9 48 50 -18 -4 -21 -46 -16 -36 -23 -33 -1 -39 -35 -7 55 -32 -57 -58 -6 -14 -56 -51
right_child=4 2 13 12 20 7 23 15 16 22 29 -13 24 -15 46 -17 42 -19 31 44 -22 27 -24 -25 35 33 -28 -29 -30 -31 54 49 -34 52 47 -37 -38 51 -40 -41 -42 -43 -44 -45 45 -47 -48 -49 -50 61 -52 -53 -54 -55 60 56 57 -59 -60 -61 -62 -63
leaf_value=-0.021723185440047015 0.015116715908238907 0.016203507254388998 0.038088842136237699 -0.012193910766361204 0.020577969523896587 -0.015917381491480684 0.035079730475226369 0.018701912560268034 0.050928468553593502 0.040649818817532844 0.028926294273561848 0.013613372016689749 0.032423782807957692 0.053204662941039309 -0.039290699006947309 0.036891542799535264 -0.031700584373397726 0.055120996613006762 -0.021100211631806604 -0.053090780217907522 0.06366712519634142 0.013046419383177641 0.059147703227330109 0.058433189044303252 0.0019239918406906307 -0.030407900780706931 0.055455786673235731 0.02842255243816166 0.0055392112408619749 -0.0056179157613573134 0.074949979508198553 0.011740716681075243 0.0092191788656566104 0.05509670721422643 -0.038650279229285239 0.019518751307782047 0.036668030987558484 -0.010445011170329444 0.031871575011787084 0.030834234942555473 -0.0023592521028340451 -0.032086686756465518 0.021367985238435944 0.021114867125415271 0.00029336637687552686 -0.014056535834949025 -0.020649100710556298 0.062643413097537445 0.042160757393461624 0.04155711823172413 -0.0092815687922606672 0.022029870612780826 -0.020164060841810664 0.017993424816990591 -0.03666351422273087 -0.019916419243436088 0.0082381835975495026 0.031402774243470592 -0.086951881587358448 0.0010338231685995862 0.042063643290270403 0.021462724957710132
leaf_weight=2458.1497311815619 1269.2459717392921 896.72762614488602 1763.7060371041298 1552.3868502676487 44.655712485313416 135.93144904077053 1247.3500484079123 7835.7815705984831 409.03064614534378 1168.9325335323811 377.36771985888481 3910.2463911473751 153.36635023355484 1214.1367590427399 985.02082956582308 1399.535935536027 69.082296550273895 263.61724555492401 107.89851878583431 66.471651293337345 7511.3951612859964 3932.4314130991697 967.39484792947769 3032.0079979002476 965.1731358319521 29.355532750487328 1019.0663069188595 1007.9248614013195 6209.1056116521358 360.197195276618 69.094369620084763 655.14775991439819 344.21715109050274 2329.269686549902 59.852444469928741 1926.7122431397438 163.78094623982906 2010.9277431890368 1981.3227518051863 1885.9834338724613 779.33323331177235 911.82691243290901 861.61153782904148 908.70029826462269 5694.7387187927961 1005.4985338002443 955.52024535834789 22.113159641623497 203.61958031356335 636.9024553745985 1764.2131563797593 162.78987689316273 27.572677999734879 2618.9001337140799 23.911609202623367 81.972571045160294 436.39633402228355 1293.8265239447355 17.999335378408432 7106.37367400527 1020.3499279767275 735.08985777199268
leaf_count=18258 3209 2855 3531 8438 99 622 2528 20898 782 2262 1274 12149 549 2175 8249 2905 278 492 419 345 13348 10887 1694 5321 3510 103 1806 2397 20241 1675 103 1819 1713 4183 200 5712 417 11842 4459 4313 2408 7615 2248 2057 23256 4637 6558 36 420 1438 11255 684 81 7741 77 296 1083 2749 73 30073 1979 2007
internal_value=0.0193092 0.00956303 0.0166884 -0.00558413 0.0505135 0.0147 0.0418604 0.0180238 0.00687826 0.0331835 -0.0157611 0.00447304 0.00327435 0.0388423 -0.0179 0.02181 0.0276566 0.0206302 0.0114437 -0.000190787 0.0606882 0.0201143 0.0467963 0.0523627 0.0056022 0.0515508 0.0442416 0.0146368 0.00885246 0.0120563 0.0259847 0.0223228 -0.0148031 0.0531752 0.0372443 0.0136465 0.0024685 -0.0159346 0.0228867 0.0210555 0.0118099 -0.0192885 0.0174289 0.0323172 -0.00236337 -0.00186011 -0.0301116 -0.0113227 0.0144797 0.0246341 -0.0165248 -0.00801296 0.0542162 0.0163202 0.0306998 0.0253926 0.0235031 0.0255602 -0.0103129 0.00169695 0.0402609 0.0307909
internal_weight=91058.3 69386.5 47188.5 22198 21671.8 43301.9 11711.5 30388.5 12913.4 6413.09 10330.2 11573.7 11867.8 3886.54 9592.67 19289.6 1339.72 17890 11099 7663.44 9960.25 17626.4 2218.29 5298.42 10315.4 2448.85 2266.42 5923.31 8963.94 737.565 4194.8 2135.04 7652.12 2386.2 1250.9 2891.89 7423.52 7307.91 11703.1 9721.77 4915.38 5134.19 930.694 2672.41 6766.71 6700.24 1940.54 81.9656 4136.05 2027.14 4222.36 2173.72 2356.84 2754.83 2925.55 1881.29 1812.2 1730.22 62.655 7259.74 1044.26 1371.99
internal_count=296831 255601 137779 117822 41230 130016 23343 83466 46550 13688 69123 43242 48699 7763 66174 49179 3308 46274 34287 31093 17887 45782 4192 9655 40261 4539 4334 16112 28604 2949 9496 5683 51367 4367 2498 9222 31039 49654 29670 25211 13715 37128 2526 5588 28238 27893 14807 236 11307 5264 29513 12526 4264 8363 6287 4231 4128 3832 172 30622 2056 3445
is_linear=0
shrinkage=0.05


Tree=24
num_leaves=63
num_cat=0
split_feature=21 38 69 48 19 1 1 12 69 48 30 48 14 1 55 1 10 69 59 48 19 43 64 14 68 63 59 43 63 16 21 69 36 36 68 69 46 40 43 63 63 37 1 68 46 38 45 21 45 69 10 59 3 19 55 66 27 59 5 59 23 7
split_gain=10391.5 2839.08 919.419 783.74 642.788 332.092 292.519 238.765 220.934 216.977 216.599 213.475 191.387 163.965 158.882 154.8 137.328 137.856 129.243 128.592 107.373 96.649 96.538 93.297 90.4925 87.0919 86.5675 86.0186 84.947 83.9702 82.8933 78.8536 75.6042 74.8075 74.4235 74.2441 73.649 73.0413 70.7737 69.9516 69.7856 65.5411 63.1209 62.6683 62.3811 63.8044 62.0986 61.3125 93.9361 59.6655 58.5322 63.907 58.4223 56.605 55.376 60.1015 57.4176 55.0603 54.7109 59.0466 54.3243 53.9385
threshold=1.2142857142857146 41193836.742394902 11.933748848671929 13239306167.9065 1.0292127244434462e+17 4.8050000000000006 4.9050000000000011 5.3050000000000006 13.315790620099078 12223183.666937871 45.500000000000007 22751352802.89983 1.0000000180025095e-35 6.8750000000000009 1845748.6499646329 6.5050000000000008 1.5000000000000002 10.02434903288442 116.04544532156042 367065762881.72784 12097280443487314 4.7434035395641372 1.0000000180025095e-35 1.0000000180025095e-35 23.982318826515201 18.312667171592889 441.9246103158444 4.7001182033096951 594.41845383228008 100.05000000000001 12.357142857142859 40.574746085484556 10.119718309859158 35.240454545454554 11.211878012679465 3.8960848622140354 45.968333333333341 38.500000000000007 4.7885895117540693 177.74801995742916 104.52200859889284 39.611785920312109 4.995000000000001 57.486764577110783 225.07857142857145 6248412961.8616343 1.3571702559476664 4.9285714285714297 0.94411843892011194 27.66356637873093 18.500000000000004 779.82269281538936 30.850000000000005 5.658403541458423e+19 9857846.4906519912 0.56638466991089664 9.994457633051919 384.44102295350791 0.90500000000000014 27.371554190819612 4.5499752475247535 3.9050000000000007
decision_type=2 2 2 2 2 2 2 2 2 2 2 2 2 2 2 2 2 2 2 2 2 2 2 2 2 2 2 2 2 2 2 2 2 2 2 2 2 2 2 2 2 2 2 2 2 2 2 2 2 2 2 2 2 2 2 2 2 2 2 2 2 2
left_child=1 2 6 5 10 8 9 19 12 26 38 27 25 24 22 16 17 28 20 -5 31 47 36 35 52 -3 -1 30 -7 53 46 41 -18 -26 -19 -11 -4 -27 54 -39 -14 -10 -38 -15 -20 57 -6 48 -12 -36 51 -13 -8 -9 55 -2 -56 -46 59 -54 -48 -37
right_child=4 3 14 7 11 15 13 29 18 23 21 50 40 43 -16 -17 32 34 44 -21 -22 -23 -24 -25 33 37 -28 -29 -30 -31 -32 -33 -34 -35 49 61 42 39 -40 -41 -42 -43 -44 -45 45 -47 60 -49 -50 -51 -52 -53 58 -55 56 -57 -58 -59 -60 -61 -62 -63
leaf_value=-0.021229060658011278 0.012981788670067086 -0.012284789901708089 0.004821382602981903 0.021998524308750964 0.037590627541993486 0.0029036868053014487 0.042952129976955869 0.040958024689111319 0.0084267591161142751 -0.021510196865788256 0.037279675576718845 0.056648768231154084 0.013075747613798337 0.044281812518744273 -0.01615447833181223 0.055143105380020957 0.0049420800468050127 0.026515270806177119 0.005486510940471867 0.042875982423427182 0.026667988237541608 0.058279190146401719 0.0017778011838414862 0.017446855715753131 0.014555818258890197 0.00020863818311448032 -0.039502113727252486 0.054646479148006147 0.058663768789535435 -0.00092160484513898507 0.064465787613232239 0.030761515671041125 0.036663981491929586 -0.015668908813496748 0.012180029929055425 -0.030601361714498784 0.011942502728237298 0.012878315754767609 0.040310941890467661 0.071459518963938415 0.041027520421888147 0.017831612615280563 0.024258905257974254 -0.018694530096147435 0.017593284167211908 0.066354086927294872 -0.079864278477561945 0.048153168161533283 -0.0056786280455516092 0.02356419041978737 0.063986604766857136 -0.0096385092656920413 -0.018648351850790446 0.056908549761241913 0.010137722799234009 0.030732669665131569 -0.075368585718398301 -0.0057778797509847601 0.0087161818985974967 0.0017222007291234657 0.045045745960260203 -0.0072428673610686785
leaf_weight=3201.5648435279727 755.9682010859251 1434.3745544999838 2495.3542974740267 3765.8261780440807 1857.2342804968357 1660.5306340605021 84.989431411027908 1393.6987285763025 3633.0093468129635 1419.2696160972118 1010.0238515287638 4010.1171839386225 1558.3073898106813 255.33628045022488 673.37752765417099 328.47673580050468 212.69631353020668 3302.4784531593323 4718.4243418574333 917.19937121868134 2457.4952341765165 1054.2911735475063 3367.3782363384962 292.27538700401783 233.51010583341122 3041.4521883875132 812.66692680865526 1950.849960938096 71.233264982700348 93.837857007980347 303.78702087700367 701.46655988693237 1606.704298183322 1660.450534760952 2862.1358657926321 261.25359258055687 3890.5909242928028 212.89730486273766 748.29602757096291 66.994882449507713 260.64892266690731 3779.7514142841101 1419.9297386407852 46.733416303992271 1789.3879821151495 60.584797739982605 21.256475508213043 1156.0328948646784 145.60060547292233 1925.1190729737282 5446.6312149912119 36.69307753443718 543.69221256673336 925.63401857018471 67.011130154132843 1291.5391891598701 27.768911764025688 293.32021348178387 1242.9358644038439 1029.0321625769138 14.740624785423277 4575.9746413379908
leaf_count=25015 1871 6106 9411 9143 3731 5885 306 2704 10882 9753 2000 7465 4134 585 3228 632 606 8240 14483 1820 5890 1862 12927 1105 1019 12345 7915 3541 153 236 531 1599 3419 9277 8169 1628 13223 617 1454 114 581 10306 4027 176 4889 109 91 2210 412 4686 9932 100 2944 1644 189 2821 122 951 5707 5090 29 24791
internal_value=0.0184684 0.00947132 -0.00307765 0.0174849 0.0503819 0.0144896 -0.0110286 0.0326712 0.0110977 -0.0157754 0.0371122 0.056468 0.00328724 -0.00119059 0.0074324 0.021293 0.0203378 0.0180004 0.0140433 0.0260875 0.0175116 0.0457334 0.0088539 -0.0101649 -0.0034416 -0.0019886 -0.0249284 0.0470053 0.00519729 0.0454477 0.0402203 0.0147385 0.0329555 -0.0119424 0.0207412 -0.0114548 0.0119065 0.00245796 0.0270732 0.0269003 0.0170811 0.0132223 0.0152357 0.0345387 0.0086996 0.0157732 0.0363299 0.0400116 0.0318672 0.016758 0.0606025 0.0560477 0.00210896 0.0473238 0.0224492 0.0241788 -0.0149141 0.0143018 0.000876132 -0.00531992 -0.0287143 -0.00850443
internal_weight=90477.8 70580 27506.3 43073.7 19897.8 35977.5 15659.7 7096.2 24008.1 10563 6256.53 13641.3 6574.68 5096.68 11846.6 11969.4 11640.9 9821.5 17433.4 4683.03 10571.7 3365.95 11173.3 6548.77 4794.61 4755.72 4014.23 4147.87 1731.76 2413.17 2197.02 8114.23 1819.4 1893.96 8089.73 6256.5 7805.87 3321.34 2890.58 279.892 1818.96 7412.76 5310.52 302.07 6861.72 2143.29 1893.23 2311.66 1155.62 4787.25 9493.44 4046.81 2900.65 2319.33 2142.29 2047.51 94.78 2082.71 2815.66 1572.72 35.9971 4837.23
internal_count=296831 258470 138127 120343 38361 104796 95311 15547 73006 70207 12941 25420 23897 25104 42816 31790 31158 27133 49109 10963 28677 6484 39588 37277 24343 19182 32930 7923 6038 4584 4382 22787 4025 10296 21095 36172 26661 13076 6457 731 4715 21188 17250 761 20432 5949 3851 4622 2412 12855 17497 7565 14047 4348 5003 4692 311 5840 13741 8034 120 26419
is_linear=0
shrinkage=0.05


Tree=25
num_leaves=63
num_cat=0
split_feature=20 38 69 18 18 1 1 30 48 69 30 69 43 16 28 1 59 59 1 40 9 69 43 40 11 53 43 24 61 1 8 48 25 2 9 0 1 1 59 9 9 69 58 40 26 58 1 59 11 1 59 9 59 43 1 69 30 50 17 30 9 62
split_gain=9758.03 2561.79 836.593 742.178 641.442 331.878 238.481 230.75 219.695 211.929 209.034 203.539 181.174 153.383 141.92 137.042 126.483 118.56 111.5 101.02 100.248 97.2165 94.8883 94.7786 89.4856 87.3307 84.2083 93.072 97.3325 84.1859 86.9591 84.1677 81.2502 75.5652 81.5487 71.5888 69.84 69.0297 72.8308 67.738 67.1809 65.8475 64.656 64.3256 63.9569 63.8273 61.8894 61.6321 60.4174 59.6174 58.7449 58.5196 57.4682 57.2094 56.7633 55.8052 54.7828 60.2723 54.088 52.9382 52.8679 63.7799
threshold=8.5000000000000018 41193836.742394902 7.7057921137138736 1015884274.1461791 81753272.656293467 4.6950000000000012 5.5850000000000009 5.5000000000000009 22751352802.89983 10.378951855816387 45.500000000000007 18.807588185506962 4.8561828874976296 17.669047619047621 31656980512.409153 4.5550000000000006 302.07971598668348 222.04092397882437 6.9650000000000007 56.500000000000007 30233437.000000004 10.133457593786565 4.7400772200772217 40.500000000000007 2.5000000000000004 54.500000000000007 4.7001182033096951 0.38115489569246686 12.857142857142852 6.5450000000000008 0.15750000000000003 359453317564.0509 0.9734186663348755 12.500000000000002 212866.50000000003 70.550000000000011 4.3950000000000005 4.8950000000000005 1267.9153214682294 8150.0000000000009 206914.50000000003 2.3412878693584926 39298645.295996703 122.50000000000001 8.7575000000000021 7495286.7758558532 7.1350000000000007 86.787871088087329 17.500000000000004 6.1950000000000012 278.55189666055003 16482336.500000002 779.82269281538936 4.6250333333333353 4.6950000000000012 2.3958421498095643 2.5000000000000004 2.5000000000000004 7.6366553118633389 24.500000000000004 15092809.000000002 1.1861983471074382
decision_type=2 2 2 2 2 2 2 2 2 2 2 2 2 2 2 2 2 2 2 2 2 2 2 2 2 2 2 2 2 2 2 2 2 2 2 2 2 2 2 2 2 2 2 2 2 2 2 2 2 2 2 2 2 2 2 2 2 2 2 2 2 2
left_child=1 2 6 5 10 9 13 18 26 31 37 15 23 56 39 24 19 36 21 33 35 -7 32 49 53 -21 27 28 -6 30 47 40 -12 34 -11 46 -15 38 -2 -5 44 -38 43 -29 -3 60 50 -17 52 -9 55 -31 -10 -4 -41 -8 -1 -58 -23 -14 61 -13
right_child=4 3 11 14 8 7 20 12 48 16 22 45 59 17 -16 29 -18 -19 -20 25 -22 58 -24 -25 -26 -27 -28 42 -30 51 -32 -33 -34 -35 -36 -37 41 -39 -40 54 -42 -43 -44 -45 -46 -47 -48 -49 -50 -51 -52 -53 -54 -55 -56 -57 57 -59 -60 -61 -62 -63
leaf_value=-0.0032607178883578948 0.022487752582889219 -0.031669949026116438 -0.010399963287182082 0.036011615164835455 0.056906632383753965 0.0044551816805694609 -0.0059105211695167342 0.015611360093005117 0.055232109123434681 0.016641666916176048 0.046030163509779405 0.011659909596365883 0.032793838964996498 -0.023129917070658746 0.050499699183712526 0.012096773250374775 -0.0044050679169643408 -0.027290841284630808 0.063586463759017026 0.025848382206342991 -0.010645482084664197 0.015542112137404467 0.056668494185989994 0.029935194078782746 0.06613939949122509 -0.047942290233822467 0.053221859196665514 0.029077064214582105 -0.020819685604096527 0.055792672861369977 -0.014660312727251094 0.03536233337848381 0.026501140404604964 -0.0048930536604715451 0.008581003648535316 -0.027235323030143577 -0.017957623142343983 0.039621461762163912 -0.062943050019310123 0.003705167168946213 -0.010743903343599199 -0.0054654043375691819 -0.050073338938885714 0.067205297205651687 0.0055394674133283674 -0.015954303386601393 0.071244843056792129 0.00045838475488533311 0.062871861228920814 0.047479196323769318 0.044831278959873537 0.0064413078850232425 -0.008323957801332077 0.0031545492373325403 0.028906372339218913 0.022824019918994003 0.019607881377797013 0.11327298081391848 0.050982285388691477 0.053368085782349195 -0.010029956266007813 0.034556969669572217
leaf_weight=420.92239591479301 2157.6855187565088 122.83405965566635 3511.3430626988411 1892.7351374328136 735.20589302480221 2406.7225842624903 320.76974545419216 4704.7156143635511 3712.6130715757608 6679.5154474675655 1380.1180896908045 5753.7955118119717 2420.9782072752714 1715.0077577605844 1288.9317253530025 2176.0008070766926 1046.6353619396687 2669.1425178200006 110.79110077023506 1881.6682496964931 699.68709915876389 6955.9672596603632 1055.3900211006403 1838.3716597110033 41.755540862679482 40.969307035207748 1904.1109468638897 1240.8013927489519 42.611869320273399 134.87938803434372 572.5612106025219 153.13601322472095 867.30530941486359 629.70606596767902 5917.4931942224503 94.003998652100563 1943.3060288056731 692.14810194075108 25.239251837134361 351.267453789711 1450.6551992222667 2307.367464505136 24.140585973858833 121.44632577896118 1929.93530356884 212.24633264541626 52.638732954859734 2383.5482451617718 5443.8281831145287 151.48565411567688 139.72390346229076 108.29811823368073 35.911561995744705 1000.2135103046894 614.02404111623764 357.0468855202198 187.16346192359924 18.910548701882362 109.35121913254261 359.01637761294842 262.94044357538223 321.10686650872231
leaf_count=2163 4981 470 18046 3829 1328 8664 1570 12608 7113 18351 2650 18430 5291 12735 2419 8163 3537 21331 197 4459 3790 19061 1918 4205 131 169 3541 2631 137 279 2649 334 1916 2351 18048 501 14009 1379 97 878 6652 14246 82 204 6342 969 86 9665 10287 304 531 360 97 4265 1313 1437 727 40 221 640 1110 894
internal_value=0.0176644 0.00901221 -0.00293807 0.0166182 0.0490273 0.0144751 -0.0136669 0.0191882 0.0552267 0.0099508 0.0357203 0.00417538 0.0247214 -0.0167979 0.0367262 -0.000338096 0.0124055 -0.0185318 0.0137175 0.0135669 0.00376161 0.0131342 0.0443013 0.0202659 -0.00672059 0.024276 0.0455528 0.0388054 0.0526485 0.0050684 0.00370632 -0.000921573 0.0384937 0.0120102 0.0128551 0.0142165 -0.0146129 0.0258626 0.0215 0.0305145 -0.00250756 -0.0111765 0.0310388 0.0324763 0.00331292 0.0110169 0.0186945 0.00601269 0.0595082 0.0166055 0.015311 0.0338142 0.0546232 -0.00739492 0.0197357 0.00922569 0.00708046 0.0282031 0.0160906 0.0354509 0.0119201 0.0128702
internal_weight=89899.8 70461.3 27404.4 43056.9 19438.6 38909.9 10925.7 19057.4 13260.7 19852.5 6177.89 16478.7 9474.57 9261.82 4146.96 9928.6 16196 8634.82 9582.83 15149.4 1663.87 9472.04 3302.81 6694.57 4553.31 1922.64 4068.32 2164.21 777.818 5375.29 5132.11 3656.56 2247.42 13226.7 12597 964.183 5965.68 2875.07 2182.92 2858.03 3503.42 4250.67 1386.39 1362.25 2052.77 6550.09 870.179 4559.55 9192.35 4856.2 817.541 243.178 3748.52 4511.56 965.291 677.817 626.996 206.074 7065.32 2779.99 6337.84 6074.9
internal_count=296831 258470 138127 120343 38361 111904 73166 51191 25420 60713 12941 64961 23048 65251 8439 43558 46915 62321 28143 43378 7915 27946 6484 17117 22442 4628 7923 4382 1465 21116 20477 13798 4566 38750 36399 4125 40990 6457 5078 6020 13464 28255 2917 2835 6812 21403 3624 17828 17497 12912 3538 639 7210 22311 2191 3007 2930 767 19282 5931 20434 19324
is_linear=0
shrinkage=0.05


Tree=26
num_leaves=63
num_cat=0
split_feature=21 38 18 10 69 1 43 69 9 1 62 30 30 28 43 59 1 69 48 28 64 1 63 69 21 68 34 69 59 69 21 40 47 1 43 40 43 26 69 35 54 40 0 43 52 40 43 38 63 40 40 5 55 4 47 53 63 68 43 64 68 53
split_gain=9163.3 2321.33 810.875 643.919 510.753 438.666 352.56 335.646 241.135 193.486 182.755 168.184 164.958 138.703 133.53 131.571 131.329 124.589 117.376 104.917 99.9254 99.2193 93.7145 87.6358 86.6649 86.0499 83.3475 78.7135 77.0403 72.9482 72.3573 70.0003 86.2732 69.0598 65.3221 64.4134 62.0923 97.7853 64.9593 67.7103 64.1589 62.043 61.7922 61.4355 60.7191 59.8473 58.2803 58.1313 57.8542 57.353 56.0826 55.8586 55.4593 55.2442 55.8169 75.2808 63.6329 55.0212 54.3141 53.3221 51.71 51.5236
threshold=1.2142857142857146 14924342.829948062 1015884274.1461791 10.500000000000002 6.3237503422867247 4.8950000000000005 4.6811297632260471 22.899159219337335 189548.00000000003 4.9050000000000011 1.7266528925619837 72.500000000000014 5.5000000000000009 31656980512.409153 4.7920227272727294 210.83786226944562 4.4850000000000012 10.833570859575319 33261411691.198246 298974101.87215501 1.0000000180025095e-35 6.495000000000001 14.675766539806103 40.574746085484556 4.2142857142857153 10.129409036832232 0.19202864369671518 5.9873322795051171 222.04092397882437 13.779502003933187 0.5 87.500000000000014 50.975106094770794 6.9450000000000012 4.5130693581780559 5.5000000000000009 4.2909673659673677 1.0000000180025095e-35 23.908413407682165 0.91430417242789697 2.0297876849237118 20.500000000000004 53.350000000000001 4.6200467289719649 2730584.7714270693 59.500000000000007 4.6230962504831865 6248412961.8616343 238.85049593420416 41.500000000000007 10.500000000000002 1.0850000000000002 29831852.690225221 0.97580000000000011 0.37282548461146886 1.5000000000000002 156.3461430953665 20.984276524928138 5.0600746268656724 1.0000000180025095e-35 133.81142905948141 1.0000000180025095e-35
decision_type=2 2 2 2 2 2 2 2 2 2 2 2 2 2 2 2 2 2 2 2 2 2 2 2 2 2 2 2 2 2 2 2 2 2 2 2 2 2 2 2 2 2 2 2 2 2 2 2 2 2 2 2 2 2 2 2 2 2 2 2 2 2
left_child=1 4 5 6 9 7 11 8 20 28 12 36 17 35 49 23 22 42 26 29 30 60 -6 31 44 33 -5 50 -1 -13 -3 32 -9 -18 -29 -4 37 -2 40 -40 -38 -36 -7 -34 58 -22 -37 -17 -32 -14 -10 -27 53 -28 55 -55 -56 -19 59 -8 -11 -58
right_child=3 2 13 18 16 10 24 15 27 21 -12 19 14 -15 -16 47 25 57 -20 -21 45 -23 -24 -25 -26 51 52 34 -30 -31 48 -33 43 -35 41 46 38 -39 39 -41 -42 -43 -44 -45 -46 -47 -48 -49 -50 -51 -52 -53 -54 54 56 -57 61 -59 -60 -61 -62 -63
leaf_value=-0.01787421868959085 0.072865828186630482 0.0096267390674427029 0.017457314749344446 -0.037082187335107375 -0.022788692528687281 0.0079949891319623084 0.044372814419787833 0.0093793262942752625 -0.019170499202246265 -0.007882900690327644 0.052247616586647519 -0.002200990534004096 0.014457660948173405 0.049137164064105343 0.033224748290003499 0.0033706471901253938 0.010912216648580967 0.021283527753971951 0.061099585498534184 0.049885449994086235 5.0625139480283528e-05 0.018551586526321932 -0.0029355350123802608 0.029063124246673795 0.056942828439657416 -0.002478569648051209 0.0037465543350492419 -0.0065312690509139616 -0.031095196105274465 0.039563161546582154 0.019100831584924882 0.034064793798890297 0.013877209107317642 0.059290166301210569 0.00073874709443025701 0.015660250898689759 0.020094769799671005 -0.031266215178977395 0.042944273533579831 0.010314542582425236 -0.030882223430540864 0.013399896363193076 -0.013329441340620441 0.024707897273677018 -0.029428119845925468 0.024141940252540836 0.037975715978900967 0.039927912862453382 0.054370551756579337 0.029463989895432918 0.0035773856936537362 0.010105294464800737 -0.021577183446314003 0.038337270854440761 0.054468426146031368 -0.051236078501709928 0.04745212037653114 0.011678978146021278 0.056403767830529118 0.027841941520930665 -0.040871207520311176 -0.061165798000071353
leaf_weight=3410.1649637669325 28.145994052290916 3628.5301139056683 827.54866942763329 27.993481561541557 768.12611960619688 2204.4003456383944 2282.4440687447786 4538.6707270145416 935.65230359137058 2495.1895632296801 405.03013117611408 190.54720306396484 2581.4039407968521 1259.2005882412195 2576.7515213191509 2700.5568648129702 2204.4131337702274 3982.5419825166464 6312.6090471595526 1141.997539177537 2508.1471522152424 359.69638811051846 2628.365722283721 1312.1702752709389 1703.1423916071653 3504.5394469276071 62.156793296337128 2294.4111890867352 1627.8536352589726 231.68264727294445 2143.3314105719328 476.20370107889175 2893.7149100899696 76.322464466094971 4524.9499285817146 355.41047792136669 1945.4306774884462 113.28578673303127 646.32598735392094 210.8579528182745 63.745709165930748 1230.7548425495625 401.60958418995142 2391.3403866142035 28.497109994292259 287.3195268958807 1655.1368227154016 113.30579748749733 122.94011732935905 845.18919579684734 381.39243670552969 1178.3879756331444 27.072687536478043 153.16263599693775 2430.1058493703604 27.698700129985809 22.011449187994003 2383.5857997685671 694.68773680925369 620.41319914162159 124.73242564499378 21.663356810808182
leaf_count=26366 43 12165 1918 103 4488 7862 4459 13099 5674 14463 787 498 6985 2419 5540 8393 8291 10480 12405 2204 9163 1083 13006 2975 3235 14721 154 10086 14915 457 5607 1004 8118 151 16813 824 4455 438 1248 537 193 3486 1707 5726 83 691 3278 245 249 1920 1402 4679 81 308 4624 96 43 6785 1277 1347 906 73
internal_value=0.0168959 0.00857583 0.0139777 0.0477203 -0.00669749 0.0121503 0.0389001 0.00885654 0.00431373 -0.0161727 0.0191066 0.0287138 0.0182102 0.035326 0.0246255 0.0145429 0.000635287 0.0139177 0.0573335 0.0420116 0.0103125 -0.00607271 -0.00742538 0.0168935 0.0476392 0.00456684 0.0487566 -0.00125152 -0.0221461 0.0207155 0.0140047 0.0153431 0.0144356 0.0125311 0.000602397 0.0291983 0.0217981 -0.0105432 0.0233939 0.0349177 0.0184774 0.00344611 0.0047087 0.0187778 0.0432693 0.00252674 0.0340309 0.0048427 0.0210141 0.0181591 -0.0125831 0.00068797 0.0496324 0.050342 0.051433 0.0246192 0.0533934 0.0176874 0.0438452 0.0408398 -0.00945345 -0.00642399
internal_weight=89324.7 70339 51961.2 18985.7 18377.8 47863.9 9901.2 32483.4 18057.4 8017.64 15380.5 4572.02 14975.5 4097.3 6003.34 14426 10360.2 8972.14 9084.47 1564.23 8690.27 2979.62 3396.49 11612.1 5329.18 6963.66 2771.86 9367.16 5038.02 422.23 5894.8 10299.9 9823.73 2280.74 8050.12 2838.1 3007.79 141.432 2866.36 857.184 2009.18 5755.7 2606.01 5285.06 3626.04 2795.47 2010.55 2813.86 2266.27 3426.59 1317.04 4682.93 2743.87 2716.8 2654.64 180.861 2473.78 6366.13 3597.55 2902.86 2619.92 43.6748
internal_count=296831 258470 155401 38361 103069 146962 20474 104896 65336 57733 42066 10073 41279 8439 14445 39560 45336 26834 17887 3159 27875 16452 17494 30922 10401 27842 5482 37461 41281 955 18021 27947 26943 8442 30385 6020 6914 481 6433 1785 4648 20299 9569 13844 7166 9854 4102 8638 5856 8905 7076 19400 5379 5298 5144 404 4740 17265 7083 5806 15369 116
is_linear=0
shrinkage=0.05


Tree=27
num_leaves=63
num_cat=0
split_feature=20 48 18 11 69 43 69 9 28 1 30 1 59 1 28 1 48 28 41 43 69 30 62 33 43 69 62 41 68 47 34 69 30 48 7 47 35 9 33 43 43 45 26 69 57 66 26 43 24 58 47 41 17 28 18 41 41 57 9 1 68 68
split_gain=8610.1 2106.9 704.727 647.557 414.416 340.331 321.654 296.162 213.003 195.053 160.947 160.816 149.784 142.756 135.21 134.132 121.136 116.385 103.776 113.575 88.4861 88.4848 84.6359 83.0001 80.7012 79.8023 78.0091 77.6286 76.849 75.5443 75.3182 74.6192 74.0276 68.4212 67.9781 63.9973 78.1519 63.0376 62.1386 62.1148 60.7616 60.0363 77.9786 62.9876 132.768 58.03 70.2408 55.8451 93.8317 58.1805 62.4895 59.1205 55.8495 77.1369 98.7146 54.7905 54.2538 54.7994 53.9116 69.0914 53.5613 53.5355
threshold=8.5000000000000018 146832115.69885865 1015884274.1461791 10.500000000000002 6.3237503422867247 4.6811297632260471 22.717311617833762 189548.00000000003 1997631.1574844418 4.9050000000000011 98.500000000000014 4.4350000000000014 135.21545015949479 4.705000000000001 31656980512.409153 4.4850000000000012 22751352802.89983 298974101.87215501 0.07222222222222216 5.0668333333333342 40.574746085484556 25.500000000000004 2.4743801652892565 5.0201123595505637 4.8384891424365124 7.7057921137138736 0.66835686777920345 0.93888888888888899 8.5221590903992581 10.63763502628021 0.19202864369671518 0.64101279530009225 20.500000000000004 367065762881.72784 5.7400000000000011 2.6466787174673585 1.3571702559476628 8150.0000000000009 4.6800255754475719 4.8001315789473704 4.5454740538431535 1.3985754501969134 1.0000000180025095e-35 20.944297503173932 0.79657258580196377 0.31729257441605213 42.133854166666673 4.7160139372822316 0.38115489569246686 29596082.492278989 1.0000000180025095e-35 0.2388888888888889 4.1455967228215282 16006611704.25831 17339064707.055447 0.1277777777777778 0.62777777777777788 1.2711058006924449 16482336.500000002 6.6950000000000012 51.021084676219687 18.381938824743646
decision_type=2 2 2 2 2 2 2 2 2 2 2 2 2 2 2 2 2 2 2 2 2 2 2 2 2 2 2 2 2 2 2 2 2 2 2 2 2 2 2 2 2 2 2 2 2 2 2 2 2 2 2 2 2 2 2 2 2 2 2 2 2 2
left_child=1 4 6 5 8 10 7 15 9 31 41 29 20 25 37 45 30 -12 61 34 26 23 -11 -7 27 55 33 -14 -13 -6 -5 -1 60 38 -20 36 -10 -4 56 -34 -27 43 -43 -2 -45 -3 -47 48 -32 50 51 -50 -52 -54 -55 -9 -8 -58 59 -30 -17 -15
right_child=3 2 14 16 11 21 12 13 35 22 17 28 24 18 -16 32 -18 -19 19 -21 -22 -23 -24 -25 -26 40 -28 -29 58 -31 47 -33 39 -35 -36 -37 -38 -39 -40 -41 -42 42 -44 44 -46 46 -48 -49 49 -51 52 -53 53 54 -56 -57 57 -59 -60 -61 -62 -63
leaf_value=-0.039464736459075826 0.017920751237968571 -0.0065295828305985308 0.03331543294510244 -0.03531475747315168 -0.018870342222639447 0.029555209646315375 0.010896147449466492 -0.020040206902359685 0.0046590072972069784 -0.0082000481366883982 0.016709897131970547 0.013616915605275845 0.0067979067187845512 0.0078940277802233717 0.047826859492061176 0.018491666863163288 0.05974625416890425 0.051887903287411163 -0.016674090602629161 0.03535425684192027 0.029853185738606288 0.051278032834247048 0.033993241164209181 0.050937128145596255 0.020794656495169161 -0.0073841881117436767 0.031277978488375345 0.042950358841482267 0.0033264616848202723 -0.0029813494143856719 0.056536655915393579 -0.020635111984046217 0.021810545665029726 0.044458581788976007 0.01272249413800082 -0.010103939344323867 0.051164484937054777 0.017517211940090947 0.02021365541304089 0.050395481609801687 0.004116488446706864 0.070686066343847428 -0.017991569119648623 -0.058847022021081968 0.035747715946897039 0.015595392597316788 -0.00054120621734468806 0.057510253789751047 0.020737804088718361 -0.047308199150385137 0.048658898811386547 -0.086773210979612991 0.029879575642144492 -0.1277080832358147 0.031205136320697737 0.00032869863093337541 0.015526525735802182 0.046021042282782407 -0.012388013713788337 0.046347317258111129 0.0024177629328014892 -0.0073008153822229187
leaf_weight=609.72617536783218 1921.9642039388418 663.6398411244154 1861.0641102194786 27.926479920744896 932.2060169801116 1181.4094014316797 4969.6334082484245 863.43880647420883 1219.0994105488062 2636.9646238908172 315.49179865419865 2142.3061430901289 5272.1696365475655 1253.3999873548746 1229.7678121030331 5112.7054337263107 6550.5478305518627 922.98725642263889 212.19658701121807 549.9671051800251 1846.4506347477436 3293.3407187759876 124.46211655437946 736.99617764353752 1537.1317458152771 1567.4778110235929 1029.0284151285887 152.78944297134876 5270.3008008077741 3787.4599022120237 576.07170148193836 3838.3380235880613 478.58424873650074 220.59403391182423 2685.9117770791054 761.66176950186491 97.568243928253651 955.66883769631386 5302.840740069747 315.22203221917152 4296.4372759908438 29.067335963249207 168.49292261898518 38.352618992328644 1129.8923459649086 1890.8141923397779 1048.2538636773825 836.18306459486485 34.58560785651207 23.564157053828239 405.21698945760727 20.288092911243439 280.99404929578304 18.78337262570858 20.370576679706573 534.5372542142868 416.36446975171566 227.99613623321056 547.10837603360415 95.009062066674232 576.72131291031837 1078.4534164965153
leaf_count=6122 4444 2206 3829 103 5565 2513 13895 4818 5884 15155 732 7906 15411 4348 2419 13673 13348 1795 743 1338 4092 6469 303 1419 3747 6157 2316 308 21772 18888 1095 32116 1106 420 7960 4203 276 2191 12839 575 14536 45 600 133 2324 5518 3444 1601 76 80 776 75 607 81 45 2088 1075 460 2525 203 1814 4226
internal_value=0.0161629 0.00816149 0.0140245 0.0464768 -0.00463405 0.0375947 0.0121922 0.00812572 -0.0126707 -0.0167362 0.0275646 0.00120915 0.016676 0.00314999 0.0339945 0.0145597 0.0563117 0.0429266 0.00901357 0.0145232 0.0196542 0.0463057 -0.00629833 0.0377695 0.0106816 -0.00151697 0.0181064 0.00781611 0.00550346 -0.00611967 0.0462857 -0.0232162 0.018858 0.0168894 0.0105701 0.00143194 0.00810518 0.0279554 0.0163323 0.0331617 0.00104225 0.0217778 -0.0049443 0.0234862 0.0326422 0.00682469 0.00984008 0.047314 0.0411352 0.0300973 0.032435 -0.0190115 0.0363269 0.0207181 -0.0450305 -0.0122518 0.0126661 0.0263165 0.00256364 0.00408828 0.0168623 0.0008666
internal_weight=88744 70211.5 48149.3 18532.5 22062.2 9737.99 44102.8 23127.8 9287.82 7209.49 4526.25 12774.4 20975 13041.8 4046.5 10085.9 8794.53 1238.48 5779.93 3448.08 14012.9 5211.75 2761.43 1918.41 6962.09 7261.89 12166.5 5424.96 8054.72 4719.67 2243.98 4448.06 6483.23 11137.4 2898.11 2078.33 1316.67 2816.73 10916.8 793.806 5863.92 3287.77 197.56 3090.21 1168.24 3602.71 2939.07 2216.06 1379.87 803.803 780.239 54.8737 725.365 320.148 39.1539 1397.98 5613.99 644.361 5912.42 5365.31 5689.43 2331.85
internal_count=296831 258470 137552 38361 120918 20474 129113 74550 64059 53696 10073 56859 54563 46214 8439 28336 17887 2527 18615 10041 35097 10401 15458 3932 19466 27599 31005 15719 32406 24453 4539 38238 17168 28689 8703 10363 6160 6020 28269 1681 20693 7546 645 6901 2457 11168 8962 4436 2835 1740 1660 151 1509 733 126 6906 15430 1535 24500 21975 15487 8574
is_linear=0
shrinkage=0.05


Tree=28
num_leaves=63
num_cat=0
split_feature=20 38 69 20 28 43 45 68 1 40 56 1 12 43 1 69 45 38 19 9 68 24 69 30 69 64 64 33 1 8 37 27 69 40 28 59 63 49 47 69 19 59 68 60 20 14 3 38 33 30 27 1 9 40 4 3 69 27 69 25 47 0
split_gain=8090.03 1920.35 727.39 652.057 569.303 452.05 247.449 221.969 217.107 179.069 162.912 155.236 132.868 129.728 122.766 121.697 120.227 113.067 106.11 100.277 100.18 95.2944 94.573 93.2859 90.948 88.2591 84.035 81.8019 78.7381 92.6142 78.5563 142.881 97.7124 71.4978 70.0169 68.7243 70.7845 68.1471 67.9692 67.9321 67.0825 65.5945 60.8055 60.5663 60.0019 59.9438 58.0798 57.8663 61.2371 84.7112 64.6761 55.4969 55.5057 54.5928 54.2163 53.3138 56.6377 52.6926 51.9437 51.9295 51.6774 51.4355
threshold=8.5000000000000018 55478682.356264077 11.933748848671929 33.500000000000007 5703628097.8238611 4.728601953601955 0.79932019211024752 57.486764577110783 6.9450000000000012 45.500000000000007 23.500000000000004 4.4050000000000011 6.0650000000000004 4.9200946372239764 4.6950000000000012 29.709351895646119 0.81942355076085283 6802800.715789956 1.4255703309429814e+18 8874.5000000000018 25.587928310716098 1.0000000180025095e-35 13.315790620099078 84.500000000000014 2.3958421498095643 1.0000000180025095e-35 1.0000000180025095e-35 4.3201226993865047 5.1050000000000013 0.14550000000000002 20.669005663556323 3.4005411373184242 8.333166338901199 2.5000000000000004 813249543.75444484 373.14419493819605 53.620576982524838 4.6210841669141732e+20 25.743262294608673 3.2868953971770685 7.0739604394863795e+17 33.489441501522386 14.276665719126798 12.455357140771984 37.500000000000007 1.0000000180025095e-35 186.65000000000001 107368793.38146596 4.4101724137931049 95.500000000000014 1.6693544747606557 5.6950000000000012 13935.500000000002 7.5000000000000009 0.088635000000000005 114.65000000000002 11.933748848671929 1.5003905233276871 0.96833847800652217 1.3714562586418511 1.0000000180025095e-35 10.002500000000003
decision_type=2 2 2 2 2 2 2 2 2 2 2 2 2 2 2 2 2 2 2 2 2 2 2 2 2 2 2 2 2 2 2 2 2 2 2 2 2 2 2 2 2 2 2 2 2 2 2 2 2 2 2 2 2 2 2 2 2 2 2 2 2 2
left_child=1 2 7 5 6 12 9 8 11 13 25 21 27 15 22 26 -5 28 39 -6 33 35 45 30 -9 38 40 54 -13 -30 31 61 -33 -16 -34 36 -1 -11 42 -7 55 -38 -4 47 -36 -8 -23 -29 49 50 -49 52 -35 -15 -2 -3 -57 -21 -45 -25 -14 -18
right_child=3 4 10 16 19 18 14 24 -10 37 -12 17 60 53 20 -17 23 -19 -20 57 -22 46 -24 59 -26 -27 -28 43 29 -31 -32 32 34 51 44 -37 41 -39 -40 -41 -42 -43 -44 58 -46 -47 -48 48 -50 -51 -52 -53 -54 -55 -56 56 -58 -59 -60 -61 -62 -63
leaf_value=-0.01938620034991077 0.059339760447004633 0.0077614328039631352 0.0099406851602996411 0.057975571771862605 0.043461619302446873 0.017785164419894306 -0.0062464472848666915 -0.032883050275739165 0.042473647146521361 0.024479227771716353 -0.017299909854817243 -0.012531969965188988 -0.02648812472016825 0.010173583991509999 0.0044351336692328904 0.020867473638253652 0.046917231466688046 0.0049707686796517624 0.055543728214061318 0.011715330241541498 0.0060337556900757153 -0.0020600918437395119 0.0086292624665570868 0.055449611042805505 -0.014807771907861887 0.001564857361508719 -5.104929724322994e-05 0.064358491881434277 0.0075602921954631697 -0.012113911009391441 0.061296502499176564 0.020840786036183438 0.03134814151544954 0.028321653657948642 -0.0067970779516611504 -0.033718030257324609 0.043726271594514636 0.042363314524906326 0.013376166451209259 0.043497191619525963 0.030492651267263887 -0.0067649467152046203 -0.0039897339438955898 0.040232695741726769 -0.11971804083920275 0.010032193625277122 0.043750590478001013 0.045795541858477312 0.02520549663542776 -0.088191585328421571 -0.0083583847326441692 0.033023967351737397 0.014572338887359716 0.025628591193354994 -0.025152095872866514 -0.0058504866213171533 0.024219350076010865 0.032607222311953225 -0.029280844693962596 -0.005465828693959807 0.042515686673680671 -0.0076302848252335041
leaf_weight=2300.7863852083683 22.019252985715866 4151.9084824919701 2007.6298293471336 7145.3332126587629 1761.564607784152 291.06396375596523 2185.6270513758063 1064.342718757689 225.80564369261265 2413.6216032058001 684.79838886857033 3091.909842826426 27.803081437945366 692.26710139214993 900.86663798987865 3017.0365321189165 207.42056787014008 2893.9944570586085 2211.418189778924 466.08029176294804 2916.9506696462631 478.44656177610159 7051.733853071928 709.80782927572727 2010.5046688839793 4112.5848629921675 1917.0213425904512 87.776743933558464 1449.9378670603037 1018.2402071505785 113.73144254088402 57.688567757606506 14.907047137618063 944.09498760104179 16.027731850743294 559.77559415996075 69.703746631741524 683.50854440033436 6274.9738302975893 2187.7565965950489 453.13868092000484 833.5010846182704 1284.5670248419046 37.205089405179024 44.222327142953873 762.9224966019392 80.88494860380888 81.78459221124649 3185.9353192448616 24.459032446146011 169.19870647788048 679.35234227776527 3298.9975039511919 3272.5577844977379 137.8399612903595 184.58296485245228 1032.8478964418173 856.31881837546825 96.782060995697975 36.800276428461075 1125.4625616520643 54.591123759746552
leaf_count=16243 38 11607 7054 14808 3508 671 9271 9273 501 5451 3292 21326 83 1952 2943 7184 429 13196 4544 1130 8896 2344 20888 1428 12346 15498 5905 163 7039 5569 208 133 32 2272 43 5072 402 1324 19721 4401 950 5381 5030 78 186 2110 355 159 6971 103 488 1566 9298 7546 515 638 2591 1798 301 102 2322 155
internal_value=0.015461 0.00776702 -0.00167773 0.0452742 0.0150198 0.0364332 0.0132795 -0.00898318 -0.00612629 0.0174981 0.00649905 -0.00698518 0.0259679 0.0151991 0.00926844 0.0123494 0.0554685 -0.00304412 0.0475814 0.0356499 0.0135972 -0.0146922 0.00548511 0.0411969 -0.0210644 0.0076904 0.00902892 0.0215012 -0.00721583 -0.000556247 0.0246817 0.0141354 -0.0281046 0.0173858 -0.0656737 -0.0175539 -0.0147298 0.0284261 0.0103236 0.0404781 0.0120185 -0.00286835 0.00450524 0.0230209 -0.0896788 -0.00203443 0.00456459 0.0242667 0.02325 0.000631933 0.00928804 0.0197559 0.0176316 0.0229301 -0.0135141 0.0104593 0.0196603 0.0252439 -0.00997856 0.0524471 0.0408521 0.0355521
internal_weight=88172.4 70085.4 30442.4 18087 39643 9686.51 36559 16077.8 13003 17818.5 14364.6 12777.2 4996.27 14721.4 18740.5 10756.5 8400.53 8454.08 4690.24 3083.96 8740.26 4323.1 10000.3 1255.2 3074.85 13679.8 7739.5 3843 5560.09 2468.18 508.589 394.857 132.846 5823.31 75.1571 3763.77 3203.99 3097.13 9567.17 2478.82 5822.48 903.205 3292.2 3683.14 60.2501 2948.55 559.332 3549.15 3461.38 275.442 250.983 4922.44 4243.09 3964.82 159.859 5369.34 1217.43 1322.4 133.987 746.608 1153.27 262.012
internal_count=296831 258470 149642 38361 108828 20837 102392 99047 77428 45148 50595 76927 11221 38373 57244 28875 17524 47130 9616 6436 24975 29797 32269 2716 21619 47303 21691 8816 33934 12608 1186 978 394 16079 261 27098 22026 6775 31805 5072 15786 5783 12084 8263 229 11381 2699 7884 7721 750 647 13136 11570 9498 553 14836 3229 2928 379 1530 2405 584
is_linear=0
shrinkage=0.05


Tree=29
num_leaves=63
num_cat=0
split_feature=10 48 39 31 48 1 1 1 43 10 28 28 40 64 1 10 1 1 70 1 40 40 43 43 34 59 59 59 33 0 9 0 68 6 66 37 9 63 40 1 47 33 43 60 28 25 39 55 39 36 57 9 68 34 44 37 57 64 52 52 64 68
split_gain=7591.2 1803.31 838.6 668.023 373.316 316.366 225.44 212.992 207.408 203.571 164.985 162.795 177.705 153.361 141.92 140.495 113.103 113.091 110.21 107.297 102.963 101.565 115.841 99.3298 94.2176 83.7488 83.268 80.9663 77.2188 75.6402 73.3195 72.0331 68.7196 67.7203 66.4495 66.102 61.816 61.5777 59.9807 58.7438 58.2602 57.0309 55.3819 64.7498 54.2633 53.0479 64.0835 52.6872 52.395 54.7657 52.0932 51.7415 50.04 49.0264 48.6473 47.7732 47.412 47.0828 49.8728 47.6119 46.8163 55.4668
threshold=2.5000000000000004 205466709.88680819 2.1721336342906753e+19 0.75000000000000011 15848844.984281095 4.7750000000000012 5.7950000000000008 4.9050000000000011 4.8071825396825405 11.500000000000002 16417834532.854723 5025238979.7750559 3.5000000000000004 1.0000000180025095e-35 6.6250000000000009 13.500000000000002 4.4350000000000014 4.6950000000000012 98.155628915914988 7.0950000000000006 120.50000000000001 8.5000000000000018 4.8600373134328372 4.8334733893557438 0.20615528128088309 535.17466620435641 441.9246103158444 200.70331572705484 4.7002336448598143 61.45000000000001 212866.50000000003 65.450000000000017 12.513726330279503 2.9750000000000005 0.069756473744125413 33.905394587078497 1793793.0000000002 720.0510843326382 16.500000000000004 6.9050000000000011 43.922614461136241 4.7201265822784819 4.7920227272727294 12.142857136352042 139738422.32546076 1.3714562586418511 1.209372292945559e+18 28627473.063862082 3552346356206796 6.003000000000001 0.44712423513235833 57451204.000000007 11.489186042581347 0.5924734413676026 0.21248257472880652 39.162411673601191 5.2115337828390551 2.5000000000000004 3179068.4315726561 2189631.2501023621 1.0000000180025095e-35 58.519031553931661
decision_type=2 2 2 2 2 2 2 2 2 2 2 2 2 2 2 2 2 2 2 2 2 2 2 2 2 2 2 2 2 2 2 2 2 2 2 2 2 2 2 2 2 2 2 2 2 2 2 2 2 2 2 2 2 2 2 2 2 2 2 2 2 2
left_child=1 4 9 5 7 13 16 26 20 17 24 12 39 21 23 27 25 18 42 32 -5 -3 30 38 -11 40 60 41 -12 -8 56 51 -9 53 -18 -36 48 -25 -14 -7 -6 44 43 50 -4 -20 -47 -35 -15 -50 -2 -21 -40 -26 -13 -32 -23 59 -59 -51 61 -1
right_child=2 3 15 8 6 11 29 19 -10 10 28 54 14 36 -16 -17 34 -19 45 31 -22 22 -24 37 33 -27 -28 -29 -30 -31 55 -33 -34 47 35 -37 -38 -39 52 -41 -42 -43 -44 -45 -46 46 -48 -49 49 57 -52 -53 -54 -55 -56 -57 -58 58 -60 -61 -62 -63
leaf_value=-0.0084889313396019402 -0.042518838823454537 -0.00085804553537611051 -0.01680599913941145 0.018054934734869323 -0.0080126423180018665 -0.0021756963404460524 0.036507180210556545 0.002914109718737885 0.046158206412172761 -0.045069994152793641 -0.14952913598378093 0.010818738927826184 0.005761026488743673 -0.048619866570397768 0.055651273088394529 0.058791042107207162 -0.017130132254484357 0.035061992323317158 0.049959429670926474 0.059541471141772453 0.03428389620400428 0.012262334418375263 0.022312129079396441 0.019861535487752102 -0.065608161874528698 -0.032143480971099363 -0.034736859419646209 0.028207855481107675 0.018582771619462445 -0.0023712057824277861 7.3787613610984022e-05 -0.048946623347099441 -0.011412878206459262 0.051112243208330313 0.0014882544665719699 0.011532310871116886 -0.020914182911659914 0.06775572864655198 0.022029418134880536 0.040689064082400958 0.0020076512715493941 0.053023966624187152 0.030777351512112989 -0.018121351136247531 0.041879835771017948 0.035124276700077076 -0.057748391228472612 -0.018601703797710128 -0.040476926389041448 -0.00032774566902785064 0.017794379561439332 0.0072832883530107792 0.010750926234054069 0.040886248556846472 0.036714326482170732 0.009486355651495311 0.044586602237635289 0.0076562316636415622 0.073311623720170208 -0.048592680185164633 -0.023563229881758609 -0.031144187711025964
leaf_weight=1796.4460484012961 36.366433277726173 2040.50954362005 40.849671751260757 2714.8311903178692 4011.5919894054532 1699.9014298021793 567.32983374595642 1387.1164859384298 1388.9733493626118 27.134039014577866 15.486951768398287 215.09890405833721 2611.3385633230209 51.950990125536919 229.15240620076656 5313.482486218214 398.57157561928034 2925.7911840230227 445.88457900285721 125.34833347797394 1527.06034950912 6261.2539203166962 1971.947340592742 6420.4889620691538 21.938971102237701 284.09537943452597 773.6828930452466 519.34551446139812 12.220876589417456 160.49791249632835 2613.1834892332554 25.795502364635468 2110.3100541755557 1906.5668182522058 7409.4317311346531 2103.0243755504489 329.82485221326351 67.820517092943192 1694.9272452294827 83.872112467885017 2272.277142316103 2818.7813907116652 703.03065365552902 140.24095918238163 1101.8747158199549 63.016645029187202 26.337117686867714 27.493076413869858 75.461634129285812 3472.9722916334867 2302.7443037927151 76.136762663722038 2342.8786845952272 21.299604684114456 1156.3321378529072 2784.4723585397005 115.53455251455307 1920.5781942158937 29.36654569208622 51.859631925821304 1449.0732494443655 317.99168691039085
leaf_count=13830 144 7483 112 6589 21092 5996 1533 6859 2737 107 72 522 7729 287 408 11585 1847 6240 882 231 3185 17249 4790 16337 76 1964 8323 1202 31 547 8532 115 11963 3918 32055 7487 1638 120 4176 183 10499 5866 1525 448 2380 141 97 82 316 11514 5652 225 6304 41 2360 8045 256 6011 65 217 11794 2817
internal_value=0.0147885 0.00718148 0.0432647 0.0133098 -0.00345846 0.0109422 0.000701465 -0.0123371 0.0293884 0.0319445 0.0457928 0.0161565 0.0146632 0.00697569 0.0166414 0.0532918 -0.000501309 0.0277084 0.0219211 -0.0035673 0.0238973 0.00955119 0.0110963 0.015961 0.0474678 -0.00558976 -0.0198685 0.0467707 -0.0753813 0.0279339 0.00921795 0.0297225 -0.00573064 0.0487377 0.00287077 0.00370881 0.000121498 0.0203622 0.0116662 -0.000160217 -0.00438926 0.0492042 0.0183905 0.0148782 0.039782 0.0429129 0.00774996 0.0501212 0.00135996 0.00182778 0.0168567 0.0397943 0.0154852 -0.0131483 0.0326528 0.00492942 0.012848 0.00241088 0.00864501 -0.00103785 -0.0166404 -0.0118961
internal_weight=87610.2 69140.3 18469.9 43871.6 25268.7 38240.7 17206.8 8061.9 5630.86 8675.55 2032.14 16521.8 15150.4 21718.9 13366.6 9794.33 16479 6643.41 3717.62 3724.71 4241.89 15786.9 13746.4 13137.5 2004.43 6567.96 4337.19 4480.85 27.7078 727.828 11774.4 227.281 3497.43 1977.3 9911.03 9512.46 5932.01 6488.31 6649.14 1783.77 6283.87 3961.51 3182.38 2479.35 1142.72 535.238 89.3538 1934.06 5602.19 5550.24 2339.11 201.485 4037.81 43.2386 1371.43 5397.66 6376.79 5474.78 1949.94 3524.83 3563.51 2114.44
internal_count=296831 256230 40601 123049 133181 110538 77024 56157 12511 19456 4327 44135 41253 66403 35074 21145 74944 15129 8889 19393 9774 46355 38872 34666 4224 33555 36764 9560 103 2080 34082 571 18822 4117 41389 39542 20048 16457 18209 6179 31591 8358 7769 6244 2492 1120 238 4000 18410 18123 5796 456 10480 117 2882 16577 17505 17807 6076 11731 28441 16647
is_linear=0
shrinkage=0.05


Tree=30
num_leaves=63
num_cat=0
split_feature=20 38 20 12 43 69 69 1 40 28 1 43 68 43 45 12 19 1 1 31 40 69 69 1 8 1 0 40 43 46 27 69 28 0 12 69 69 68 35 43 43 60 68 3 62 31 57 43 46 1 40 47 69 0 52 59 16 10 43 47 68 0
split_gain=7163.49 1584.6 660.784 615.671 448.937 383.774 333.17 259.488 193.784 159.114 145.847 144.943 142.323 135.484 117.631 116.545 116.445 110.019 103.545 93.3178 81.9766 78.3477 76.6258 76.4334 83.0828 78.7114 76.5327 73.539 79.6245 71.7466 140.571 80.7818 72.8101 71.2972 66.1562 66.0767 65.9876 84.3986 75.137 65.4606 65.4396 62.3583 61.886 60.885 59.9622 60.1677 59.722 58.953 58.0299 57.4917 56.328 55.7249 53.9468 53.4789 53.4802 52.6353 50.1882 50.0441 49.6103 49.005 48.125 57.3596
threshold=8.5000000000000018 14924342.829948062 34.500000000000007 5.7550000000000008 4.7213059619201649 4.7689533494311824 22.899159219337335 4.4350000000000014 25.500000000000004 31656980512.409153 5.1050000000000013 4.600054824561405 47.82091111242287 4.8001315789473704 0.81942355076085283 6.0650000000000004 3.6652479085987169e+18 4.4850000000000012 6.2550000000000008 2.8166666666666669 9.5000000000000018 3.2868953971770685 15.434315177615693 6.8750000000000009 0.14550000000000002 5.6250000000000009 65.450000000000017 6.5000000000000009 4.8715000000000019 40.810263157894745 3.4005411373184242 8.333166338901199 773870014.09385478 78.050000000000011 4.6050000000000013 45.048197082472434 10.251658534763887 7.1581717061368026 1.0099871672168645 4.2909673659673677 4.5105457131772928 12.455357140771984 21.497216062754841 40.750000000000007 0.61666666666666681 0.28333333333333338 3.9905567525759529 4.6400304878048795 28.315701754385969 6.495000000000001 56.500000000000007 1.0000000180025095e-35 0.58645851484902056 33.050000000000004 700749.5000134263 333.98830153008242 100.05000000000001 5.5000000000000009 4.8667288557213935 26.056245702034193 2.8108243722360671 34.107000000000006
decision_type=2 2 2 2 2 2 2 2 2 2 2 2 2 2 2 2 2 2 2 2 2 2 2 2 2 2 2 2 2 2 2 2 2 2 2 2 2 2 2 2 2 2 2 2 2 2 2 2 2 2 2 2 2 2 2 2 2 2 2 2 2 2
left_child=1 5 4 6 15 10 7 20 12 27 34 35 18 -10 57 39 21 22 36 29 -3 -6 -7 24 25 48 -27 -5 53 30 -16 -32 -33 -25 -1 49 38 -38 -9 -2 46 -41 43 -12 45 58 -22 -39 -19 50 -8 -17 -36 54 -29 -50 -11 -4 -13 -34 -26 -62
right_child=2 3 14 9 16 17 11 8 13 56 42 44 -14 -15 19 51 -18 23 -20 -21 40 -23 -24 33 60 26 -28 28 -30 -31 31 32 59 -35 52 -37 37 47 -40 41 -42 -43 -44 -45 -46 -47 -48 -49 55 -51 -52 -53 -54 -55 -56 -57 -58 -59 -60 -61 61 -63
leaf_value=0.0010640392352027079 -0.017032818442964514 -0.0078763512681076578 0.046389549245109171 0.013537462688196998 0.015368040997596387 -0.011927871612391359 0.0069265556775647127 0.0011410373020588845 0.01434171663234373 0.046720969371891866 0.043746926891034571 0.010757243246680259 -0.0040914534795917024 0.038253689070404766 0.033748083252862944 -0.035347520546770747 0.054786630186199808 -0.016065976823619786 0.035719500431801603 0.050846206136097374 -0.0049292729069622156 0.041757670521024977 0.0032965677534938891 0.036756157464241927 0.02757344944105233 0.035203494662927569 -0.011359743287241595 0.030290276822707275 0.039109220978103099 0.059266372796380529 0.015477910920986215 0.032702560741096759 -0.11653981721680239 -0.042519094319252014 -0.036175287313067447 0.031515884328359618 0.01973805187914492 -0.00034936919777234828 0.021381114680277293 0.021898686416306105 0.0069478151837914105 -0.012303627605540501 -0.014225448138828934 3.6718314550394327e-05 0.029340471271758029 0.022713284483661153 0.032592966153579997 0.011384986470349238 0.0057176215498743231 0.061966627484749626 0.018957213568549677 0.039799653721070131 -0.019968122209178065 0.004454518413846237 -0.0042955227273318991 -0.014538100112153797 -0.0020351724265776582 0.05837089172024848 0.018947463713333539 -0.0038311979521055517 -0.0025167145695014249 -0.023777080854205726
leaf_weight=325.62349773943424 119.29891474545002 2876.7306628972292 1034.8880757391453 1283.0311383008957 318.16521260142326 2662.8997563868761 7462.4754898250103 3733.2403903231025 1959.3391114324331 1109.5431724488735 86.273870095610619 4044.3740921616554 2333.1844244077802 849.08204613626003 245.44647482037544 25.2606400847435 1905.7448349148035 372.19225382804871 362.53933672606945 701.04356145858765 2629.7893463149667 2424.3799235671759 1198.4382742643356 261.62790498137474 85.221945956349373 367.76367437839508 116.10789456963539 988.16832810640335 1008.7326408326626 101.65837064385414 52.530108839273453 14.756508156657217 44.290509596467018 31.810462206602097 602.01266783475876 332.71496383845806 2166.9118921458721 1504.8610317111015 522.73630587011576 3519.8774436712265 3428.9414121955633 138.5114328712225 895.51502225548029 1040.4910658895969 1077.0806176513433 3183.875710144639 110.50273639708757 3707.0353482812643 4835.3620522320271 50.565188154578209 1118.80603069067 1054.5737303048372 3489.8598442003131 370.70674647390842 126.02824956178665 343.50016225874424 55.417939394712448 5521.1820960491896 3406.0412401109934 12.328761875629423 776.76658381521702 536.28568747639656
leaf_count=1846 441 13394 2202 3121 753 16792 22398 14539 5267 2301 331 10669 8920 1764 564 78 4193 2007 810 1514 10877 5073 4705 605 309 1099 465 2095 2005 195 126 32 184 128 6195 732 5964 5212 1636 7965 10404 397 5304 5469 2365 7276 398 10706 20104 89 2850 2272 29941 925 330 1809 145 12338 8209 34 3497 2463
internal_value=0.0141433 0.00701835 0.043013 0.0114616 0.0341853 -0.00574934 0.00969152 0.0059452 0.00956129 0.0282473 -0.0155353 0.014436 0.00720766 0.0215711 0.0538714 0.0235559 0.0452931 -0.000310973 0.00940506 0.0392819 -0.00090602 0.0386962 -0.00720268 0.00313312 0.00214505 0.00468952 0.0240304 0.0232643 0.028269 0.0220697 0.0118319 -0.0315821 -0.0662167 0.0281622 -0.0206265 0.0096511 0.00858511 0.0114449 0.00362701 0.0194152 0.00234426 0.0206037 -0.00441417 0.00338351 0.0180987 0.0169601 -0.00341618 0.00799686 0.00300363 0.00880832 0.00849508 0.0380417 -0.0223526 0.020905 0.0263782 0.00437411 0.0444016 0.0564796 0.0145015 -0.0919977 -0.00883685 -0.0112
internal_weight=87064.1 69830.2 17233.9 51802.5 9505.81 18027.8 46860.8 26184.9 17138.9 4941.63 6439.78 20675.9 14330.5 2808.42 7728.12 4857.52 4648.29 11588 11997.3 1172.05 9045.96 2742.55 3861.34 7726.64 7433.2 6034.93 483.872 3776.67 2493.64 471.011 369.352 123.906 71.3758 293.438 4417.5 8964.56 11634.8 7378.81 4255.98 3777.69 6169.23 3658.39 2022.28 1126.76 11711.4 10634.3 2740.29 5211.9 5551.05 8631.85 8581.28 1079.83 4091.87 1484.9 1114.2 5178.86 1164.96 6556.07 7450.42 56.6193 1398.27 1313.05
internal_count=296831 258470 38361 155401 21172 103069 144479 89891 54818 10922 49086 54588 47787 7031 17189 11153 10019 53983 38867 2649 35073 5826 21497 32486 31753 25484 1564 8476 5355 1135 940 376 250 733 37982 26069 38057 21882 16175 8803 21679 8362 11104 5800 28519 26154 11275 15918 23920 25337 25248 2350 36136 3350 2425 21913 2446 14540 18878 218 6269 5960
is_linear=0
shrinkage=0.05


Tree=31
num_leaves=63
num_cat=0
split_feature=20 39 10 39 1 45 1 20 45 1 48 30 23 9 48 6 68 28 40 20 36 9 47 1 9 47 9 36 0 18 67 55 52 53 52 1 63 1 30 33 63 53 64 26 33 26 68 70 44 61 64 26 42 59 40 48 26 40 9 39 68 47
split_gain=6724.34 1433.81 666.88 605.78 357.065 297.792 200.424 198.568 190.114 164.294 161.033 123.877 145.521 120.204 119.531 139.003 109.47 106.839 99.6051 92.7562 89.7705 85.8747 95.8555 83.8474 83.354 82.2571 80.9512 75.3848 70.2036 66.7524 66.144 64.2391 64.1002 63.8262 113.282 63.6501 58.8464 57.9752 57.9332 56.8404 55.9101 56.6846 55.2019 54.5492 97.7373 58.1931 54.422 55.1693 52.3778 50.8516 50.0827 48.9827 48.4725 47.8587 69.4401 47.6778 47.0318 45.9534 45.3151 45.0808 45.0203 52.1614
threshold=8.5000000000000018 10011872336272718 11.500000000000002 2.8240417097791705e+19 4.6950000000000012 0.68124624612274831 6.5150000000000006 2.5000000000000004 0.90262562678108538 6.495000000000001 15848844.984281095 93.500000000000014 4.8916666666666684 2395.5000000000005 65168305571.740456 2.9750000000000005 66.975080059957222 298974101.87215501 6.5000000000000009 29.500000000000004 6.003000000000001 28894.000000000004 43.922614461136241 4.4850000000000012 212866.50000000003 1.2572830495136293 1011552483.0999991 293.53333333333336 60.850000000000001 498370625.75599509 0.87032255546191728 29831852.690225221 2773674.4515937171 1.5000000000000002 2418861.062360141 4.4850000000000012 29.09632634175188 7.5950000000000006 21.500000000000004 4.9751000000000012 156.3461430953665 1.0000000180025095e-35 1.0000000180025095e-35 1.0000000180025095e-35 4.2921538461538473 9.5601809954751165 65.595200177774345 3.4398764518463207 0.49708813213627751 1.1304587443709286 2.5000000000000004 566.5200000000001 7.5950000000000006 144.83344415587922 37.500000000000007 367065762881.72784 10.001271186440681 10.500000000000002 1355030.0000000002 1.2841881198294278e+17 15.912419122289814 21.763194015574999
decision_type=2 2 2 2 2 2 2 2 2 2 2 2 2 2 2 2 2 2 2 2 2 2 2 2 2 2 2 2 2 2 2 2 2 2 2 2 2 2 2 2 2 2 2 2 2 2 2 2 2 2 2 2 2 2 2 2 2 2 2 2 2 2
left_child=1 6 5 4 8 19 10 9 20 18 16 12 43 -5 15 30 23 -13 46 32 -3 -10 36 42 55 33 28 58 37 38 -4 40 50 -17 -35 -12 -23 -8 -9 -20 -27 -42 -1 -7 -45 49 47 -6 -26 -46 -2 59 -52 -24 -55 -22 -21 -50 -15 -47 61 -37
right_child=2 3 14 13 7 11 26 29 21 -11 35 17 -14 27 -16 25 -18 -19 39 56 24 22 53 -25 48 31 -28 -29 -30 -31 -32 -33 -34 34 -36 60 -38 -39 -40 -41 41 -43 -44 44 45 51 -48 -49 57 -51 52 -53 -54 54 -56 -57 -58 -59 -60 -61 -62 -63
leaf_value=-0.011784120391325299 0.039825353129238635 -0.052297564964134027 0.0045938660212948472 0.048454895003170462 0.0098838471255804777 0.067109591532907617 0.022886127264541006 0.016750388584366629 0.0088810591575873947 0.040907112881820612 -0.0098675209103506935 0.013165385232417004 0.045544684569906797 0.028396599993519307 0.058230818473360473 0.0332620555083189 -0.028502154444866801 0.048695919759130069 0.010738421122070674 -0.0093421259997821197 0.012471922515266826 -0.01238274049329011 0.008599204822967858 -0.0073864023351679345 0.0085420551767046993 0.051051628037829401 -0.034950097732884287 -0.026197500753257736 -0.022015127059019611 0.032174461042228437 -0.1127383089998308 -0.032064262810584304 -0.037646041285158915 -0.1098579400651155 0.032944424620266165 -0.0006169864300855668 -0.0017491748177612607 0.067223870169488636 0.032633733246802965 0.018841917256033656 0.049155657660689217 -0.064468779900000897 -0.029904476366644367 -0.031738746680838502 0.058329504853515159 0.055724770429767326 -0.010761025271807462 -0.0011534349866883203 -0.014089139953469366 -0.034361639269128531 0.0060440459033097669 -0.055071049923296415 0.049025395856891953 -0.0069033945958136278 0.011600654034118191 0.036477556944370354 0.052924927438263075 0.0031283905405960553 -0.031147894787343429 0.017778588945399756 -0.0043120104393170244 0.015125593081107164
leaf_weight=866.79672694951296 2818.8604390919209 58.842263862490654 36.229729533195496 799.97273245453835 3354.0440755411983 51.594569206237793 508.523921251297 4571.3542114570737 2737.9375700578094 443.21543061733246 2348.0028298273683 288.43295773863792 483.63402622938156 2248.6871902495623 4577.3537261039019 156.19001449644566 1069.0951098576188 793.99980160593987 9163.0782379433513 30.91475036740303 7251.8461106270552 1999.025583319366 2661.5697336196899 4256.1487777531147 4173.6303336322308 2360.1728238165379 64.825106024742126 67.158443197607994 75.015740394592285 1124.33376519382 17.968751564621925 24.079177871346474 28.473854303359985 24.439248755574226 32.166545122861862 1382.2511022761464 3726.4542928189039 86.230666354298592 656.54735791683197 2833.0296539366245 22.667397275567055 21.282043978571892 815.94401731342077 106.78017203509808 17.70351742208004 80.500407263636589 524.52464348822832 1709.0815305784345 517.90985855460167 90.120762214064598 221.23133346438408 22.596785947680473 93.242254436016083 1636.0923554301262 734.6823548823595 212.91061371564865 1592.3066841959953 1539.5421794205904 32.412710875272751 2824.9868570566177 2591.9111195281148 849.60352547466755
leaf_count=7243 6052 239 94 1647 10760 84 1424 11562 9199 903 13507 694 1002 5007 10774 346 9763 1705 26224 91 19259 9912 9469 27665 12767 5196 282 203 294 2335 75 76 87 120 72 6254 15976 153 1389 6999 49 74 7535 424 33 161 2264 7035 2017 279 561 75 193 6731 2172 429 3484 4560 111 6560 12224 2957
internal_value=0.0135283 0.00668043 0.0419053 0.0104226 0.00912419 0.0332146 -0.00706391 0.0135203 0.00519126 0.0108417 -0.00838317 0.0243604 0.0199847 0.0317158 0.0533121 0.0449583 -0.0137734 0.0392282 0.0100838 0.0420232 0.00932805 0.000975102 -0.00103702 -0.011122 0.00959282 0.046585 0.0184017 0.0260134 0.0235654 0.0211221 -0.034306 0.0491972 0.0370353 0.0167769 -0.0287097 -0.00311602 -0.00546184 0.0293144 0.0187451 0.0126522 0.0500111 -0.00586575 -0.0205705 0.0161148 0.0152776 0.0169312 0.00456992 0.00615816 0.00532344 -0.0191428 0.037714 0.0182596 0.0187881 0.00399726 -0.00116915 0.0131566 0.051739 -0.00120567 0.0275505 0.0188299 0.000170319 0.00537577
internal_weight=86510.2 69692.2 16817.9 54777.9 51629.7 9545.38 14914.3 24379.2 27250.4 18027 14179.8 4760.35 3677.92 3148.23 7272.55 2695.2 7007.98 1082.43 17583.8 4785.03 13754.7 13495.8 10757.8 5938.89 13695.8 2641 734.595 2348.26 669.77 6352.24 54.1985 2428.2 3161.81 212.796 56.6058 7171.77 5725.48 594.755 5227.9 11996.1 2404.12 43.9494 1682.74 3194.28 3142.69 3035.91 5587.65 5063.13 6231.08 107.824 3133.33 2928.08 314.474 5032.34 2370.77 7464.76 1623.22 2057.45 2281.1 2905.49 4823.77 2231.85
internal_count=296831 258470 38361 169169 162201 21485 89301 69471 92730 54185 87148 11017 8618 6968 16876 6102 52206 2399 53282 10468 39271 53459 44260 42443 39032 5933 2153 5321 1871 15286 169 5395 6893 538 192 34942 25888 1577 12951 33223 5319 123 14778 7616 7532 7108 20059 17795 19344 312 6806 6796 754 18372 8903 19688 3575 6577 5118 6721 21435 9211
is_linear=0
shrinkage=0.05


Tree=32
num_leaves=63
num_cat=0
split_feature=10 48 38 30 69 1 20 69 1 43 10 44 22 62 43 1 69 20 40 44 43 70 69 22 47 58 70 9 69 9 23 26 26 67 58 69 61 38 16 69 65 45 43 40 58 69 69 56 43 16 69 66 46 9 48 10 47 5 47 48 62 52
split_gain=6323.3 1340.28 828.124 544.482 402.36 249.185 226.026 217.494 188.442 188.084 151.853 140.765 154.906 122.865 117.892 114.915 113.458 94.9415 94.2327 92.8724 85.2335 84.4383 84.6328 83.7853 134.945 83.0346 82.5244 79.7398 79.4776 77.0669 75.6741 75.2965 71.3376 102.249 88.0475 82.4119 81.8412 70.9373 69.3209 81.8438 68.2553 68.1799 68.076 71.6054 60.0503 59.8782 57.9583 55.0772 52.9301 52.8194 52.4791 51.9076 58.1366 50.0359 48.5776 49.3915 48.2032 49.2527 48.0564 47.3797 46.7611 45.9254
threshold=2.5000000000000004 205466709.88680819 17253870753.113544 22.500000000000004 12.588400214084791 4.7750000000000012 36.500000000000007 21.789888850165543 4.4850000000000012 4.8071825396825405 13.500000000000002 0.12472191289246456 6.205000000000001 1.976478067387158 4.66670396896449 6.2950000000000008 0.10456237086455401 10.500000000000002 165.50000000000003 0.4030980859448286 4.8480131578947381 59.362609500338102 3.8960848622140354 6.3850000000000007 7.1051064590318527 9158924.7635588553 8.7987405622556523 34596382.000000007 27.909060640760753 138011.50000000003 4.4403125000000019 33.967708333333341 17.303571428571434 0.66259481767468287 29596082.492278989 3.3869115780040331 12.850369926060191 295746033815.01532 18.173214285714291 2.7686297328918879 1.0000000180025095e-35 0.90478017063177651 4.8334733893557438 7.5000000000000009 8230482.1759099504 45.048197082472434 27.909060640760753 1.0000000180025095e-35 4.6054217359353329 61.425000000000011 17.91653493813946 0.71322329076259938 28.922401433691761 30233437.000000004 8998042212.6060047 18.500000000000004 1.0000000180025095e-35 0.15020000000000003 1.0253942301229526 11220684543.019653 0.19999999999999971 959432.64713903319
decision_type=2 2 2 2 2 2 2 2 2 2 2 2 2 2 2 2 2 2 2 2 2 2 2 2 2 2 2 2 2 2 2 2 2 2 2 2 2 2 2 2 2 2 2 2 2 2 2 2 2 2 2 2 2 2 2 2 2 2 2 2 2 2
left_child=1 4 6 5 8 7 14 19 38 18 30 60 13 42 32 16 -10 26 -5 41 45 22 31 56 40 51 -16 -17 -26 -21 -4 -18 33 -2 36 48 54 49 61 -40 -25 -3 46 -44 47 -9 -13 58 -35 50 -32 52 -6 -24 -34 59 -8 -58 -37 -56 -7 -1
right_child=2 3 10 9 25 11 23 20 15 -11 -12 12 -14 -15 17 27 21 -19 -20 29 -22 -23 53 24 28 -27 -28 -29 -30 -31 37 -33 34 35 -36 44 -38 -39 39 -41 -42 -43 43 -45 -46 -47 -48 -49 -50 -51 -52 -53 -54 -55 55 -57 57 -59 -60 -61 -62 -63
leaf_value=0.00031432115478375629 0.036896233418154449 0.015511063379799774 0.007933266186965925 0.016538735159831647 -0.029774609568627972 -0.0076491507087762967 -0.021814824536799081 0.0077681062481376063 -0.046078202049163026 0.042611310483907205 0.056728459624911513 0.005919465823966406 0.03083722750920441 0.055679428474200113 0.034213201005639467 0.029061638871333614 0.0030219483954660063 0.042856113777840737 0.033770589542567384 0.0037728107802797377 0.020232107935711899 0.043547028743874956 -8.4566205484815256e-05 0.01586406123361904 0.054042453123630319 -0.016472503612036234 0.015689926119394102 -0.0039639166458098306 -0.034656791448383496 -0.0069567047545951435 0.034651405263393852 -0.01392000653643239 0.018257718971938404 -0.05029590404966499 -0.079015616397406882 0.041429334809240909 -0.067474075143067039 0.053534427048129253 -0.027645612050656999 -0.013214576918636018 -0.081873353795995391 0.00077637368285693367 0.0098088382768775143 0.02030551166793677 -0.046669107444190144 0.027234452845203247 0.015685915532124377 0.050588362565191426 0.036585307280868326 0.0037411736673909931 0.049513152073717565 0.0096816097162714717 0.0031342450406629616 -0.025758429326246376 -0.059120173919981311 -0.074357789757799525 -0.015292508313083878 0.055834700654624127 -0.016734271926746081 0.0087734879225472295 0.015361300444462553 0.066436155741370934
leaf_weight=333.38245172798634 886.71831320226192 1459.6891079992056 143.33815133571625 3099.5865579396486 139.05064183473587 947.11216676235199 21.216253310441971 9262.1520015448332 169.21944677084684 1319.4580840021372 4748.5885559916496 4203.605384722352 1445.7067859023809 171.59596772491932 1286.5497752130032 425.37609362602234 816.71965496242046 1180.6873231083155 1066.306867018342 2757.5526776015759 1880.3827820718288 89.555234350264072 5092.7534874379635 33.241964638233185 190.48784917593002 422.54548215121031 1128.9142788350582 320.47467478364706 29.114890456199646 4257.5103674829006 1341.9035451412201 3329.0301236435771 1643.1550053805113 81.801977440714836 26.053744405508041 58.570480719208717 30.726858258247375 1493.3311435729265 1350.2936585918069 3607.0377884879708 38.611294254660606 1698.7240990772843 2541.0215738415718 4505.6640295088291 30.69729745388031 412.63810278475285 2378.6885125935078 131.36801469326019 22.311864882707596 97.772331282496452 1065.7695240229368 4864.9917926639318 3849.9880803376436 197.12070161104202 28.34777607023716 22.499797657132149 24.890150740742683 1098.6827533245087 90.210679620504379 274.74962219595909 287.90194988250732 28.505919203162193
leaf_count=1710 1961 4353 370 7515 680 3266 78 25803 1573 2737 11585 12168 3102 303 2681 1170 3916 2580 2259 8133 4473 333 25045 82 409 2200 2705 1351 94 16403 3184 24910 3998 299 123 127 121 3377 13121 24336 147 6322 7795 10748 116 916 5903 256 52 257 2372 17331 14210 1194 95 84 75 2430 272 671 850 101
internal_value=0.0129369 0.00614395 0.0400026 0.0114291 -0.00308017 0.00931434 0.0287047 0.00579774 -0.00794332 0.02616 0.0506255 0.0139506 0.0152657 0.0136345 0.0249601 -0.0040407 -0.00549572 0.031236 0.0209494 0.000466473 0.0104915 -0.00477475 -0.00523338 0.0467557 0.0228217 0.00518157 0.025556 0.0148713 0.0422827 -0.00273904 0.0436289 -0.0105824 0.0181769 0.0273098 0.0123078 0.00682471 0.0134978 0.0449085 -0.0156031 -0.0171453 -0.0366564 0.00758614 0.0131051 0.0165204 0.0197204 0.00859836 0.00944883 0.026995 -0.031677 0.0397671 0.04123 0.00621498 0.0019871 -0.00104127 0.0147615 -0.00288224 0.0528492 0.054259 0.00616292 0.0024236 -0.00228504 0.00552273
internal_weight=85981.7 68731.3 17250.3 43695.3 25036 38209.9 8359.61 21728.6 15759.5 5485.35 8890.7 16481.3 15246.3 13800.6 6923.36 10440.2 9694.4 3596.15 4165.89 10173.5 11555.2 9525.18 9435.62 1436.25 291.456 9276.58 2415.46 745.851 219.603 7015.06 4142.11 4145.75 3327.21 1301.68 2025.53 414.96 1999.48 3998.78 5319.22 4957.33 71.8533 3158.41 13629 7046.69 310.846 9674.79 6582.29 280.149 104.114 2505.45 2407.67 8854.03 3989.04 5289.87 1968.75 325.597 1144.79 1123.57 148.781 303.097 1235.01 361.888
internal_count=296831 256230 40601 123049 133181 110538 19456 66403 98760 12511 21145 44135 40019 36917 16141 59492 56971 7966 9774 35211 31192 55398 55065 3315 732 34421 5386 2521 503 24536 9560 28826 8175 3083 5092 1122 4969 9190 39268 37457 229 10675 36614 18543 771 26719 18071 655 351 5813 5556 32221 14890 26239 4848 850 2583 2505 399 766 4116 1811
is_linear=0
shrinkage=0.05


Tree=33
num_leaves=63
num_cat=0
split_feature=20 38 18 18 48 48 48 1 30 62 62 9 43 20 18 68 47 45 70 1 1 40 26 55 40 45 58 0 20 43 61 1 1 47 25 9 6 36 47 55 30 13 20 0 7 34 61 46 7 9 70 50 42 70 27 68 43 38 2 10 47 40
split_gain=5953.63 1242.85 577.867 479.985 353.22 228.638 227.832 169.397 162.96 153.579 150.775 138.453 123.864 122.805 103.889 102.565 94.239 88.5031 82.2207 81.4416 80.707 81.124 76.0481 105.337 75.7548 70.4904 70.0593 69.2576 68.6725 66.9663 67.9556 66.4748 65.8686 63.4406 63.3463 61.2862 61.1097 60.3818 82.4947 81.7678 115.117 71.1628 56.0973 55.6104 54.4451 52.6877 56.5807 56.1341 51.9234 51.8184 51.3939 49.8373 49.6353 48.8944 46.2503 45.5315 64.7085 48.7782 44.8172 44.6406 44.5341 46.7892
threshold=9.5000000000000018 55478682.356264077 81753272.656293467 2165676702.9050369 27740389.494676415 65168305571.740456 367065762881.72784 4.4350000000000014 65.500000000000014 1.3261744236624622 1.976478067387158 183581.50000000003 4.6999340369393154 69.500000000000014 44946296964.442772 59.585640920802327 25.39916542250155 0.68943799777050929 2.8130952366444291 4.2550000000000008 6.9050000000000011 3.5000000000000004 57.87321428571429 3480101.789221996 10.500000000000002 1.1581186184086731 5043885.6491398243 93.050000000000011 20.500000000000004 4.8667288557213935 5.3386989267956819 6.0750000000000011 4.6950000000000012 10.431638418236608 1.0679372505817668 1011552483.0999991 3.2550000000000003 16.991287878787883 1.0253942301229526 3126700.7670350205 32.500000000000007 4.5721111111111119 4.5000000000000009 58.750000000000007 3.4070000000000005 0.18517470516546145 5.3386989267956819 38.05308139534884 20.135000000000005 5439680.0000000009 11.440383617312543 1.5000000000000002 4.8050000000000006 21.737554041675928 28.895597472739691 5.7731703443205786 4.2909673659673677 357108618513.30475 2.5000000000000004 11.500000000000002 29.668047302589681 26.500000000000004
decision_type=2 2 2 2 2 2 2 2 2 2 2 2 2 2 2 2 2 2 2 2 2 2 2 2 2 2 2 2 2 2 2 2 2 2 2 2 2 2 2 2 2 2 2 2 2 2 2 2 2 2 2 2 2 2 2 2 2 2 2 2 2 2
left_child=1 4 8 6 10 12 7 24 17 16 15 31 13 36 22 19 32 -2 26 -1 21 -13 23 33 -3 -26 48 35 -14 30 60 42 45 -5 -10 -12 -4 -38 41 -40 59 -39 -9 -11 -21 47 -47 -6 58 -17 -19 -36 -48 -27 -24 -52 -57 -58 -18 -41 61 -23
right_child=2 3 5 14 9 -7 -8 11 34 43 27 20 28 -15 -16 49 18 50 -20 44 -22 29 54 -25 25 53 -28 -29 -30 -31 -32 -33 -34 -35 51 -37 37 38 39 40 -42 -43 -44 -45 -46 46 52 -49 -50 -51 55 -53 -54 -55 -56 56 57 -59 -60 -61 -62 -63
leaf_value=-0.019545676719234809 0.030421751916796143 -0.0032142458858078235 -0.022955488663689835 0.01965312115964395 -0.016971318008040939 0.05464113500517908 0.033497990127192338 0.013076678382040938 0.042070849835367741 0.038955215597115192 0.025306838682330076 -0.0049458161815836227 0.038340634326657019 0.054826395668524763 0.045498706790788546 -0.012789978053717767 0.022350144459884702 0.028680281032330404 -0.0012251944814071465 -0.028797131901501932 0.054198819375516127 -0.0051463171996903138 -0.03342006956969832 -0.061257932737113552 0.0084477359455724793 -0.0020147878345488208 -0.026095322667813881 -0.040288488331038166 0.055744397357038802 0.014336577770694477 -0.013038694979739796 0.035057231049871691 0.0020600094867682848 0.037445358292373547 0.030333662913095544 -0.030758974679647784 0.038139488908393353 -0.12693487905674103 0.026646757474873412 -0.043308807082076801 0.017343545095997892 0.010937372144604508 0.020792115129671249 0.0025006262531693628 -0.0050548156364483574 -0.002890108629189269 0.061182152550795899 -0.0019341702239742229 0.023104616559014184 -0.030939703542521457 0.022400290745597719 -0.008924227275814392 0.0052823465062590003 -0.045756473407196019 0.014705747307248851 -0.049762445799143719 0.0030661461900779266 0.059346995751112609 0.0059887374743418853 -0.16121799632336542 0.010187582010898262 0.012142224240613342
leaf_weight=1347.8077881932259 1116.5850707739592 2309.7272321134806 63.919483333826065 902.21223917603493 1628.2192480638623 5560.4143201857805 1040.0789837986231 8486.5356465429068 1673.7433681190014 383.04260948300362 507.7316689491272 1100.6211195141077 1065.5962369143963 431.07722772657871 867.44834466278553 743.43118716776371 446.90285780280828 383.66663366556168 4148.7045788392425 251.51035533100367 95.217351600527763 1146.632512383163 79.629323422908783 32.458119317889214 8561.8222514241934 1135.9549218267202 152.13911084830761 52.193809345364571 1210.9150941967964 4092.7591509222984 429.22482647001743 437.99389691650867 3842.688806258142 1126.6553423553705 328.16346070170403 53.918523818254471 695.67072595655918 17.630388721823692 857.49504366517067 16.959046050906181 62.206246823072433 19.949566394090652 3261.2734173089266 143.92140832543373 6044.9987045302987 1191.9706768840551 67.854404270648956 1002.9216834306717 540.72569920122623 834.92641496658325 395.09264862537384 107.26803125441074 95.743780069053173 67.693408355116844 133.81940247118473 56.206443250179291 907.17788970470428 40.204717501997948 6596.3906000256538 15.242075547575949 4448.4652580916882 594.1362642198801
leaf_count=11201 2470 8678 186 2078 9383 13963 2194 22456 3769 874 1379 4189 2463 1019 1931 5759 1283 844 17384 1865 172 3910 237 111 23799 3970 718 244 2826 10661 1409 923 15574 2334 744 226 1547 75 1976 55 161 47 7534 430 39570 5283 217 4731 1799 8051 899 304 420 292 311 243 2293 69 23292 74 12377 1555
internal_value=0.0123718 0.00627599 0.0409451 0.0120106 -0.00141721 0.0478784 0.0104259 0.00976238 0.0270773 0.00236001 -0.00918984 0.0121849 0.0394407 0.0309229 0.0307761 -0.0107869 0.00164794 0.019384 0.00445378 -0.00839093 0.00835044 0.00798085 0.0251619 0.0281037 0.00492893 0.00685496 0.00749927 0.0148047 0.047598 0.00930911 0.0062002 0.0159316 -0.00261126 0.0295334 0.0376512 0.0199245 0.0250316 0.0268518 0.0189158 0.0217843 -0.0223806 -0.0537445 0.0152185 0.0289989 -0.00600319 -0.00711377 0.000894315 -0.0112396 0.00817319 -0.0223909 0.0124692 0.0206625 0.0284675 -0.00447483 -0.0032481 0.0080224 0.00236212 0.00545457 0.00702688 -0.0991199 0.00753442 0.00075438
internal_weight=85453.3 70428.1 15025.2 40350.4 30077.7 10017.1 37208.1 36168.1 5008.11 20241.2 9836.52 24092.9 4456.66 2180.15 3142.22 9222.67 19714.3 2898.93 11884.9 7644.32 11907.1 11811.8 2274.77 2061.33 12075.2 9765.47 7736.16 613.844 2276.51 10711.2 6618.46 12185.8 7829.4 2028.87 2109.17 561.65 1749.07 1685.15 989.482 951.902 94.4074 37.58 11747.8 526.964 6296.51 3986.71 1355.57 2631.14 7584.02 1578.36 1782.35 435.431 163.598 1203.65 213.449 1398.68 1003.59 947.383 7043.29 32.2011 6189.23 1740.77
internal_count=296831 260804 36027 111121 149683 24392 104119 101925 11635 81388 68295 65186 10429 5140 7002 66446 80084 6818 44476 52636 34273 34101 5071 4523 36739 28061 27092 1849 5289 29912 19251 30913 35608 4412 4817 1605 4121 3935 2388 2266 290 122 29990 1304 41435 20034 5920 14114 26374 13810 4348 1048 637 4262 548 3504 2605 2362 24575 129 17842 5465
is_linear=0
shrinkage=0.05


Tree=34
num_leaves=63
num_cat=0
split_feature=20 39 10 18 69 45 1 69 41 59 1 18 68 48 30 23 28 18 62 26 62 69 45 47 9 20 34 0 1 17 20 67 55 63 26 47 41 32 45 69 63 59 0 59 36 0 1 52 51 28 41 36 68 52 69 24 42 1 45 41 26 45
split_gain=5590.79 1129.14 584.764 557.114 301.607 259.009 223.292 192.767 172.742 145.432 138.787 127.677 117.612 115.301 112.923 135.241 99.2831 95.4194 91.155 87.4223 81.5548 81.8158 81.422 83.4971 79.2158 78.9367 77.1986 76.0635 76.0103 74.9698 142.698 64.3081 64.2452 63.9007 62.4585 72.8274 61.6537 63.0493 60.639 71.2723 70.2244 69.0822 60.6106 60.0519 58.5806 58.1595 57.0533 55.1302 53.7492 53.1058 52.2392 51.6742 54.6187 50.4089 50.3194 52.3364 50.2681 49.4505 49.1958 53.3184 49.118 90.4258
threshold=9.5000000000000018 9984538581554978 12.500000000000002 1015884274.1461791 21.789888850165543 0.68124624612274831 4.4350000000000014 6.3237503422867247 0.28333333333333338 139.78673502612926 4.9050000000000011 44946296964.442772 57.486764577110783 65168305571.740456 93.500000000000014 4.9201449275362323 298974101.87215501 1437357.3595397372 1.065821566110398 10.072438780609696 0.91601652892562024 35.583029424211503 0.61668771196851668 1.2572830495136293 195454.50000000003 32.500000000000007 0.48717281562742737 105.05000000000001 4.4850000000000012 4.1872793838470672 53.500000000000007 0.52247866957162958 28627473.063862082 720.0510843326382 75.216666666666683 1.0000000180025095e-35 0.91666666666666685 6.495000000000001 1.9594223346826982 5.3781428144681493 142.34649910379753 333.98830153008242 526.85000000000002 839.60587267989297 7.9502051282051296 34.850000000000001 6.495000000000001 1253585.7590579332 0.80017101269223534 104753122.92020482 0.95000000000000007 34.900561797752815 2.5557725843011809 1002282.5868084495 11.051787981379602 0.30714739407854014 5.6950000000000012 7.2950000000000008 1.3110776812173632 2.1166666666666671 1.0000000180025095e-35 1.4476482730108382
decision_type=2 2 2 2 2 2 2 2 2 2 2 2 2 2 2 2 2 2 2 2 2 2 2 2 2 2 2 2 2 2 2 2 2 2 2 2 2 2 2 2 2 2 2 2 2 2 2 2 2 2 2 2 2 2 2 2 2 2 2 2 2 2
left_child=1 7 5 4 6 19 17 10 12 20 43 34 18 22 15 60 54 44 24 -2 21 48 -4 31 -8 53 32 -20 -9 -28 -31 -24 -25 49 35 -5 37 42 39 40 -26 -41 -11 -1 -3 57 51 -37 -6 -10 -46 -12 -53 -21 58 -56 -44 -30 59 -16 -7 -62
right_child=2 3 13 11 9 14 8 28 33 36 46 -13 -14 -15 16 -17 -18 -19 27 25 -22 -23 23 26 38 -27 29 -29 45 30 -32 -33 -34 -35 -36 47 -38 -39 -40 41 -42 -43 56 -45 50 -47 -48 -49 -50 -51 -52 52 -54 -55 55 -57 -58 -59 -60 -61 61 -63
leaf_value=-0.016657227748502514 0.0090370767411145324 -0.041923523266539302 0.056088619905730511 0.0050343032697889823 -0.021113660820087709 0.063888673969926563 0.010638877792277126 -0.0091773244381868953 0.013291316778694176 0.001231083245221129 0.018241075570917357 0.044442113510782019 -0.0056239581701704976 0.056749604770593966 0.019003066344998959 0.047397719884084741 0.046167258122941889 0.0056944168272460537 0.029161887069926354 0.038218896471386266 0.030211140228205841 0.020490237330974281 0.02745688698158226 0.051964879748351803 -0.014655498584639885 0.051317082152522786 0.042550249169589244 -0.028209969431723821 0.0062496984622993305 0.016025985104626821 -0.1321340610200375 -0.042989647886355203 -0.031765444023642307 0.061962179954301491 -0.0036600495514999953 0.028926984997165159 0.033465181803766571 0.026044676202237545 0.02870355033025998 0.0050130470947056058 0.030597357157030089 -0.024976253451833418 0.018539191928425094 -0.036935092743163457 -0.0051556661173304203 -0.0031329187293648525 0.014731179925329472 -0.015314738786510022 0.012175714232951858 0.028798462503866685 0.017355522918491333 0.017348630253313509 -0.011412660277555832 0.0067129974120390167 0.04641285996684115 -0.020231992668323276 0.003218210959647898 0.050219810819603222 0.053279579201240726 -0.059851562875919917 0.015243437149007888 -0.030164926559437977
leaf_weight=3598.5929422676563 215.46147862076759 104.94342479854822 752.98119434714317 414.95848323404789 122.54864993691444 48.963764354586601 5785.0027200579643 2087.4237065389752 1920.2176561355591 4730.4016741216183 188.60671734809875 844.26171225309372 2041.629353672266 3933.4355863630772 34.134709596633911 345.32099026441574 759.80978584289551 3089.7157694995403 678.88690672814846 2489.537963733077 802.64241202175617 3558.2680015712976 78.050808921456337 792.03465612232685 904.618373259902 1399.5093488246202 309.5963873565197 63.145717784762383 2576.4317877739668 255.46871095895767 17.355676546692848 55.382622167468071 23.591862872242928 84.281692489981651 212.14845578372478 2435.2107242643833 201.91127578914165 353.56749281287193 219.34354916960001 5904.9784475937486 94.705892369151115 198.48689701408148 1141.9064815044403 406.33533178269863 6663.565180465579 2659.6237828209996 351.09094512462616 72.511705443263054 11489.893078222871 774.89866355061531 268.08298616111279 179.91682757437229 2000.1370729729533 133.78131984174252 114.93208312988281 39.611406728625298 1007.9461242705584 65.570786312222481 21.646232798695564 57.627641156315804 2656.7052101045847 114.35727380216122
leaf_count=32445 565 609 1843 1039 504 84 17477 11723 5174 14308 891 1931 8222 10402 78 752 1772 10340 1742 5697 1777 8318 185 1854 4778 3375 721 228 10562 679 78 185 76 144 545 5309 427 804 793 20100 387 906 3003 4818 29843 11019 1069 201 30388 1693 681 983 12713 349 226 113 2779 131 39 205 6311 438
internal_value=0.0118288 0.00597329 0.0399281 0.00914931 0.00777474 0.0313493 0.00434821 -0.00666998 0.00759077 0.0119899 -0.0127952 0.0271836 0.00557937 0.0515608 0.0225388 0.0178633 0.0369386 -0.0016302 0.00723096 0.040066 0.0146787 0.013857 0.0426265 0.0360076 0.00626578 0.0417279 0.0396144 0.0242796 -0.00109547 0.0257104 0.00660081 -0.00178252 0.049543 0.0190906 0.0225356 0.0244371 0.00621363 0.00545298 0.00281073 0.00201112 -0.0103669 0.00403778 0.0043948 -0.0187146 -0.00484638 0.00208662 -0.00407876 0.0276477 0.0118244 0.0177499 -0.00428504 -0.00686683 -0.00903903 0.0366122 0.0107697 0.029331 0.011356 0.00734097 -0.0145239 -0.0305184 0.0142467 0.0133695
internal_weight=84947.7 70298.4 14649.3 56184.7 52205.6 8431.4 28796.5 14113.7 18670.2 23409.1 6724.68 3979.09 15890.8 6217.9 4193.11 3165.35 1027.76 10126.3 13849.2 4238.29 15973.4 15170.7 2284.46 1531.48 13107.1 4022.83 1398.05 742.033 7389.05 582.421 272.824 133.433 815.627 2779.4 3134.83 2922.68 7435.73 7233.82 7322.13 7102.79 999.324 6103.47 6880.25 4004.93 7036.59 5301.63 2719.75 2507.72 11612.4 2695.12 6931.65 2368.66 2180.05 2623.32 267.952 154.543 2149.85 2642 113.409 91.7624 2820.03 2771.06
internal_count=296831 260804 36027 174450 165425 20004 103117 86354 61644 62308 52919 9025 54633 16023 10018 7585 2433 41473 46411 9986 40987 39210 5621 3778 44441 9421 3408 1970 33435 1478 757 370 1930 7011 7094 6549 21321 20894 26964 26171 5165 21006 20090 37263 31133 21712 15656 5510 30892 6867 30524 14587 13696 6046 661 339 5782 10693 322 283 6833 6749
is_linear=0
shrinkage=0.05


Tree=35
num_leaves=63
num_cat=0
split_feature=10 48 48 30 69 9 69 68 33 1 10 18 1 10 40 1 68 55 16 69 47 6 33 47 53 1 63 47 59 63 33 56 52 66 36 9 66 59 5 67 1 0 1 59 9 25 55 44 47 39 60 63 62 33 46 30 3 33 30 69 56 66
split_gain=5274.17 1116.56 593.468 541.019 312.394 237.578 217.502 163.292 159.439 143.048 125.122 120.262 115.698 108.103 104.77 102.965 90.441 86.4633 86.1502 84.2684 83.5887 83.052 77.9745 75.6578 102.891 68.7469 67.2271 67.2176 66.6556 66.6305 65.8788 65.8146 96.3602 70.9975 64.8903 61.7412 59.406 58.5601 58.4289 57.6588 57.5955 75.4303 57.1883 58.6625 56.9419 56.3086 55.3605 54.9817 53.4485 54.1561 53.2644 53.2625 52.0851 51.9597 79.2078 54.6723 51.7254 50.5352 62.6602 50.401 49.8981 48.7305
threshold=3.5000000000000004 205466709.88680819 33261411691.198246 22.500000000000004 12.588400214084791 27159.500000000004 23.262854422344478 59.585640920802327 4.7291787090558772 4.4050000000000011 11.500000000000002 5667677209.79214 4.3650000000000011 12.500000000000002 284.50000000000006 7.0950000000000006 48.594179339598675 1692893.432009727 18.173214285714291 2.3958421498095643 1.0000000180025095e-35 2.9750000000000005 4.733428844317098 0.37282548461146886 1.5000000000000002 5.7950000000000008 517.52033979330156 0.74579828516494751 779.82269281538936 14.33580442411415 4.7201265822784819 95.500000000000014 1285237.694190027 0.13917310096006538 10.95027777777778 28894.000000000004 0.94828754594723541 229.9424922571738 0.96500000000000008 0.87032255546191728 5.6350000000000007 33.050000000000004 5.5950000000000006 441.9246103158444 38405.500000000007 0.99429034492713397 29831852.690225221 0.39070645068696785 76.536631368432083 2.8951918782831764e+18 6.1714285690481629 156.3461430953665 1.7266528925619837 4.8750634517766516 27.876299376299382 3.5000000000000004 108.85000000000001 5.0003311258278158 35.500000000000007 4.4961819471758249 241.50000000000003 0.71322329076259938
decision_type=2 2 2 2 2 2 2 2 2 2 2 2 2 2 2 2 2 2 2 2 2 2 2 2 2 2 2 2 2 2 2 2 2 2 2 2 2 2 2 2 2 2 2 2 2 2 2 2 2 2 2 2 2 2 2 2 2 2 2 2 2 2
left_child=1 4 10 5 7 11 12 9 14 18 31 20 56 28 36 35 26 61 -1 -9 -3 39 37 24 -23 -22 27 -14 30 -20 45 33 -33 48 -30 -11 -5 52 -37 -12 47 -42 -40 -44 -35 -4 51 -29 49 -2 -34 -25 -8 54 -49 -55 -7 58 -10 -31 -38 -6
right_child=2 3 13 8 17 6 22 19 57 15 21 -13 16 -15 -16 -17 -18 -19 29 -21 25 23 -24 46 -26 -27 -28 40 34 59 -32 32 50 44 -36 38 60 -39 42 -41 41 -43 43 -45 -46 -47 -48 53 -50 -51 -52 -53 -54 55 -56 -57 -58 -59 -60 -61 -62 -63
leaf_value=0.01014233849377255 -0.027374991762148828 -0.0050122194334089017 0.037626307040219881 0.018291247012563495 0.0018080040996078209 -0.0091061233943222093 0.0091463795651873601 -0.030339478279731037 0.016696165130374856 0.0098006826991602972 0.013738528218722576 0.032614691223869022 -0.0049423795674006267 0.055419972522792474 0.035759159029190052 0.038635426853834871 -0.0051697939972408418 -0.012651117448279138 -0.023855351674471986 -0.011787508341599858 0.014318858972709536 0.029259742669202983 0.014955784935615181 0.046484406811874365 -0.070770471654309774 0.038086468667627313 0.049168053609864169 0.012246214431954391 0.02555404825779134 -0.01963886248581407 0.049355024016892859 0.066711969808416732 -0.072351229842226181 0.02883121550904709 -0.092069229495197163 -0.0069736550741559961 0.0043310147047379791 -0.0010897538131602327 -0.00091155658951858499 -0.10093609297016326 0.029275531057532569 -0.0019150092615348301 0.012546248345564179 0.076231738643226798 0.0023157527955528969 0.0010267349234031168 -0.031679879743073985 -0.021634468088491961 0.058540777280900215 0.018994894923254815 0.00085373808287712578 -0.015589672873585243 0.05065397980310346 0.00034243973382096888 0.0024820572378518651 0.016570961246541911 0.0029751540239906452 0.049133905678077031 0.037815582552193437 -0.0047313921016383454 -0.079704451685673208 0.0093393886490791226
leaf_weight=392.66944742947817 138.20610912144184 536.33236494660378 771.5447940826416 2657.1847944110632 3877.9412186145782 2601.7063514813781 7704.3789295852184 913.96817317605019 517.5133318901062 1034.3384640291333 33.152560994029045 987.99136404693127 1185.6897099390626 4167.938673146069 723.28080396354198 161.48000130057335 1913.9773091450334 670.8372969776392 1259.9987465813756 1853.2877314612269 5703.42036652565 116.81478661298752 6387.6717909276485 1737.3242123574018 32.960923939943314 321.38845428824425 92.125810571014881 2719.3681197986007 35.996687993407249 857.61146142333746 1734.2984456717968 31.018020361661911 47.695802167057991 3911.3612653464079 17.390227466821671 4388.5511839389801 722.21580410003662 1549.7923186272383 2740.3644343987107 16.376096397638321 628.47011762857437 280.28704473376274 446.00302094221115 39.349491402506828 213.52943155169487 121.66150756180286 23.698532283306122 381.76239978522062 36.395769536495209 115.6645800024271 51.872421056032181 35.258725732564926 76.327281609177589 894.22136259078979 3147.7520268335938 1236.7517424374819 1343.4634780064225 506.68458016216755 1092.9255348145962 1673.1184955611825 18.107280433177948 4814.0147096216679
leaf_count=1840 419 1619 1921 6303 14383 9931 20681 8924 1225 3960 82 2179 4456 11463 1564 345 6817 3276 10003 11732 14615 264 15421 4229 139 656 196 8056 90 8088 4339 52 197 9026 71 25736 1887 4756 16403 67 1502 804 1808 136 567 336 76 1509 66 287 139 104 140 2873 10096 3117 4751 1061 2486 10505 83 16974
internal_value=0.0113098 0.00588535 0.0400947 0.0105209 -0.00258941 0.0083697 0.00649506 -0.00688671 0.0242096 -0.00453802 0.0293238 0.0163518 0.00247165 0.050382 0.0184799 -0.000922899 0.00483099 0.00464439 -0.0121513 -0.0179148 0.0139029 0.0397607 0.0106995 0.041388 0.00724624 0.0155867 0.00664251 0.00626848 0.0425494 -0.0144607 0.0436732 0.024742 -0.0102407 0.0257767 -0.0127605 -0.0016615 0.0148014 0.00778571 -0.00321855 -0.0241774 0.00769954 0.0196555 0.00189023 0.0177095 0.0274586 0.0326412 0.0442347 0.00640298 0.00187511 -0.00624867 -0.0342134 0.0452497 0.00955356 0.00359581 -0.000126455 0.00976098 -0.00499204 0.0353619 0.0310289 -0.00978322 0.00227562 0.00597924
internal_weight=84444.5 71054.3 13390.2 45930.8 25123.5 39692.9 32143.7 15760.7 6237.91 12993.5 6541.33 7549.13 16425.6 6848.83 4120.79 8810.09 12480.4 9362.79 4183.4 2767.26 6561.14 1995.59 15718.2 1946.06 149.776 6024.81 10566.4 10474.3 2680.89 3790.73 2627.5 4545.74 130.586 4415.16 53.3869 8648.61 3397.51 9330.5 7614.27 49.5287 9288.61 908.757 3225.72 485.353 4124.89 893.206 1796.28 8379.86 290.266 253.871 99.5682 1772.58 7780.71 5660.49 3529.51 2130.97 3945.17 2117.12 1610.44 2530.73 740.323 8691.96
internal_count=296831 262897 33934 128784 134113 114175 95106 99480 14609 78824 15714 19069 54108 18220 9837 48388 39426 34633 30436 20656 16890 4961 40998 4812 403 15271 32609 32413 6757 28596 6596 10753 388 10365 161 48043 8273 25577 44083 149 27957 2306 18347 1944 9593 2257 4409 25651 772 706 336 4333 20821 17595 11605 5990 14682 4772 3711 18593 1970 31357
is_linear=0
shrinkage=0.05


Tree=36
num_leaves=63
num_cat=0
split_feature=20 28 69 10 18 48 48 43 43 1 1 43 0 20 69 69 20 46 9 9 30 26 70 1 69 69 6 30 43 2 69 47 17 47 60 12 70 28 0 9 43 26 69 12 28 41 26 63 69 60 56 34 2 66 59 43 25 45 59 0 28 17
split_gain=4955.37 954.658 592.1 523.159 385.674 211.976 196.095 195.269 175.409 149.446 140.467 133.93 121.548 113.935 106.103 104.77 99.6137 84.242 80.1552 79.9122 79.6142 72.3833 72.0885 71.6606 71.5886 71.1633 71.1049 70.7948 74.6971 65.608 63.1359 62.4549 62.2821 81.1169 80.1962 75.2944 76.5749 62.7526 60.9973 60.1581 59.59 60.1306 58.2776 57.1817 56.0163 55.1549 54.991 70.8358 53.0266 51.4996 80.7764 53.7548 50.2662 49.3262 47.5507 46.7951 46.7247 46.7031 46.3491 46.0583 45.527 45.2746
threshold=10.500000000000002 12759296.435991699 9.3333281471708478 6.5000000000000009 5667677209.79214 63132282318.027382 367065762881.72784 4.6375216262975796 4.5154946628926114 4.6950000000000012 5.1050000000000013 4.6866803840877926 75.050000000000011 86.500000000000014 11.406390804311568 3.8960848622140354 3.5000000000000004 27.391333333333339 15092809.000000002 2875.5000000000005 68.500000000000014 34.855646630236798 11.726219551040138 6.6550000000000011 33.19173346443953 3.0868630355231388 7.7750000000000012 34.500000000000007 5.020096153846155 1.0000000180025095e-35 19.216745288889999 53.217318633097442 2.6643226077489373 1.0000000180025095e-35 12.857142850105371 6.705000000000001 24.796913119081733 383483530.63714147 98.050000000000011 45231.000000000007 4.9638251783894001 11.773006436955701 19.771380473475894 5.9850000000000012 111539867.90955482 0.22777777777777777 73.222500000000011 169.69374343741904 0.44098043364616263 3.4285714263673479 6.5000000000000009 0.38873012632302001 12.500000000000002 0.1822285865217376 839.60587267989297 4.8480131578947381 0.65618602357215938 1.3714562586418511 393.88566249663955 30.050000000000004 44744283065.176628 17.395848772369899
decision_type=2 2 2 2 2 2 2 2 2 2 2 2 2 2 2 2 2 2 2 2 2 2 2 2 2 2 2 2 2 2 2 2 2 2 2 2 2 2 2 2 2 2 2 2 2 2 2 2 2 2 2 2 2 2 2 2 2 2 2 2 2 2
left_child=1 2 10 7 6 11 9 20 17 14 15 13 18 32 46 21 30 -4 23 60 22 -1 -2 -12 29 56 -17 28 -9 -10 38 -31 33 34 37 44 -37 -5 -11 58 -18 -42 -19 -39 -34 54 47 53 -49 50 -35 -52 -41 -3 -23 -29 -13 -33 -16 -32 -6 -46
right_child=3 4 8 5 19 -7 -8 27 24 16 12 25 -14 -15 39 26 40 42 -20 -21 -22 45 -24 -25 -26 -27 -28 55 -30 31 59 57 35 49 -36 36 -38 43 -40 52 41 -43 -44 -45 61 -47 -48 48 -50 -51 51 -53 -54 -55 -56 -57 -58 -59 -60 -61 -62 -63
leaf_value=-0.0018026490648619356 0.030673575398865789 -0.016494884505185062 -0.019075761986593789 0.034729303980668078 0.031511000603507075 0.054122093122788123 0.032835551906618771 0.018169366588876339 0.029238602168005879 0.008427227040621035 0.0065907372337128791 0.031932996399254614 -0.030622584015999477 0.054548211025403595 0.014549089144476408 -0.037430360836940332 0.016707750289799084 -0.0041712733291271349 -0.0068182081752702316 0.021578015299645811 0.027413084273853694 -0.018755962755605315 0.0019623650912029152 0.042743807336705714 0.015770624228831853 0.050959691109728603 -0.0054099593535913339 0.035274027511141288 0.048093991909086219 0.0036174545987597076 0.02738151724033587 0.0093412109429591664 -0.065522007496484957 -0.072003573332288892 -0.097463473705358739 -0.0095904359949509684 -0.13919339875169809 -0.10216947762478042 -0.010125569101027193 0.0068379366034863696 -0.01394053524754376 0.034663033177560351 0.0044120522090240746 0.023515402285159463 0.012763553214882506 0.020126016223803816 -0.020552412945811154 -0.029634991562516144 0.037498631372238099 0.044821852517269667 0.059917144503564196 -0.036037613611739759 -0.014602521651879695 0.0014030888993172552 -0.037286828711977742 0.052040792376551216 -0.044336347733054726 0.031863651548756741 -0.02785115837139375 0.012744478044497902 0.050631635318100589 0.048440892560106807
leaf_weight=657.22997266799212 274.36993914842606 449.12690883129835 613.16046258807182 90.230952337384224 675.85035495460033 4554.8969243094325 952.41505415737629 882.89150521159172 305.22949840128422 4170.5057034641504 1801.40654207021 55.74438950419426 293.67170012742281 340.17827062308788 3699.7100517824292 179.8714861869812 3428.9569436460733 3917.0351461917162 1265.3746953383088 1041.7615821510553 838.17885558307171 3323.8507206663489 1076.0828138738871 148.35411281883717 2279.2393413037062 1475.4211097061634 4800.2670699208975 1215.8251172155142 273.02748762071133 10355.70351652056 616.11682389676571 4721.1114622652531 20.121813908219337 25.010588869452477 19.124508649110794 46.151636451482773 15.134659990668295 19.254439875483513 495.68490851670504 6597.7062676548958 68.771349608898163 852.10514304041862 3993.9693925082684 17.074836149811745 485.07083976268768 84.673734001815319 330.68061500042677 34.569435566663742 197.23278149962425 573.30253806710243 50.923639476299286 20.459875524044037 285.18417222797871 2694.2162361070514 386.42982278764248 632.69549346715212 31.388144195079803 241.97046767175198 65.595980882644653 4209.5241972953081 577.19038644433022 108.88215009868145
leaf_count=3946 585 1614 3113 191 1511 12912 2040 2096 802 12481 8076 144 1685 887 9570 1418 8210 17974 7425 2535 2017 29870 2759 302 5715 3759 28956 2970 600 35016 1384 13881 85 93 92 145 71 75 1676 18535 193 1782 13141 38 1260 310 1457 152 542 1283 116 69 1062 9059 4571 1517 106 724 227 10425 1355 226
internal_value=0.0108123 0.00557921 0.000390865 0.0390105 0.0120753 0.0470742 0.0105216 0.0266683 0.0046818 0.00976784 -0.00837176 0.0376142 0.000169072 0.0284379 0.00619324 -0.0115489 0.0134748 -0.00122169 0.00298159 0.031811 0.0153085 -0.0171222 0.00779559 0.00934157 0.00749259 0.0483666 -0.00656646 0.0349435 0.0252375 0.00628499 0.0106033 0.00582763 0.0224797 0.0317809 -0.00203163 0.0112501 -0.0415959 0.0123891 0.00645638 0.00872925 0.0197405 0.0310333 0.000162126 -0.0430973 0.0165243 -0.0197754 -0.00109365 0.000812831 0.0274868 0.0391364 0.00532213 0.0324147 0.00594958 -0.00115421 -0.020686 0.0410128 0.00445815 0.0104393 0.0138104 0.0146133 0.0403186 0.0193038
internal_weight=83952.9 70811.5 39368.5 13141.4 31442.9 7948.37 29148.1 5193.07 26427.4 28195.7 12941.1 3393.47 3508.81 1830.92 14354 9432.32 13841.7 8524.17 3215.14 2294.8 2188.63 4452.18 1350.45 1949.76 17903.3 1562.55 4980.14 3004.44 1155.92 15624 9491.83 15318.8 1490.74 815.381 145.685 675.361 61.2863 126.56 4666.19 10648.2 4349.83 920.876 7911 36.3293 614.075 3794.95 3705.83 3375.15 231.802 669.697 96.3941 71.3835 6882.89 3143.34 3710.28 1848.52 87.1325 4963.08 3765.31 4825.64 1253.04 593.953
internal_count=296831 262735 176925 34096 85810 21552 80409 12544 90366 78369 86559 8640 17488 4631 42218 69071 36151 34228 15803 5401 5361 38697 3344 8378 56138 4009 30374 7183 2696 50423 25966 49621 3744 1957 396 1787 216 304 14157 29394 10185 1975 31115 113 1571 34751 12824 11367 694 1561 278 185 19597 10673 34441 4487 250 14605 9797 11809 2866 1486
is_linear=0
shrinkage=0.05


Tree=37
num_leaves=63
num_cat=0
split_feature=10 39 48 48 48 20 9 62 1 43 48 1 1 47 30 10 59 47 70 64 0 16 1 33 44 22 50 33 68 20 40 47 58 22 64 5 47 16 57 44 70 60 0 62 68 62 59 48 34 9 43 64 30 0 32 59 9 70 28 25 63 40
split_gain=4666.86 921.398 594.087 455.855 248.231 174.23 151.34 146.655 140.623 114.361 113.732 107.176 96.6653 91.1469 87.4146 85.5244 81.9388 91.1314 79.1546 77.0232 76.6904 72.9033 71.0286 70.9138 88.0784 117.516 103.926 67.87 68.2207 65.6829 63.6981 61.4772 61.291 82.9336 61.0891 59.4654 58.8943 63.8457 59.7987 58.8854 67.9611 63.6048 58.6989 62.3578 57.6414 57.2632 56.5263 61.683 54.5464 53.1291 52.5775 52.1243 51.8697 51.7983 51.284 50.3586 49.0336 48.8463 48.3007 48.0361 47.792 46.2404
threshold=3.5000000000000004 69843523031157576 63132282318.027382 32072638573.705318 12223183.666937871 34.500000000000007 189548.00000000003 1.3861983471074379 4.9050000000000011 4.7213059619201649 484076989611.0094 4.8050000000000006 4.2550000000000008 36.524634394714219 22.500000000000004 12.500000000000002 342.2143492731139 25.39916542250155 10.260791786827626 1.0000000180025095e-35 10.002500000000003 9.6083333333333361 7.5950000000000006 4.7250231910946212 0.48304589153964811 6.6950000000000012 1.5000000000000002 4.8568927203065142 89.547584603419509 10.500000000000002 177.50000000000003 4.0259093893013418 39298645.295996703 6.3850000000000007 1.0000000180025095e-35 0.95500000000000007 6.0187972508578689 90.02500000000002 0.53616602704105187 0.45334946688794447 13.000323497839164 0.80357142842614004 58.750000000000007 1.3861983471074379 57.486764577110783 1.065821566110398 462.29718982610228 1035764703.6557193 0.42895262946675156 116343.50000000001 4.6333603457590504 1.0000000180025095e-35 24.500000000000004 52.95000000000001 4.4750000000000005 167.28008845243571 335768928.00000006 8.6468942109312525 5623913251.903492 0.79444112543277823 720.0510843326382 13.500000000000002
decision_type=2 2 2 2 2 2 2 2 2 2 2 2 2 2 2 2 2 2 2 2 2 2 2 2 2 2 2 2 2 2 2 2 2 2 2 2 2 2 2 2 2 2 2 2 2 2 2 2 2 2 2 2 2 2 2 2 2 2 2 2 2 2
left_child=1 4 5 6 8 9 11 12 19 20 27 14 -6 45 18 55 17 54 34 44 21 -2 35 24 32 26 31 30 49 57 -5 -26 -7 -34 -3 56 39 38 -38 40 -22 -42 43 -13 -1 60 48 -48 -20 -29 -15 -19 -41 -9 -14 -4 -10 -11 -23 -16 -8 -43
right_child=2 3 15 10 7 23 13 53 22 29 -12 42 16 50 59 -17 -18 51 46 -21 36 58 -24 -25 25 -27 -28 28 -30 -31 -32 -33 33 -35 -36 -37 37 -39 -40 52 41 61 -44 -45 -46 -47 47 -49 -50 -51 -52 -53 -54 -55 -56 -57 -58 -59 -60 -61 -62 -63
leaf_value=-0.0060511096984522776 -0.0025004090368545059 0.010928767524699227 0.04546583630257011 0.0094116845873195229 -0.0057965240487608954 0.044309515934813776 -0.0011395739269856047 0.035925641537253382 -0.0048070871875310929 0.034496489235639596 0.034239784545190326 0.018037488450770085 -0.012545612530386699 0.0028618688695698871 0.03204783091648794 0.055094465529570702 -0.01011013473278552 0.0090851566187666981 0.0031515942198212148 -0.024647676742223901 0.028462813011726963 0.024936246345670796 0.04471885323015079 0.0557334903484967 -0.022689621535098264 0.030943358671326616 0.03526812800212762 0.034379852980624973 -0.038797516914024777 0.041833443563627636 0.030431277992551443 -0.14751164787729085 0.061225197074063688 -0.096765406037358975 0.0014097773436852084 0.0085927588906926072 -0.050655294759170189 -0.040663821210206993 0.018041251851508625 0.02842702693230232 0.01968081541083283 -0.028635976456910781 0.0076588218951887041 0.045565901444866032 -0.028640790540693059 0.025039586842672663 -0.009793057080410509 0.038190859088782045 -0.015289288106652324 0.016374510236072583 0.010645945616427108 0.00093579441158726415 -0.054885422251410881 0.0018907818979793723 0.00052370484865088042 0.023109800843032623 -0.027392395323623323 0.016203000866960898 0.048243781278990351 0.013830475228570199 0.048885159933141541 -0.11199294407279002
leaf_weight=1648.530030362308 190.0904465764761 7096.0517758876085 1805.0162842422724 1968.2269185334444 4731.019070006907 823.41568459570408 6559.3458860740066 403.31998533010483 2402.073878519237 726.13951535522938 1647.2397835701704 4341.4263014793396 856.61942015588284 3499.5152707248926 470.54556934535503 3528.1499184519053 1240.3039558529854 6232.4098959490657 792.78446941077709 1603.4977413192391 29.59871831536293 870.68868014216423 78.067592546343803 638.55147659778595 16.281164571642876 136.77175199985504 22.483944624662399 1087.6805480420589 39.565837562084198 1021.5689784437418 441.22570618987083 25.028892636299133 15.272725015878676 18.210220396518707 2210.5223082453012 784.42625822871923 32.503814041614532 51.162343993782997 1247.2796903252602 95.73812797665596 20.159406065940857 26.520485281944275 1407.0465902984142 215.94886972010136 340.76643723249435 222.03635242581367 114.31694769859314 161.7261133491993 811.42467798292637 657.28796230256557 5707.1931630223989 2863.7487358897924 23.212075717747211 154.65939067304134 6065.6178804263473 292.75234735012054 267.0306883752346 733.51324717700481 298.47969947755337 1566.5904168784618 48.094873256981373 44.64301323890686
leaf_count=14163 526 18922 4806 4927 23846 2132 22081 952 12776 1593 3752 10626 4323 10743 1030 10536 6767 21057 2504 16197 70 2022 174 1727 48 366 53 2487 130 2621 991 117 34 75 6681 4267 129 162 3033 215 47 88 3614 415 3718 524 413 344 2509 1588 15290 11628 84 478 27204 819 1742 1796 653 3918 116 182
internal_value=0.0103361 0.00532014 0.0382019 0.0101708 -0.00139312 0.0285931 0.00802558 0.00117754 -0.00952893 0.0242104 0.0231072 0.0110217 0.000535203 0.00444056 0.00851208 0.0503409 0.00227088 0.00322954 0.00677733 -0.0164935 0.0175215 0.0262174 -0.00244368 0.0425765 0.0346317 0.0048048 -0.0512352 0.0187348 0.0261256 0.0321092 0.0132609 -0.0983167 0.041613 -0.0247004 0.00866779 -0.0035098 0.00999681 0.0141069 0.0162965 -0.0128084 -0.037379 -0.058719 0.0165858 0.0193419 -0.00992072 6.38357e-05 -0.00257977 0.0183194 -0.00617598 0.0275977 0.00768718 0.00651949 0.0121693 0.0264919 -0.00109361 0.042346 -0.00706664 0.0253035 0.0308865 0.0180384 -0.000775449 -0.0809283
internal_weight=83471.1 70737.9 12733.2 41065.8 29672.1 7107.31 35224.6 22547.7 7124.39 5411.3 5841.23 19188.4 21989.7 16036.2 13224 5625.92 17258.7 16018.4 11186.8 3592.79 2930.08 1359.26 3531.6 1696.02 1057.46 200.566 63.794 4193.99 1784.53 2481.22 2409.45 41.3101 856.899 33.4829 9306.57 3453.53 1570.82 1330.95 1279.78 239.872 120.922 91.3229 5964.42 4557.38 1989.3 6829.48 1880.25 276.043 1604.21 1744.97 9206.71 9096.16 118.95 557.979 6922.24 2097.77 2669.1 1459.65 1169.17 2037.14 6607.44 71.1635
internal_count=296831 262897 33934 113605 149292 17773 99730 96255 53037 13221 13875 50976 94825 48754 36321 16161 70979 64212 31373 34078 7211 3201 18959 4552 2825 584 218 10123 4205 6010 5918 165 2241 109 25603 18785 4010 3324 3162 686 387 317 14655 11041 17881 22721 5770 757 5013 4075 26033 32685 299 1430 31527 5625 14518 3389 2675 4948 22197 270
is_linear=0
shrinkage=0.05


Tree=38
num_leaves=63
num_cat=0
split_feature=20 39 11 39 18 69 48 43 69 9 1 69 68 1 67 43 20 40 55 43 43 9 31 9 31 43 69 23 1 69 26 36 59 9 68 48 34 3 40 59 1 17 59 1 28 59 67 69 60 60 22 42 36 59 36 43 69 60 28 9 69 1
split_gain=4380.51 806.097 516.384 467.065 230.024 241.341 217.259 184.285 145.809 135.182 125.7 116.827 111.246 107.432 87.6417 86.248 91.4243 80.4995 79.1821 73.1067 72.3241 71.0624 70.9313 70.6006 68.8786 71.7274 68.2487 70.6822 67.7464 63.9714 62.1263 60.5243 59.9323 69.8812 59.6227 58.7781 57.933 57.6603 54.8116 54.4153 52.9261 52.8828 51.8551 71.3886 50.7227 50.4704 64.4677 49.6351 59.0766 49.0556 48.5882 60.9771 48.4291 48.176 47.5755 47.3432 46.4636 45.6402 54.3488 45.488 45.0941 44.6529
threshold=10.500000000000002 9984538581554978 6.5000000000000009 2.8240417097791705e+19 9609211.4196398631 23.081006820840908 33261411691.198246 4.6375216262975796 4.1961334046949306 2618.5000000000005 4.3950000000000005 9.6060995494262045 27.573483192955475 4.8950000000000005 0.98897820466835418 4.7250274725274739 87.500000000000014 92.500000000000014 2773498.4095325577 4.7160139372822316 4.3727922077922097 27159.500000000004 2.416666666666667 324864.00000000006 1.1500000000000001 5.020096153846155 29.309287172338255 4.4137377450980404 6.0850000000000009 3.3869115780040331 400.67500000000001 7.9502051282051296 384.44102295350791 5859.5000000000009 21.497216062754841 1336780031.4880426 0.51660135966917176 135.65000000000001 85.500000000000014 229.9424922571738 5.7650000000000006 0.047569623414906261 112.41806039489289 5.5850000000000009 298974101.87215501 779.82269281538936 -0.94260559819261258 13.779502003933187 0.69498069479957081 5.1428571329387767 5.1950000000000012 7.870000000000001 29.335549450549454 424.12239505809316 7.9502051282051296 4.8480131578947381 41.656739314430816 2.5355245657956575 1497473425.0448112 1157541.0000000002 0.10456237086455401 7.5950000000000006
decision_type=2 2 2 2 2 2 2 2 2 2 2 2 2 2 2 2 2 2 2 2 2 2 2 2 2 2 2 2 2 2 2 2 2 2 2 2 2 2 2 2 2 2 2 2 2 2 2 2 2 2 2 2 2 2 2 2 2 2 2 2 2 2
left_child=1 8 7 4 5 10 15 22 13 -5 31 14 28 60 32 16 -4 19 21 39 40 49 26 -15 25 -9 -2 -28 54 -17 53 -3 33 41 42 -34 -35 38 -33 -7 -10 -6 -25 -44 47 -8 -47 48 -24 -13 -49 -52 -46 59 -12 -26 -21 58 -54 -11 -1 -22
right_child=2 3 6 9 11 17 45 24 20 30 12 18 -14 23 -16 29 -18 -19 -20 56 61 -23 44 34 55 -27 27 -29 -30 -31 -32 37 35 36 -36 -37 -38 -39 -40 -41 -42 -43 43 -45 52 46 -48 50 -50 -51 51 -53 57 -55 -56 -57 -58 -59 -60 -61 -62 -63
leaf_value=-0.050073369427660733 0.0013702897661853812 -0.042790532467591576 0.02289602929102685 0.042919567980396194 0.0054808407275890514 0.007722584020804355 0.052646460603515632 0.016502177692293906 -0.012579140518702384 0.023942580154805358 -0.039535461206637423 0.017605632488318913 -0.0020942989851187709 0.041859237955110706 -0.026131051740785324 -0.00029300932591063875 0.053451688687651037 0.02923557166936569 -0.010698256971736023 0.011427839033918622 0.0001003566472317311 0.010239309589733273 -0.07499129860019578 -0.0056850785000928696 0.033388820986016268 0.046419933486995212 -0.031858370667916157 0.039808742672183393 0.026855572651851803 0.04983832428950518 -0.031592463661662976 -0.0077509571913126421 0.0059060330474539373 0.0025263926362088015 -0.015370401901790759 0.036701467477733112 -0.019673797931629461 0.0041670161385638773 0.021172470239769606 -0.0013553736687401169 0.032321652028194051 0.023392489458141843 -0.0039109733342595305 0.039130294519276076 0.043933234900605467 0.047232158863705825 -0.074007991186157918 0.04724104043141051 0.004652928643594915 0.029247823440315769 0.032738162598492895 -0.087367140996659556 -0.10889447484731905 -0.0068375564894275322 0.0060871720903435756 0.050697958040218483 0.026472253282263176 0.028015562923482479 0.015420430887477599 -0.025192176597120919 -0.017895856840424714 0.042282414849618394
leaf_weight=113.61495177075267 1100.7818762212992 101.86946364492178 1493.260600425303 859.54435489326715 1307.7153765559196 8778.6593021601439 4624.880606546998 866.22675557434559 1699.0345654264092 2227.9051038846374 57.45890748500824 4204.7333434522152 5553.1267743930221 78.517967224121094 205.76340515911579 68.397702679038048 292.80634830892086 482.60262952744961 271.49413851648569 5911.8648874908686 6874.6358945071697 2763.3919995725155 30.033467963337898 936.94580837339163 1167.5477690845728 260.6141595095396 40.344069212675095 233.6723001152277 397.94417524337769 914.20608381927013 57.208247512578964 4599.5200323611498 303.53220596164465 1138.2639040201902 1028.3412168771029 316.52821582555771 396.14114826917648 1632.0851607918739 169.8481877297163 2033.0683831125498 68.266965016722679 601.6802863329649 207.58132446557283 179.76854431629181 383.28133133798838 28.199856698513031 17.939716778695583 104.83942502737045 103.59638506174088 1152.9071031957865 26.391267448663712 17.625428065657616 15.895146682858465 144.82458119094372 10393.08350636065 597.06422870606184 562.00727592408657 79.432961031794548 19.673980414867401 48.121575191617012 2613.5041583329439 63.316357955336571
leaf_count=1626 2833 612 3824 2084 4038 24591 14100 2096 11220 5246 289 10216 21586 341 717 204 817 1035 852 14653 31721 7144 109 5603 2970 600 126 464 945 2447 174 20814 1029 3734 7076 657 1182 6726 424 6474 210 1448 1397 737 906 83 77 210 268 2591 58 68 68 407 35341 1517 1215 200 51 157 26286 137
internal_value=0.00987728 0.00504503 0.0371743 0.00768869 0.00655321 0.00472111 0.0455491 0.0248293 -0.00576204 0.0258339 0.00132885 0.0124382 0.00366122 -0.0124234 0.00570476 0.0344509 0.0279053 0.00909405 0.0158638 0.00853171 -0.00181486 0.0167518 0.0137637 -0.00478101 0.0330786 0.0234215 0.0069285 0.029257 0.00660736 0.0463488 0.0199075 -0.00455347 0.00731669 0.00474019 -0.0063376 0.0216265 -0.00320509 -0.00394499 -0.00672093 0.00601554 -0.0108447 0.0111251 0.000676541 0.0160644 0.0257992 0.0521273 9.22789e-05 0.00887343 -0.0132472 0.0201109 0.0287314 -0.0153551 0.0353948 0.0211245 0.00583633 0.0392454 0.0127339 0.00693767 -0.0401335 0.0229037 -0.0192364 0.000485314
internal_weight=83023.1 70536.4 12486.7 56672.9 53335.3 40673.1 7439.69 5047.02 13863.5 3337.6 22904.9 12662.2 16401.6 5158.27 4269.62 2768.67 1786.07 17768.2 8392.53 17285.6 8705.25 8121.03 2155.57 2431.15 2891.45 1126.84 1374.8 274.016 10848.5 982.604 2478.06 6503.32 4063.86 3443.8 2352.64 620.06 1534.41 6401.45 4769.37 10811.7 1767.3 1909.4 1324.3 387.35 780.769 4671.02 46.1396 282.486 133.63 5357.64 148.856 44.0167 498.283 2420.85 10450.5 1764.61 6473.87 115.002 35.5691 2276.03 2727.12 6937.95
internal_count=296831 262735 34096 176381 168313 134705 21552 12544 86354 8068 86737 33608 58161 43066 12805 7292 4641 47968 20803 46933 43288 19951 5361 15154 7183 2696 3423 590 36575 2651 5984 28576 12088 10402 14813 1686 4916 27964 21238 31065 11430 5486 7737 2134 1938 14260 160 713 377 12807 336 126 1225 5810 35630 4487 15868 319 119 5403 27912 31858
is_linear=0
shrinkage=0.05


Tree=39
num_leaves=63
num_cat=0
split_feature=11 48 48 30 48 21 43 43 44 28 21 1 43 59 62 40 43 11 1 40 0 8 0 1 9 43 44 64 59 46 68 28 40 46 59 46 7 0 66 9 16 60 57 66 46 70 23 25 59 46 61 68 44 66 18 66 9 6 56 68 62 43
split_gain=4115.5 766.356 593.461 329.165 308.498 171.503 162.262 155.113 143.02 142.435 117.352 114.805 114.545 109.19 94.6634 91.148 143.656 91.1455 89.9462 82.6818 81.6558 77.4476 84.448 76.6098 80.6524 73.492 72.3069 69.1901 63.465 69.6457 74.7991 60.0544 59.1501 57.436 72.76 69.4831 56.1515 54.9114 53.4487 73.3682 53.1956 55.9607 66.2382 51.864 64.9016 51.1537 50.1279 49.9104 49.6848 48.8569 48.7086 47.7962 46.8576 48.0548 46.4677 46.3133 46.0308 44.8232 44.4476 50.5075 43.7327 43.3219
threshold=3.5000000000000004 750621859.10567415 63132282318.027382 20.500000000000004 37849893.910312466 9.9285714285714306 4.8071825396825405 4.7213059619201649 0.43472115803056183 5703628097.8238611 2.9285714285714293 4.9050000000000011 4.5105457131772928 441.9246103158444 1.7266528925619837 3.5000000000000004 4.9400354609929087 12.500000000000002 5.995000000000001 120.50000000000001 142.05000000000004 0.15050000000000002 10.002500000000003 7.0950000000000006 15092809.000000002 5.4573214285714293 0.60812931993463637 1.0000000180025095e-35 779.82269281538936 31.643650793650799 14.794196347255502 184721810872.10629 7.5000000000000009 529.89117647058845 105.73398684815521 17.667912772585673 11.825000000000001 34.850000000000001 0.50751903745502713 24087.500000000004 90.02500000000002 12.397959179403765 0.53616602704105187 0.16504132135358057 10.231385927505332 32.659349149065484 4.9401754385964924 0.64157139372071315 167.28008845243571 34.260822510822514 0.063665256557787667 58.519031553931661 0.73612159321677317 0.98321746822993605 888384833.4950875 0.62249093318774806 57451204.000000007 8.2250000000000032 130.50000000000003 5.5588958685378396 0.27692307692307733 4.36224318658281
decision_type=2 2 2 2 2 2 2 2 2 2 2 2 2 2 2 2 2 2 2 2 2 2 2 2 2 2 2 2 2 2 2 2 2 2 2 2 2 2 2 2 2 2 2 2 2 2 2 2 2 2 2 2 2 2 2 2 2 2 2 2 2 2
left_child=1 4 5 9 11 7 19 21 12 14 45 13 36 27 15 37 26 48 25 52 23 22 43 24 -13 33 28 51 29 61 -31 46 -18 34 35 -14 -6 60 49 -40 41 42 -24 44 -2 -9 -11 -47 -4 -10 -44 -1 53 -5 -43 -36 -25 -52 -45 -60 -3 -17
right_child=2 3 17 6 8 -7 -8 10 38 31 -12 20 18 -15 -16 16 32 -19 -20 -21 -22 -23 40 56 -26 -27 -28 -29 -30 30 -32 -33 -34 -35 55 -37 -38 -39 39 -41 -42 54 50 58 -46 47 -48 -49 -50 -51 57 -53 -54 -55 -56 -57 -58 -59 59 -61 -62 -63
leaf_value=-0.0014575707967158674 -0.037956753115523656 -0.0043074585260640076 0.043819666254473533 0.01503404823846902 -0.0020675193943075101 0.050480565099138688 0.035559878134010257 0.030811979543256204 -0.027133120421206511 -0.0060032335804664138 0.050955727547991894 0.0061403385646128968 -0.0058579403582903842 -0.027345113261211858 0.045113030668945495 -0.048295494424119165 0.0053947943295972458 0.054201451595165567 0.025244605016029847 0.025549368804465108 -0.029691504944116771 -0.080543653502514967 -0.057556498241398128 0.047191373337915045 -0.0081258165901589748 -0.012298285417914272 -0.0038565364539244109 -0.015099134938740483 0.042916922974634064 0.011935843756296288 0.0034934097262940694 0.039774190208037394 0.018116460502243248 0.021219774284126608 -0.0039451920601321373 0.010105198842959498 0.0075808353109554222 -0.022849586351894647 0.016689481299822499 -0.0050307272658502164 -0.039969025000390283 -0.079723534997588025 -0.050294329249089026 0.030191410541105176 0.024496836639502084 0.031749232248551501 0.019906532715581335 -0.0047193013246062468 0.02114826842151081 -0.0071401493968072027 -0.058721908259549982 -0.01922742219210093 -0.055692553573694487 -0.0025273394648124645 0.021138844904777507 0.0050629959716220934 -0.00053453349355177043 0.016557677107767701 0.031307322424324789 -0.084637095488964142 0.027644872043935554 -0.0036900668445701205
leaf_weight=2885.8617532849312 68.491248071193695 741.40344145894051 1697.9222328290343 2610.4157250970602 7359.800475679338 683.60130930691957 1501.8285051584244 1670.5004202201962 442.62578006088734 211.3766815662384 682.32655035704374 2122.5092401280999 739.70597165822983 879.16578233614564 161.2745965719223 57.504109799861908 1220.5717783942819 3250.9355315566063 636.01981650292873 1711.3885402977467 227.50606293231249 20.202909961342812 32.523939937353134 139.3173280954361 1857.8937296867371 526.38951995223761 2006.2342689335346 2279.8891296088696 117.86393485963345 4749.4466414675117 5861.6051170229912 340.29428514838219 3634.3272050693631 652.35355953127146 2198.5469750612974 8690.4197720065713 1896.5747983306646 363.3198004513979 464.83923195302486 2376.5824256837368 51.51897469162941 30.043230295181274 28.509029716253281 1446.5746897608042 105.94628269970417 161.76217360794544 1597.602690204978 223.37292196601629 281.76402931660414 986.85355492681265 20.020096868276596 435.52069400250912 25.464747622609138 457.87324903905392 18.420611202716827 4064.85900837183 79.267324402928352 1606.7725335881114 19.386579930782318 18.220837347209454 125.16716623306274 1019.6690417006612
leaf_count=20747 232 2558 4806 6317 28746 1988 3538 4044 2069 552 1932 10174 3452 10185 307 271 3717 10536 1579 4006 1360 76 134 269 10893 2202 6351 18120 284 12228 16531 788 8706 1640 8368 27564 6629 1399 1354 9310 163 121 94 3433 264 404 3760 619 819 3629 81 3891 87 1249 44 14238 238 4024 46 74 317 3274
internal_value=0.00943901 0.00480964 0.0363536 0.011134 0.000510027 0.0267117 0.0212145 0.0240929 0.00305211 0.00827112 0.0329886 -0.00672346 0.00440798 -0.0109631 0.00696035 0.00665111 0.00751975 0.0490509 0.00678633 0.016731 -0.00051661 0.0170671 0.0176393 0.00106412 -0.000518535 0.00609053 0.00491931 -0.00839178 0.0064106 0.00604247 0.0072722 0.020504 0.0149181 0.00668271 0.00607842 0.00885304 -9.06304e-05 -0.00653314 -0.00544478 -0.00147743 0.0101007 0.0115863 0.0131074 0.0257651 -2.49752e-05 0.0270248 0.016879 0.010598 0.0405929 -0.0133308 0.0144958 -0.00378767 0.0118528 0.0124134 -0.0413868 0.00190099 0.0298841 0.0156313 0.0287963 -0.0248679 0.000307725 -0.0060713
internal_weight=82575.9 70457.1 12118.8 28514.6 41942.5 6888.19 6306.97 6204.59 31035.6 22207.7 2737.96 10906.9 26764.7 6480.44 20058.4 19897.1 18667.2 5230.62 17508.3 4805.14 4426.49 3466.63 3446.43 4198.99 3980.4 16872.3 13812.3 5601.27 11806.1 11688.2 10611.1 2149.27 4854.9 16345.9 15693.5 9430.13 9256.38 1229.89 4270.9 2841.42 1787.81 1736.29 1687.83 1658.62 174.438 2055.64 1808.98 385.135 1979.69 1429.48 1655.3 3321.38 3093.75 3068.29 48.4638 6263.41 218.585 1626.79 1484.18 37.6074 866.571 1077.17
internal_count=296831 262897 33934 76240 186657 17773 15197 15785 110780 61043 6999 75877 94418 52943 55943 55636 51362 16161 59043 11659 22934 8786 8710 21574 21067 57464 38939 42758 32588 32304 28759 5100 12423 55262 53622 31016 35375 4274 16362 10664 4661 4498 4333 4049 496 5067 4312 1023 5625 5698 4199 24638 7653 7566 165 22606 507 4105 3553 120 2875 3545
is_linear=0
shrinkage=0.05


Tree=40
num_leaves=63
num_cat=0
split_feature=21 19 69 10 38 68 43 43 48 1 33 70 1 21 69 55 69 67 65 0 69 59 40 0 56 62 69 61 70 69 19 69 40 70 69 55 33 34 57 47 40 66 58 59 48 36 26 34 54 7 1 26 59 61 12 24 38 43 47 27 29 19
split_gain=3883.16 800.945 600.111 367.474 308.903 189.738 158.254 149.523 147.47 121.146 109.641 106.035 104.907 93.5976 93.4119 100.022 84.1459 83.9266 82.0949 76.8643 74.1411 73.2214 70.8396 69.2277 69.0172 68.3065 66.452 75.9885 83.8824 62.8746 62.0741 61.8997 60.1373 60.022 83.3289 81.6192 65.5295 68.5363 59.6328 58.1291 57.6495 55.6578 55.0069 54.533 54.3504 54.2756 53.3369 63.8158 60.5749 52.9409 52.5119 50.4173 50.1516 56.9017 57.1678 50.0146 51.0906 48.7251 48.0897 83.722 72.5799 90.4176
threshold=2.0714285714285716 12097280443487314 11.933748848671929 7.5000000000000009 22432160661.166283 58.519031553931661 4.6375216262975796 4.5805690399137013 49525764906.738258 4.4850000000000012 4.7201265822784819 23.699704804120767 6.9450000000000012 12.500000000000002 9.6060995494262045 3558212.6751245474 30.15487851932987 0.98897820466835418 1.0000000180025095e-35 33.050000000000004 5.3781428144681493 779.82269281538936 46.500000000000007 89.250000000000014 24.500000000000004 1.5663498622589531 3.3869115780040331 11.929080098739698 85.799965072546357 0.10456237086455401 5.658403541458423e+19 3.1868792163501038 12.500000000000002 91.444518700826734 21.380731746782509 8073880.1617193064 4.5641342952275261 0.45338235029118151 1.0387407103988078 110.11730386863231 76.500000000000014 0.52247866957162981 1240671.4546173494 622.81633298656391 503769687336.08356 101.65357142857145 35.001315789473686 0.40000000000000008 1.0592548339103709 29.250000000000004 5.6950000000000012 14.718055555555557 779.82269281538936 5.7406318227626292 6.205000000000001 0.07967751952372451 7098631229.920229 4.3667865707434066 0.37282548461146886 2.6130368610725916 2.015113023121263e+19 2.1828589176455549e+19
decision_type=2 2 2 2 2 2 2 2 2 2 2 2 2 2 2 2 2 2 2 2 2 2 2 2 2 2 2 2 2 2 2 2 2 2 2 2 2 2 2 2 2 2 2 2 2 2 2 2 2 2 2 2 2 2 2 2 2 2 2 2 2 2
left_child=1 2 5 6 14 9 33 22 10 32 13 12 20 43 17 19 25 18 26 50 -11 23 24 30 41 44 27 28 -3 -7 -6 -12 -1 34 36 45 46 -38 57 52 -18 -4 -28 49 -9 -36 47 -2 -49 58 -16 -23 -20 -54 -55 -26 -57 -24 -5 -60 -61 -62
right_child=3 4 7 8 21 29 -8 16 -10 11 31 -13 -14 -15 15 -17 40 -19 39 -21 -22 51 38 -25 55 -27 42 -29 -30 -31 -32 -33 -34 -35 35 -37 37 -39 -40 -41 -42 -43 -44 -45 -46 -47 -48 48 -50 -51 -52 -53 53 54 -56 56 -58 -59 59 60 61 -63
leaf_value=-0.011694371545011002 -0.049363920304840131 -0.028047610634483751 -0.0025887746026465128 -0.0086410410118098434 0.028311806969988057 -0.048989123193682899 0.035497325016491235 0.0062456518583733399 0.05285286575632412 -0.006937755393010738 -0.017466700335744274 0.014670854175203755 0.031530537973904135 0.053389180895106386 0.018327514286206145 -0.017963741870148785 0.013026651979047716 -0.024103185457621839 0.0016730402715903283 0.010425246701797352 0.0017985033430663454 0.014453932474402194 -0.013991808184871363 -0.0017843872033092092 -0.0041155705578021081 0.037807245550856385 0.035208792965653657 0.01826632764948475 0.033484761294888074 -0.014210448486639016 0.045655609312442925 0.051907199089641212 0.0002673756839424202 0.025566930151341219 0.031765429144961624 -0.068797714365001511 -0.1055735950388645 -0.018954470631735883 0.018853926960919559 -0.040130645463956741 0.036110402807127753 0.0044199090975937027 -0.010865750759153081 -0.063954818665415844 0.028938334836189919 -0.0491408543950324 0.041779692800663897 0.01664231119522595 -0.074390190136282508 -0.061136705934716179 0.03667796477547252 -0.069691727573509846 0.055704927871158411 -0.011667704617288652 0.050039502521889448 -0.03475263129957467 0.070253730662821562 0.0084835599997251029 0.046271558275175373 0.02450842532176252 -0.069962400175473866 0.0186873018778656
leaf_weight=4087.7048674374819 65.316096395254135 219.08680579066277 4559.3800901025534 103.33106029778719 1229.0631949678063 135.50009116902947 2173.8929663002491 15452.935990273952 3591.3703066334128 4307.0819433033466 33.305369101464748 1171.3449620008469 238.74418011307716 275.17669405043125 4626.1641697436571 224.29640138149261 4955.9917160272598 216.95618689805269 2486.23422241956 3750.1692827045918 5568.1821349859238 48.816510275006294 318.97282558679581 131.58440998196602 513.35688876360655 177.70309376716614 544.31641001999378 637.12296934425831 74.125913798809052 3174.8682371973991 889.08674173802137 930.17926093190908 1414.2767151743174 740.37713135033846 389.16596467792988 23.270931050181389 28.684092983603477 112.02406556904316 1085.6685128211975 77.078395739197731 286.08522315323353 7479.5217925161123 73.529870599508286 18.699868634343147 268.44225761294365 21.895354300737381 73.160813167691231 181.73131130635738 20.317284911870956 18.720749795436859 425.73336302489042 28.01888282597065 94.271106243133545 120.66795279830694 54.47922246158123 271.61344210058451 12.099789977073668 988.32720448076725 357.50473513454199 449.37610328942537 50.707774564623833 66.464164018630981
leaf_count=30376 218 833 15977 302 3028 1747 5747 44307 12010 28998 109 3465 545 827 11306 741 12052 751 7530 9570 23737 131 1161 369 2415 357 1317 1824 163 21903 2407 2733 5457 1884 882 94 113 315 2728 286 589 25816 225 79 602 71 146 422 73 69 877 102 189 417 104 1284 23 2571 892 1174 194 197
internal_value=0.00901867 0.00503495 0.00224024 0.038685 0.0149286 -0.00469377 0.0266266 0.00607189 0.0465193 -0.00253642 0.0366446 0.000429342 -0.00122003 0.0273946 0.0120532 0.0150081 0.00879285 0.00625235 0.00775565 0.0158483 -0.0020118 0.0317665 0.0022946 0.0334057 0.000822191 0.00698156 0.0170141 0.00857231 -0.0124919 -0.015634 0.0355918 0.0495091 -0.00861962 0.0149812 0.00642099 0.0222988 -0.00790934 -0.0366122 0.0101926 0.00269561 0.0142864 0.00176558 0.0297255 0.0206769 0.00663313 0.0274559 0.00395095 -0.00640038 0.00748841 0.0221897 0.0198739 -0.0162307 0.0038935 0.0243842 0.00752621 -0.0134267 -0.0302743 0.00299971 0.0237081 0.0273255 0.0153701 -0.0196771
internal_weight=82143.3 72418.6 56467.8 9724.67 15950.8 20097.7 3829.84 36370.1 5894.84 16787.3 2303.47 11285.4 10114 1339.98 13624.2 9026.36 21141.2 4597.87 4380.91 8802.07 9875.26 2326.57 15228.9 2249.73 12836 15899.1 1548.18 930.336 293.213 3310.37 2118.15 963.485 5501.98 1655.94 915.566 434.332 481.234 140.708 2392.97 2832.73 5242.08 12038.9 617.846 1064.8 15721.4 411.061 340.526 267.365 202.049 1046.1 5051.9 76.8354 2755.65 269.418 175.147 797.07 283.713 1307.3 1027.38 924.053 566.548 117.172
internal_count=296831 268280 226110 28551 42170 116228 9965 109882 18586 92578 6576 56745 53280 3734 36133 22494 57907 13639 12888 21753 52735 6037 51975 5804 45515 45266 4362 2820 996 23650 5435 2842 35833 4218 2334 1047 1287 428 6460 8526 12641 41793 1542 2907 44909 953 859 713 495 2828 12183 233 8240 710 521 3722 1307 3732 2759 2457 1565 391
is_linear=0
shrinkage=0.05


Tree=41
num_leaves=63
num_cat=0
split_feature=20 18 40 10 38 43 43 49 64 1 43 59 20 30 20 66 28 30 68 9 68 43 40 1 70 47 1 44 70 8 63 6 40 47 45 49 16 28 17 28 49 40 26 40 55 18 46 23 26 63 59 68 36 64 58 43 67 59 58 1 68 46
split_gain=3650.24 728.259 386.653 366.607 291.985 271.159 150.54 149.995 149.75 142.425 108.909 104.852 97.6609 88.5508 86.6838 87.6463 103.105 83.2346 82.8859 78.4306 75.6201 75.6121 74.1794 70.5031 69.4258 67.5966 67.1002 65.7597 64.1716 61.0564 60.1384 59.8283 58.5832 59.5344 58.4936 58.035 71.9963 128.531 61.7638 102.894 56.5474 69.4568 56.3307 54.6914 51.3016 56.3416 51.123 50.233 58.3867 50.0216 48.3619 46.3438 45.4283 69.5294 44.7574 44.4902 43.1791 42.5102 42.4379 41.9091 41.7549 41.2508
threshold=14.500000000000002 9609211.4196398631 4.5000000000000009 7.5000000000000009 22432160661.166283 4.7856282271944925 4.6375216262975796 6.2349243979636761e+19 1.0000000180025095e-35 4.9050000000000011 4.6600145348837225 424.12239505809316 87.500000000000014 70.500000000000014 2.5000000000000004 0.46173103126271881 16417834532.854723 16.500000000000004 17.105159080580169 2180.5000000000005 23.671632775309632 5.0002732240437178 51.500000000000007 6.9450000000000012 11.726219551040138 49.134909011089583 6.2950000000000008 0.37416573867739428 2.5712868388802876 0.13050000000000003 10.482514862117862 8.2250000000000032 24.500000000000004 27.642604618255067 1.1844394960997777 1.1327863997846338e+19 31.338149688149691 11429809256.922129 4.0002614095090658 32060770911.971039 2.3171654519714066e+19 62.500000000000007 489.05000000000007 85.500000000000014 2807146.4835251416 2462906475.6587548 30.259761904761913 4.4008620689655187 30.215476190476195 238.85049593420416 779.82269281538936 58.519031553931661 12.460434782608697 2.5000000000000004 3469803.4070691247 4.9200946372239764 -0.52247866957162936 333.98830153008242 47680559.875109091 5.5950000000000006 2.8108243722360671 66.940833333333345
decision_type=2 2 2 2 2 2 2 2 2 2 2 2 2 2 2 2 2 2 2 2 2 2 2 2 2 2 2 2 2 2 2 2 2 2 2 2 2 2 2 2 2 2 2 2 2 2 2 2 2 2 2 2 2 2 2 2 2 2 2 2 2 2
left_child=1 2 9 6 14 8 13 10 18 11 12 30 35 24 28 16 49 27 26 50 23 44 31 29 -2 43 32 56 -3 59 -1 -10 33 -4 -34 -5 38 -38 -37 40 41 -40 -21 -20 45 -17 58 -15 -49 -16 -6 -32 53 -8 -35 -29 -7 -27 -24 -11 -31 -46
right_child=3 4 5 7 19 17 52 -9 22 20 -12 -13 -14 47 15 21 -18 -19 25 42 -22 -23 46 -25 -26 57 -28 55 -30 60 51 -33 34 54 -36 36 37 -39 39 -41 -42 -43 -44 -45 61 -47 -48 48 -50 -51 -52 -53 -54 -55 -56 -57 -58 -59 -60 -61 -62 -63
leaf_value=-0.016335455271195294 0.039878776105385511 0.013477102235096287 -0.0019311616585613084 0.027765074790216494 0.043996227223533461 0.0058448479446207777 0.021695572222855685 0.052391961515656005 -0.046556430049937134 0.0036095240005985618 0.047458516060796277 -0.025051383399181438 0.052681555515000957 0.00091177067983279304 0.0060220980492319718 0.014729063464937579 -0.10200868015267386 0.02643376510625647 -0.0054466439510710814 0.024402287970297813 -0.006596509412364661 0.031762259079855415 -0.016749527109559875 0.030061837128167269 -0.001751225481967252 0.0056324042866508182 0.042346713558652833 0.0027418160395277255 0.0020352481631953213 0.021112547490786959 -0.0025370559191522108 -0.0039522341004525853 0.013971893589171886 0.0090720609326543078 -0.0035652597500290695 0.034073132290790176 -0.16749209501412374 -0.0093112494989464056 0.01523258281317301 -0.13194652942088533 0.038006525803030378 -0.12859551975904066 -0.059316208936083997 0.016656731457195338 0.00041217879309205668 0.031137133452711508 0.018246127977162348 0.041359849323355236 0.0033374232044753138 0.036467855142618834 -0.02406867466609524 -0.014554782566482403 0.036932299046297218 -0.076925535137637793 -0.019008979264821393 0.010878011372147141 0.018634981205055939 -0.011523082498456594 0.039351139865873158 0.018110677567765975 -0.006725876522330307 -0.066300389636335763
leaf_weight=1464.0361874699593 115.07792636752129 1981.037901237607 2480.3314423412085 570.75997969508171 899.51810859143734 873.65801816433668 189.30703118443489 3445.5122017785907 83.182070776820183 1696.8385922163725 1056.2659976035357 962.79738486930728 256.84064394235611 148.77867209911346 2359.7030731067061 4180.9337738603354 21.575938820838928 834.37699374556541 3688.7925247550011 1333.4946239814162 2540.0347032472491 849.35075867921114 218.38723412156105 249.29272438585758 772.00968845188618 5827.2743096277118 137.2011231482029 3124.7130786851048 3212.8396632373333 146.9947110414505 4162.9160167202353 8795.1998716145754 3685.7575453296304 3710.0551519095898 545.90105408430099 165.13582659512758 15.525800652801989 74.298580884933472 20.447258949279785 15.948958948254583 53.986138910055161 14.239552095532416 20.400273993611336 302.83625581860542 221.68290467560291 598.01683439314365 643.25484517216682 478.33564707636833 127.97921811789274 143.09090800583363 26.877149969339371 993.69555289298296 1916.0299131721258 19.734924547374249 147.54163522273302 3634.5472281128168 2696.7241439521313 384.95376951247454 39.863159485161304 705.3609497398138 1610.0463989675045 25.876440182328224
leaf_count=11618 230 5236 9745 1456 2400 2507 519 12010 510 8012 3209 10972 803 412 6190 10239 90 1884 14244 3476 13048 1882 710 565 2016 17902 268 8979 10068 542 27442 35064 9329 11514 2064 465 77 235 56 76 136 63 71 721 640 1361 1614 1192 368 324 90 8086 5151 77 652 9645 7074 1508 96 2729 7066 103
internal_value=0.00861692 0.00479413 0.00213082 0.0378293 0.0142543 0.0045705 0.0257313 0.0458407 0.00214323 -0.00489588 0.0357793 -0.0096341 0.0253879 0.0143613 0.011477 0.0146166 0.00682453 0.0112432 0.00453178 0.0308113 0.000275256 0.0179641 -0.0029638 0.00423452 0.00364925 0.0013072 0.0076049 0.0100162 0.00639938 0.0026865 -0.00739207 -0.0043514 0.00715393 0.00411228 0.0117095 0.017853 0.0021196 -0.0366522 0.0150299 -0.015028 0.00600124 -0.0438114 0.0231408 -0.00376971 0.0156326 0.0167823 0.0107018 0.0269459 0.0333342 0.00776276 0.0420215 -0.00485291 0.0345176 0.0123851 0.00799804 0.00711676 0.0155053 0.00456933 -0.00808991 0.00786752 -0.0043969 -0.00656103
internal_weight=81717.2 72261 56386.6 9456.21 15874.4 41854.6 3767.25 5688.96 30690.5 14532 2243.45 7583.45 1187.18 1642.18 13594.1 8400.23 2524.37 11164 20910.6 2280.29 6948.57 5875.86 9779.89 4408.53 887.088 10203.9 10706.8 10329.6 5193.88 4159.24 6620.65 8878.38 10569.6 6337.93 4231.66 930.342 359.582 89.8244 269.758 104.622 88.6729 34.6868 1353.89 3991.63 5026.51 4778.95 901.505 755.094 606.315 2502.79 926.395 5156.61 2125.07 209.042 3857.6 6759.26 3570.38 6212.23 258.25 2402.2 1757.04 247.559
internal_count=296831 268280 226110 28551 42170 136030 9965 18586 105941 90080 6576 58118 3367 4218 36133 20829 6604 30089 67947 6037 31962 14225 37994 18914 2246 34375 33572 28205 15304 18349 47146 35574 33304 21911 11393 2564 1108 312 796 331 255 119 3547 14965 12343 11600 2420 1972 1560 6514 2490 35528 5747 596 12166 18624 9581 19410 806 10741 7608 743
is_linear=0
shrinkage=0.05


Tree=42
num_leaves=63
num_cat=0
split_feature=20 18 69 10 28 68 48 40 35 64 1 20 1 70 1 16 6 47 56 4 59 61 66 68 64 69 47 53 50 63 59 35 38 69 50 48 62 63 70 64 69 57 38 9 66 15 0 40 59 38 47 61 52 40 40 35 70 55 40 30 54 60
split_gain=3428.38 662.18 507.823 364.54 277.13 165.419 141.944 121.545 112.888 105.27 105.18 95.3562 91.3125 90.9096 90.1365 81.0051 78.3885 81.2647 76.2189 73.7731 71.017 86.0792 68.8775 68.7568 66.3316 65.9634 65.329 64.9505 70.5794 63.0642 62.6539 61.0756 60.7767 60.5035 60.4883 89.3515 60.3474 58.0216 57.1777 55.7016 53.6407 53.9875 53.1799 49.8401 48.9856 48.4815 47.7528 47.5974 44.9416 44.0457 42.1638 46.7333 41.7684 42.0322 40.8214 40.5771 39.9034 39.5632 98.974 59.7888 59.2882 56.0701
threshold=14.500000000000002 9609211.4196398631 11.933748848671929 8.5000000000000018 22387249247.425648 58.519031553931661 49525764906.738258 84.500000000000014 0.95920304504051612 1.0000000180025095e-35 4.4850000000000012 2.5000000000000004 4.9050000000000011 23.699704804120767 6.9450000000000012 62.359440559440579 5.0600000000000014 1.2572830495136293 19.500000000000004 0.36595000000000005 384.44102295350791 2.111282938263999 0.36648727148060617 7.2663084672068363 1.5000000000000002 1.6957288840208113 25.743262294608673 1.5000000000000002 8.5000000000000018 21.479297878092655 779.82269281538936 0.60318678042118301 960638558.57990015 0.10456237086455401 22.500000000000004 16771531282.1355 0.61666666666666681 159.49831817381701 2.5712868388802876 1.5000000000000002 18.434800602424641 0.66530218504327976 22432160661.166283 5859.5000000000009 0.85260769842926931 0.62042068843321652 8.0055000000000014 54.500000000000007 259.04776050508173 1206246789.7781761 9.8287143078839296 10.022789596959321 351357.08180604386 151.50000000000003 86.500000000000014 1.0482970252837118 59.362609500338102 8172023.9343339792 157.50000000000003 80.500000000000014 1.5510517210830421 1.2442396309493726
decision_type=2 2 2 2 2 2 2 2 2 2 2 2 2 2 2 2 2 2 2 2 2 2 2 2 2 2 2 2 2 2 2 2 2 2 2 2 2 2 2 2 2 2 2 2 2 2 2 2 2 2 2 2 2 2 2 2 2 2 2 2 2 2
left_child=1 2 5 8 11 10 16 9 31 18 29 38 22 14 25 30 19 27 23 -5 47 32 -13 36 -17 -12 42 -18 -29 54 43 -2 -22 -7 -19 -36 -4 -15 -3 -11 41 -33 -25 -6 -28 -24 -41 50 -48 -43 -10 -52 53 -47 -1 -49 -57 59 -59 60 -51 -60
right_child=3 4 7 6 15 33 -8 -9 20 39 13 12 -14 37 -16 24 17 34 -20 -21 21 -23 45 26 -26 -27 44 28 -30 -31 -32 40 -34 -35 35 -37 -38 -39 -40 46 -42 49 -44 -45 -46 52 48 55 -50 57 51 -53 -54 -55 -56 56 -58 58 61 -61 -62 -63
leaf_value=-0.015665870953743267 0.037880650538480942 0.012616835807274128 0.0095567390312948381 0.013337971456628343 0.044189187041678485 -0.048310842215504378 0.05223101082416013 0.020539751592463032 0.026849745560624916 -0.0067804243912026121 -0.0099452585764010747 0.0024294489770984931 0.023380061066431711 0.0088866195287045004 0.02929935734680806 0.0087102839077886907 0.022851629058530207 0.04250254138331605 -0.008179916023286854 -0.10360022168675789 0.048443695631590372 0.051404971806474145 0.033452858230850188 -0.0012946480856132394 -0.094847165942642503 0.00020159439497999013 0.0045191713182175484 -0.10795415259830506 0.017272050635225876 -0.0033805977243407553 -0.0098263685219749236 0.054946955988665849 -0.062420503417898135 -0.013306396510425917 0.034420532857826029 -0.067109447147215992 0.023262820769913945 0.039967495231454618 0.0018430408334309677 -0.038299643136183004 0.032555168366355636 -0.02031049326163159 0.025977296278401646 0.025349163510205004 0.010249663753481561 0.013692522484608697 0.0046385461069440356 0.00065796731245189256 -0.0069409412232794652 0.014130055018427824 -0.083660266036286679 0.00014305697744822148 0.0017033613844689229 0.034005466682223519 0.01609632059220609 -0.026202113005767191 -0.097956238098341517 0.03512877644876395 -0.02161004354253563 0.036145596615919366 -0.050342616964012349 -0.16587669700676042
leaf_weight=2249.197062138468 1203.4741182327271 1983.5917391180992 5257.2851215451956 53.960731506347656 1002.6486283764243 128.51504905894399 3186.9910018146038 1303.0658737123013 107.87465745210648 2123.3260461241007 2013.334793843329 1578.9934627488256 2160.5962035357952 991.39878087490797 237.49334433674812 111.68523731827736 120.57872597128153 1717.6010907590389 845.89009987562895 17.981808558106422 18.993710413575172 127.56975802779198 312.83599227666855 3872.6062209010124 17.94812037050724 7833.9508286267519 8245.5817213058472 23.309515133500099 21.752075120806694 3095.9236820116639 72.952563434839249 86.992976754903793 35.40704907476902 3129.227365359664 69.243179321289062 31.540265619754791 947.90660898387432 176.95792885869741 3247.8997119292617 70.951105929911137 994.83978065848351 86.059131018817425 187.40422359108925 540.15361404418945 6808.6731302142143 3812.4140587598085 5702.0803008899093 53.799961224198341 982.28297314047813 624.00687127560377 21.506171986460686 73.458849966526031 684.47052235156298 272.8984534740448 105.92359095811844 47.507230594754219 32.720620229840279 33.333757475018501 13.47036834061146 343.9069844186306 37.81909254193306 13.469732239842413
leaf_count=16000 3470 5247 14752 133 2763 1747 11624 3030 247 7710 14511 4246 5035 2993 545 311 321 5188 3565 82 36 279 729 13163 73 38224 23896 118 54 19548 216 176 132 21903 184 120 2488 472 10160 362 2550 249 420 1445 18540 9446 18090 142 3866 1648 81 203 1873 626 285 148 130 72 41 926 124 73
internal_value=0.00823175 0.00456457 0.00202656 0.0369771 0.0136102 -0.00438068 0.0456232 0.00554543 0.0255189 0.00498789 -0.00237063 0.0112765 0.0144481 0.000390762 -0.00113889 0.032401 0.0353803 0.0372394 0.00658423 -0.0158904 0.0037793 0.0289482 0.0115511 0.00707748 -0.00562755 -0.00187299 0.00559291 0.00371144 -0.0475051 -0.00807125 0.035452 0.0288003 -0.0237129 -0.0146873 0.0402935 0.00264664 0.0116505 0.0135941 0.00592807 0.000283483 0.0239084 0.0169659 -3.58145e-05 0.0375931 0.00711093 0.0143849 0.00250381 -0.00981655 0.00293691 0.0140979 0.00546098 -0.0188354 0.0131342 0.0150494 -0.0142373 -0.0329378 -0.0554668 0.0168757 -0.0224714 0.0192338 0.0104459 -0.0937417
internal_weight=81307.2 72108.1 56309 9199.17 15799.1 19961.9 5242.96 36347.1 3956.21 35044 16704.2 14053.7 8822.21 11253.1 10084.8 1745.39 2055.97 1984.02 26165.3 71.9425 518.838 181.971 6661.61 25319.5 129.633 9847.29 19114.3 165.64 45.0616 5451.04 1615.75 3437.37 54.4008 3257.74 1818.38 100.783 6205.19 1168.36 5231.49 8878.64 2233.9 1239.06 4060.01 1542.8 15054.3 5082.62 6755.31 336.867 6684.36 1152.07 202.84 94.965 4769.78 4085.31 2355.12 134.028 80.2279 1066.01 60.2739 1005.73 661.826 26.9401
internal_count=296831 268280 226110 28551 42170 116228 17824 109882 10727 106852 92578 37362 21955 56745 53280 4808 6200 5985 76824 215 1398 447 16920 73259 384 52735 56019 493 172 35833 4424 9329 168 23650 5492 304 17240 3465 15407 30028 5859 3309 13583 4208 42436 12674 22318 951 21956 3133 531 284 11945 10072 16285 420 278 2884 186 2698 1772 114
is_linear=0
shrinkage=0.05


Tree=43
num_leaves=63
num_cat=0
split_feature=10 38 69 49 43 20 45 49 1 40 20 69 62 69 63 9 46 9 0 40 0 44 43 43 7 1 40 43 57 54 44 67 44 6 69 61 43 0 68 69 0 7 66 0 50 37 69 69 67 30 69 27 13 26 28 63 33 66 7 3 28 54
split_gain=3220.3 696.46 467.867 394.57 215.569 169.488 143.045 141.363 120.142 117.764 113.618 101.403 100.872 99.5665 99.1834 88.3541 86.6447 77.6701 77.6215 77.2953 75.0082 72.7078 68.3277 67.798 67.3616 66.4073 60.822 59.6997 57.5054 63.3758 56.5684 54.5593 56.4801 54.1769 53.5158 52.4698 52.3037 53.8797 51.798 51.0915 50.9686 55.5577 52.6976 50.7981 50.411 76.6564 71.54 72.2776 65.487 59.168 55.1714 53.4195 79.7083 54.6993 77.2152 52.3854 51.9858 50.3611 49.9712 51.0388 49.3663 53.5637
threshold=5.5000000000000009 4991429223.2918406 9.469713848298527 7.9478834514727879e+19 4.6400304878048795 1.5000000000000002 0.62042068843321718 6.0941682348611902e+20 4.9050000000000011 94.500000000000014 69.500000000000014 1.9685002862761696 0.96666666666666645 19.771380473475894 130.49130511626348 22554.500000000004 29.612761627906984 28894.000000000004 63.350000000000001 82.500000000000014 61.45000000000001 0.57228853927217804 5.4573214285714293 4.8561828874976296 29.250000000000004 6.6450000000000005 20.500000000000004 4.900255102040818 1.216024549329106 1.1636885464104989 0.18136306675690908 0.98897820466835418 0.50990395253647713 7.7750000000000012 45.048197082472434 0.1099884727823361 4.4072949002217312 25.030500000000004 63.04138627815454 0.10456237086455401 45.650000000000013 9.8050000000000015 0.43049470426488845 34.107000000000006 18.500000000000004 19.486555862294423 3.3869115780040331 0.90469181748027194 -0.49240481012316828 58.500000000000007 1.750283164471883 2.5317582819929494 4.3013888888888898 10.658333333333335 5703628097.8238611 17.17031686052518 4.4800943396226431 0.99353402350479769 8.1250000000000018 171.75000000000003 1000500000.0000001 0.59221974804988953
decision_type=2 2 2 2 2 2 2 2 2 2 2 2 2 2 2 2 2 2 2 2 2 2 2 2 2 2 2 2 2 2 2 2 2 2 2 2 2 2 2 2 2 2 2 2 2 2 2 2 2 2 2 2 2 2 2 2 2 2 2 2 2 2
left_child=1 2 5 6 13 8 -2 15 11 12 24 -1 17 16 28 36 -4 -6 25 34 -14 22 23 58 35 39 27 -17 29 31 -29 32 60 -13 -15 -8 37 -3 -16 -10 42 -42 -18 -24 46 49 47 -37 50 -46 55 -48 -53 54 -54 -49 -50 -21 59 -19 61 -7
right_child=3 7 4 -5 9 14 10 -9 18 -11 -12 33 20 19 38 26 40 21 -20 57 -22 -23 43 -25 -26 -27 -28 30 -30 -31 -32 -33 -34 -35 -36 44 -38 -39 -40 -41 41 -43 -44 -45 45 -47 51 48 56 -51 -52 52 53 -55 -56 -57 -58 -59 -60 -61 -62 -63
leaf_value=-0.019367879925298634 0.041767489825594709 -0.079325151637194974 -0.015449504952468286 0.049305866182328975 0.014777707656020021 0.060635392464671478 -0.068186764051331158 0.033648183433864269 -0.036735637991341309 0.028435878096338702 0.046773114386920778 -0.035292000355174824 0.033991728108031707 0.0034789408994586463 0.031716513790108376 -0.012824005614333923 -0.0056964766819315189 0.0019639031507166158 -0.01879122980294147 0.027282790586666612 0.00056545723638315589 -0.0028341543177844244 0.0047010840529503935 0.012019996814521788 -0.039416399494409303 0.021751202519083305 0.015340027641898688 -0.023010045867851821 -0.020309583476186228 0.044612674241127179 0.012841517118237887 -0.022913877993588374 -0.0073590369568328866 -0.0063464316178731472 0.02268235252346008 0.048719207022300294 0.023086963208855272 0.014285357624593584 -0.012162230667949369 0.00038751373982318159 -0.0082310293309174696 0.0038447887388922126 0.0066012260953035046 -0.020552507149422708 0.021638549415164552 -0.099619791311833669 0.035808140076119717 0.014354257505041022 -0.084523240733088048 -0.073677380845315374 0.034492619561894262 -0.050143456153914204 0.024851829947499113 0.023429380394850222 -0.085164416082485372 -0.11548766507646642 -0.015318831624173508 -0.02009938240795376 0.011311658292949632 0.025001460733247622 0.031163329708086107 0.0044255456117723605
leaf_weight=2335.3764988742769 1218.4162371382117 25.30338217318058 1033.9765370264649 3847.4250073730946 3161.3284718692303 43.174995519220829 17.156220361590385 1238.3648903518915 94.82765831798315 746.02606592327356 389.40896111726761 166.14638382941484 627.6499342918396 12731.373668782413 436.95907317101955 433.3987283706665 1166.4934697300196 5998.2405925169587 535.5447937771678 539.09952840209007 229.08873000741005 1951.1287485510111 436.22612728178501 6467.4148768261075 50.342589348554611 366.17088788747787 2697.7757862657309 123.34343153238297 276.82375520467758 90.629240445792675 1019.0839993953705 202.82777531445026 853.25980042666197 5980.5047231391072 373.4400180131197 67.507109522819519 2844.7513390183449 39.161815509200096 79.49416846036911 4097.6083343327045 2791.4905605465174 1445.7750956639647 3440.384134106338 366.38036072254181 96.896106377243996 20.321464516222477 725.74254570901394 18.458875834941868 33.004106685519218 19.569903865456581 109.07342562824488 40.420062705874443 36.129256442189217 1262.4488593414426 28.553448989987373 13.412817060947416 152.64324640482664 62.590590626001358 2450.6488458365202 250.4570145085454 202.87821639329195 2308.8558099120855
leaf_count=22772 3713 99 4674 14163 7677 121 60 3274 770 1711 1288 1469 1335 38521 1162 1282 4751 17978 2989 1184 606 5767 1333 17459 164 961 6760 390 969 218 2595 758 2580 40932 850 132 7215 97 346 20707 12019 5777 12843 1292 249 87 1786 44 132 75 266 156 84 3368 111 57 451 190 6798 629 451 8134
internal_value=0.00786285 0.00452499 0.00275524 0.0376737 0.00541987 -0.00406726 0.0272647 0.0180464 -0.0068535 0.00889976 0.0215296 -0.0104986 0.00823543 0.00207277 0.00434815 0.0153566 -0.00175405 0.00755196 -0.000784147 0.00483072 0.0250537 0.00627727 0.0073905 0.00814287 0.0178775 0.00133132 0.0107812 0.00297656 0.00167214 0.00331603 0.00897076 0.00227956 0.00377888 -0.00712884 0.00402617 0.0189695 0.0220777 -0.0224579 0.0249626 -0.000452166 -0.000152902 -0.0041107 0.00348736 -0.00682688 0.0195393 -0.0100125 0.0211645 0.00162177 -0.00811333 0.00562252 0.0175826 0.0248437 0.019025 0.0211317 -0.0237136 -0.0402881 -0.0276219 0.0223539 0.00526047 0.00288728 0.0074986 0.00545736
internal_weight=80908.4 72761.5 64340.3 8146.93 46269.2 18071.1 4299.51 8421.18 13576.2 22684.6 3081.09 8482.03 21938.6 23584.6 4494.9 7182.82 9878.12 21081.8 5094.15 13706.5 856.739 17920.5 15969.4 15166.8 2691.68 4558.61 4273.6 1575.83 3978.45 3701.63 1142.43 3611 3408.17 6146.65 13104.8 2641.34 2909.22 64.4652 516.453 4192.44 8844.14 4237.27 4606.88 802.606 2624.18 136.787 2487.39 394.1 326.592 116.466 140.945 2093.29 1367.55 1327.13 64.6827 31.8717 185.647 601.69 8699.35 6248.7 2554.91 2352.03
internal_count=296831 270445 248733 26386 143394 105339 12223 21712 90600 62585 8510 65173 60874 80809 14739 18438 40064 58933 25427 40745 1941 51256 45489 42864 7222 22438 11027 4267 13231 12262 2985 12044 11286 42401 39371 7058 7411 196 1508 21477 35390 17796 17594 2625 6998 411 6587 1082 950 324 367 5505 3719 3563 195 101 583 1374 25405 18607 8706 8255
is_linear=0
shrinkage=0.05


Tree=44
num_leaves=63
num_cat=0
split_feature=20 19 69 15 38 68 20 33 48 1 69 41 1 24 1 59 16 68 47 19 59 33 20 47 1 47 5 53 69 42 33 66 15 3 70 66 55 37 34 70 60 63 56 24 61 55 69 70 38 34 22 60 41 46 41 26 47 69 22 19 30 37
split_gain=3045.2 624.986 421.307 303.417 283.524 145.891 139.222 121.064 103.51 94.041 92.7744 82.6164 79.5807 79.1498 96.9989 79.0977 81.1373 73.199 72.634 68.4042 65.8931 64.3755 144.083 61.5177 61.0218 61.8391 59.9784 58.5487 57.4876 56.9696 55.0747 54.2889 52.9049 51.3015 50.2193 49.4339 47.7542 68.9342 46.5352 47.5103 70.3279 67.9203 59.5918 52.8386 51.7029 84.8433 54.8614 54.6963 107.514 92.1847 50.5714 151.982 48.6118 46.4892 50.3812 46.4695 44.6446 43.9287 43.6516 56.3925 114.944 76.576
threshold=17.500000000000004 12097280443487314 11.933748848671929 0.89086047569897941 22432160661.166283 58.519031553931661 99.500000000000014 4.8125341530054655 503769687336.08356 4.3950000000000005 26.363356027980387 0.14999999999999999 6.9450000000000012 0.048065123467383356 4.995000000000001 779.82269281538936 62.359440559440579 8.6419944941559361 1.0000000180025095e-35 5.658403541458423e+19 139.78673502612926 4.7291787090558772 69.500000000000014 4.9269341807690479 5.3350000000000009 57.050223925501449 0.13050000000000003 5.5000000000000009 0.10456237086455401 5.3950000000000005 4.8652475845410637 0.36648727148060617 0.62042068843321652 158.15000000000001 2.1271379384673836 0.49240481012316856 1001721.0114113278 5.0000000000000044 0.70001778393672864 91.444518700826734 11.938775505635673 51.673071094775104 29.500000000000004 0.41154770505046384 11.28758316190334 1386925.5058770154 12.461106893032289 56.38417202496418 4991429223.2918406 0.5000040815993344 7.5950000000000006 12.33312427834222 0.39444444444444454 516.04800000000012 0.89444444444444449 10.286607142857145 36.150042338969932 3.5869439396579623 5.6950000000000012 2.1828589176455549e+19 123.50000000000001 37.800000000000011
decision_type=2 2 2 2 2 2 2 2 2 2 2 2 2 2 2 2 2 2 2 2 2 2 2 2 2 2 2 2 2 2 2 2 2 2 2 2 2 2 2 2 2 2 2 2 2 2 2 2 2 2 2 2 2 2 2 2 2 2 2 2 2 2
left_child=1 2 5 21 13 9 7 18 10 -1 17 12 57 34 31 16 19 24 29 36 -12 22 58 -17 25 35 -20 33 -7 -5 -13 -15 -33 -19 -3 -4 -6 -38 39 40 42 43 44 -42 45 47 -47 -28 -49 -50 -41 -52 -44 54 -22 -16 -18 -11 -2 61 -61 -60
right_child=3 4 8 6 15 28 -8 -9 -10 11 20 30 -14 14 55 23 56 27 26 -21 53 -23 -24 -25 -26 -27 38 -29 -30 -31 -32 32 -34 -35 -36 -37 37 -39 -40 50 41 -43 52 -45 -46 46 -48 48 49 -51 51 -53 -54 -55 -56 -57 -58 -59 59 60 -62 -63
leaf_value=-0.0085636960928631659 0.049985766032105652 0.011483794507593551 -0.0070466775124841535 -0.080541907059524992 0.02899993508188118 -0.047538596039866217 0.05091081858849527 0.040692389790386342 0.029551218538988414 -0.0064018585372315369 0.010331535461317851 0.0055026651304850346 0.027106247671629832 0.0021271772368858192 0.0025209694294395096 0.0032391236648833415 -0.045541275855683447 0.00068087820971607317 -0.036639004764159176 0.043805942114740024 -0.0017310691141920001 0.052830517188576391 0.053869721519209601 -0.10215461677854094 0.017991148450999719 0.015673276788742228 0.0067911629177071558 -0.013115797837496708 -0.012434516154802774 0.00072279851008901007 0.027109401185978821 0.031198206995172135 0.010560940935789485 0.012345825644259088 -0.0021239217944689285 0.005478821401479466 -0.08776026939183898 0.012567935782260604 -0.043483488073512301 0.031684041707638992 -0.13289134764761193 0.038378179883009365 0.034784695712010961 -0.028494822216239193 0.03302334137423163 -0.041183108443519773 0.042892993275407111 -0.13883750395028968 0.044873004732774086 -0.080486549561916462 -0.16851399297096603 0.035980371426081972 -0.06504367612933 0.0090899874014843205 0.033087571169843635 0.022396584264702962 0.012165495208626247 0.00028578954046309322 0.0097569351184949998 0.042884776980937983 -0.10959754811365773 -0.093639402600631597
leaf_weight=4237.5299062840641 124.65479148179293 1070.4285887181759 1078.4348480403423 29.613700203597546 1155.0312643870711 121.1915316209197 553.44499363750219 814.27639534324408 425.48659102618694 4039.0112791918218 9363.7908859401941 1558.8903377428651 234.73989418148994 1971.6048004925251 333.04226609319448 62.035392060875893 43.306311331689358 13584.276615060866 45.334370478987694 880.76281873136759 3023.0964137464762 2251.2781685963273 817.08578881621361 17.823548771440983 1090.1182795763016 1062.3380262702703 290.29709811508656 719.94564472138882 3096.4873672910035 79.364323295652866 363.74331484735012 327.90050718933344 5868.9617716744542 1012.8247895166278 1849.5085626170039 2922.2015249282122 20.164503753185272 113.43357641249895 27.321402490139008 1094.0370958447456 15.685678154230116 29.540128655731678 18.253523275256157 53.325761765241623 516.09726253896952 21.366933263838291 211.05935420095921 20.43692921847105 35.957406058907509 24.765599071979523 12.747942164540289 31.629367969930172 36.739815339446068 2093.8580724149942 107.59022668004036 2513.7906364649534 148.25930334627628 6263.2117434218526 313.99887683242559 242.10680256783962 13.024019256234167 18.989952147006989
leaf_count=28230 328 2884 3847 136 3042 1747 1939 2471 976 28059 24202 4946 542 5452 918 175 149 44788 158 2737 9181 8543 3150 75 2969 2927 807 3258 21919 213 876 801 15207 3160 6186 9149 77 303 96 3070 72 73 40 185 1302 67 531 97 92 100 76 108 142 5582 231 5905 398 30140 967 870 77 83
internal_value=0.00750963 0.004338 0.0018412 0.0373212 0.0129369 -0.00400802 0.0276509 0.0238734 0.005034 -0.00212937 0.0047447 5.89597e-05 -0.00168021 0.0101835 0.0121236 0.0286568 0.0303122 0.00265412 0.0185929 0.0330666 0.00782147 0.0474524 0.0395382 -0.0202835 0.00726035 0.00494989 0.0203453 0.000803728 -0.0137567 -0.0213601 0.00959045 0.00935373 0.0116529 0.00149025 0.00286457 0.00210237 0.0257264 -0.00257501 0.0214043 0.0221394 0.0155046 -0.0250661 0.0189075 -0.0522232 0.0214026 0.0114712 0.0351639 -0.00335365 -0.0396402 -0.00625431 0.0295616 -0.0227632 -0.0319084 0.00332275 -0.00053448 0.0200714 -0.000879995 -0.00233612 0.0231093 0.0174127 0.0351008 0.00386037
internal_weight=80517.3 72774.8 56398.8 7742.43 16376.1 19914.8 3961.3 3407.85 36484 16697.1 36058.5 12459.6 10537 13935.2 11015.3 2440.82 2360.96 21470.1 2593.57 2169.39 14588.3 3781.14 1529.86 79.8589 6153.09 5062.97 2484.6 15317 3217.68 108.978 1922.63 8168.47 6196.86 14597.1 2919.94 4000.64 1288.63 133.598 2439.26 2411.94 1273.53 98.5516 1174.97 69.0114 1119.98 603.883 232.426 371.457 81.1599 60.723 1138.41 44.3773 54.9933 5224.54 3130.69 2846.83 191.566 10302.2 712.774 588.12 255.131 332.989
internal_count=296831 271038 226729 25793 44309 116459 11775 9836 110270 92793 109294 64563 58741 37353 28283 6956 6706 70098 7365 6159 39196 14018 5475 250 18892 15923 7016 51206 23666 349 5822 21460 16008 47948 9070 12996 3422 380 6858 6762 3508 330 3178 257 2996 1694 598 1096 289 192 3254 184 182 14994 9412 6823 547 58199 2325 1997 947 1050
is_linear=0
shrinkage=0.05


Tree=45
num_leaves=63
num_cat=0
split_feature=20 18 69 15 39 20 40 33 68 48 62 64 59 69 47 9 66 20 2 47 69 52 62 69 48 48 66 33 15 33 5 69 44 62 67 46 27 55 23 40 9 64 40 28 39 40 42 18 46 16 62 63 61 70 51 60 61 45 47 40 36 59
split_gain=2862.09 568.475 381.544 302.396 267.136 136.891 118.816 116.488 109.341 88.2607 81.9756 80.4471 74.8981 78.312 81.9923 73.7385 73.0409 75.1157 70.9456 70.7945 70.0734 69.5005 67.9137 66.6648 65.7702 105.067 56.8319 56.2017 55.6236 55.0857 55.038 54.6588 51.9549 50.6461 50.3256 49.989 49.0019 48.3085 48.0548 56.502 47.5505 55.5168 46.8017 46.3694 46.2477 45.8718 44.4981 43.8138 80.8955 47.6054 42.6607 43.43 54.6506 41.9243 79.1892 66.3467 60.9093 90.261 77.894 73.8208 64.585 60.5893
threshold=17.500000000000004 9609211.4196398631 13.95225722536158 0.89086047569897941 2.8240417097791705e+19 99.500000000000014 12.500000000000002 4.84983870967742 58.519031553931661 538218161385.24695 1.8270790289256202 1.0000000180025095e-35 139.78673502612926 35.583029424211503 54.140385527974622 2875.5000000000005 0.46173103126271881 2.5000000000000004 2.5000000000000004 1.0000000180025095e-35 1.8139298249981335 351357.08180604386 0.24210526315789457 1.750283164471883 18405899430.285458 16211875160.263414 0.53727914962411616 4.8667317708333355 0.62042068843321652 4.6250482625482645 0.13050000000000003 0.10456237086455401 0.30124628331221176 1.1861983471074382 -0.18222858652173754 198.00166666666669 2.3406105334047438 2449969.1207804135 5.1621455938697318 125.50000000000001 17942721.500000004 1.0000000180025095e-35 57.500000000000007 16417834532.854723 4.07340222413515e+19 80.500000000000014 5.6550000000000011 45880939962.825127 10.231385927505332 63.416666666666679 -0.57999999999999952 52.326008736762866 1.1952142955077758 91.444518700826734 0.88493007488543018 11.938775505635673 11.107535822324465 0.99064103853523489 10.001296706855136 77.500000000000014 31.951655719759174 75.841618826158538
decision_type=2 2 2 2 2 2 2 2 2 2 2 2 2 2 2 2 2 2 2 2 2 2 2 2 2 2 2 2 2 2 2 2 2 2 2 2 2 2 2 2 2 2 2 2 2 2 2 2 2 2 2 2 2 2 2 2 2 2 2 2 2 2
left_child=1 2 6 24 16 7 8 19 10 12 11 20 13 14 22 47 23 -18 -13 26 36 28 44 -3 25 -2 -5 -8 -19 -24 -21 -10 -29 -20 37 45 50 -27 39 -30 -12 -42 -34 -25 -4 -14 -37 48 -6 -50 -1 -52 -53 54 -32 56 57 58 60 -59 -56 -62
right_child=3 4 9 5 15 -7 27 -9 31 -11 40 18 35 -15 -16 -17 17 21 33 30 -22 -23 29 43 -26 34 -28 32 38 -31 53 -33 42 -35 -36 46 -38 -39 -40 -41 41 -43 -44 -45 -46 -47 -48 -49 49 -51 51 52 -54 -55 55 -57 -58 59 -60 -61 61 -63
leaf_value=-0.035665397698881815 0.038824926546420883 -0.014180681894291461 1.1517702826249187e-05 -0.052919637585850721 -0.08160624727635743 0.050390949471851625 0.0016977262421479279 0.041903209295871185 -0.04701261577037253 0.03039608133251212 0.030620144188488015 0.0039801038836515101 -0.0016825941991449036 0.01390635517738719 0.0096229721095322865 0.020013395356687391 0.0063346394244513859 0.037533163485809901 -0.011906399721320788 -0.034166194702963892 0.0014678959815679353 0.0016356070267299788 0.003952700576422905 0.0069038824823221259 0.050197316114018287 -0.14501988014831699 0.017343701156874003 0.062986186124118035 0.012347008453110792 0.017398283973519377 -0.061638565778195355 -0.012125080413529084 0.0063566648803988855 0.022829965491277762 0.01563513444607257 0.01213396340001351 0.054262529825447284 -0.013977501136978616 0.027550528688440646 0.033411264875657723 -0.019740299674567831 0.024530123064513007 0.042399949405521331 -0.050148980431731216 0.020788554830265291 0.023065806114967485 0.00027410079675463974 0.046523829119706567 0.033744448592350491 -0.044821447881776284 -0.01179021895691261 -0.0020117447629584527 0.043827795312605035 0.028065818621067253 0.0045909581847723363 -0.02117496852370198 0.032153916955561315 -0.012497347789900184 0.026337926413288998 -0.12277104168769766 -0.027267922670097883 -0.167195460631408
leaf_weight=146.7601934671402 657.00637662410736 440.50615951418877 8711.8856745660305 61.107649564743042 16.844036966562271 531.74757403880358 4239.8128033578396 660.24092012643814 116.53829699009657 344.38860504329205 271.19775001704693 932.72371013090014 6754.4508027285337 3122.4817349165678 7156.5278330594301 1341.792220979929 3562.4608526155353 326.31822024285793 4600.2094517014921 45.75337190926075 6891.7315990030766 789.67256746441126 1985.3359186500311 3770.5578099787235 2927.6288404837251 14.134476073086264 54.397774778306484 57.224070087075233 3841.5283961370587 1236.0131398439407 32.751738406717777 3064.5401709377766 481.68524082005024 107.38379886746407 27.122174650430679 1687.5424996763468 30.428392432630062 13.998131670057772 788.12906369566917 347.12145149707794 148.68863961100578 135.21831895411015 110.77707177400589 35.953278109431267 276.32754829525948 192.57539880275726 1488.5311767160892 601.5703012123704 413.10301814973354 20.224913991987705 1562.0567531324923 400.24309043958783 77.6329205930233 1177.2625182792544 76.518604658544064 104.44025743752718 575.63955768197775 64.382580935955048 445.85264947265387 19.857544809579849 20.969363734126091 12.258906483650206
leaf_count=1021 2059 1510 27535 240 66 1939 15323 2060 1747 793 657 4568 22185 7535 19246 3761 10301 798 30859 159 35405 2150 6531 10316 11759 68 133 114 9563 3069 121 21939 1342 431 87 4644 97 45 1782 808 579 409 242 125 642 443 4111 1928 1135 66 11755 3175 332 3450 220 346 1493 182 1214 85 71 62
internal_value=0.00717115 0.00413019 0.00175093 0.0365281 0.0123548 0.0268228 -0.00313516 0.0230834 -0.00496854 0.00521651 -0.00321535 -0.00392527 0.00495061 0.00655827 0.00537351 0.0277832 0.00969847 0.0121021 -0.00861796 0.0184662 -0.0010195 0.0154744 0.00288272 0.00423398 0.0468822 0.0332558 -0.0198288 0.00379614 0.0175351 0.00911169 0.0201836 -0.0134032 0.0174903 -0.011114 -0.0329633 0.00137917 -0.00875136 -0.0798162 0.0162239 0.0140926 0.0156473 0.00134468 0.0130959 0.00636501 0.000650273 -0.000996555 0.0065756 0.0376957 0.0258986 0.0300775 -0.00962822 -0.00775501 0.00543508 0.0211665 0.0151618 0.0170675 0.0203535 0.00973707 0.0170495 -0.0384917 -0.0206852 -0.0788914
internal_weight=80149.8 72626.7 56330.9 7523.07 16295.8 3883.18 23374.9 3351.43 18485.4 32956.1 15304.3 14749.2 32611.7 22488.6 19366.1 2393.53 13902.2 9655.23 5640.32 2691.19 9108.85 6092.77 12209.6 4247.02 3639.89 712.261 115.505 4889.5 5303.1 3221.35 2575.69 3181.08 649.686 4707.59 55.2548 10123.1 2217.12 28.1326 4976.78 4188.65 555.105 283.907 592.462 3806.51 8988.21 6947.03 3176.07 1051.74 450.172 433.328 2186.69 2039.93 477.876 2529.93 1352.67 1319.92 1215.48 639.84 555.6 84.2401 109.747 33.2283
internal_count=296831 271038 226729 25793 44309 11775 129995 9836 112974 96734 89288 87643 95941 64558 57023 6956 37353 25402 35858 7776 51785 15101 37777 11951 14018 2259 373 17021 12951 9600 7403 23686 1698 31290 200 31383 16380 113 12153 10371 1645 988 1584 10441 28177 22628 8755 3195 1267 1201 16283 15262 3507 7244 3794 3673 3327 1834 1567 267 353 133
is_linear=0
shrinkage=0.05


Tree=46
num_leaves=63
num_cat=0
split_feature=10 38 48 69 40 45 64 20 48 20 1 63 69 68 62 59 52 9 67 64 59 7 40 33 47 34 69 58 9 40 33 57 56 3 20 1 20 69 67 53 58 60 69 16 60 69 68 59 22 59 64 68 33 63 3 53 69 69 65 69 67 69
split_gain=2696.21 543.268 391.751 358.606 148.265 134.692 132.882 128.951 125.382 104.306 102.724 89.235 88.9182 87.414 87.4083 76.8803 119.637 73.096 69.3139 68.7881 66.5041 60.9877 59.3482 75.5081 58.4862 73.3094 57.2167 54.1207 54.0301 53.6834 53.0663 51.5589 55.1763 80.9257 56.5183 51.4217 51.184 50.6618 50.4849 49.1553 48.8929 48.4232 82.8796 114.012 47.6811 97.8198 46.5901 45.8298 45.624 44.7115 49.6895 44.4798 43.8287 43.8029 43.4832 42.872 68.5646 63.6091 63.2886 62.8479 53.1997 63.9461
threshold=5.5000000000000009 4991429223.2918406 63132282318.027382 9.469713848298527 86.500000000000014 0.62042068843321718 1.0000000180025095e-35 1.5000000000000002 484076989611.0094 69.500000000000014 4.9050000000000011 130.49130511626348 1.9685002862761696 11.211878012679465 0.80000000000000038 779.82269281538936 501020.45119656267 3171.5000000000005 0.86159635224327558 1.5000000000000002 105.73398684815521 29.250000000000004 20.500000000000004 4.9668217054263577 30.699528497156873 0.44999999999999979 18.080197779492675 9043260.6640915573 167822.00000000003 284.50000000000006 4.9501269035533015 1.216024549329106 4.5000000000000009 245.45000000000002 34.500000000000007 7.1850000000000014 23.500000000000004 12.188335490776931 0.93663652364155514 61.500000000000007 36261589.472093754 3.2142857112723218 9.6060995494262045 28.372200772200777 3.4285714263673479 13.315790620099078 58.519031553931661 486.54259682889079 6.1850000000000014 486.54259682889079 2.5000000000000004 63.04138627815454 4.7473576799140735 26.706199187469299 177.05000000000004 18.500000000000004 3.3869115780040331 5.1326485524383276 1.0000000180025095e-35 0.90469181748027194 -0.78257835753184624 1.8139298249981335
decision_type=2 2 2 2 2 2 2 2 2 2 2 2 2 2 2 2 2 2 2 2 2 2 2 2 2 2 2 2 2 2 2 2 2 2 2 2 2 2 2 2 2 2 2 2 2 2 2 2 2 2 2 2 2 2 2 2 2 2 2 2 2 2
left_child=1 3 5 7 6 36 13 10 17 21 12 31 46 14 18 41 -17 -3 20 -8 27 44 30 29 -15 -26 -20 28 -5 -24 -19 32 33 34 38 -12 -2 53 49 54 -11 42 43 -4 45 -7 -1 -14 -23 50 -9 -13 -10 -22 -34 56 59 -57 -58 -46 61 -61
right_child=2 8 15 4 -6 9 19 11 52 40 35 51 47 24 -16 16 -18 22 26 -21 37 48 23 -25 25 -27 -28 -29 -30 -31 -32 -33 39 -35 -36 -37 -38 -39 -40 -41 -42 -43 -44 -45 55 -47 -48 -49 -50 -51 -52 -53 -54 -55 -56 57 58 -59 -60 60 -62 -63
leaf_value=-0.014404121496191883 0.030465084398385862 0.024343639902002494 0.021806046382861183 0.016082249237803495 0.019602127824092448 -0.056324899696414778 -0.0072537435305075702 0.0036979755339110829 0.018762157731619801 0.048607492759506474 -0.0013725615250403422 0.029535256625341955 -0.0050425563774853807 -0.00089302586965437985 0.021221500117947937 -0.12817123092391047 0.03969914341487854 -0.011344115626025822 -0.015012007311653459 0.0017093688935042057 -0.021002073044913815 0.0080733163341609442 0.0098966310702825327 0.030819619750147083 0.0069389035909821345 -0.0023109301305085264 0.0054943004601509292 -0.025250833017456616 0.0078452686183334095 0.036829590692301399 0.0084049963323233438 -0.01974367980290432 0.020037318346522729 -0.065217764293050179 0.045623650335584374 0.028960085829820403 0.052052067447419373 -0.0016503508482535588 -0.01433186733591744 -0.018957204003824325 -0.048057962126480142 0.050699403360299301 0.039373932496112818 -0.16578776011147645 0.046425267442609663 0.013369130203127364 -0.032317620564401704 -0.020415493627528345 -0.087185420515047587 0.022224819667866304 -0.018182573102065624 -0.011327033887225668 0.038705522971518108 0.027700768773199574 0.067906392406391319 0.055866091981295753 0.04022649346638648 -0.026217770651927499 0.019224022920247191 -0.058065986953134668 -0.022668378373792701 0.038261565768855386
leaf_weight=1813.821987323463 647.56968771666288 1269.2972102537751 24.435537494719028 3607.3658004850149 1603.0301648080349 64.762471593916416 2820.9970947504044 2138.7668982222676 443.26783110201359 337.62675718218088 4916.9885967373848 434.90898371487856 5545.3278048858047 5213.5507696941495 1299.695464104414 15.705643080174921 32.734438709914684 423.23590043187141 573.25601775944233 8875.1343986019492 55.484220422804356 25.605210587382317 2769.689195625484 624.8217486962676 11937.719751439989 2610.4759391844273 836.58117160201073 101.23663369566202 4442.753078378737 198.26090916246176 1732.5713689699769 275.35655570030212 257.86253145337105 46.036715932190418 71.122702702879906 143.80871833860874 476.755964666605 1949.1395729482174 483.15313585847616 64.811798602342606 13.60830447077751 3045.562637321651 299.90665757656097 12.115063734352587 65.599358215928078 226.19234769046307 453.78009847924113 531.25945661589503 24.690068587660789 277.55487482249737 295.29505531489849 78.639496371150017 727.82491764426231 274.93602672964334 58.136484265327454 30.399498745799065 504.57718215882778 105.54638435691595 1240.6469012275338 21.216717749834061 202.86671125143766 91.659385457634926
leaf_count=16800 1949 3314 83 8975 3831 227 10803 7029 1244 1239 25084 1162 37414 18408 3487 79 119 1239 2278 30563 252 65 7276 1525 35000 7288 2329 466 12971 511 4573 969 753 225 163 343 1764 5884 1756 227 49 12683 1123 76 132 660 5972 4987 99 833 1118 346 2030 859 158 63 1264 338 3446 73 628 227
internal_value=0.00684724 0.00388449 0.0353619 0.00233495 0.00466212 0.0248896 0.00412512 -0.00367615 0.0160114 0.0192853 -0.00613088 0.00366615 -0.00953959 0.00575236 0.00891286 0.047815 -0.0147292 0.0134841 0.0075618 -0.00045245 0.00896822 0.0158351 0.0110863 0.0150216 0.0036508 0.00527915 -0.0028438 0.0110795 0.0115364 0.0116958 0.00452778 0.00112799 0.00268433 0.00061187 0.00153982 -0.000510622 0.0396188 0.00141865 0.000558414 0.0207086 0.0448623 0.0487108 0.0307106 -0.0403738 0.0169091 -0.00214379 -0.0179889 -0.00638657 -0.0386894 0.00321155 0.00104348 0.023278 0.0311568 0.0195226 0.0288441 0.0193593 0.0210995 -0.00786261 0.0252962 0.00189297 -0.00735915 0.0201554
internal_weight=79786.7 72277 7509.78 64088 46201.4 4079.32 44598.3 17886.6 8188.97 2955 13405 4481.65 8344.19 32902.2 13140.4 3430.46 48.4401 7017.88 11840.8 11696.1 10430.9 2603.76 5748.58 3592.77 19761.7 14548.2 1409.84 8151.36 8050.12 2967.95 2155.81 3968.1 3692.74 3311.93 3265.89 5060.8 1124.33 2279.56 3194.77 380.811 351.235 3382.02 336.457 36.5506 2553.47 290.955 2267.6 6076.59 50.2953 2711.62 2434.06 513.548 1171.09 330.42 315.999 2262.51 2126.57 135.946 1745.22 381.342 315.743 112.876
internal_count=296831 270445 26386 248733 143394 12223 139563 105339 21712 8510 90600 14739 65173 98197 37501 14163 198 18438 34014 41366 29407 7222 15124 9312 60696 42288 4607 22412 21946 7787 5812 13231 12262 11124 10899 25427 3713 6995 10736 1138 1288 13965 1282 159 7058 887 22772 42401 164 8980 8147 1508 3274 1111 911 6171 5770 401 4710 1060 928 300
is_linear=0
shrinkage=0.05


Tree=47
num_leaves=63
num_cat=0
split_feature=20 18 69 18 20 9 42 33 9 48 69 65 33 14 28 56 40 55 59 58 62 0 46 30 28 36 46 69 63 58 16 69 69 0 54 70 59 54 62 59 8 60 42 59 36 63 26 64 54 46 5 26 9 62 63 16 46 61 61 70 33 16
split_gain=2533.24 490.477 358.22 301.52 156.858 146.935 142.577 130.118 120.565 98.5821 96.973 86.0359 82.6934 81.4432 77.1128 71.6697 71.7348 68.0442 67.1176 66.1072 63.493 106.195 69.5897 63.0119 62.9182 58.552 57.7967 57.0817 55.9627 55.2232 57.6999 54.2548 53.7225 52.7495 50.8066 50.5387 49.8686 57.4894 49.591 53.6442 60.1249 49.3377 71.5883 46.9358 46.2775 54.3256 66.1998 45.4829 53.7831 97.4288 45.5722 45.1649 45.0267 48.8303 43.474 43.4496 43.1052 57.7247 49.5937 46.5126 43.0547 77.7482
threshold=17.500000000000004 2165676702.9050369 10.833570859575319 427301467.89766169 76.500000000000014 189548.00000000003 7.870000000000001 4.6500542299349252 5362.5000000000009 23692498188.357643 1.6957288840208113 1.0000000180025095e-35 4.8125341530054655 1.0000000180025095e-35 45684332774.82531 29.500000000000004 37.500000000000007 178039.06431532057 124.98153676081274 501642.65077328141 0.27692307692307733 91.750000000000014 9.9983333333333348 217.50000000000003 5933288479.5403013 54.576209677419364 30.55043859649123 29.709351895646119 720.0510843326382 126626.88915154275 24.510000000000002 17.434638794154989 0.10456237086455401 63.350000000000001 1.0726474458627162 199.99704899383514 268.777959470658 0.95035678370464449 0.66835686777920345 109.05589156929649 0.19950000000000004 6.4285714113520411 4.8050000000000006 779.82269281538936 49.303846153846159 17.922933206032202 7.5726153846153847 2.5000000000000004 0.77552586054152084 29.612761627906984 0.55100000000000016 92.01428571428572 191207753.50000003 1.976478067387158 720.0510843326382 15.904166666666667 69.300925925925938 12.357007003803135 10.022789596959321 2.9716166768370398 4.7115831842576048 31.601000000000003
decision_type=2 2 2 2 2 2 2 2 2 2 2 2 2 2 2 2 2 2 2 2 2 2 2 2 2 2 2 2 2 2 2 2 2 2 2 2 2 2 2 2 2 2 2 2 2 2 2 2 2 2 2 2 2 2 2 2 2 2 2 2 2 2
left_child=1 2 5 4 12 11 7 15 14 60 32 17 23 27 33 16 26 18 29 -18 22 -22 -12 -2 -25 -21 41 -9 44 -1 -31 -10 -7 47 -15 -30 37 -28 -34 40 -40 -4 -43 -16 45 -13 -47 48 49 -3 -49 -20 53 55 -24 -39 57 58 -57 -58 61 -5
right_child=3 8 6 9 -6 10 -8 13 31 -11 20 28 -14 34 43 -17 19 -19 51 25 21 -23 54 24 -26 -27 36 -29 35 30 -32 -33 38 -35 -36 -37 -38 52 39 -41 -42 42 -44 -45 -46 46 -48 50 -50 -51 -52 -53 -54 -55 -56 56 59 -59 -60 -61 -62 -63
leaf_value=0.0052683337492108809 0.011450556347794807 0.035271742215446239 -0.0132776672994111 0.03000849838595971 0.045717909432451881 -0.038878124602724606 0.030598440548778139 0.0051929211475764377 0.00054424184999010184 0.050113069064059712 -0.03368952401440483 -0.0061989821686308511 0.035950131755764947 0.017538052881606727 0.045482357161075751 -0.0094828681558353708 0.00031837114329430721 -0.0081746800288718651 0.031023357733166407 0.020340385520286112 0.0056973306308766699 -0.019673100324210765 -0.0052378379050927451 0.040705367262262676 -0.031273931709685086 0.0072460821223776272 0.047323111684051539 0.011610704218876279 0.044891691133580394 0.061007595295232489 -0.00011070471332540339 0.02168577157927587 -0.01532555666160698 -0.021092440826441461 -0.056929360788356698 -0.042555905843043904 -0.005105648794067599 0.021595308097645156 0.00040270586976253717 0.015468955004613458 -0.034443020109722257 0.11255304134588828 -0.018750378168886514 -0.023436113296391527 -0.012419479308235417 -0.045917947493358299 0.0066265698351348143 -0.06755360359729963 0.029896377312018604 -0.1280692228015736 0.010612170714781774 -0.027357440131261564 -0.056370440705141127 0.024684002335909061 0.056571789932350472 -0.00049715204890153489 0.0087558349509906843 -0.066273377638604192 0.02697476236256709 0.0010260337618054815 0.04295451899681918 -0.022857319888299515
leaf_weight=1406.0250352248549 1892.9955714866519 22.66640804708004 851.42816094309092 397.26839466392994 713.5120790079236 188.2725242190063 549.58797856420279 13622.194870755076 713.93621802330017 2664.9075381681323 217.66697813943028 1730.1844714507461 603.88628730177879 2285.6751794293523 661.01637422293425 1169.8664783686399 1769.9666079059243 411.55648835003376 594.35478003323078 1354.3157951831818 3078.4818476699293 476.28046479821205 7114.6118712350726 332.12915994971991 33.414332620799541 2309.6860886365175 73.721932500600815 4646.5212200731039 110.18865781277418 95.325478531420231 64.91269788146019 527.81310870498419 2254.1052544750273 65.585761725902557 23.136695697903633 19.436635091900826 1996.0957283973694 302.68147113919258 401.83326279371977 308.46200171858072 178.90939861536026 19.433071248233318 22.28499411791563 25.663454592227936 812.77729640901089 61.457997024059296 2432.4064564332366 20.857094474136829 1257.342398583889 15.285993061959742 175.9680258706212 35.083986401557922 31.798537969589233 259.87881594896317 28.562576375901699 7524.6271223053336 4101.853347375989 32.895234175026417 167.94828716665506 3703.0728245154023 399.58714412152767 84.306248880922794
leaf_count=4858 5393 52 3618 1225 2722 2522 1350 38212 2048 11629 1797 6183 1959 5519 2244 5101 4874 1425 1790 3233 15449 2886 44966 1019 136 6197 217 11195 265 214 232 1429 20582 191 83 76 7528 813 2225 1820 1213 46 69 89 3515 290 8072 77 3165 68 481 174 155 667 62 26353 13019 131 410 11788 1430 280
internal_value=0.00653615 0.00373444 0.00280786 0.0349881 0.0247433 -0.00245132 0.00528148 0.00498077 0.0220314 0.0453192 -0.00546824 0.00307791 0.0195149 0.0079435 0.0289478 0.00260778 0.0031846 0.0104825 0.0139795 0.00825308 -0.00318931 0.0022981 -0.00583934 0.0151205 0.0341257 0.0120861 0.00174168 0.00682524 -0.000658819 0.00843779 0.0362485 0.00953058 -0.012935 0.0227943 0.0167918 0.0317794 0.00235127 0.00327016 -0.0113811 -0.00138188 -0.0103322 -0.0106764 0.0424133 0.0429067 -0.00149363 0.000608682 0.00533168 0.0247234 0.0281263 -0.0305167 0.00232913 0.0277693 0.00306875 0.0031862 -0.00499069 0.00283334 0.00246768 -0.000180002 0.000102629 0.00508841 0.0308212 0.0207536
internal_weight=79447.7 72325.7 68839.6 7122.01 3575.94 22020.9 46818.7 46269.1 3486.13 3546.07 14247.2 7773.71 2862.43 20577.5 2244.39 25691.6 24521.7 2607.26 2195.7 5433.97 10915.6 3554.76 7360.84 2258.54 365.543 3664 19087.7 18268.7 5166.45 1566.26 160.238 1241.75 3331.58 1557.71 2308.81 129.625 18194.6 16198.5 3143.31 889.205 580.743 893.146 41.7181 686.68 5036.83 4224.05 2493.86 1492.12 1295.29 37.9524 196.825 629.439 16124.8 16093 7143.17 15833.1 15530.4 7725.47 7692.58 7804.93 881.162 481.575
internal_count=296831 271038 261194 25793 11229 120616 140578 139228 9844 14564 93522 27094 8507 55009 6367 84219 79118 8693 7268 14304 65160 18335 46825 6548 1155 9430 64814 49407 18401 5304 446 3477 28362 4034 5602 341 61081 53553 25840 5258 3438 3733 115 2333 18060 14545 8362 3843 3285 120 558 1964 53336 53181 45028 52514 51701 26894 26763 24807 2935 1505
is_linear=0
shrinkage=0.05


Tree=48
num_leaves=63
num_cat=0
split_feature=10 38 48 69 43 45 48 68 20 40 62 59 70 1 59 43 7 59 66 24 1 63 60 69 66 40 7 65 55 53 18 55 69 59 2 63 59 69 29 68 38 43 32 58 20 59 60 69 69 40 36 29 62 44 0 9 59 52 63 59 36 65
split_gain=2379.95 461.976 388.636 296.338 170.874 129.673 114.12 112.711 98.845 90.8035 92.3446 88.0439 87.7513 84.651 82.1963 79.1766 76.8282 74.5066 106.654 65.4137 69.6019 64.6105 76.8281 72.5802 59.9115 58.5516 56.2415 56.1269 64.1472 59.6122 54.9918 55.1978 53.8125 52.9805 52.3898 50.7347 76.7297 57.4119 50.7199 49.7184 50.0677 48.9367 47.3085 47.206 46.1358 46.036 45.8657 73.9034 44.8333 44.7341 90.134 43.8496 43.7067 44.5005 44.0171 43.5858 48.6653 49.2016 43.1911 49.2585 51.7262 43.1525
threshold=5.5000000000000009 4991429223.2918406 63132282318.027382 9.469713848298527 4.6400304878048795 0.60801227466455299 484076989611.0094 59.585640920802327 69.500000000000014 94.500000000000014 1.976478067387158 384.44102295350791 85.799965072546357 5.5850000000000009 84.836879305338769 4.2909673659673677 14.030000000000003 779.82269281538936 0.34202014332566882 0.081649658092772456 4.6950000000000012 90.979173232972784 2.1403827096644572 0.18639379154116154 0.99535829673000953 84.500000000000014 29.250000000000004 1.0000000180025095e-35 3226380.7364006718 52.500000000000007 471620630.23027045 31807.236472402819 0.10456237086455401 313.06870053564825 12.500000000000002 12.646769539136086 70.93973198982836 1.513881282517239 2.1323127250514394e+18 10.527084624658171 1076632684.1200874 4.7001182033096951 5.995000000000001 36261589.472093754 23.500000000000004 441.9246103158444 3.1034482748301344 12.588400214084791 1.750283164471883 243.50000000000003 33.294300772414978 3.567450785045865e+18 0.85477784540474799 0.52201737157520178 130.35000000000005 167822.00000000003 105.73398684815521 501020.45119656267 107.14016870095747 511.3473367788601 15.64443650793651 1.5000000000000002
decision_type=2 2 2 2 2 2 2 2 2 2 2 2 2 2 2 2 2 2 2 2 2 2 2 2 2 2 2 2 2 2 2 2 2 2 2 2 2 2 2 2 2 2 2 2 2 2 2 2 2 2 2 2 2 2 2 2 2 2 2 2 2 2
left_child=1 3 5 7 11 44 19 12 26 10 14 15 13 27 52 -5 33 38 -19 -3 34 22 41 -23 25 39 46 30 35 -30 31 58 -9 48 -21 -29 37 -37 -4 55 -41 -14 -26 -10 -2 -18 47 -7 -15 -27 -51 -28 53 -6 -54 56 -17 -58 59 -1 -61 -16
right_child=2 6 17 4 9 8 -8 32 43 -11 -12 -13 21 16 61 24 45 18 -20 20 -22 23 -24 -25 42 49 51 28 29 -31 -32 -33 -34 -35 -36 36 -38 -39 -40 40 -42 -43 -44 -45 -46 -47 -48 -49 -50 50 -52 -53 54 -55 -56 -57 57 -59 -60 60 -62 -63
leaf_value=-0.0017557308350611943 0.030038989032078106 0.0027428298664784623 0.014984567602759772 -0.0077326005481899614 0.010455099803004832 -0.052672274077771121 0.029531580267559143 -0.047316787592081792 0.047639962944209094 0.024867823810799442 0.055185572465907988 -0.015029090067574413 -0.038017004670094189 -0.0060461588648318383 0.0014175789434445333 0.015375277988887033 -0.022675436806821807 0.036701097835468391 -0.12236648224422003 0.010649089809095222 0.020558729793754813 -0.043516418140055989 0.018343991428776373 0.040327003119130414 -0.0096487736088399084 0.02243505850817749 0.0085373355998093047 -0.012769068382562747 0.035033457915945275 -0.025937729325738037 0.027983102243393461 -0.018630170778823018 -0.011760228540935634 0.031299580647168548 -0.026019846308696803 -0.012985358309826125 -0.0098551638808615036 0.0049283477207007799 0.049017688084566247 0.0018822642286551068 -0.01209604532915913 0.019580956555762613 0.022457297015578585 -0.047421948502361304 0.052092440028752462 0.029225335408755406 0.018112133746541491 0.010721664345911333 0.01320982326542477 0.011176349406393098 -0.091400918735324854 -0.084242012435541788 0.028032788469774778 0.0023178502290945886 -0.022179517619409256 0.002922659281364311 0.0046131824190483259 -0.038221448601602391 0.019674044993160056 0.065091550022184558 0.0044164099435611481 0.0084816178020227419
leaf_weight=2591.5242346972227 576.5994286686182 1401.3435211852193 113.60178770124912 1989.0718524158001 8434.1741889044642 60.142534285783768 1129.4181214496493 111.51453128829598 320.14376452565193 712.97746477276087 97.908527508378029 804.89564072340727 134.87773842737079 437.82796054333448 7714.2172687277198 1964.9123686999083 287.88085860013962 32.451404318213463 15.605332046747206 2715.1220284178853 2709.6660629585385 28.482465665787458 312.44825885072351 275.29246377944946 1364.8811025694013 639.53925336897373 25.866840422153473 2672.1957328245044 166.44644992798567 52.808033354580402 179.90248143672943 369.47029345110059 2324.7720165401697 273.20467761904001 101.0316388681531 555.1121513620019 3163.4871966764331 2302.3442246466875 3013.5725254938006 12010.546017557383 676.69405207037926 50.754395827651024 125.26802794635296 13.614817574620245 402.83272355049849 50.172031834721565 2327.6500692814589 195.14433228969574 976.37928047031164 106.94758408516645 26.777367547154427 25.085592515766621 484.83063735067844 2098.1194437295198 47.963470727205276 3294.2959890067577 492.34166827052832 77.606446653604507 305.27844384685159 57.298136629164219 90.77436401322484 3003.7130175828934
leaf_count=15585 1804 3868 431 9960 22799 208 3274 1767 1259 1711 173 3304 490 2103 22756 5177 1597 120 78 7177 7067 159 808 652 4987 1458 66 17132 600 242 405 2076 18114 992 326 3946 20317 11734 13534 40477 1978 134 304 49 1620 244 6529 588 3558 267 102 100 1074 5748 141 11087 1437 271 1678 240 766 8183
internal_value=0.00623837 0.00351077 0.0338098 0.00208901 0.00420086 0.0233341 0.014794 -0.00339764 0.0181277 0.00730798 0.0067358 0.00122289 -0.00181039 -0.00269888 0.00651803 0.0017974 0.00678377 0.0468319 -0.0149525 0.0123912 0.014838 0.0142918 0.00320776 0.0324657 0.00270963 0.00345583 0.0148794 -0.00423461 -0.00636173 0.0203484 0.00103986 -0.000379789 -0.0133877 0.0111424 0.00933356 -0.0070354 -0.0044907 0.00144829 0.0477814 0.00289289 0.00113671 -0.0222689 -0.00694981 0.0437622 0.0391094 -0.0149726 0.0159056 -0.00421319 0.00724832 0.0169359 -0.00936394 -0.0371411 0.00954087 0.00883409 0.0235125 0.00671524 0.0116441 -0.00121935 0.00183474 -0.000153124 0.0278953 0.00339728
internal_weight=79116.8 71994.5 7122.31 63937.9 46167.7 3947.08 8056.58 17770.2 2967.65 22593.9 21880.9 23573.8 15334 14532.1 21783 22768.9 2025.46 3175.23 48.0567 6927.16 5525.82 801.855 498.08 303.775 20779.8 19289.7 2633.89 12506.6 8912.39 219.254 3594.25 3414.35 2436.29 1687.41 2816.15 8693.14 6020.94 2857.46 3127.17 18516.4 12687.2 185.632 1490.15 333.759 979.432 338.053 2582.94 255.287 1414.21 773.264 133.725 50.9524 11065.1 10532.3 532.794 5829.16 2534.86 569.948 3044.88 2739.6 148.073 10717.9
internal_count=296831 270445 26386 248733 143394 12223 21712 105339 8799 62585 60874 80809 85458 83215 60701 77505 8494 14163 198 18438 14570 2243 1432 811 67545 62254 7491 74721 53971 842 20750 20345 19881 6653 7503 53129 35997 15680 13965 60427 42455 624 5291 1308 3424 1841 7325 796 5661 1827 369 166 29762 28547 1215 17972 6885 1708 18269 16591 1006 30939
is_linear=0
shrinkage=0.05


Tree=49
num_leaves=63
num_cat=0
split_feature=20 18 69 15 20 48 9 9 18 47 69 69 55 28 65 45 46 66 28 45 20 55 60 41 59 66 66 59 46 62 26 37 63 69 66 5 69 42 59 62 62 59 8 70 59 56 64 54 46 26 30 47 57 28 59 36 66 63 24 36 2 54
split_gain=2236.89 440.424 298.307 289.583 131.827 127.67 126.281 115.857 108.016 89.1822 85.3226 83.6262 78.846 77.5555 75.535 72.3949 66.6165 65.9869 64.6871 62.2145 73.6325 59.89 59.1065 57.736 56.8129 79.9583 66.765 56.542 55.3554 55.3607 52.7972 76.5862 49.2976 49.0592 49.0453 56.654 48.7675 48.2749 47.3484 46.125 45.6482 46.3007 55.3617 45.3643 45.3285 43.4829 42.7848 41.9114 83.3059 47.9955 41.7751 41.5931 41.1393 155.414 51.8853 40.6146 49.3204 52.9252 52.363 46.7723 45.6663 41.5218
threshold=18.500000000000004 2165676702.9050369 10.833570859575319 0.88669242462400877 99.500000000000014 503769687336.08356 189548.00000000003 5362.5000000000009 9609211.4196398631 1.0000000180025095e-35 1.6957288840208113 26.363356027980387 2773498.4095325577 45684332774.82531 1.0000000180025095e-35 0.67858512797383097 28.922401433691761 0.53727914962411616 253093305526.91595 0.61072661517644822 75.500000000000014 178039.06431532057 5.4642857131147968 1.2833333333333334 259.04776050508173 0.67556448321067852 0.99535829673000953 124.98153676081274 9.9983333333333348 1.2260600071864889 10.072438780609696 7.1634663150373017 720.0510843326382 0.10456237086455401 0.90255091666790865 0.13050000000000003 13.088481118219612 4.8050000000000006 138.22010288437224 -0.020822758037224848 0.66835686777920345 109.05589156929649 0.19950000000000004 199.99704899383514 779.82269281538936 1.0000000180025095e-35 2.5000000000000004 0.77552586054152084 29.361541877305648 55.169047619047625 26.500000000000004 0.37282548461146886 1.0218693691841232 66484327755.426994 218.27334304790955 49.303846153846159 0.087155742747658152 10.482514862117862 0.45829743723936262 6.003000000000001 6.5000000000000009 0.66573299671393038
decision_type=2 2 2 2 2 2 2 2 2 2 2 2 2 2 2 2 2 2 2 2 2 2 2 2 2 2 2 2 2 2 2 2 2 2 2 2 2 2 2 2 2 2 2 2 2 2 2 2 2 2 2 2 2 2 2 2 2 2 2 2 2 2
left_child=1 2 6 18 9 8 14 13 11 17 33 16 22 46 21 30 -4 -5 19 -2 52 27 50 24 25 -18 -27 45 29 -12 31 -11 55 -8 35 -17 -9 -24 -13 -30 -35 42 -42 -34 -15 -1 47 48 -3 51 -10 -49 -21 54 -54 56 58 60 -16 -59 -58 -57
right_child=3 7 5 4 -6 -7 10 36 12 15 28 38 -14 44 32 34 23 -19 -20 20 -22 -23 37 -25 -26 26 -28 -29 39 -31 -32 -33 43 40 -36 -37 -38 -39 -40 -41 41 -43 -44 -45 -46 -47 -48 49 -50 -51 -52 -53 53 -55 -56 61 57 59 -60 -61 -62 -63
leaf_value=0.0050934496496682939 0.049680262443745959 0.035433915596366043 -0.0083424785351775971 -0.059777223906744829 0.048758127104113036 0.02606498533582334 -0.037644196691150753 -0.0017299100195628907 0.0073994036658255533 -0.1009004105891038 -0.029628787884321967 0.0085167825969881591 -0.01605163615669282 0.044499802721815605 -0.010183102808676363 -0.037369073363290428 -0.0009651366335391387 0.015322079961558557 0.053509598101010629 0.027074831244387667 0.052561820602575964 -0.0076368047485760012 0.069203544819730387 0.023917517457915705 -0.0062584638876332704 0.0069688704227069097 -0.0041574759087661898 0.025632776354646027 -0.0059279970364058592 0.063355379275944687 0.033067017696246863 0.041984694591817737 0.042817281563282565 -0.014504686505580547 -0.00098363962509962518 0.02170350727032825 0.018144909460861624 0.018684888672931405 0.0025911676203044321 0.00069946287270984664 0.00073783799116817355 0.014467801851621451 -0.033066164718097743 -0.040525999795678808 -0.022184386086583047 0.032015671717386528 7.9207078991586644e-05 0.00023470106640036695 -0.10985220868303198 -0.0060120888978010068 0.02045423557398587 0.032098366303206227 0.029844153684238574 -0.17192414505068274 -0.074880648129872787 0.066669901389659739 0.0087603606507928346 -0.038279889789909032 -0.070823524048070477 0.0062268525224555386 -0.013859569072639197 -0.013336935006002885
leaf_weight=1410.5941765159369 743.6134116128087 23.58834245800972 1588.0868971422315 58.937717288732529 470.30752167850733 695.58673392981291 178.322599042207 596.30460284650326 5688.4184415787458 18.169006012380123 278.54771535471082 9275.0466856360435 284.39059299975634 644.0640177577734 173.67829745262861 41.955015815794468 8372.2819550707936 58.068808481097221 1338.5045640319586 580.63130797445774 269.89413888007402 416.91956911981106 49.211374223232269 303.49639881402254 1918.5342500954866 9934.2607097923756 1560.0196081325412 634.11964439600706 4856.3784226924181 16.983519777655602 1189.4891837760806 19.382775291800499 107.42256132140756 2218.9469524361193 365.06617605686188 1245.7746761739254 639.82043043524027 1210.3942362368107 5296.106292411685 5714.5806553587317 400.27682891488075 310.87553334981203 173.66958301514387 19.253614000976086 26.533766493201256 167.82512182742357 202.42494378238916 113.0135500356555 16.96117952466011 105.80606381595135 686.77847634255886 1092.2222412824631 83.707020699977875 12.544513657689093 13.773388803005217 16.555563628673553 309.84195704013109 60.274180546402931 44.777283445000648 2861.0771019086242 797.2671459838748 792.22822338342667
leaf_count=4862 3344 55 6255 241 1988 1780 2522 1750 14542 83 2243 24027 929 2348 710 148 28506 158 6536 2092 1215 1447 104 694 7510 31063 5600 1974 30825 53 3976 54 265 20584 1140 3604 1779 2976 15201 32044 2225 1820 1213 76 91 480 586 304 71 295 1731 2825 290 89 56 50 1028 279 170 9488 2970 3467
internal_value=0.00595358 0.00342538 0.00255019 0.0340262 0.0241472 0.00480362 -0.00225851 0.0208301 0.00448328 0.0202849 -0.00507584 0.00338279 0.00979837 0.0276496 0.00284417 0.0220235 0.00154868 -0.0225064 0.0452834 0.0388223 0.0304166 0.00974655 0.0107613 0.00225982 0.0019581 0.00275158 0.00545879 0.0130222 -0.00294193 -0.0242852 0.0312242 -0.0271487 -0.000657994 -0.0121409 0.0151929 0.0197789 0.00855733 0.0206586 0.00636303 -0.00234524 -0.0106756 -0.00107317 -0.00949086 0.0301499 0.0418613 0.00795595 0.0215169 0.0247276 -0.0253368 0.026276 0.00880576 0.0291105 0.0217628 -0.0062704 0.0150472 -0.00142992 0.000525769 0.00178052 -0.0226127 0.00530858 -0.00752902 -0.0116992
internal_weight=78793.6 72283.8 68823 6509.82 3467.15 46862.6 21960.4 3460.74 46167 2996.84 14148.6 38247.8 7919.19 2224.61 7811.83 2879.84 23676.7 117.007 3042.67 1704.16 960.55 2629.46 7634.8 22088.6 21785.1 19866.6 11494.3 2212.54 10866.5 295.531 1227.04 37.5518 5182.38 3282.09 1652.8 1287.73 1236.13 1259.61 14571.2 10571 3103.77 884.822 573.946 126.676 670.598 1578.42 1554.02 1351.59 40.5495 1311.04 6375.2 1205.24 690.656 110.025 97.4804 5055.7 4246.92 4028.46 218.456 2921.35 1107.11 808.784
internal_count=296831 271817 261713 25014 11392 140918 120795 10104 139138 9404 93529 118856 20282 6575 27266 9005 79628 399 13622 7086 3742 8763 19353 73373 72679 65169 36663 7316 65165 2296 4113 137 18503 28364 4892 3752 3529 3080 39228 62869 25842 5258 3438 341 2439 5342 4136 3550 126 3424 16273 3129 2527 435 346 18162 14645 13765 880 9767 3998 3517
is_linear=0
shrinkage=0.05


Tree=50
num_leaves=63
num_cat=0
split_feature=10 38 48 69 43 45 22 26 1 20 66 31 43 10 62 33 40 69 46 69 65 46 69 69 43 38 55 38 7 7 40 67 64 36 31 10 26 46 15 16 66 69 60 61 69 50 26 56 60 69 55 37 55 55 57 43 17 22 50 69 65 26
split_gain=2100.17 450.966 326.963 246.711 160.038 128.904 127.959 115.214 92.9447 86.7665 86.3058 85.1382 105 83.724 79.0503 74.0584 68.4632 68.2038 76.4875 65.0374 64.3879 61.1049 61.0472 56.9028 56.5692 56.0747 55.585 54.8873 53.0713 52.4456 50.3156 49.4929 56.3786 48.624 48.3014 47.5692 65.56 50.0734 94.487 47.3577 45.6137 45.0225 44.6753 43.0985 43.0617 42.2136 42.1721 44.2177 41.6755 69.5279 41.3873 60.7611 40.9561 114.603 77.5426 58.4889 56.3931 79.4885 70.413 54.2851 65.2506 51.5041
threshold=6.5000000000000009 4991429223.2918406 63132282318.027382 7.2602654900301227 4.6400304878048795 0.60801227466455299 7.6950000000000012 33.133687943262423 5.5650000000000004 72.500000000000014 0.087155742747658152 1.4833333333333336 4.4955050505050513 1.5000000000000002 1.976478067387158 4.9668217054263577 20.500000000000004 19.771380473475894 26.289117647058827 23.908413407682165 1.5000000000000002 138.3366666666667 29.709351895646119 0.10456237086455401 4.8667288557213935 98794983665.985031 251486.86275489573 1562837191.7443297 29.650000000000002 6.1200000000000001 84.500000000000014 -0.64942331933852315 1.0000000180025095e-35 93.503333333333345 0.9833333333333335 20.500000000000004 10.001271186440681 7.623193277310925 0.7488239377796414 25.00714285714286 0.62249093318774806 1.6957288840208113 3.9560439531095279 9.7780647449238192 45.048197082472434 2.5000000000000004 14.29018026565465 92.500000000000014 3.4285714263673479 12.970280177242291 2567888.8523909529 0.80000000000000049 708271.58514125028 1314369.0631557761 1.8311480786680974 4.7001182033096951 2.0498306137888571 6.7950000000000008 5.5000000000000009 3.3869115780040331 1.0000000180025095e-35 10.658333333333335
decision_type=2 2 2 2 2 2 2 2 2 2 2 2 2 2 2 2 2 2 2 2 2 2 2 2 2 2 2 2 2 2 2 2 2 2 2 2 2 2 2 2 2 2 2 2 2 2 2 2 2 2 2 2 2 2 2 2 2 2 2 2 2 2
left_child=1 3 5 7 17 -2 11 10 23 28 -1 15 -13 14 22 19 21 18 27 25 26 -17 31 -9 -14 -3 -12 -5 48 33 44 -6 -33 41 -24 36 37 -4 -39 40 42 -10 -20 -42 -19 -28 47 -47 49 -7 -22 -52 59 54 55 -54 -55 -58 -59 61 -61 -50
right_child=2 6 35 4 13 9 -8 8 29 -11 20 12 24 -15 -16 16 -18 30 39 -21 50 -23 34 -25 -26 -27 45 -29 -30 -31 -32 32 -34 -35 -36 -37 -38 38 -40 -41 43 -43 -44 -45 -46 46 -48 -49 52 -51 51 -53 53 56 -56 -57 57 58 -60 60 -62 -63
leaf_value=-0.024088444587776897 0.040925824374893192 3.6305997283219147e-05 0.050868784315049022 -0.0112710072690942 -0.0016332977651697886 -0.058368405466666655 0.039242255546661331 -0.042428526203660055 -0.00014059687921788152 0.043824994343243044 0.011224286233873048 -0.0079602538820035713 0.020372616490853316 0.015346847354907482 0.049613974571839296 0.012344196788902445 0.028708391811784379 0.0021031241424506911 0.007834621593117097 0.013311458644514768 -0.0055171433289897672 -0.026009040874269036 0.009557963906588824 -0.0091101540855412222 0.040963144398433578 -0.029924278234303381 -0.02255218765345042 -0.055193417211356066 -0.042089286718829028 -0.0094429062403353029 0.017799211448700943 0.0070419035118511721 -0.00034522042333198235 -0.043753524948604475 0.045530320070428086 0.052406442198599627 0.042138332777737611 0.002612403442633417 -0.16313871145692485 -0.0013278982966590644 0.016881754350265076 0.021060882312341864 -0.054427385952938181 0.063277618285621839 0.019331179766712735 0.039223426450990244 -0.036948525583665827 -0.024916175069759901 0.014261253409644051 0.009698395891872845 0.071717360541083311 -0.0058873787398502067 -0.10260185920836651 0.039700843637108296 0.049731989528608168 0.0041499432191302475 0.0118153825412018 0.014528558605762546 -0.14088741404866442 0.043479441308197413 0.018255470686320129 -0.037541010190153629
leaf_weight=295.25666512921453 788.80922674387693 1372.6522145345807 24.172062247991562 1078.7009531334043 3279.9903499111533 48.199327163398266 483.58048206567764 130.44544200599194 433.62604183703661 280.2186356112361 2480.997723069042 284.36313462257385 1708.0408032089472 2388.9764484018087 101.04392565786839 2175.9412885904312 668.21706794202328 12822.406678594649 152.61954031139612 937.79847104847431 1695.6053941547871 109.05622931569815 4699.6634467840195 7270.3707295097411 414.52150624990463 176.22294152528048 234.19436246156693 76.149019211530685 41.01351098716259 515.37239968776703 567.19578815996647 10357.455315805972 3440.9637706950307 40.500612400472164 95.207723096013069 1604.4784082621336 1076.2554425373673 35.25803429633379 11.370965428650377 10480.214848026633 207.69965209066868 592.61179968714714 35.515817485749722 65.947545781731606 373.26785238087177 103.07791015505791 37.947595372796059 36.345804490149021 186.08249472081661 169.27976037561893 43.864824086427689 59.348102152347565 47.147417709231377 154.47815668582916 15.882554948329924 17.62868544459343 210.49182239174843 12.604909151792528 17.277192339301109 382.18132102489471 778.94919643551111 64.654211714863777
leaf_count=1335 3006 3805 100 5283 10466 171 1501 2168 2234 1193 9267 828 4934 5791 188 5808 1708 38693 515 2307 7095 342 11430 58925 1265 562 980 273 138 3156 1339 29613 11631 201 207 8249 4873 153 72 43982 663 2339 139 116 856 266 172 138 474 539 105 202 220 416 35 60 608 44 85 1025 2320 222
internal_value=0.00568092 0.00333501 0.0341958 0.00191467 0.00354946 0.0233674 0.01428 -0.00396269 -0.00734588 0.0176585 0.00213179 0.0127416 0.0205714 0.00645732 0.00549088 0.00927725 0.0146306 0.000809864 -0.00192907 0.00291955 0.00378199 0.0105137 0.00528705 -0.00969742 0.0243938 -0.00337245 0.00840127 -0.0141672 0.0142415 0.00365417 0.00321724 0.00388743 0.00519975 0.00998175 0.0102722 0.0468478 0.0390724 -0.00753284 -0.0378077 -0.000637419 0.0150331 0.0121024 -0.00391908 0.0280629 0.00259046 -0.00861644 0.00978378 0.0225031 0.0153391 -0.00538707 -0.00364597 0.0270941 0.0177274 0.00503577 -0.0492741 -0.0735496 0.01613 0.000981944 -0.0753296 0.0220019 0.0265578 0.000903678
internal_weight=78489.4 72523 5966.43 64192.6 50223 3214.9 8330.39 13969.6 8982.93 2426.09 4986.64 7846.81 2406.93 24363.3 21974.3 5439.89 2953.21 25859.7 12096.8 2486.67 4691.38 2285 21873.3 7400.82 2122.56 1548.88 2892.56 1154.85 2145.87 1582.11 13762.9 17078.4 13798.4 1066.74 4794.87 2751.53 1147.06 70.8011 46.629 10942 461.783 1026.24 188.135 273.647 13195.7 411.566 177.371 139.424 2104.86 217.479 1798.82 103.213 1887.38 475.511 80.6587 64.7761 394.852 240.374 29.8821 1411.87 1161.13 250.737
internal_count=296831 272828 24003 249768 161185 10556 23060 88583 69023 7550 19560 21559 7027 69326 63535 14532 7858 91859 50971 6674 18225 6150 63347 61093 6199 4367 10823 5556 6357 7930 40888 51710 41244 4774 11637 13447 5198 325 225 45415 1433 4573 654 779 39549 1556 576 404 6219 710 7402 307 5509 1468 315 280 1153 737 129 4041 3345 696
is_linear=0
shrinkage=0.05


Tree=51
num_leaves=63
num_cat=0
split_feature=20 18 15 38 48 62 20 43 43 30 16 18 69 64 7 43 70 58 60 58 47 55 69 61 55 52 27 37 30 25 37 46 60 42 24 69 32 34 60 18 70 25 62 68 62 69 69 47 69 62 7 51 52 28 30 16 0 46 43 0 62 67
split_gain=1976.45 378.149 284.863 248.819 142.157 135.907 127.581 126.806 104.527 127.783 102.833 92.3783 81.1108 79.2627 74.2567 72.6384 124.386 69.0165 66.3787 148.843 64.525 63.6573 62.2352 61.5315 61.4473 70.8477 78.9027 93.4675 75.5197 69.3252 79.3625 72.9117 70.643 65.4773 58.7377 60.1712 64.9759 54.6018 51.8673 51.1687 64.88 50.5292 50.2081 49.9352 53.396 49.1845 48.4778 47.7324 47.2004 47.0731 49.6142 46.9602 69.8474 53.3931 128.692 52.8502 46.8482 46.6471 67.7027 46.7553 49.4168 46.4975
threshold=18.500000000000004 2165676702.9050369 0.88669242462400877 7931000.9060230451 367065762881.72784 1.976478067387158 100.50000000000001 4.7434035395641372 4.8600373134328372 5.5000000000000009 65.583333333333357 44946296964.442772 4.0506553234920721 1.0000000180025095e-35 3.5100000000000002 4.6463525498891363 50.573266641702581 7495286.7758558532 3.2142857130660079 5448886.6746807164 0.37282548461146886 3834752.631128415 0.10456237086455401 12.557362773767911 1386925.5058770154 819038.46514967654 1.2106313607869836 2.1652380213986135 80.500000000000014 0.79834903336351537 24.500374143946249 38.852277327935234 11.938775505635673 7.1950000000000012 1.0000000180025095e-35 0.85013753702920025 5.5950000000000006 0.41457809879442481 12.857142819948981 90066662164.69487 23.699704804120767 1.1207599532987127 -0.43333333333333307 32.293103831237325 0.55887944531424749 12.842986856189791 5.9055008588285096 1.0000000180025095e-35 12.842986856189791 1.976478067387158 6.5500000000000007 1.4975671789767293 9644964.4548128117 22631762453.255054 62.500000000000007 29.801063829787239 36.050000000000004 62.534666666666674 4.2502631578947385 34.850000000000001 0.2500000000000005 -0.49240481012316828
decision_type=2 2 2 2 2 2 2 2 2 2 2 2 2 2 2 2 2 2 2 2 2 2 2 2 2 2 2 2 2 2 2 2 2 2 2 2 2 2 2 2 2 2 2 2 2 2 2 2 2 2 2 2 2 2 2 2 2 2 2 2 2 2
left_child=1 3 15 14 5 8 7 24 13 12 11 20 42 17 -1 16 23 34 19 -17 -3 -22 -16 -2 25 26 33 28 -28 -29 31 32 -31 47 46 36 -36 -11 56 40 -25 51 -10 44 -14 -42 -5 -4 -15 57 -51 53 -53 -26 -55 -56 -37 59 -59 60 -24 -43
right_child=2 10 6 4 -6 -7 -8 -9 9 37 -12 -13 43 48 22 18 -18 -19 -20 -21 21 -23 49 39 41 -27 27 29 -30 30 -32 -33 -34 -35 35 38 -38 -39 -40 -41 45 61 -44 -45 -46 -47 -48 -49 -50 50 -52 52 -54 54 55 -57 -58 58 -60 -61 -62 -63
leaf_value=-0.022357614865053818 0.025311186692867405 -0.0046184281282400366 -0.009529993846883706 -0.0098325710799734099 0.020393245148270941 0.039007625276039459 0.048073015809187505 0.034346851397990943 -0.018242679784056564 0.02165938606384623 -0.015463311027673713 0.036430850746431029 0.0067796715481197927 -0.0054119949397573005 -0.034089602085437876 0.036962677929674614 0.044018409487941904 -0.0088297611628658079 0.050274622683207905 -0.17345093547246729 0.021288765862308358 -0.034775955915963559 -0.0070319675987573771 0.012284575868686054 0.036006343987701146 -0.072658073737490156 -0.0013035224380112164 0.019912649586404124 -0.12006385528529995 -0.0020179435691086043 0.035215692056717117 -0.10341214721982023 -0.061082709215883983 -0.03404095383461711 0.044069308921157777 0.0085708879774356959 -0.045340491019294382 0.0096951595995720882 -0.025082313453803878 0.05385043158512301 -0.042313455740745652 0.030309846617991437 0.00051893113242814314 -0.00072797906150365993 0.023401584963067087 -0.14051409349643321 0.0022288263681463686 0.043709979053486642 0.001019956415790184 0.022025655824865931 -0.0071177962522366543 0.011936949287585277 -0.098971872730987356 0.040914183580408499 -0.032943979901416107 -0.1805698665258362 0.0028644347316973155 -0.020177443369640849 0.0044425617598646489 -0.011311231960976042 0.0016338406339542581 -0.046178306427299726
leaf_weight=520.66824986040592 105.41768623888493 308.67941296845675 51.001741528511047 896.72971813380718 1256.2966230288148 266.35204164683819 431.59048072621226 916.99335405230522 583.87437831610441 1618.593857049942 198.58889815211296 790.94029357284307 5156.22883977741 4634.9202324971557 159.93032230809331 39.304300636053085 500.1659536100924 1111.9537513554096 2065.7381851002574 10.690765276551245 2021.3836132511497 51.930843204259872 3601.4641813635826 33.16131566464901 592.88518741726875 29.407012023031712 24.407501272857189 298.28173657506704 29.644742384552956 214.76092887669802 71.253599233925343 26.030343137681484 66.236925423145294 39.670739658176899 172.72869020700455 7783.8301719129086 23.029095813632011 2321.2133300155401 136.05514235049486 15.963053196668623 37.467566438019276 33.013511940836906 916.0712429471314 2072.5147453173995 533.10898505151272 19.328772000968456 11737.225431673229 241.19482961297035 7416.3713729381561 378.33466105163097 237.84636329114437 151.67386889457703 15.661575369536875 43.132579237222672 12.78887887299061 11.527152232825754 6686.1100510880351 310.83970967680216 2746.3283927254379 2327.065886836499 3028.5119022428989 49.904252417385578
leaf_count=4250 362 835 145 5395 3265 541 1966 3304 2715 3753 612 2995 14599 20942 2419 173 2247 4354 10340 73 5491 171 29647 109 1738 137 81 887 138 663 167 110 257 147 449 21317 77 5884 423 78 142 84 3507 6465 1244 98 38236 578 23603 981 863 503 64 117 54 67 18590 2611 13379 14133 18071 185
internal_value=0.00542103 0.00309238 0.0325606 0.00228929 0.00376599 0.00337964 0.0226991 0.018948 0.00320326 0.00706813 0.0194408 0.0216254 0.00385976 0.00194652 -0.00384819 0.0442492 0.030429 0.00338194 0.0488968 -0.00803141 0.0167092 0.0198845 -0.00309471 -0.00173234 0.0118964 0.0038979 0.00601678 -0.00316639 -0.0664372 0.00188846 -0.0123239 -0.0233567 -0.0159407 0.0262338 0.00387687 0.00601426 0.0335511 0.0146104 0.00564519 -0.0286474 -0.0432867 0.0214875 -0.00678428 0.00591668 0.0083372 -0.0757328 0.00137274 0.0344172 -0.00145377 -0.00270224 0.0107763 0.0252155 0.00155656 0.0312109 -0.0109422 -0.102927 0.00593411 -0.00339352 0.00193931 -0.00521369 -0.00307351 -0.0157247
internal_weight=78184 72005.7 6178.3 68634.2 55323.2 54066.9 3351.06 2919.47 53800.6 13201.6 3371.52 3172.93 9261.8 40599 13311 2827.24 711.504 28547.7 2115.73 49.9951 2381.99 2073.31 12790.3 211.338 2002.48 1091.89 1062.48 730.616 54.0522 676.564 378.282 307.028 280.998 331.867 27435.7 14801.8 195.758 3939.81 14606 105.921 89.9577 910.587 1499.95 7761.85 5689.34 56.7963 12634 292.197 12051.3 12630.4 616.181 827.669 167.335 660.334 67.4486 24.316 14469.9 12014.2 3057.17 8957.04 6629.98 82.9178
internal_count=296831 271817 25014 261713 175359 172094 11392 9426 171553 38167 10104 9492 28530 133386 86354 13622 3036 88841 10586 246 6497 5662 82104 789 6122 3310 3173 2303 219 2084 1197 1030 920 870 84487 40856 526 9637 40330 427 349 2812 6222 22308 15843 240 43631 723 44545 79685 1844 2543 567 1976 238 121 39907 77841 15990 61851 47718 269
is_linear=0
shrinkage=0.05


Tree=52
num_leaves=63
num_cat=0
split_feature=11 38 48 69 43 45 22 68 70 59 46 20 11 38 59 50 69 43 1 1 69 38 24 1 3 59 50 65 59 63 52 0 44 0 1 63 69 60 68 69 47 0 43 30 19 50 69 3 69 48 44 60 26 19 67 50 37 48 69 67 42 6
split_gain=1857.83 379.656 322.457 207.326 138.697 121.881 118.35 107.401 89.7518 87.1988 92.0514 82.3967 82.3928 78.5149 76.0458 89.9366 73.7685 70.2347 71.5142 67.259 64.373 75.3799 64.0026 69.0938 62.5906 59.3124 58.4376 57.3489 57.9116 74.8582 59.4006 56.0591 52.7151 52.704 52.5567 50.4654 61.0405 56.4372 48.4159 47.247 46.7565 46.7436 46.2848 44.9814 44.921 54.007 51.009 44.5454 43.6893 43.6399 67.3699 43.0159 47.5164 55.0706 42.7033 41.2896 74.5322 59.6937 44.9044 68.2982 58.9308 66.2936
threshold=6.5000000000000009 4991429223.2918406 63132282318.027382 7.2602654900301227 4.7856282271944925 0.60801227466455299 7.6950000000000012 59.585640920802327 85.799965072546357 384.44102295350791 26.289117647058827 87.500000000000014 1.5000000000000002 1889405570453.2622 779.82269281538936 1.0000000180025095e-35 45.048197082472434 5.5629166666666672 5.7950000000000008 5.5650000000000004 26.363356027980387 1562837191.7443297 0.081649658092772456 4.3350000000000009 108.85000000000001 441.9246103158444 81.500000000000014 1.0000000180025095e-35 103.55262827308486 10.482514862117862 819038.46514967654 111.65000000000002 0.75001851806129383 14.719500000000002 7.2950000000000008 90.014574792888197 0.18639379154116154 2.1403827096644572 0.60849855887838367 1.6957288840208113 7.8033035490534015 34.107000000000006 4.2751562500000011 27.500000000000004 5.9373519612326669e+17 1.0000000180025095e-35 3.5869439396579623 183.45000000000002 1.513881282517239 1035764703.6557193 0.37416573867739428 11.196368978878921 9.9663841807909623 27476006477803364 -0.53727914962411583 18.500000000000004 19.486555862294423 16771531282.1355 3.3869115780040331 -0.38266886095259284 5.5950000000000006 5.0600000000000014
decision_type=2 2 2 2 2 2 2 2 2 2 2 2 2 2 2 2 2 2 2 2 2 2 2 2 2 2 2 2 2 2 2 2 2 2 2 2 2 2 2 2 2 2 2 2 2 2 2 2 2 2 2 2 2 2 2 2 2 2 2 2 2 2
left_child=1 3 5 7 9 -2 13 8 19 10 20 55 17 22 -4 -16 24 18 43 27 21 26 -3 32 34 39 -5 44 29 -29 48 -20 -24 -27 38 37 -37 -10 -12 -21 -39 -19 -26 54 45 46 51 -47 -31 -30 -51 52 -1 -54 -6 58 57 -57 59 -7 -60 -62
right_child=2 6 14 4 12 11 -8 -9 35 -11 16 -13 -14 -15 15 -17 -18 41 31 25 -22 -23 23 -25 42 33 -28 28 49 30 -32 -33 -34 -35 -36 36 -38 40 -40 -41 -42 -43 -44 -45 -46 47 -48 -49 -50 50 -52 -53 53 -55 -56 56 -58 -59 60 -61 61 -63
leaf_value=0.071218089073302501 0.039611137293728706 0.0014392010450277899 0.04706272796745832 -0.010919782345748887 0.00033745125537777975 0.022407027499371054 0.037768746066689313 -0.014463355946682761 -0.021745234238852541 -0.012531447799996666 0.022112616908894087 0.047260072299601608 0.01897240605421913 0.046087155985301283 -0.11705753875647062 0.03584785165370085 0.019365625990090847 0.0025577376307475111 0.02887862113933138 -0.0091564336560462142 0.019222175726828588 -0.049579741657771188 0.0075218755576709683 0.016322741374518224 -0.010547606003380849 0.06297165321583828 0.05560335739104804 -0.014151803978440012 -0.016091350413067008 -0.011428151129587975 0.039020324349000414 -0.011203045123720196 -0.020850675639135983 0.012582970644205811 0.035555437939815332 -0.041871556887453448 0.035757703770240457 0.0052261870252518555 0.00053744365026205468 0.0095638556543109696 0.050840126936167275 -0.019988214793254924 0.0069401612009556595 0.033432931999055587 0.02661131900028469 -0.036872120385654759 0.011284063400462049 0.033601590884967357 0.0033447338457294907 0.04299588663768155 -0.0081011314464093324 0.011130134154539834 -0.0050092237134653286 -0.035835628260302337 0.0074830653289836542 0.021821419766170882 -0.11131959587434413 -0.058608389770042041 0.036722074039022883 -0.024557232543508726 -0.036600386276069125 0.016224529282944461
leaf_weight=18.826945208013058 743.66046980768442 1436.1092366725206 2507.1052907332778 1373.8739287257195 2726.2044593021274 148.12096513807774 460.54853520542383 1983.8479302488267 148.45841424912214 1072.3449589312077 262.92243053019047 198.15131705999374 1365.5751975774765 162.31266018003225 15.401449754834173 25.604494333267212 638.81812977790833 536.18877559900284 578.07849714159966 545.23372796177864 176.70582494139671 126.74238215386868 1420.6545378342271 4531.5204695239663 398.41173587739468 78.613679096102715 33.825933814048767 1159.3066084608436 2136.863557048142 671.59274541586637 99.057606235146523 102.73986937105656 185.03383103013039 152.68139205127954 109.11331194639206 27.635860722512007 302.51204134523869 248.64991834387183 23616.85416071862 882.70875498652458 72.579394571483135 402.44020135700703 7519.1811550557613 149.34347533434629 162.40324468910694 156.12923084944487 871.56516163796186 26.183079708367586 1964.2704315185547 79.390825890004635 344.1150035187602 390.97568204253912 1189.0339656285942 164.98512278497219 8971.4469587430358 88.454727053642273 16.902572557330132 31.208582475781441 353.50949460268021 162.16716220974922 62.234144121408463 1300.8829125761986
leaf_count=63 3006 3981 13264 6377 8087 406 1501 17771 516 4594 687 927 3270 504 72 111 1450 1614 1315 2810 447 448 3951 12550 2115 244 83 7768 17485 4905 335 290 573 657 242 159 749 689 79995 3517 150 1395 23203 369 368 931 4598 116 11314 189 1273 1608 9743 625 25204 244 75 119 926 518 199 4136
internal_value=0.00517276 0.00301244 0.0327757 0.00171562 0.00321203 0.0219586 0.0131447 -0.00369318 -0.00189674 0.00150847 0.00194797 0.0164 0.00726979 0.0116787 0.0459581 -0.021582 0.00254228 0.00608307 0.00707146 -0.00306299 -0.00935556 -0.0126466 0.0109413 0.0131647 0.00220545 0.00622052 -0.00932128 -0.00469563 -0.00734444 -0.00350419 0.00100923 0.02283 0.00425232 0.0297093 0.00093319 0.0142794 0.0292596 0.00374967 0.000774992 0.00241586 0.0155323 -0.00710891 0.00606018 0.00616586 0.0010414 -0.000432366 0.00138831 -0.0267509 -0.000419256 -0.0131853 0.00147757 -0.00350152 -0.0076685 -0.00876537 0.00581774 0.0135736 -0.0130374 0.000845062 0.0153665 -0.0021381 0.0185305 0.0138128
internal_weight=77888 72234.6 5653.4 64038.4 50160.8 3105.29 8196.18 13877.6 11893.8 35328.8 34256.4 2361.63 14832 7735.63 2548.11 41.0059 32545.3 13466.4 12527.8 11093.9 1711.15 1534.44 7573.32 6137.21 31906.5 1659.24 1407.7 9434.7 6454.6 3894.23 2734.92 680.818 1605.69 231.295 23988.9 799.836 330.148 469.688 23879.8 1427.94 321.229 938.629 7917.59 11847 2980.1 2817.7 2635.39 182.312 2635.86 2560.37 423.506 1763.82 1372.85 1354.02 11697.7 2163.48 136.566 119.663 2026.91 310.288 1716.63 1363.12
internal_count=296831 272828 24003 249768 161185 10556 23060 88583 70812 119641 115047 7550 41544 21559 13447 183 107692 38274 35265 68549 7355 6908 21055 17074 106242 7228 6460 61321 43269 24322 16554 1605 4524 901 80924 2263 908 1355 80682 6327 839 3009 25318 33660 18052 17684 16637 1047 16219 18947 1462 12039 10431 10368 33291 6623 438 363 6185 924 5261 4335
is_linear=0
shrinkage=0.05


Tree=53
num_leaves=63
num_cat=0
split_feature=20 18 38 1 15 9 30 18 40 1 43 47 43 59 20 26 7 57 43 70 69 1 68 0 0 14 6 69 27 43 28 28 68 46 59 69 62 1 68 55 58 18 40 57 38 67 54 59 66 27 67 3 47 26 2 44 69 54 20 0 26 69
split_gain=1745.01 511.701 219.901 151.165 144.039 136.881 124.796 99.6991 93.8882 84.0176 80.7218 79.9155 78.5139 72.7436 71.4768 95.9562 67.3397 64.766 64.471 73.9791 81.1133 63.234 60.7842 58.8888 58.4304 57.6111 56.4828 55.6659 55.309 85.764 53.6447 92.6499 60.5231 53.0562 55.657 52.928 48.0608 47.4627 59.0703 47.0161 67.8178 86.0156 69.2919 48.0969 48.1271 46.832 46.6837 48.9338 76.6406 46.5647 46.5588 45.8007 43.7493 44.7472 43.4098 42.8163 42.0652 41.6751 53.3821 45.3275 41.6228 53.9046
threshold=32.500000000000007 2165676702.9050369 7931000.9060230451 4.8950000000000005 0.90478017063177496 8150.0000000000009 9.5000000000000018 54020632800.801796 35.500000000000007 6.9050000000000011 4.728601953601955 54.140385527974622 4.9581959810340948 222.04092397882437 100.50000000000001 33.574537037037054 3.5100000000000002 5.0667689555379694 4.7466919191919201 85.799965072546357 20.153260436633396 7.5950000000000006 8.7703262541005547 6.0005000000000015 59.250000000000007 1.0000000180025095e-35 3.6650000000000005 0.10456237086455401 0.90000000000000135 4.6054217359353329 5933288479.5403013 9057968332.6092949 34.094915779576873 10.004687500000001 109.05589156929649 7.2602654900301227 1.065821566110398 4.2250000000000005 13.12028498646365 6067730.9572260557 250768.18256585576 833983538.41095054 58.500000000000007 1.9740658268329632 17253870753.113544 0.87878364999916148 1.7938250339482138 779.82269281538936 0.34202014332566882 3.0732328118236079 0.14780378300014738 40.750000000000007 1.0000000180025095e-35 32.924621212121217 14.500000000000002 0.49102870462908482 24.372124791516274 1.149603040332138 5.5000000000000009 15.005000000000001 55.169047619047625 25.05405329715467
decision_type=2 2 2 2 2 2 2 2 2 2 2 2 2 2 2 2 2 2 2 2 2 2 2 2 2 2 2 2 2 2 2 2 2 2 2 2 2 2 2 2 2 2 2 2 2 2 2 2 2 2 2 2 2 2 2 2 2 2 2 2 2 2
left_child=1 2 16 8 -2 7 9 26 11 24 17 22 -8 57 15 18 -1 39 19 20 28 27 25 -24 33 -4 49 -18 -6 -30 52 -32 -33 34 -5 -26 -35 -29 51 40 41 56 -43 -41 -45 50 47 -9 -49 -3 -42 -39 -21 -54 -37 -25 -10 -13 59 -59 61 -28
right_child=4 5 3 6 14 -7 12 46 10 -11 -12 13 -14 -15 -16 -17 21 -19 -20 30 -22 -23 23 55 35 -27 60 37 29 -31 31 32 -34 36 -36 54 -38 38 -40 43 45 42 -44 44 -46 -47 -48 48 -50 -51 -52 -53 53 -55 -56 -57 -58 58 -60 -61 -62 -63
leaf_value=-0.021363861275952217 0.046941391650871883 0.0031456211009817403 0.00016404407835633058 -0.013147597028591713 0.026805129432406028 0.0052690637101357497 0.011755356724944413 0.045056171041725795 -0.009966109470289454 0.04033131126903302 0.016564320413595703 0.0065787109110737379 0.029392818437995068 -0.0049989856339645242 0.046938946611631768 0.048314448870638307 -0.033047583253337107 0.02388769739027476 0.03710980990423416 -0.04530144138662319 0.023148046044171561 0.03794821791762959 -0.027506382907555239 -0.0011839456994808114 -0.026384152448737288 0.011752435882847733 0.020063171081342274 -0.0099902247792127297 -0.076404413182282568 0.0097603573575053681 -0.083021619467725863 0.019849698142034546 -0.093007084111050173 0.0069105892374353222 0.021997765808771361 0.0032241461093271682 0.019620801815796535 0.032680880070895632 -0.0044621562205200485 -0.0064842856709968616 0.0061300838844838947 -0.020309172240905601 -0.18237809826001161 -0.012440263613678532 -0.11176661458464265 -0.0025310921591325261 -0.06000067085438579 0.057868383474438012 -0.10195881720417176 -0.10513300965376478 0.018127796211481813 0.0022627990044658259 0.036739587005120776 -0.049213162780777885 -0.011220552302546797 -0.0078415598337243687 0.0037272961318151085 0.076011531057423531 -0.10475463618830061 -0.019595078377339904 -0.0041267652107868057 0.043218457201906896
leaf_weight=510.4596183821559 2031.8647853285074 27.38399799913168 4658.5587927773595 563.10067954659462 29.774219080805779 1024.6889437064528 3196.7816387414932 781.92292339354753 912.74645397812128 167.80959786474705 1579.6781263425946 8149.52452082932 786.14695560187101 1795.4147107303143 375.65874895453453 286.29838570207357 153.7666563205421 394.3233660236001 273.63612053543329 18.624730937182903 96.494801066815853 94.304090023040771 244.42661387100816 10315.4719004035 181.60130915790796 1393.2677468135953 1530.0931572020054 1929.0070983767509 89.581796534359455 42.618499182164669 30.000018209218979 167.86038222908974 12.784485794603823 7424.7199670895934 140.81866372749209 3668.9044715613127 826.54356718063354 127.69810343161225 6417.9779878892004 473.70774721354246 2226.3740137219429 14.971779331564905 11.787623286247252 26.298691898584366 22.74148890376091 860.88102129101753 11.228940553963183 15.396871045231821 14.625442273914812 15.577296979725359 1269.8193366527557 4003.6727033033967 365.58359726518393 15.796379886567591 606.04644352197647 3153.1599277853966 1454.6659009605646 13.856129363179205 16.570361584424973 117.74822954833508 143.17087546736002 300.74410130828619
leaf_count=4250 10939 71 16444 2227 79 3125 8218 3501 2738 337 4255 24264 2005 6554 1830 970 2417 950 1094 86 344 208 1214 40859 974 3741 4517 16102 342 147 126 605 56 21427 443 10201 2076 560 41326 1710 5977 46 62 109 98 2542 61 50 64 65 3245 21491 1185 69 1922 10593 3936 49 77 568 405 885
internal_value=0.00493425 0.00322443 0.00224529 0.00360063 0.0378109 0.0209348 0.00745412 0.0265868 0.00187003 0.00517148 0.00627214 0.000506557 0.0152366 0.0041264 0.0275312 0.0224294 -0.00355709 0.00415194 0.0159443 0.00928049 -0.0131416 -0.00284286 -0.00134195 -0.00318397 0.00473156 0.00283195 0.0206021 -0.00314738 -0.0347608 -0.0486268 0.0187711 -0.00165074 0.0118627 0.0070597 -0.00611679 5.32949e-05 0.00818379 -0.00277893 -0.0014603 0.00308207 0.00420063 -0.00255973 -0.0917012 -0.0113641 -0.058501 0.00791538 0.0412507 0.042651 -0.0199918 -0.036115 0.0104877 0.003203 0.0295253 0.0331795 0.00117637 -0.00274257 -0.00155214 0.00610091 -0.0201781 -0.00952902 0.0218365 0.0238668
internal_weight=77606.8 73770.2 69905.4 56668.5 3836.58 3864.83 17562.5 2840.14 39106 13579.5 9248 29858 3982.93 10093.1 1804.71 1429.05 13236.9 7668.32 1142.76 869.119 258.469 12726.4 19764.9 13713.1 13411.7 6051.83 2016.97 12632.1 161.975 132.2 610.65 210.645 180.645 8955.18 703.919 4456.55 8251.26 12478.4 10549.3 7273.99 6751.25 2394.17 26.7594 522.748 49.0402 4357.07 823.174 811.945 30.0223 42.9613 3496.19 4131.37 400.005 381.38 4274.95 13468.6 2367.41 8297.7 148.175 131.604 1974.01 1830.84
internal_count=296831 278959 266215 179861 17872 12744 49830 9619 130031 39607 25668 104363 10223 31512 6933 5103 86354 21413 4133 3039 912 82104 72851 52666 39270 20185 5943 81896 568 489 2127 787 661 26173 2670 13097 23503 79479 63377 20463 18546 6782 108 1917 207 11764 3676 3615 114 136 9222 22051 1340 1254 12123 51452 6674 24958 694 617 5807 5402
is_linear=0
shrinkage=0.05


Tree=54
num_leaves=63
num_cat=0
split_feature=10 14 48 69 29 40 45 70 32 1 0 20 45 1 32 43 1 8 43 59 52 69 63 59 46 1 7 40 46 7 0 1 59 42 9 44 52 42 69 34 48 23 24 7 5 42 2 44 70 63 70 69 43 59 59 30 59 23 61 22 25 23
split_gain=1645.57 371.17 236.877 221.274 149.651 108.772 95.0526 90.242 88.6031 87.2409 73.0217 72.8614 70.951 70.6079 70.0075 89.1178 67.3319 66.8042 84.9691 61.9219 68.0611 56.0915 54.2613 73.2468 53.6665 53.5113 66.3482 52.4159 56.3244 51.8011 49.9364 49.8784 49.4111 48.2741 47.4844 48.247 59.4704 51.9882 47.1335 46.5478 46.1258 68.2103 46.9714 45.1349 44.9644 86.4856 44.5752 43.4689 45.8957 43.1673 42.8248 40.9575 40.7114 39.4892 45.5191 39.2814 38.4191 37.2806 47.891 60.4029 36.9947 37.614
threshold=8.5000000000000018 1.0000000180025095e-35 49525764906.738258 13.95225722536158 1.4389277325499406e+19 43.500000000000007 0.59429771207813442 98.155628915914988 6.8850000000000007 4.4850000000000012 91.750000000000014 89.500000000000014 0.60538018689544237 6.495000000000001 7.6850000000000014 4.4375345303867411 5.205000000000001 0.19950000000000004 4.9200946372239764 779.82269281538936 700749.5000134263 0.10456237086455401 21.479297878092655 913.99236238627816 143.54423076923081 5.1050000000000013 6.1200000000000001 93.500000000000014 30.55043859649123 6.4050000000000011 60.850000000000001 7.0950000000000006 119.78731783968537 5.3250000000000011 6941.5000000000009 0.49102870462908482 1314212.4796166366 5.7950000000000008 21.380731746782509 0.53113896587301546 258227081496.16293 5.017712418300655 0.52319577730194167 6.2150000000000007 0.55100000000000016 6.8850000000000007 2.5000000000000004 0.43472115803056183 14.160616150458873 210.15246765658449 9.2988425277412414 0.3591490129695552 4.7969848484848496 622.81633298656391 197.32541045815748 10.500000000000002 592.41317732307311 4.3834848484848488 2.111282938263999 4.8900000000000015 0.73609234220890107 4.4722718253968266
decision_type=2 2 2 2 2 2 2 2 2 2 2 2 2 2 2 2 2 2 2 2 2 2 2 2 2 2 2 2 2 2 2 2 2 2 2 2 2 2 2 2 2 2 2 2 2 2 2 2 2 2 2 2 2 2 2 2 2 2 2 2 2 2
left_child=1 3 6 5 7 9 -2 16 13 22 21 44 -7 17 15 -6 34 18 27 -4 -21 -11 -1 -24 38 -23 31 28 -5 30 -15 -27 47 -28 50 52 37 -37 40 -14 42 -42 -17 -12 45 -8 -20 -30 -49 53 -3 -9 -36 54 -46 56 -35 58 59 -53 -50 -62
right_child=2 4 19 8 14 12 11 51 -10 10 43 -13 39 29 -16 24 -18 -19 46 20 -22 25 23 -25 -26 26 33 -29 32 -31 -32 -33 -34 55 35 36 -38 -39 -40 -41 41 -43 -44 -45 49 -47 -48 48 60 -51 -52 57 -54 -55 -56 -57 -58 -59 -60 -61 61 -63
leaf_value=-0.012968062722641713 0.043449439634385661 0.014535158693045442 0.047752280919566847 -0.0092429199835319092 -0.074676292558145799 0.027823899104983774 0.0011240287853811963 -0.026127896483562077 0.016895210917601416 -0.032009826067231739 -0.014613936757437402 0.049470825865617282 0.0075533055450142765 0.042561605764955032 0.041473647673764061 0.04117760653815622 0.01934291576924585 -0.008560387312350674 0.021522044528689749 -0.11033352546754532 0.035557016038977665 -0.001804174507608352 -0.0030399836318787277 -0.03661468478534468 -0.050243128157203699 0.0067676385605524598 0.020651437456465735 0.014253109988319385 0.0062041009699348743 -0.0021443139546172677 -0.00023369520235412631 0.036489234024341247 -5.203596336059808e-05 -0.012094664869354928 0.0017523028310078303 -0.046110035794117099 -0.057680277242940552 -0.0019121080800519352 0.034338355770903925 -0.024400526402212103 -0.11257196027537131 0.028327653538815126 0.012629332884291437 3.499504307920264e-05 0.015766289721965473 -0.12483346782005406 0.007677380083698066 0.0011425107918621269 0.018407207395161437 -0.04682152653467362 0.0034301424975707361 0.019513984466089485 0.017783733084714093 -0.050520099398403864 0.043178618555340893 0.04138976453395056 0.015790748444001936 0.028094269693533187 0.037533311077164067 -0.059518939515291351 -0.013735205270830879 -0.095693958202716894
leaf_weight=2778.0136329308152 455.15420389920473 1832.7644320651889 2092.5699062496424 1050.1683043017983 25.101602233946323 429.82746963202953 121.93528664857149 42.176005110144615 1272.7373326122761 132.05900422856212 1435.9330553971231 163.41079942882061 1058.9968647956848 276.06146796047688 432.24533689767122 173.52342323958874 941.63374660909176 1168.9103345572948 665.33063593506813 12.979074373841284 20.815598003566265 8346.0971093177795 4682.5544139482081 168.28219669312239 26.518252417445183 3928.5196268260479 170.0787825807929 918.81823339313269 10468.678513549268 159.44966395199299 90.515812039375305 146.41990080475807 10663.79381121695 1160.2407079562545 2020.8737519532442 71.487905859947205 56.451501235365868 960.02870841324329 488.4937486499548 127.71559478342533 17.010162524878979 17.351423062384129 849.24703086167574 829.62412481755018 1181.5311366096139 15.342925004661081 4608.2949629798532 4931.4927913546562 21.439813554286957 25.978975608944893 1649.5003031045198 48.304070010781288 492.53248989582062 20.570819683372974 173.70483996719122 39.658757016062737 138.23534377664328 883.97423535585403 57.650906190276146 48.39948283135891 25.501521691679955 31.036648251116276
leaf_count=20057 2075 4693 12223 4104 97 1085 373 145 3325 1680 7813 834 3000 571 1669 559 2331 4171 1531 58 99 45275 29593 2355 98 15923 649 2298 30395 506 241 302 33117 5691 5813 253 196 2647 1571 394 92 62 2700 4055 3940 73 11827 13355 54 91 4754 119 1292 80 509 86 658 2747 150 185 71 121
internal_value=0.00470625 0.0029402 0.0348246 0.00142895 0.0113444 -0.00213462 0.0231528 0.00860794 0.00393577 -0.00298171 -0.000919166 0.0177265 0.0104186 0.00346559 0.0236224 0.0187915 0.00678153 0.00318881 0.00360019 0.046668 -0.0204732 0.000423041 -0.00739586 -0.00420474 0.0202838 0.000730527 0.00451958 0.00250763 0.00211075 0.0216463 0.0319945 0.00783559 0.00256685 -0.00443972 0.00511173 0.00108629 -0.0077099 -0.00497519 0.0214938 0.00411439 0.0155585 -0.0414225 0.0174728 -0.00924965 0.014356 -0.0129536 0.00942405 0.00437115 0.000540704 0.0170305 0.00927487 0.0221733 0.00489386 0.0182362 0.0192798 -0.00762884 -0.00912599 0.0241353 0.00146253 -0.0200415 -0.0375188 -0.0587265
internal_weight=77343.7 73059.8 4283.99 61924.5 11135.3 25572.3 2157.63 9105.78 36352.2 23955.7 16326.9 1702.47 1616.54 35079.5 2029.49 1597.25 8025.27 34553.5 33384.6 2126.36 33.7947 14061.3 7628.85 4850.84 1572.14 13929.3 5583.15 28110.9 27192.1 526.027 366.577 4074.94 26141.9 1508.21 7083.64 3601.37 1087.97 1031.52 1545.63 1186.71 1057.13 34.3616 1022.77 2265.56 1539.06 137.278 5273.63 15478.1 5009.47 1401.79 3482.26 1080.5 2513.41 1375.81 1355.24 1338.13 1298.48 1038.33 154.354 96.7036 77.978 56.5382
internal_count=296831 276476 20355 244303 32173 138616 7975 25325 105687 134137 82132 5900 4479 102362 6848 5179 21979 101044 96873 12380 157 70264 52005 31948 5082 68584 23309 83515 81217 1318 812 16225 77113 7084 19648 10201 3096 2900 4984 3394 3413 154 3259 11868 5066 446 13358 43996 13601 4620 9447 3346 7105 4529 4449 6435 6349 3201 454 304 246 192
is_linear=0
shrinkage=0.05


Tree=55
num_leaves=63
num_cat=0
split_feature=10 38 48 69 22 43 45 68 41 14 23 62 59 63 67 65 41 33 59 50 69 43 44 64 43 45 1 64 9 0 44 47 43 55 55 69 55 37 16 17 66 37 27 2 1 70 46 43 27 30 2 0 16 66 38 9 46 68 32 9 52 47
split_gain=1542.56 369.527 236.57 165.06 126.496 115.95 92.4425 87.9304 87.0195 73.2581 70.9904 67.5432 67.312 63.9377 64.1023 70.2881 62.8464 83.4115 59.3703 58.1043 57.7409 56.9288 56.469 55.7393 55.1919 52.4996 58.8424 55.4341 52.1969 51.746 49.7833 50.5453 88.1842 56.884 51.4426 50.2364 74.688 81.2227 90.3551 112.163 68.1718 64.8636 62.491 49.5216 57.5786 58.2048 50.5745 49.322 48.0267 47.6478 47.2462 46.8883 46.403 46.3998 55.9063 63.2004 54.7632 52.5842 49.2789 45.6226 45.2193 42.7013
threshold=8.5000000000000018 4991429223.2918406 49525764906.738258 9.469713848298527 7.6950000000000012 4.6400304878048795 0.59429771207813442 27.931657568970003 1.9277777777777778 1.0000000180025095e-35 4.664722087181981 1.976478067387158 384.44102295350791 120.90048261334711 0.41467745240824977 1.0000000180025095e-35 0.18333333333333326 4.9668217054263577 779.82269281538936 1.0000000180025095e-35 0.10456237086455401 4.2909673659673677 0.57228853927217804 1.5000000000000002 5.4573214285714293 1.0022180351613514 5.1050000000000013 1.0000000180025095e-35 191207753.50000003 39.650000000000013 0.48304589153964811 1.2572830495136293 4.3179029304029317 1001721.0114113278 31268852.601546738 10.833570859575319 707422.82337203436 7.7214268515768927 31.338149688149691 1.356181220469755 0.97233289553061597 19.486555862294423 23.952214829724014 8.5000000000000018 4.9050000000000011 1.8242960930728922 6.003000000000001 4.9142857142857164 23.567117305974303 66.500000000000014 2.5000000000000004 34.107000000000006 32.325951873286634 0.99535829673000953 1076632684.1200874 129097.00000000001 29.133549783549789 7.480777395538702 5.995000000000001 191207753.50000003 872005.5773535975 125.71726521687114
decision_type=2 2 2 2 2 2 2 2 2 2 2 2 2 2 2 2 2 2 2 2 2 2 2 2 2 2 2 2 2 2 2 2 2 2 2 2 2 2 2 2 2 2 2 2 2 2 2 2 2 2 2 2 2 2 2 2 2 2 2 2 2 2
left_child=1 3 6 7 8 12 -2 13 10 11 -3 22 21 25 15 -15 61 48 -4 -20 -9 -5 24 -16 47 26 -1 28 -28 -29 31 33 -33 -8 49 -32 37 38 -37 -40 41 52 -43 44 46 -46 -22 -7 -18 -34 -49 -26 -38 54 55 57 -57 -23 -55 -58 -45 -12
right_child=2 4 18 5 -6 9 30 20 -10 -11 16 -13 -14 14 23 -17 17 -19 19 -21 43 53 -24 -25 51 -27 27 29 -30 -31 35 32 34 -35 -36 36 40 -39 39 -41 -42 42 -44 60 45 -47 -48 50 -50 -51 -52 -53 -54 58 -56 56 59 -59 -60 -61 -62 -63
leaf_value=-0.0054651855436001623 0.042834991855617267 0.0024273519725918182 0.047365513573926071 -0.0069710297847927847 0.036728580364485612 0.0043055167484184909 0.014360328159805811 -0.041823446974533163 0.025467547389360773 0.014425568969298006 0.0074666574155277986 0.048987982836980054 -0.013647950869242984 0.026778319824644837 0.035670732998862885 -0.0092257721138917816 0.015076091263072673 0.029128714908224586 -0.09818277673340807 0.034818747453542832 -0.050423895686124431 0.014954092040366544 -0.0029227838394710482 -0.020518648015867381 0.0035126242686241548 0.0062830346500846457 -7.9123517927101659e-05 0.017587454852463557 -0.044997624683071537 -0.021007464375285018 0.018526345012032586 -0.079104326455721394 0.025096092984853331 -0.055281351647313105 -0.048850391130222909 0.015829595773741937 0.028281063373564411 0.036549751103566709 -0.016336602097581227 -0.20448794514697172 0.037000273384218227 -0.14754490690912742 -0.027177479657257565 -0.027332284746540508 -0.0051685394306107309 0.014420469364075062 -0.007883459760413554 0.021728972123673748 -0.0071300097189206353 0.051212731972320506 0.0081854729371192841 -0.019069278602434736 -0.089776952496845724 -0.0093912188054493424 -0.0074431525009338558 -0.017500827208022311 0.0018707117901764208 0.0046025152675764278 0.022359707456447858 -0.053595106322250653 0.030222251201110918 -0.039213178114994099
leaf_weight=6178.6105295307934 439.0103327408433 2533.4180224016309 2006.3600080572069 1984.173845641315 508.50647903606296 11942.744854226708 149.33123158663511 119.59580801427364 922.94941870123148 2141.5188138335943 2006.2264038696885 85.760440573096275 797.84528809040785 198.27891022711992 330.3390042707324 428.51583885028958 1242.0190867185593 1023.2082717567682 13.832100890576838 20.209637500345707 71.128178376704454 1637.5170750916004 2265.003783620894 50.942334104329348 524.06620697677135 1931.4949628338218 1576.8437086567283 812.38908130675554 67.440761528909206 97.243052296340466 388.42512245476246 18.236786007881165 506.01418159902096 36.486089758574963 19.149394646286964 45.915127918124199 23.467838391661644 114.14250835031271 19.492154955863953 13.342949181795118 21.186542853713036 29.047097161412239 17.149199038743973 416.86226480081677 953.23688472062349 629.7073890119791 3938.1997669264674 749.53967941552401 302.86178236454725 266.68253352493048 4570.6490504965186 409.48087620735168 12.897669583559034 1372.7111606895924 1307.9268304258585 384.47885788232088 11254.918584950268 4891.5838487297297 134.14724072813988 37.196527048945427 37.170572903007269 50.217964448034763
leaf_count=37404 2075 7045 12223 10025 1884 34034 391 2075 3082 5298 5568 166 3312 789 1290 2727 3727 2978 58 99 642 4303 6566 385 1546 8646 7082 3204 470 457 1236 87 1613 157 75 149 86 368 67 80 61 142 62 2862 5958 2389 29878 1806 873 1269 12342 1416 57 5021 3684 1664 38766 14250 324 188 182 168
internal_value=0.00448883 0.00279929 0.0341014 0.00149866 0.0125401 0.00306749 0.0224043 -0.00259016 0.011018 0.00562505 0.00915489 0.00470782 0.000629594 -3.8696e-05 0.0119975 0.00216369 0.0128404 0.0180563 0.0462546 -0.0192235 -0.00742012 0.00112477 0.00452223 0.0281634 0.00544895 -0.00117648 -0.00282641 0.00355751 -0.00192147 0.0134615 0.0170685 0.0242051 0.0296 0.000685862 0.0321035 0.00669389 -0.00879967 0.0096001 -0.0294614 -0.0927942 -0.0430092 -0.0635408 -0.102862 -0.00673962 -0.00545027 0.00262412 -0.00863816 0.00608931 0.0107228 0.0341098 0.0100936 -0.00639245 -0.0135903 0.00188895 0.00254174 0.00325907 0.00105617 0.00719872 -0.00656461 0.00168801 -0.0226204 0.00632675
internal_weight=77079 72918.7 4160.38 64329.3 8589.41 46491.3 2119.98 17838 8080.9 22688.8 7157.95 20547.2 23802.5 11672.1 1008.08 626.795 4624.53 2568.09 2040.4 34.0417 6165.9 23004.7 20461.5 381.281 18196.5 10664 8732.53 2553.92 1644.28 909.632 1680.97 995.9 810.083 185.817 791.846 685.066 296.641 192.893 78.7502 32.8351 103.748 82.5618 46.1963 6046.31 5592.27 1582.94 4009.33 17262.9 1544.88 772.697 5320.19 933.547 36.3655 21020.5 19513.6 18205.7 11676.6 6529.1 1506.86 11292.1 454.033 2056.44
internal_count=296831 276476 20355 251151 25325 144711 7975 106440 23441 63174 20359 57876 81537 62454 5191 3516 13314 7578 12380 157 43986 78225 57710 1675 51144 57263 48617 11213 7552 3661 5900 3592 3044 548 2957 2308 1072 664 296 147 408 347 204 41911 38867 8347 30520 48182 4600 2882 14148 2962 143 68200 62855 59171 40618 18553 5345 38954 3044 5736
is_linear=0
shrinkage=0.05


Tree=56
num_leaves=63
num_cat=0
split_feature=20 18 9 69 45 9 1 10 28 25 2 43 20 39 30 46 27 63 1 62 59 46 0 43 69 69 61 25 3 54 9 61 66 6 0 1 0 44 66 56 58 61 18 32 69 24 39 59 1 43 44 41 43 59 66 2 27 61 0 44 20 52
split_gain=1477.75 419.452 181.27 146.136 141.582 128.047 99.9042 89.0383 89.0324 77.7145 71.929 71.0534 69.7821 68.2139 68.1579 69.6022 71.7696 64.629 59.2821 59.0748 56.0536 65.9162 54.5058 54.1439 55.0145 52.6834 55.1521 51.8263 57.4687 49.2397 48.5015 47.2247 45.9822 60.033 51.8443 45.2606 44.4704 53.3481 47.1974 44.0388 43.3262 48.1781 59.4121 71.1152 43.3208 43.0493 42.8807 42.8288 42.8034 56.0634 53.3181 49.3325 45.8496 42.3458 63.5931 42.2562 41.0444 39.8172 38.7758 38.1511 37.5099 37.3442
threshold=33.500000000000007 2165676702.9050369 189548.00000000003 6.3237503422867247 0.81430215356859681 5362.5000000000009 4.8950000000000005 6.5000000000000009 47734088396.843285 0.8042490405615782 10.500000000000002 4.7375247035573134 5.5000000000000009 1.5784648166287534e+19 105.50000000000001 38.324264705882364 3.5262744796211396 25.819002947177413 4.9050000000000011 1.3861983471074379 384.44102295350791 24.504166666666674 35.605500000000006 4.8111487758945399 10.724462298673172 7.2602654900301227 6.6740702914612227 0.92838248877384721 125.15000000000002 1.7938250339482138 191207753.50000003 12.28732744133352 0.49240481012316856 3.6650000000000005 58.750000000000007 7.5950000000000006 16.117500000000003 0.18136306675690908 0.1822285865217376 32.500000000000007 2418374.6664386936 12.838162416943709 11468111493.407904 6.5850000000000009 21.380731746782509 0.32659863237109049 24245771187276548 116.04544532156042 6.9050000000000011 5.5629166666666672 0.37416573867739428 0.22777777777777777 4.9250850340136072 779.82269281538936 0.34202014332566882 9.5000000000000018 1.3000000000000027 11.929080098739698 207.45000000000002 0.21659542988464367 21.500000000000004 2877053.7269721497
decision_type=2 2 2 2 2 2 2 2 2 2 2 2 2 2 2 2 2 2 2 2 2 2 2 2 2 2 2 2 2 2 2 2 2 2 2 2 2 2 2 2 2 2 2 2 2 2 2 2 2 2 2 2 2 2 2 2 2 2 2 2 2 2
left_child=1 2 6 18 7 8 10 23 32 13 17 20 19 -6 15 16 27 36 55 -8 21 -5 31 24 61 -18 -27 -11 56 53 35 39 33 -3 -34 -23 38 -38 -1 57 -35 42 43 -42 -7 -16 -12 -24 49 50 -13 52 -52 58 -55 -4 -29 -19 -10 -21 -41 -2
right_child=4 5 3 11 9 44 12 -9 29 14 46 48 -14 -15 45 -17 25 22 -20 59 -22 30 47 -25 -26 26 -28 28 -30 -31 -32 -33 34 40 -36 -37 37 -39 -40 60 41 -43 -44 -45 -46 -47 -48 -49 -50 -51 51 -53 -54 54 -56 -57 -58 -59 -60 -61 -62 -63
leaf_value=-0.012810696492103472 -0.021072909702319509 -0.070906454391183524 -0.0086980903807452239 -0.014018181876174488 0.040812769734921601 -5.1954507268127091e-05 0.0058409200902580852 0.047106914654664267 0.0461189967079213 0.046460176969522364 -0.029161874711648758 0.0087550965237917812 0.017897977273692477 -0.068085026023828515 -0.0038580142124721183 0.049545885110969544 0.0047518164197832662 0.010098049867220392 -0.001132860389561965 0.060931061567551625 -0.014261838539743919 0.00052951196376136399 0.0066595197694290249 0.04729471395791475 0.029075409830534717 -0.0028031850092188199 -0.1040276550024356 0.032032507655710661 -0.072579006981613195 -0.06303612512414325 -0.046991400713632087 -0.002227957175108822 0.027953994481646344 0.017013305081080225 -0.023511659294537638 0.049885895305561416 -0.031150954971562235 -0.0025841335726060825 0.0082938772089763864 -0.0062748977088841768 -0.078114153037659992 0.058621752912865359 -0.12293082700082686 0.043397669340562134 0.01963992733442399 0.049927611066400722 -0.0042725947993268332 -0.0014739721747513276 0.03519161767968329 -0.007962155575379477 -0.0051687658852976517 0.009802413673370633 0.0043833623698115763 0.057846267266630939 -0.08644381939926056 -0.029668366257879986 -0.04001613025063798 0.033686533506297779 -0.035501403406735854 0.018954549582401635 -0.089046946131681626 0.03271787938061621
leaf_weight=310.61519894003868 118.82749017700553 22.946784600615501 4560.9955636188388 815.59365476667881 20.829124256968498 867.3490775488317 5939.9403528571129 1987.4051058962941 685.28194891288877 78.957496166229248 202.06414252892137 4975.6106767877936 1925.3245134800673 46.449345260858536 44.437175214290619 81.622970819473267 44.074027538299561 6266.746360514313 3339.3353747911751 66.837606079876423 727.49051048606634 17840.496328853071 3035.3110698200762 216.10132497549057 327.40102202445269 21.005802497267723 37.442219600081444 70.779740706086159 25.313856810331345 11.359055094420908 53.564651876688004 894.13896014168859 1057.1801053509116 499.89131417870522 51.308355171233416 46.569939389824867 171.41923840343952 3507.1554728597403 1800.5316814109683 213.53713575750589 22.55466416478157 14.840234726667402 16.574091233313084 25.831543117761612 411.94464184343815 228.51045518368483 1205.2943002283573 3467.5626296699047 110.28866091370583 921.52001029253006 2567.6279520466924 1513.0844074934721 2459.6765314564109 14.97230637073517 15.584740877151487 253.58326019719243 27.42666220664978 184.15758603811264 14.867043539881704 284.69288198649883 14.624744355678557 44.293571524322033
leaf_count=1172 464 84 43767 4380 74 2766 16388 12025 3415 318 1245 15333 5254 195 168 243 147 18032 18754 155 3826 66287 8530 897 1192 69 167 194 120 63 274 3047 3180 1491 159 90 1020 11063 5917 748 83 40 76 70 1281 1016 4361 10757 234 3078 8068 3756 7066 51 63 2642 95 445 60 674 62 140
internal_value=0.00428058 0.00278363 0.00190885 -0.000275872 0.0364032 0.0191134 0.00488593 0.0416868 0.0258011 0.01682 0.00307725 0.00124541 0.00956855 -0.0343707 0.0220416 0.00853667 -0.00243807 0.0038511 -0.00625201 0.00701957 -0.000644417 -0.000116243 0.00568012 0.0264425 0.017256 -0.0365236 -0.0676483 0.0148207 -0.00540406 0.0402654 0.000515749 0.00856325 0.0195283 0.00841203 0.0255718 0.000658014 -0.000595649 -0.00391533 0.00518874 0.0100079 0.0115518 -0.0226604 -0.0412294 -0.0132436 0.00628902 0.0411711 -0.00784612 0.00232245 0.00417985 0.00390486 0.00485446 0.00188705 -0.000495258 0.0418713 -0.0157447 -0.00980259 0.0119111 0.0107714 0.0443859 0.0269357 -0.0115804 -0.00646666
internal_weight=76828.8 73407.9 69675.4 40185.4 3420.88 3732.49 29490 2694.03 2453.19 726.849 21273.2 32031.5 8216.8 67.2785 659.57 386.623 305 19865.8 8153.91 6291.47 19483.7 18756.2 14076.1 706.623 490.522 102.522 58.448 202.478 123.52 742.065 17940.6 7573.2 1711.13 602.639 1108.49 17887.1 5789.72 3678.57 2111.15 6679.07 579.692 79.8005 64.9603 48.3862 1279.29 272.948 1407.36 6502.87 12547.8 12437.5 11516 6540.39 5027.3 730.706 30.557 4814.58 98.2064 6450.9 700.149 351.53 228.162 163.121
internal_count=296831 279307 266425 177555 17524 12882 88870 14718 8835 2806 66399 112392 22471 269 2537 1353 1110 60793 65163 17217 74857 71031 41621 2693 1796 383 236 727 409 3652 66651 22334 5183 1844 3339 66377 19172 12083 7089 19287 1760 269 229 153 4047 1184 5606 19287 37535 37301 34223 18890 15134 3589 114 46409 289 18477 3475 829 810 604
is_linear=0
shrinkage=0.05


Tree=57
num_leaves=63
num_cat=0
split_feature=20 18 43 30 15 48 69 16 41 43 44 9 47 61 20 26 41 10 16 61 33 36 23 61 66 68 23 16 36 68 7 38 43 7 67 52 47 69 52 46 59 16 45 68 30 45 59 69 69 0 67 69 7 57 16 38 14 36 59 68 46 70
split_gain=1389.89 387.905 176.248 169.584 138.94 112.549 101.07 94.6564 88.7526 102.729 84.3502 79.4548 74.3881 77.7012 73.0396 91.1489 65.2268 114.18 70.4664 57.2271 73.2009 65.1767 82.4283 92.9904 57.356 66.2267 67.9411 105.023 64.4408 57.155 56.8709 86.6652 55.2606 52.0003 50.5371 49.1416 57.69 47.7758 47.6817 46.9932 49.0056 46.1113 55.8139 44.8452 44.8255 43.411 43.041 43.0673 43.0165 49.3437 42.8523 42.818 56.1337 41.5074 170.176 40.8528 39.978 39.9779 39.7855 39.6362 39.6195 39.2299
threshold=33.500000000000007 4012297597.6202536 4.6400304878048795 25.500000000000004 0.88216066636598112 130408747603.88625 16.50721602648677 28.002941176470593 0.049999999999999954 4.999744897959185 0.4316555694210894 9603.5000000000018 107.13020042795991 12.843397201459505 100.50000000000001 33.574537037037054 0.62777777777777788 7.5000000000000009 9.8575187969924816 4.3987947467084973 4.8200574712643691 32.301477000218007 4.6923659673659683 0.091715758902447014 0.31729257441605213 36.584556461417883 4.6250725338491305 12.849242424242425 12.84481053910738 150.29503731637291 1.6050000000000002 12538191713.671103 4.8500871080139385 3.6050000000000004 0.77159520228797451 2160565.1473662485 6.2108830233636132 24.708542854297878 1084859.2507612982 51.745941558441565 735.44328314882227 30.000418410041842 1.4161776583801673 59.585640920802327 10.500000000000002 1.0507124562175467 913.99236238627816 0.90469181748027194 1.750283164471883 24.008500000000002 -0.2164313725808121 3.8960848622140354 15.110000000000001 1.0000100942965069 31.709605263157894 899025311.76531076 0.16357950613364244 5.0003333333333346 47.032620019797726 1.7199601822383843 123.2343137254902 50.573266641702581
decision_type=2 2 2 2 2 2 2 2 2 2 2 2 2 2 2 2 2 2 2 2 2 2 2 2 2 2 2 2 2 2 2 2 2 2 2 2 2 2 2 2 2 2 2 2 2 2 2 2 2 2 2 2 2 2 2 2 2 2 2 2 2 2
left_child=1 2 6 8 -2 11 7 16 43 10 46 12 30 -14 15 19 18 45 -1 21 24 -6 23 -23 -21 26 27 58 50 33 31 -3 39 -9 -20 41 -37 53 -12 40 -5 42 -8 51 -11 -18 47 -10 -49 -50 -28 -4 -53 -32 -55 -47 -38 -35 -26 60 -59 -40
right_child=4 5 3 32 14 -7 35 29 9 44 38 -13 13 -15 -16 -17 17 -19 34 20 -22 22 -24 -25 25 -27 28 -29 -30 -31 37 -33 -34 57 -36 36 56 -39 61 -41 -42 -43 -44 -45 -46 55 -48 48 49 -51 -52 52 -54 54 -56 -57 -58 59 -60 -61 -62 -63
leaf_value=-0.012692272770588906 0.046016568712088521 0.029932861378982246 -0.005661937273618395 0.015626018136040278 0.036323029023575891 0.038305099553801764 0.016053251451857219 -0.017440701086542842 0.044658514893636293 0.0095478468250368102 0.000413916228544973 -0.0016377613538638366 -0.10759489488558766 0.037755046752111159 0.045696189632611156 0.047180727155097968 0.0012622185405662114 -0.1458716934847693 0.018546211781319107 0.020933792559654177 0.041744489296469185 0.0022101400809857916 0.041244769410081455 -0.16648018708186454 0.02370826650341162 -0.092148689531349165 0.027166020019804418 -0.07876175383101898 0.038778604117911605 -0.021852992005813043 0.020912032813549218 -0.1155480088286536 0.028638725555553336 -0.043412156584742075 -0.00042516979304749988 0.047019698553555977 -0.015766497336963531 0.040400177977769472 -0.048579259814086333 -0.018061080537332474 -0.06486723250623172 0.0018123610781716961 -0.01629213562576098 -0.011577813444738565 0.023728495559928429 -0.0035372484329258334 0.041002501659205146 -0.030210597905037179 0.017749439611328226 0.0051818309135652357 -0.10438753216039849 0.0047333296179133738 -0.013799900237440167 0.020810849388736903 -0.18460186996752126 -0.088574850081040074 -0.064356169979878072 0.0074095860434823125 -0.028288201004568192 -0.0036802830720984517 0.071211913555678144 0.015687179364002775
leaf_weight=306.59666845947504 1654.4022542349994 22.476073488593102 2116.9776685722172 1478.8753303848207 354.64550379663706 670.29430818557739 1052.0731154456735 686.71652860566974 72.731979496777058 4416.2327356785536 9483.0598235428333 545.81711743399501 22.760536372661591 15.426735311746596 353.36586648225784 250.44045949727297 236.6681988760829 15.862046562135218 1267.0994865074754 165.19799613952637 107.6896548345685 18.24485794454813 29.913443990051746 14.793790385127066 72.910138033330441 25.594277054071426 10.519622169435026 65.190734323114157 99.274411603808403 460.87884090468287 1322.7878607399762 18.799430906772614 747.00204792618752 62.072325546294451 485.55380630493164 30.877453081309795 220.76409241557121 322.49254754930735 87.9908851608634 118.8962572440505 19.153825044631958 16127.754059445113 152.73153663426638 913.03870621323586 637.75785031169653 27.321181729435921 90.377963490784168 81.152952842414379 861.18148245662451 8391.4232215508819 15.041269764304159 4179.1620939150453 452.83517682552338 49.751503765583038 12.64569006115198 29.237345606088638 52.375655315816402 468.24771630391479 74.257961183786392 14384.378977801651 25.665594562888145 32.522734045982361
leaf_count=1230 10448 56 11274 4245 1378 3271 2673 5105 179 11554 27095 1699 96 44 2008 950 636 74 4083 583 483 73 133 81 238 121 36 262 386 4167 4431 95 2282 614 1822 79 958 1096 303 368 70 49118 611 5185 1658 87 216 320 2302 23800 77 15824 1752 167 71 124 225 2312 267 85759 92 85
internal_value=0.00408174 0.00264985 0.00189779 0.00447091 0.0357666 0.0202473 -0.000538976 -0.00312543 0.00351092 0.00499825 0.00332094 0.015059 0.0201584 -0.048877 0.0255331 0.020068 0.00620714 -0.0152106 0.0094219 0.0136213 0.00417505 0.0280007 -0.0188838 -0.0733247 -0.00348772 -0.0146082 -0.0087226 -0.0259306 0.0205501 -0.00449929 0.0216658 -0.0363282 0.0173915 -0.00398749 0.0132904 0.00216769 -0.0177606 0.0230675 1.6749e-05 0.0121954 0.0145968 0.00251724 0.0119529 -0.00117788 0.0113373 -0.00814253 0.00666226 0.00633231 0.00603366 0.00635155 -0.0502465 0.000229083 0.00292148 0.0190322 -0.020819 -0.0474966 -0.0250838 -0.00336913 -0.00252807 -0.00320207 0.010725 -0.0312358
internal_weight=76588 73276.5 70273.2 34180.4 3311.48 3003.25 36092.9 18456.3 31816.4 24154.4 19100.4 2332.96 1787.14 38.1873 1657.08 1303.71 2368.34 309.089 2059.25 1053.27 635.676 417.598 62.9521 33.0386 527.986 362.788 337.194 212.359 124.835 16088 1748.95 41.2755 2363.93 15627.1 1752.65 17636.6 304.017 1707.68 9603.57 1616.93 1498.03 17332.6 1204.8 7662.01 5053.99 293.227 9496.87 9406.49 9333.76 9252.6 25.5609 6748.97 4632 1385.19 62.3972 56.5585 273.14 14940.4 147.168 14878.3 493.913 120.514
internal_count=296831 279307 268281 108512 17524 11026 159769 106105 101547 67512 54300 7755 6056 140 7076 5068 8056 921 7135 4118 2453 1665 287 154 1970 1387 1266 767 499 98049 5916 151 6965 93882 5905 53664 1262 5765 27483 4683 4315 52402 3284 34035 13212 847 26817 26601 26422 26102 113 28850 17576 4669 238 211 1183 88777 505 88163 2404 388
is_linear=0
shrinkage=0.05


Tree=58
num_leaves=63
num_cat=0
split_feature=20 18 9 15 69 9 48 62 28 69 20 26 53 66 46 20 65 68 62 16 61 61 23 60 16 26 27 66 23 57 62 54 7 47 69 40 61 66 6 64 61 60 16 68 40 45 58 62 68 64 70 52 9 62 34 30 23 54 54 67 48 59
split_gain=1305.4 357.927 154.844 137.668 126.5 117.891 91.9273 91.6776 84.0275 83.8892 71.3096 87.2852 67.5046 64.0601 62.6485 59.2727 71.0323 57.2347 71.0933 54.9587 53.564 53.3949 65.3479 141.601 109.82 59.8725 76.942 52.667 51.8374 51.0106 49.1726 45.1374 44.6967 43.817 43.5818 43.0605 58.5331 42.6442 50.8765 41.1048 51.2911 51.6246 41.1627 40.7591 40.0827 39.4889 39.1839 38.5749 43.956 38.4624 40.4875 37.3885 36.6508 43.6361 36.6226 63.2763 60.5036 42.6824 78.4138 37.2155 39.1292 36.4085
threshold=33.500000000000007 2165676702.9050369 189548.00000000003 0.88216066636598112 1.6957288840208113 3798.0000000000005 484076989611.0094 1.3861983471074379 47734088396.843285 24.217554330238233 100.50000000000001 33.574537037037054 14.500000000000002 0.46173103126271881 9.9983333333333348 3.5000000000000004 2.5000000000000004 7.7052562798773492 0.52606000718648904 65.583333333333357 12.357007003803135 4.3987947467084973 4.6250725338491305 8.3463194264436371 10.538209652525762 33.001811594202913 4.152940276949872 0.31729257441605213 5.017712418300655 1.2408413768664346 1.2260600071864889 1.7938250339482138 3.5100000000000002 0.37282548461146886 0.85013753702920025 460.50000000000006 12.793425614756172 0.49240481012316856 3.6650000000000005 1.0000000180025095e-35 11.591290031871756 1.6071428552056763 36.257352941176478 3.6167276248406233 10.500000000000002 0.91776325708570405 7157341.0591035588 0.66835686777920345 58.519031553931661 1.5000000000000002 43.2601525607895 2945530.7343816492 1011552483.0999991 1.976478067387158 0.51660135966917176 104.50000000000001 4.6334039548022616 2.2286560211320734 2.6540218338532142 -0.87878364999916125 183381802.33500051 779.82269281538936
decision_type=2 2 2 2 2 2 2 2 2 2 2 2 2 2 2 2 2 2 2 2 2 2 2 2 2 2 2 2 2 2 2 2 2 2 2 2 2 2 2 2 2 2 2 2 2 2 2 2 2 2 2 2 2 2 2 2 2 2 2 2 2 2
left_child=1 2 6 -2 47 8 7 13 37 14 11 21 -8 20 30 -15 28 18 -16 33 39 25 24 -24 35 -5 -27 -26 34 43 -6 61 -19 44 -17 36 -23 38 -3 42 41 -41 -1 -22 -7 -21 -40 48 -4 50 -29 -38 53 -34 57 -56 -57 59 -59 -36 -61 -10
right_child=3 5 4 10 9 19 12 -9 31 -11 -12 -13 -14 15 17 16 -18 32 -20 45 29 22 23 -25 27 26 -28 49 -30 -31 -32 -33 52 -35 54 -37 51 -39 46 40 -42 -43 -44 -45 -46 -47 -48 -49 -50 -51 -52 -53 -54 -55 55 56 -58 58 -60 60 -62 -63
leaf_value=0.0067707445902545488 0.045560737565097591 -0.06602141494622743 -0.010103903302349978 0.031876066311639861 -0.028202027766129192 -0.0040252407379968306 0.023385484326708991 0.02681606719788511 0.044843146442159643 0.0041458664046484864 0.045216834796108246 0.046520672825982913 -0.027455502891000322 0.0027843489215890363 0.00061969785328032975 0.034423578361572747 -0.011122506030749921 -0.015586635567225525 0.014089893924881546 -0.013711150563838766 0.014243534609819215 0.039204387108374164 -0.13307253644784633 0.03016583152101528 0.0066321646029210181 -0.14606467674173415 0.038102172268369698 -0.10761956943173108 0.020318699473702708 -0.074166482790424842 0.054588544261824648 -0.058197704244307959 -0.0018242606457802265 0.013800425499740235 0.04202869113593552 -0.072420971039635559 -0.036933103793031739 0.025128036680511459 0.013320607238995261 0.001700225654659983 0.028119989313675865 -0.013991985997856263 -0.0027368983998364688 -0.012224775146713246 -0.083853414169640178 -0.094742625295868424 -0.063836370925039854 -0.0013402026222903882 -0.028073763030152677 -0.12700267923139494 -0.025564365927636775 0.031738720783293893 -0.048699146530659189 0.015822536175329235 0.0024754271420035869 -0.14934035389787839 -0.010901468175981947 -0.10332561195588104 -0.0013602726028080377 -0.003584090694662972 0.011242615442209787 -0.014313699112630069
leaf_weight=3821.2597027420998 1589.0660487227142 22.582698650658131 1799.1873954050243 385.79156665503979 296.32908291742206 224.42049635946751 892.99040450155735 432.22499407827854 603.68417202308774 11146.908473581076 339.60596918314695 241.52120514214039 70.439943328499794 10808.291874006391 4210.2250842750072 152.26913750171661 442.04096059501171 588.46336017176509 1276.5310987234116 88.862761199474335 171.43176683783531 120.10632954537868 13.982695586979387 266.26905792951584 32.910305261611938 11.066330254077913 11.632892608642576 21.315711408853531 967.19649228453636 30.097677387297153 19.090442165732384 11.375595815479754 19025.779317703098 1158.6619652099907 90.808765739202499 14.597543850541113 59.89765989780426 959.79827064648271 484.23899054527283 1077.0347355231643 116.70905892550945 1020.935018684715 1621.4660533666611 959.6853640973568 16.909610189497471 18.097078546881676 17.03382520377636 923.14240399003029 419.68698611482978 20.730018720030785 51.004648432135582 29.623485252261162 41.215961553156376 356.88270186632872 1733.2679608166218 13.406392358243464 19.188639752566814 22.428744062781334 118.33471823483706 495.90090354532003 4334.634448312223 27.180640712380409
leaf_count=11508 10448 82 16579 1553 2488 639 2633 1020 3210 30652 2008 950 225 34579 17511 340 1318 3610 4408 272 519 381 80 1114 102 62 50 88 2503 116 59 61 89224 3830 226 59 247 2973 1482 3341 312 3755 4713 3410 90 72 68 5763 6024 93 186 103 248 989 4710 66 67 101 389 1729 11290 103
internal_value=0.00389194 0.00252262 0.00172306 0.0351042 -0.000297851 0.0178223 0.00447859 0.00396418 0.0254057 0.000520904 0.0248477 0.0194453 0.0196683 0.00361163 -0.00104438 0.00523206 0.00838549 -0.00077043 0.00375363 0.00712417 8.39989e-05 0.0131511 0.00402682 0.0220213 -0.0103741 0.0272328 -0.0516829 -0.0477323 0.00947054 -0.0099227 -0.0231912 0.0405144 -0.00201079 0.00976345 0.0079674 0.0106122 0.0163943 0.0188655 0.00739142 0.00160147 -0.00414139 -0.00593608 0.00393828 -0.00821325 -0.00961867 -0.0274213 0.0106987 -0.00992936 -0.0135028 -0.06696 -0.0497493 -0.0142089 -0.00159949 -0.00149934 0.0073774 0.00117749 -0.0678416 0.00954018 -0.0176071 0.0103167 0.00972051 0.0422944
internal_weight=76357.5 73148.3 69515.5 3209.12 40103.4 3632.85 29412 28448.6 2125.89 36961.4 1620.06 1280.45 963.43 28016.4 25814.5 19197.8 8389.48 25499.1 5486.76 1506.95 8818.62 1038.93 630.437 280.252 350.186 408.491 22.6992 125.961 7947.44 1161.21 315.42 642.24 20012.3 1399.99 6980.24 224.225 209.627 1483.65 523.856 7657.4 2214.68 2097.97 5442.73 1131.12 241.33 106.96 501.273 3142.02 2218.87 93.0504 72.3204 89.5211 19423.9 19382.7 6827.97 1765.86 32.595 5062.11 140.763 4921.34 4830.54 630.865
internal_count=296831 279307 266425 17524 177555 12882 88870 86012 7979 149189 7076 5068 2858 84992 118537 57318 22739 115990 21919 4903 27674 4118 2453 1194 1259 1665 112 469 21421 4045 2547 3374 94071 4559 18918 790 731 4605 1632 23629 7408 7096 16221 3929 729 344 1550 28366 22603 367 274 350 90461 90213 18578 4843 133 13735 490 13245 13019 3313
is_linear=0
shrinkage=0.05


Tree=59
num_leaves=63
num_cat=0
split_feature=20 18 9 15 69 29 1 69 16 41 1 0 62 46 20 26 52 37 69 20 37 54 63 35 69 59 66 50 58 9 1 33 18 61 20 65 51 58 34 33 70 68 60 42 65 62 66 63 61 44 12 0 67 38 0 60 38 68 11 23 69 26
split_gain=1226.49 338.729 150.137 131.955 115.036 104.785 92.6097 75.8252 73.8383 73.5485 68.9931 96.7376 84.0932 67.6706 67.515 83.1367 66.9382 108.24 95.7501 65.1397 56.9863 51.9871 51.5493 60.9024 62.3063 51.2714 50.6198 49.6586 49.4006 49.1389 59.4444 48.5059 63.0271 56.3461 46.8506 51.0403 48.0046 46.8072 54.1842 77.1092 46.4467 45.287 44.7071 50.9899 50.9104 44.3242 42.1856 56.9305 46.2038 44.2192 40.0544 40.0429 40.0152 45.3442 39.8035 41.7121 38.432 38.1979 37.7883 37.6569 37.4386 61.4094
threshold=34.500000000000007 4012297597.6202536 189548.00000000003 0.88216066636598112 1.6957288840208113 1.5903903324459434e+20 4.8950000000000005 24.217554330238233 57.808333333333344 0.18333333333333326 4.9050000000000011 55.850000000000001 0.48461538461538511 9.9983333333333348 100.50000000000001 33.574537037037054 945161.02411832963 14.484801337772506 18.807588185506962 5.5000000000000009 7.7214268515768927 1.604275101211176 39.768942373353362 1.042306756567805 2.3958421498095643 486.54259682889079 0.37460659341591213 9.5000000000000018 6814570.2939991495 1011552483.0999991 7.5950000000000006 4.6333939393939412 8122252233.0683327 12.840490878191931 4.5000000000000009 2.5000000000000004 0.65403633691932705 39298645.295996703 0.50856689080161022 4.5985290936621253 24.796913119081733 10.002110448182082 1.8857142854987756 5.4050000000000011 1.0000000180025095e-35 1.3861983471074379 0.52247866957162981 8.1909463743383579 4.0434728968635882 0.52952801918925163 6.8050000000000006 494.55000000000007 -0.78257835753184624 23062289287.57217 20.014000000000003 12.857142733163268 17253870753.113544 23.982318826515201 4.5000000000000009 4.2666666666666684 26.363356027980387 71.108333333333348
decision_type=2 2 2 2 2 2 2 2 2 2 2 2 2 2 2 2 2 2 2 2 2 2 2 2 2 2 2 2 2 2 2 2 2 2 2 2 2 2 2 2 2 2 2 2 2 2 2 2 2 2 2 2 2 2 2 2 2 2 2 2 2 2
left_child=1 2 6 -2 54 8 26 10 9 -3 13 29 -13 -6 15 22 20 -18 -19 45 31 51 23 -5 -25 46 27 42 -29 30 41 32 -11 50 60 36 -36 38 -24 -40 -35 -12 58 59 -45 -8 48 49 57 -48 -34 -7 -10 -54 -4 -56 -20 -15 -1 -44 61 -28
right_child=3 5 4 14 7 21 19 -9 52 16 11 12 -14 25 -16 -17 17 18 56 -21 -22 -23 37 24 -26 -27 34 28 -30 -31 -32 -33 33 40 35 -37 -38 -39 39 -41 -42 -43 43 44 -46 -47 47 -49 -50 -51 -52 -53 53 -55 55 -57 -58 -59 -60 -61 -62 -63
leaf_value=0.0025726775253473639 0.045410102334436424 0.0080675430004024818 -0.0058189619498079173 0.0079497737746974852 -0.028619453534942087 0.04092885153850731 0.0054026339587091663 0.0039404128087910401 0.023372093696816865 0.034939007679970151 0.010847500684881677 0.003691282216718952 -0.015859017470928171 -0.008247275416848018 0.044734399687353536 0.04667343415840064 0.036255084750310161 -0.1443775839628543 -0.052669706053093381 0.016750500363817828 0.039872515169653455 -0.076881856587080508 0.037995173024378333 0.030420829256008215 -0.083521256127926047 -0.015573967332765757 0.0026600603516598203 0.057624881312570597 0.0039592155270743411 -0.047073290806287506 0.051080900437435565 0.026242480023841882 -0.17624442847746435 0.055102298286025343 -0.0273398286888764 -0.012764452209405489 0.0091524237541104024 -0.053394361558319114 -0.091897192171771711 0.017188168739466686 -0.071227086633292733 0.0020639669704548454 -0.023188024417805105 0.0024680242755206628 -0.018894977425165611 0.023612950310953812 -0.0067546095002810839 0.0012536028210011166 -0.023110661100507572 -0.036729933130205998 -0.039303174045491551 -0.06248997611824323 -0.011950020103028402 -0.081378738614684823 -0.019517973064300434 0.064297216292760029 0.053647164929909431 0.00033902601047865178 -0.046916880581734204 0.0046240499144673524 0.0069041512757114501 -0.0082171516773375062
leaf_weight=2914.3612846210599 1498.9885827042162 1192.9500086270273 2188.0563047975302 463.07206515967846 249.70918373018503 593.53288711234927 6123.7910393774509 11148.230270415545 36.758834280073643 32.432456851005554 2566.0108059197664 1083.5844848975539 1117.0845582783222 2759.711482450366 326.43957891687751 223.095503680408 62.912125065922737 20.79637522995472 20.695754699409008 1984.3314253464341 601.39239750802517 9.7850883901119214 339.29093428328633 17.547669321298599 37.935427010059357 708.49850663170218 5407.308372233063 68.984601899981499 113.33239459991455 43.314576171338558 73.447258219122887 191.11293349415064 12.023487113416197 14.365500479936602 91.566585257649422 294.41894613951445 5704.7848113253713 18.335622265934944 19.741142004728317 90.309700965881348 14.742970690131186 3427.8728696927428 139.68081390857697 377.83927817642689 1064.840623922646 353.43959169089794 1122.1177837066352 9719.7722109816968 345.0602371096611 138.18467050045729 9.6057773455977422 9.5097481310367566 63.776924282312393 37.254156403243542 916.38074215501547 15.088591694831846 14.424748733639715 2440.9891162253916 39.089222006499767 945.86131419241428 2767.0054815709591 1707.2980691790581
leaf_count=8703 10285 3600 18872 1830 2274 3172 16864 30653 97 93 8573 3662 4784 13866 2008 912 228 99 86 5593 2281 56 1366 40 181 6090 18902 168 367 252 138 799 64 43 337 885 15615 75 85 407 63 13676 840 1082 3314 843 6752 43673 1659 674 51 43 180 154 9439 55 55 12465 152 3602 7309 6345
internal_value=0.0037105 0.00241744 0.00172093 0.0348569 -0.000283822 0.0190499 0.00438945 0.000494732 0.0142024 0.0164386 -0.000994422 0.00275607 -0.00623267 -0.00277728 0.0245564 0.0191097 0.02648 -0.00873388 -0.059351 0.00882448 0.0312585 0.0374429 0.0128745 0.00201853 -0.0474847 -0.00240285 0.00265499 -0.00140628 0.0242651 0.00599325 0.00637209 0.0123715 -0.0195019 -0.0543015 0.00409517 0.00754438 0.00857595 0.0249114 0.0281067 -0.00237978 -0.0088815 0.00582424 -0.00226009 -0.00714053 -0.0133 0.00639631 -0.00183817 -4.28273e-05 -0.00539279 -0.0100412 -0.115427 0.039298 -0.0212984 -0.0375511 -0.009504 -0.0181603 -0.00900307 -0.00421723 0.00191768 0.00104537 0.00196916 4.98467e-05
internal_weight=76133.9 73099.1 70161 3034.76 40063.1 2938.07 30097.9 36943.6 2325.24 2187.45 25795.4 8311.31 2200.67 17484 1535.77 1209.33 994.505 118.829 55.9169 8461.56 875.676 612.828 986.233 518.555 55.4831 17234.3 21636.4 5663.99 182.317 6110.65 6067.33 274.283 83.1702 50.7377 15972.4 6090.77 5796.35 467.677 449.342 110.051 29.1085 5993.88 5481.67 2528.22 1442.68 6477.23 16525.8 10980.1 5545.76 1260.3 21.6293 603.043 137.79 101.031 3119.53 931.469 35.1205 5200.7 2953.45 1085.54 9881.61 7114.61
internal_count=296831 279642 268478 17189 177557 11164 90921 149191 7893 7462 118538 31085 8446 87453 6904 4896 3862 468 240 23300 3394 3271 3984 2051 221 85179 67621 18228 535 22639 22387 1113 314 221 49393 16837 15952 1933 1858 492 106 22249 17693 8838 4396 17707 79089 51099 27990 7426 115 3215 431 334 28366 9494 141 26331 8855 4442 32556 25247
is_linear=0
shrinkage=0.05


Tree=60
num_leaves=63
num_cat=0
split_feature=10 38 48 9 64 38 33 45 9 1 70 1 40 47 27 20 63 48 60 62 3 66 66 33 64 63 43 40 6 20 22 1 43 70 70 68 60 46 63 61 63 35 36 70 58 45 37 22 43 55 60 26 42 47 37 60 40 42 47 20 50 40
split_gain=1157.45 289.173 179.516 151.202 102.166 93.3382 93.3413 86.0802 83.6539 73.7756 71.8605 66.5693 63.0325 64.9079 57.0153 55.0926 52.4338 49.5571 61.8376 59.9454 53.0294 49.2347 48.3846 48.2282 47.946 48.2548 45.634 45.5345 45.0136 44.6695 49.9524 44.3291 43.3722 47.68 42.9361 43.7854 41.8322 323.795 41.706 38.7926 38.6572 38.6549 37.9299 62.1669 53.154 81.8309 65.0915 61.162 57.5915 41.1201 46.4645 43.4404 52.8021 37.4573 37.4173 37.1966 52.1291 36.828 36.6546 36.174 35.8687 35.4771
threshold=10.500000000000002 32356183980.192245 65168305571.740456 28894.000000000004 1.0000000180025095e-35 1889405570453.2622 4.7201265822784819 0.60538018689544237 127206812.00000001 6.9450000000000012 105.0276133629588 6.495000000000001 35.500000000000007 27.642604618255067 1.0000000180025095e-35 95.500000000000014 134.1841387542398 12223183.666937871 1.2857142854584551 0.4000000000000008 30.850000000000005 0.8869770585236475 0.46173103126271881 4.6069522275147117 2.5000000000000004 42.042138355243516 4.9200946372239764 7.5000000000000009 3.2550000000000003 98.500000000000014 4.8900000000000015 5.995000000000001 4.825049019607845 28.462487365846037 2.9413142945521398 39.96053636645248 3.4285714263673479 32.816441441441448 49.902575102218726 12.85714285714284 2.9584232225720335 1.6703633919355882 16.991287878787883 121.73029870830875 1897821.7864849134 0.74788770028532214 23.17886120147028 6.7950000000000008 4.66670396896449 29831852.690225221 11.714285711775512 11.563523391812867 5.3950000000000005 4.0259093893013418 5.6672323183897779 1.353383457959749 308.50000000000006 6.9050000000000011 0.74579828516494751 6.5000000000000009 12.500000000000002 78.500000000000014
decision_type=2 2 2 2 2 2 2 2 2 2 2 2 2 2 2 2 2 2 2 2 2 2 2 2 2 2 2 2 2 2 2 2 2 2 2 2 2 2 2 2 2 2 2 2 2 2 2 2 2 2 2 2 2 2 2 2 2 2 2 2 2 2
left_child=1 3 7 10 8 6 16 -2 9 12 22 17 13 40 -8 28 29 19 24 -6 -21 34 -1 -18 25 -19 31 -28 53 30 54 -24 -14 -34 38 -36 37 -4 -15 55 -5 -37 49 44 58 46 -46 -47 -48 50 -30 52 -52 -9 -3 56 -12 -20 -44 -59 -27 -26
right_child=2 5 36 4 11 -7 14 15 -10 -11 39 -13 32 21 -16 -17 23 18 57 20 -22 -23 26 -25 61 60 27 -29 42 -31 -32 -33 33 -35 35 41 -38 -39 -40 -41 -42 -43 43 -45 45 47 48 -49 -50 -51 51 -53 -54 -55 -56 -57 -58 59 -60 -61 -62 -63
leaf_value=0.00087412303176481786 0.043579839133823926 0.047470792280580813 0.047042179252028964 -0.013847224626840252 -0.018016594487164868 0.044978784891239576 0.0068585783930584761 -0.00099957097241066824 -0.02268040447054567 0.028059950729279165 -0.029445303399437218 0.016917516511644606 0.0052392884839050418 0.0087205758582927766 0.023826454279482861 0.050342758438358205 -0.072587228020118216 -0.0070697588118013594 -0.0064854732423304572 0.068278690477665077 -0.0034397712598376283 0.0061590834326301297 0.0049308121609641818 0.0047871626102939449 0.00345214770771461 0.0023063562005731573 0.006912222588153924 0.021914253666853137 0.041253266553924049 0.044923926760643385 -0.0031566215471887831 0.033339380624429142 0.0095985169043948729 0.040769633500077007 0.00022570921696214789 -0.013524029392003284 0.048294503149757008 -0.26958340939408987 0.00045643598294370065 -0.0046836174500178209 -0.001087221503922337 0.01385784930099794 -0.040580443841957192 -0.09916454245788886 -0.017046519133953549 0.026469085441093068 -0.19565057334205793 -0.059214664170477618 -0.040818770624783625 -0.053070866297195408 -0.044008777348964086 -0.064508936246783138 0.030469049391309417 -0.086959871207524159 0.003787661390574423 0.03419904378824043 0.029950602101422547 -0.019486517127365093 0.023326017691011842 -0.10765692736121357 -0.051645643578918925 0.024768651789947881
leaf_weight=4114.9286327585578 353.58176904171705 94.883087322115898 71.382404703646898 622.45363279059529 1180.8236016221344 252.27031292393804 688.17708829045296 35.271871566772461 345.82197069004178 270.12973590195179 62.656473748385906 415.22622685134411 5189.8611520975828 2379.2952937670052 1764.4320216216147 103.50725822150707 43.666702687740326 3065.7739791758358 4680.3514958694577 26.429963558912277 1039.7501157782972 7094.3110635019839 6847.7084969058633 37.378774374723434 3262.2332514636219 3082.7152583748102 1067.7786332890391 961.04385833442211 266.69610651582479 65.167226422578096 826.38717203587294 140.12893758714199 368.47391133010387 183.91030690819025 3300.1301849223673 1180.4260598495603 1400.2980630211532 9.1044059544801694 4260.1880663670599 116.63927467167377 12789.964392241091 144.68803229182959 23.960727870464325 13.729607462882994 32.174661234021187 100.54855062067509 13.263576447963716 26.267834305763245 10.975937955081461 16.173767045140266 29.221422724425793 18.41855576261878 128.21847911179066 19.779832325875759 101.41995184123516 442.16327902674675 90.007266230881214 35.310137771070004 353.00541614741087 17.348412677645683 31.117297537624836 207.61170693486929
leaf_count=12716 2016 185 497 3931 14847 1026 2165 96 3026 614 207 1168 14144 7140 6530 684 176 14018 18126 113 6838 20693 20433 105 13356 12468 2966 2492 909 325 2624 319 935 487 10426 4549 10588 83 13624 371 62540 491 78 64 123 332 71 123 47 66 130 84 434 92 258 1336 308 108 1370 72 177 511
internal_value=0.00353706 0.00227924 0.0338401 0.00153313 0.00036089 0.0155722 0.0135238 0.021916 0.00179942 0.00202347 0.00620534 -0.00285715 0.00183599 0.000964665 0.0190654 0.0154856 0.0018963 -0.00335091 -0.00227204 -0.0102565 -0.00166191 0.00289632 0.00536682 -0.0369016 2.40902e-05 -0.00261692 0.00741714 0.0140186 0.0121686 0.00478674 0.00222915 0.0055005 0.00665697 0.0199766 0.000841489 -0.00285697 0.0462797 0.0112265 0.00341794 0.0216821 -0.0016794 -0.0105342 0.0145171 0.00594999 0.00852619 -0.013565 -0.0636634 0.00872117 -0.125541 0.0252356 0.0280974 0.00814595 0.0166457 -0.0318847 0.0249019 0.0268522 0.00557325 -0.0069533 0.019264 -0.0485343 0.0017672 0.00472758
internal_weight=75916.8 72891.2 3025.58 69017.4 55174.3 3873.78 3621.51 1544.8 38129.7 37783.8 13843.1 17044.7 37513.7 31771.5 2452.61 1191.21 1168.9 16629.5 14382.5 2247 1066.18 18359 13131.6 81.0455 9649.45 6179.61 9016.66 2028.82 1087.71 1087.86 1022.69 6987.84 5742.25 552.384 11264.7 4625.24 1480.78 80.4868 6639.48 711.466 13412.4 1325.11 1032.65 573.926 560.197 183.231 56.4142 126.816 24.2395 458.728 442.555 175.858 157.44 55.0517 196.303 594.827 152.664 4733.01 376.966 52.6586 3113.83 3469.84
internal_count=296831 278944 17887 265550 224402 13394 12368 6719 142600 139574 41148 81802 138960 123394 8695 4703 3673 80634 58836 21798 6951 56923 38926 281 40530 26663 26210 5458 4019 3392 3067 20752 15566 1422 36230 15466 11168 580 20764 2222 66471 5040 3831 2208 2144 696 241 455 118 1623 1557 648 564 188 443 1851 515 18306 1448 180 12645 13867
is_linear=0
shrinkage=0.05


Tree=61
num_leaves=63
num_cat=0
split_feature=20 28 20 43 43 40 38 64 23 9 16 59 1 62 22 23 67 59 58 16 46 40 70 47 22 42 35 62 40 66 9 47 0 45 18 30 28 54 38 59 28 56 0 23 40 62 3 65 6 43 42 38 58 58 58 10 48 38 60 67 38 48
split_gain=1090.31 291.645 132.227 168.286 123.649 120.338 115.233 101.162 80.3344 79.9816 78.3437 86.8204 98.1305 77.376 73.4169 95.218 72.0671 77.1887 68.6398 78.5288 76.1376 70.7235 65.1761 64.4995 62.5395 90.1288 62.2924 65.2968 72.7414 57.6395 57.6251 56.9317 56.9181 54.9913 51.4713 85.6678 59.9857 147.818 123.404 63.5732 51.7575 63.8448 50.6663 50.206 48.872 51.3152 59.1091 51.4338 48.7583 48.6948 49.4443 48.0738 46.1569 54.5853 64.01 46.6823 45.1031 105.673 79.2298 44.4381 43.8568 42.5939
threshold=34.500000000000007 5703628097.8238611 76.500000000000014 4.7466919191919201 4.6400304878048795 49.500000000000007 295746033815.01532 2.5000000000000004 5.0002702702702715 9603.5000000000018 28.654692082111442 441.9246103158444 6.0650000000000004 1.4361415289256196 6.2950000000000008 4.6179174880315417 0.6360540003681886 333.98830153008242 2168565.6651504426 23.003500000000006 175.46031468531473 28.500000000000004 16.998287276659209 50.041104799941614 5.6950000000000012 5.995000000000001 1.0134520033377787 0.21052631578947478 3.5000000000000004 0.98897820466835418 127206812.00000001 16.216692355998564 103.85000000000001 1.3714562586418511 17339064707.055447 192.50000000000003 16006611704.25831 1.604275101211176 32356183980.192245 68.54615493517565 11250037728.453127 3.5000000000000004 90.450000000000017 4.4008620689655187 30.500000000000004 1.1000000000000012 105.35000000000001 2.5000000000000004 8.2250000000000032 4.9668439716312074 5.4250000000000007 519775128828.96942 126626.88915154275 7495286.7758558532 11727464.494303392 4.5000000000000009 8998042212.6060047 66880842689.760056 11.868131859328585 0.8869770585236475 1283042705.3289654 336828834.31793433
decision_type=2 2 2 2 2 2 2 2 2 2 2 2 2 2 2 2 2 2 2 2 2 2 2 2 2 2 2 2 2 2 2 2 2 2 2 2 2 2 2 2 2 2 2 2 2 2 2 2 2 2 2 2 2 2 2 2 2 2 2 2 2 2
left_child=1 4 3 24 10 13 7 9 16 18 33 14 -13 26 23 -16 -9 -18 20 -20 -3 -21 -23 29 -2 -26 27 28 -6 30 44 -17 -15 51 36 -36 40 38 -38 -39 41 56 -29 -4 45 47 -47 48 -12 50 -30 59 55 -54 -55 -46 58 -58 -27 -1 -57 -50
right_child=2 6 43 -5 5 -7 -8 8 -10 -11 11 12 -14 32 15 31 17 -19 19 21 -22 22 -24 -25 25 34 -28 42 49 -31 -32 -33 -34 -35 35 -37 37 39 -40 -41 -42 -43 -44 -45 52 46 -48 -49 61 -51 -52 -53 53 54 -56 60 57 -59 -60 -61 -62 -63
leaf_value=0.01269014704634067 0.03141366087905912 0.027342866313068339 -0.054008408723462548 0.044859846539587411 -0.0054285336410951476 0.013848019448887416 0.035497724402854453 -0.0099161065476161062 0.0058455221681514239 0.0064422442250186259 -0.034052892400751399 -0.015035445257783095 0.031574182160265467 0.032293884377926636 -0.10027332286153488 -0.089289840175665477 -0.04216580929948216 -0.15593562468528538 0.023709955410941164 -0.12516639904759969 -0.059460096200957449 0.020276074301965513 -0.076767738536905508 0.0025208184112760681 -0.09797355315167855 0.044151428526327065 0.0088508437498001583 0.0086228169142547294 0.0051154877791075911 -0.0094523674770140217 -0.020778131300969536 -0.0020664195938014797 -0.022639613107406378 -0.0080050407431744661 0.048385852766891439 -0.10752751080864327 -0.07026997279579196 -0.040372341527909458 0.017221414155042882 -0.20975141323412172 0.051222298523786118 0.026862229429259817 -0.0025786968485408237 0.046952208108987814 -0.0020058933348570374 0.029599697751945587 0.0023243794604082073 -0.017851716308512691 -0.00064247540270307086 0.0062782073502543837 -0.0019832556719519361 -0.059677473425071605 0.013142391193197676 -0.034443603793754135 0.0063154854187519559 -0.0085413530789344872 -0.12667647105577046 0.010439204957410724 -0.062128140337557494 -0.0038679252544985402 -0.11324962929143678 -0.0083848174778621953
leaf_weight=2380.8316692784429 287.35931445658207 1477.2604936398566 12.438666492700575 615.42444802448153 4399.9439254961908 2635.4691555537283 582.8911040648818 103.43454502150416 297.88351301848888 1528.032732296735 121.35272739082575 1716.7632402442396 120.8767708465457 340.50712594389915 39.71064181625843 21.61760476231575 51.898803882300854 20.917562887072563 107.40793044120073 18.993835993111134 25.701640330255032 45.175606355071068 28.041501916944981 10790.802713178098 21.103950440883636 46.492710471153259 3342.319056712091 4686.482735581696 3494.7183568999171 2460.9153274297714 369.97454804927111 138.9967799782753 54.733244672417641 547.90193174034357 113.4103221334517 9.5523866042494756 54.732128776609898 9.4351429119706172 152.87555983662605 13.418306373059748 72.892070084810257 143.49273575097322 1286.6519297063351 1226.5070754438639 888.01243354380131 230.2114118412137 1448.1487994194031 575.85826636105776 8904.4966145195067 4445.8678552284837 8228.9806745052338 25.063263438642025 1666.4300383701921 140.77723029255867 305.05471767485142 21.57155367732048 26.957872599363327 29.350561402738094 28.155521638691425 488.31468805670738 18.643099687993526 2219.1092666834593
leaf_count=7064 1088 5589 62 3963 22069 7378 2860 395 963 4420 1117 15210 496 752 164 83 210 101 358 87 93 154 133 35982 93 147 8653 13788 11800 11850 2776 376 163 2333 775 64 209 42 620 87 240 588 3882 8854 2585 713 6164 3835 52886 12420 24389 95 4337 496 1088 59 126 121 110 1709 81 7486
internal_value=0.00337175 0.00218206 0.0336351 0.0242526 0.00139087 0.00360048 0.0148328 0.0115814 -0.00998563 0.0147467 -0.000649746 -0.0014162 -0.0119695 0.00270857 -0.000777454 -0.0309466 -0.036742 -0.0748478 0.0221997 -0.00534745 0.0258585 -0.0391937 -0.0168908 -0.000577078 0.0116863 0.00383329 0.0024179 0.00160785 0.000271463 -0.00230283 -0.00126233 -0.0138061 0.0246866 0.00652002 0.00689926 0.0362737 0.000648063 -0.01913 -0.00584416 -0.139823 0.0137708 0.00382392 0.00620994 0.0459386 -0.000825787 -0.00211568 0.00606558 -0.00327729 -0.00253093 0.0018225 0.000132809 0.00926976 0.0049011 0.00898495 -0.00655473 -0.00439206 -0.0214198 -0.0552054 0.00406533 0.00987204 -0.057083 -0.00218704
internal_weight=75708.3 72844.7 2863.6 1624.65 68557.1 32915.7 4287.64 3704.75 474.134 3230.61 35641.4 32199.3 1837.64 30280.2 30361.7 200.325 176.251 72.8164 1702.58 199.619 1502.96 92.2109 73.2171 30161.4 1009.23 721.869 29885 26542.6 20569.5 19370.6 16909.6 160.614 395.24 3442.11 700.765 122.963 577.803 230.461 207.608 22.8534 347.341 274.449 5973.13 1238.95 16539.7 13499.2 1678.36 11820.8 11245 16169.6 11723.7 2894.21 3040.49 2112.26 445.832 928.227 130.957 56.3084 74.6482 2869.15 40.2147 11123.6
internal_count=296831 279642 17189 8273 264279 105294 15363 12503 1669 10834 158985 147784 15706 97916 132078 623 706 311 6414 732 5682 374 287 131455 4310 3222 97001 88348 70678 95473 83623 459 915 11201 3129 839 2290 958 829 129 1332 1092 17670 8916 80847 72201 6877 65324 61489 48609 36189 8868 8646 5921 1584 2725 504 247 257 8773 140 60372
is_linear=0
shrinkage=0.05


end of trees

feature_importances:
background_rate_yr=325
magnitude=279
mag_mean_90d=248
dist_to_plate_boundary_km=148
count_90d=138
energy_90d=133
elapsed_since_last_s=128
count_7d=113
mag_excess=112
count_30d=104
depth_std_90d=99
wsm_dist_km=98
energy_1d=95
b_value_90d=88
depth=84
count_1d=77
energy_30d=77
energy_7d=73
depth_mean_90d=60
dist_to_nearest_fault_km=57
mag_mean_30d=54
depth_mean_7d=53
shmax_sin=50
normalized_rate_30d=48
fault_slip_type_enc=47
accel_count=45
accel_energy=45
rate_90d=44
energy_30d_m2=43
depth_mean_1d=42
depth_mean_30d=39
energy_90d_m2=39
mag_std_90d=36
moment_90d=35
depth_error=33
mag_mean_7d=32
shmax_cos=31
depth_std_7d=29
count_90d_m2=29
depth_std_30d=27
energy_7d_m2=26
moment_30d=25
mag_std_30d=24
b_value_90d_m2=23
b_value_30d_m2=22
gap=21
rate_1d=21
mag_max_7d=21
mag_std_7d=21
mag_max_90d=21
h_error=20
moment_1d=20
mag_type_enc=18
mag_std_1d=18
count_7d_m2=18
rate_7d=16
b_value_7d=16
rate_30d=16
stress_regime_enc=16
b_value_30d=14
count_30d_m2=14
rms=13
mag_max_1d=12
b_value_1d=12
mag_error=11
depth_std_1d=11
moment_7d=10
mag_max_30d=9
mag_mean_1d=7
b_value_7d_m2=6
dmin=5

parameters:
[boosting: gbdt]
[objective: binary]
[metric: auc]
[tree_learner: serial]
[device_type: cpu]
[data_sample_strategy: bagging]
[data: ]
[valid: ]
[num_iterations: 1000]
[learning_rate: 0.05]
[num_leaves: 63]
[num_threads: 8]
[seed: 42]
[deterministic: 0]
[force_col_wise: 0]
[force_row_wise: 0]
[histogram_pool_size: -1]
[max_depth: -1]
[min_data_in_leaf: 50]
[min_sum_hessian_in_leaf: 0.001]
[bagging_fraction: 0.8]
[pos_bagging_fraction: 1]
[neg_bagging_fraction: 1]
[bagging_freq: 0]
[bagging_seed: 400]
[bagging_by_query: 0]
[feature_fraction: 0.8]
[feature_fraction_bynode: 1]
[feature_fraction_seed: 30056]
[extra_trees: 0]
[extra_seed: 12879]
[early_stopping_round: 0]
[early_stopping_min_delta: 0]
[first_metric_only: 0]
[max_delta_step: 0]
[lambda_l1: 0]
[lambda_l2: 0]
[linear_lambda: 0]
[min_gain_to_split: 0]
[drop_rate: 0.1]
[max_drop: 50]
[skip_drop: 0.5]
[xgboost_dart_mode: 0]
[uniform_drop: 0]
[drop_seed: 17869]
[top_rate: 0.2]
[other_rate: 0.1]
[min_data_per_group: 100]
[max_cat_threshold: 32]
[cat_l2: 10]
[cat_smooth: 10]
[max_cat_to_onehot: 4]
[top_k: 20]
[monotone_constraints: ]
[monotone_constraints_method: basic]
[monotone_penalty: 0]
[feature_contri: ]
[forcedsplits_filename: ]
[refit_decay_rate: 0.9]
[cegb_tradeoff: 1]
[cegb_penalty_split: 0]
[cegb_penalty_feature_lazy: ]
[cegb_penalty_feature_coupled: ]
[path_smooth: 0]
[interaction_constraints: ]
[verbosity: -1]
[saved_feature_importance_type: 0]
[use_quantized_grad: 0]
[num_grad_quant_bins: 4]
[quant_train_renew_leaf: 0]
[stochastic_rounding: 1]
[linear_tree: 0]
[max_bin: 255]
[max_bin_by_feature: ]
[min_data_in_bin: 3]
[bin_construct_sample_cnt: 200000]
[data_random_seed: 175]
[is_enable_sparse: 1]
[enable_bundle: 1]
[use_missing: 1]
[zero_as_missing: 0]
[feature_pre_filter: 1]
[pre_partition: 0]
[two_round: 0]
[header: 0]
[label_column: ]
[weight_column: ]
[group_column: ]
[ignore_column: ]
[categorical_feature: ]
[forcedbins_filename: ]
[precise_float_parser: 0]
[parser_config_file: ]
[objective_seed: 16083]
[num_class: 1]
[is_unbalance: 0]
[scale_pos_weight: 3.10572]
[sigmoid: 1]
[boost_from_average: 1]
[reg_sqrt: 0]
[alpha: 0.9]
[fair_c: 1]
[poisson_max_delta_step: 0.7]
[tweedie_variance_power: 1.5]
[lambdarank_truncation_level: 30]
[lambdarank_norm: 1]
[label_gain: ]
[lambdarank_position_bias_regularization: 0]
[eval_at: ]
[multi_error_top_k: 1]
[auc_mu_weights: ]
[num_machines: 1]
[local_listen_port: 12400]
[time_out: 120]
[machine_list_filename: ]
[machines: ]
[gpu_platform_id: -1]
[gpu_device_id: -1]
[gpu_use_dp: 0]
[num_gpu: 1]

end of parameters

pandas_categorical:[]
